============================================================
TopAneu Task 2 (v3): ROI-cropped, vessel-conditioned aneurysm seg training
2-channel input (raw image + Model-2 vessel mask), cropped to the same
128x256x256 box final_roi.py uses for the classifier.
Job ID:       2171735
Array ID:     1
Node:         ng30707
Start:        Mon Aug 31 16:30:48 EDT 2026
============================================================
==============================================
TopAneu RSNA Pipeline Environment
==============================================
TOPANEU_ROOT        = /home/abdul7/projects/def-punithak/abdul7/TopAneu
EXP_ROOT            = /home/abdul7/projects/def-punithak/abdul7/TopAneu/experiments/02_rsna_self_pipeline
CODE_ROOT           = /home/abdul7/projects/def-punithak/abdul7/TopAneu/experiments/02_rsna_self_pipeline/code
TOPANEU_DATA        = /home/abdul7/projects/def-punithak/abdul7/TopAneu/data

SCRATCH_ROOT        = /scratch/abdul7/TopAneu/experiments/02_rsna_self_pipeline
nnUNet_raw          = /scratch/abdul7/TopAneu/experiments/02_rsna_self_pipeline/nnUNet_raw
nnUNet_preprocessed = /scratch/abdul7/TopAneu/experiments/02_rsna_self_pipeline/nnUNet_preprocessed
nnUNet_results      = /scratch/abdul7/TopAneu/experiments/02_rsna_self_pipeline/nnUNet_results
LOG_ROOT            = /home/abdul7/projects/def-punithak/abdul7/TopAneu/experiments/02_rsna_self_pipeline/logs

Python:
/home/abdul7/projects/def-punithak/abdul7/TopAneu/venv/bin/python

nnUNet:
/home/abdul7/projects/def-punithak/abdul7/TopAneu/venv/bin/nnUNetv2_train

Scratch:
Filesystem                                   Size  Used Avail Use% Mounted on
10.82.48.7@o2ib1:10.82.48.8@o2ib1:/lustre07   19T  491G   19T   3% /scratch
==============================================
Dataset:      Dataset305_TopAneuAneurysmROI (binary, 2-channel)
Fold:         1
Trainer:      RSNA2025Trainer_moreDAv6_1_SkeletonRecallTverskyBeta07
CPUs:         8
Memory:       131072 MB
============================================================
GPU information:
Mon Aug 31 16:30:50 2026       
+-----------------------------------------------------------------------------------------+
| NVIDIA-SMI 580.159.04             Driver Version: 580.159.04     CUDA Version: 13.0     |
+-----------------------------------------+------------------------+----------------------+
| GPU  Name                 Persistence-M | Bus-Id          Disp.A | Volatile Uncorr. ECC |
| Fan  Temp   Perf          Pwr:Usage/Cap |           Memory-Usage | GPU-Util  Compute M. |
|                                         |                        |               MIG M. |
|=========================================+========================+======================|
|   0  NVIDIA A100-SXM4-40GB          Off |   00000000:81:00.0 Off |                    0 |
| N/A   30C    P0             52W /  400W |       0MiB /  40960MiB |      0%      Default |
|                                         |                        |             Disabled |
+-----------------------------------------+------------------------+----------------------+

+-----------------------------------------------------------------------------------------+
| Processes:                                                                              |
|  GPU   GI   CI              PID   Type   Process name                        GPU Memory |
|        ID   ID                                                               Usage      |
|=========================================================================================|
|  No running processes found                                                             |
+-----------------------------------------------------------------------------------------+
============================================================
Starting nnU-Net training (5-fold CV, binary aneurysm/background;
per-location assignment is handled downstream by job 7's classifier)
============================================================
Using device: cuda:0

#######################################################################
Please cite the following paper when using nnU-Net:
Isensee, F., Jaeger, P. F., Kohl, S. A., Petersen, J., & Maier-Hein, K. H. (2021). nnU-Net: a self-configuring method for deep learning-based biomedical image segmentation. Nature methods, 18(2), 203-211.
#######################################################################

2026-08-31 16:35:24.417054: do_dummy_2d_data_aug: False
2026-08-31 16:35:24.419665: Using splits from existing split file: /scratch/abdul7/TopAneu/experiments/02_rsna_self_pipeline/nnUNet_preprocessed/Dataset305_TopAneuAneurysmROI/splits_final.json
2026-08-31 16:35:24.428610: The split file contains 5 splits.
2026-08-31 16:35:24.429415: Desired fold for training: 1
2026-08-31 16:35:24.429975: This split has 333 training and 84 validation cases.
using pin_memory on device 0
using pin_memory on device 0

This is the configuration used by this training:
Configuration name: 3d_fullres
 {'data_identifier': 'nnUNetPlans_3d_fullres', 'preprocessor_name': 'DefaultPreprocessor', 'batch_size': 1, 'patch_size': [128, 256, 256], 'median_image_size_in_voxels': [124.0, 255.0, 256.0], 'spacing': [0.8, 0.45, 0.44], 'normalization_schemes': ['ZScoreNormalization', 'ZScoreNormalization'], 'use_mask_for_norm': [False, False], 'resampling_fn_data': 'resample_data_or_seg_to_shape', 'resampling_fn_seg': 'resample_data_or_seg_to_shape', 'resampling_fn_data_kwargs': {'is_seg': False, 'order': 3, 'order_z': 0, 'force_separate_z': None}, 'resampling_fn_seg_kwargs': {'is_seg': True, 'order': 1, 'order_z': 0, 'force_separate_z': None}, 'resampling_fn_probabilities': 'resample_data_or_seg_to_shape', 'resampling_fn_probabilities_kwargs': {'is_seg': False, 'order': 1, 'order_z': 0, 'force_separate_z': None}, 'architecture': {'network_class_name': 'dynamic_network_architectures.architectures.unet.ResidualEncoderUNet', 'arch_kwargs': {'n_stages': 6, 'features_per_stage': [32, 64, 128, 256, 320, 320], 'conv_op': 'torch.nn.modules.conv.Conv3d', 'kernel_sizes': [[3, 3, 3], [3, 3, 3], [3, 3, 3], [3, 3, 3], [3, 3, 3], [3, 3, 3]], 'strides': [[1, 1, 1], [2, 2, 2], [2, 2, 2], [2, 2, 2], [2, 2, 2], [1, 2, 2]], 'n_blocks_per_stage': [1, 3, 4, 6, 6, 6], 'n_conv_per_stage_decoder': [1, 1, 1, 1, 1], 'conv_bias': True, 'norm_op': 'torch.nn.modules.instancenorm.InstanceNorm3d', 'norm_op_kwargs': {'eps': 1e-05, 'affine': True}, 'dropout_op': None, 'dropout_op_kwargs': None, 'nonlin': 'torch.nn.LeakyReLU', 'nonlin_kwargs': {'inplace': True}}, '_kw_requires_import': ['conv_op', 'norm_op', 'dropout_op', 'nonlin']}, 'batch_dice': False} 

These are the global plan.json settings:
 {'dataset_name': 'Dataset305_TopAneuAneurysmROI', 'plans_name': 'nnUNetResEncUNetMPlans', 'original_median_spacing_after_transp': [0.800000011920929, 0.44999998807907104, 0.4399999976158142], 'original_median_shape_after_transp': [124, 255, 256], 'image_reader_writer': 'SimpleITKIO', 'transpose_forward': [0, 1, 2], 'transpose_backward': [0, 1, 2], 'experiment_planner_used': 'nnUNetPlannerResEncM', 'label_manager': 'LabelManager', 'foreground_intensity_properties_per_channel': {'0': {'max': 4155.77001953125, 'mean': 470.3991138618101, 'median': 292.0281066894531, 'min': -386.4390563964844, 'percentile_00_5': 46.90664291381836, 'percentile_99_5': 2604.7490234375, 'std': 519.2215429488149}, '1': {'max': 1.0, 'mean': 0.7333612123903916, 'median': 1.0, 'min': 0.0, 'percentile_00_5': 0.0, 'percentile_99_5': 1.0, 'std': 0.44220192734958375}}} 

2026-08-31 16:35:30.031215: Unable to plot network architecture:
2026-08-31 16:35:30.032290: No module named 'hiddenlayer'
2026-08-31 16:35:30.316689: 
2026-08-31 16:35:30.317717: Epoch 0
2026-08-31 16:35:30.318739: Current learning rate: 0.01
2026-08-31 16:42:30.448366: train_loss -0.4186
2026-08-31 16:42:30.449566: val_loss -0.4449
2026-08-31 16:42:30.450343: Pseudo dice [np.float32(0.0195)]
2026-08-31 16:42:30.450989: Epoch time: 420.13 s
2026-08-31 16:42:30.451696: Yayy! New best EMA pseudo Dice: 0.019500000402331352
2026-08-31 16:42:54.923315: 
2026-08-31 16:42:54.924646: Epoch 1
2026-08-31 16:42:54.925468: Current learning rate: 0.00999
2026-08-31 16:48:09.069869: train_loss -0.4318
2026-08-31 16:48:09.070802: val_loss -0.4584
2026-08-31 16:48:09.071628: Pseudo dice [np.float32(0.0205)]
2026-08-31 16:48:09.072339: Epoch time: 314.15 s
2026-08-31 16:48:09.073029: Yayy! New best EMA pseudo Dice: 0.019600000232458115
2026-08-31 16:48:11.241820: 
2026-08-31 16:48:11.242786: Epoch 2
2026-08-31 16:48:11.243495: Current learning rate: 0.00998
2026-08-31 16:52:46.579957: train_loss -0.4635
2026-08-31 16:52:46.580919: val_loss -0.4608
2026-08-31 16:52:46.581746: Pseudo dice [np.float32(0.024)]
2026-08-31 16:52:46.582411: Epoch time: 275.34 s
2026-08-31 16:52:46.583217: Yayy! New best EMA pseudo Dice: 0.020099999383091927
2026-08-31 16:52:51.422428: 
2026-08-31 16:52:51.423569: Epoch 3
2026-08-31 16:52:51.424393: Current learning rate: 0.00997
2026-08-31 16:56:19.684082: train_loss -0.4382
2026-08-31 16:56:19.685045: val_loss -0.4543
2026-08-31 16:56:19.686016: Pseudo dice [np.float32(0.0182)]
2026-08-31 16:56:19.686817: Epoch time: 208.26 s
2026-08-31 16:56:20.519694: 
2026-08-31 16:56:20.520620: Epoch 4
2026-08-31 16:56:20.521365: Current learning rate: 0.00996
2026-08-31 16:58:37.835231: train_loss -0.4519
2026-08-31 16:58:37.836326: val_loss -0.4983
2026-08-31 16:58:37.837123: Pseudo dice [np.float32(0.0177)]
2026-08-31 16:58:37.837728: Epoch time: 137.32 s
2026-08-31 16:58:38.690874: 
2026-08-31 16:58:38.691865: Epoch 5
2026-08-31 16:58:38.692670: Current learning rate: 0.00995
2026-08-31 17:00:17.432020: train_loss -0.4566
2026-08-31 17:00:17.437051: val_loss -0.4801
2026-08-31 17:00:17.439772: Pseudo dice [np.float32(0.0135)]
2026-08-31 17:00:17.440497: Epoch time: 98.74 s
2026-08-31 17:00:18.432869: 
2026-08-31 17:00:18.434007: Epoch 6
2026-08-31 17:00:18.434627: Current learning rate: 0.00995
2026-08-31 17:01:59.124539: train_loss -0.4571
2026-08-31 17:01:59.126023: val_loss -0.4836
2026-08-31 17:01:59.126927: Pseudo dice [np.float32(0.019)]
2026-08-31 17:01:59.127854: Epoch time: 100.69 s
2026-08-31 17:02:00.054114: 
2026-08-31 17:02:00.055524: Epoch 7
2026-08-31 17:02:00.056245: Current learning rate: 0.00994
2026-08-31 17:03:42.237447: train_loss -0.4638
2026-08-31 17:03:42.238491: val_loss -0.4954
2026-08-31 17:03:42.239713: Pseudo dice [np.float32(0.0123)]
2026-08-31 17:03:42.240844: Epoch time: 102.19 s
2026-08-31 17:03:43.112371: 
2026-08-31 17:03:43.113742: Epoch 8
2026-08-31 17:03:43.114822: Current learning rate: 0.00993
2026-08-31 17:05:21.439327: train_loss -0.4478
2026-08-31 17:05:21.445066: val_loss -0.4985
2026-08-31 17:05:21.458704: Pseudo dice [np.float32(0.0309)]
2026-08-31 17:05:21.460177: Epoch time: 98.33 s
2026-08-31 17:05:22.344742: 
2026-08-31 17:05:22.345685: Epoch 9
2026-08-31 17:05:22.346389: Current learning rate: 0.00992
2026-08-31 17:07:06.587483: train_loss -0.4613
2026-08-31 17:07:06.592346: val_loss -0.478
2026-08-31 17:07:06.593383: Pseudo dice [np.float32(0.0153)]
2026-08-31 17:07:06.594446: Epoch time: 104.24 s
2026-08-31 17:07:07.794894: 
2026-08-31 17:07:07.795980: Epoch 10
2026-08-31 17:07:07.796754: Current learning rate: 0.00991
2026-08-31 17:08:46.159195: train_loss -0.4718
2026-08-31 17:08:46.160117: val_loss -0.4736
2026-08-31 17:08:46.160933: Pseudo dice [np.float32(0.0091)]
2026-08-31 17:08:46.161574: Epoch time: 98.37 s
2026-08-31 17:08:47.266998: 
2026-08-31 17:08:47.267873: Epoch 11
2026-08-31 17:08:47.268533: Current learning rate: 0.0099
2026-08-31 17:10:24.866122: train_loss -0.4766
2026-08-31 17:10:24.867463: val_loss -0.4877
2026-08-31 17:10:24.868486: Pseudo dice [np.float32(0.0185)]
2026-08-31 17:10:24.869216: Epoch time: 97.6 s
2026-08-31 17:10:25.705488: 
2026-08-31 17:10:25.706493: Epoch 12
2026-08-31 17:10:25.707162: Current learning rate: 0.00989
2026-08-31 17:12:04.172385: train_loss -0.4723
2026-08-31 17:12:04.173272: val_loss -0.5017
2026-08-31 17:12:04.173997: Pseudo dice [np.float32(0.0167)]
2026-08-31 17:12:04.174824: Epoch time: 98.47 s
2026-08-31 17:12:04.989386: 
2026-08-31 17:12:04.990211: Epoch 13
2026-08-31 17:12:04.990928: Current learning rate: 0.00988
2026-08-31 17:13:46.556132: train_loss -0.4579
2026-08-31 17:13:46.557736: val_loss -0.5101
2026-08-31 17:13:46.558795: Pseudo dice [np.float32(0.0187)]
2026-08-31 17:13:46.559589: Epoch time: 101.57 s
2026-08-31 17:13:47.699180: 
2026-08-31 17:13:47.700586: Epoch 14
2026-08-31 17:13:47.701439: Current learning rate: 0.00987
2026-08-31 17:15:26.232261: train_loss -0.4772
2026-08-31 17:15:26.233189: val_loss -0.4896
2026-08-31 17:15:26.234019: Pseudo dice [np.float32(0.0125)]
2026-08-31 17:15:26.234704: Epoch time: 98.54 s
2026-08-31 17:15:27.078478: 
2026-08-31 17:15:27.079482: Epoch 15
2026-08-31 17:15:27.080228: Current learning rate: 0.00986
2026-08-31 17:17:05.908363: train_loss -0.4743
2026-08-31 17:17:05.909276: val_loss -0.4832
2026-08-31 17:17:05.909993: Pseudo dice [np.float32(0.0263)]
2026-08-31 17:17:05.910706: Epoch time: 98.83 s
2026-08-31 17:17:06.750901: 
2026-08-31 17:17:06.751846: Epoch 16
2026-08-31 17:17:06.752627: Current learning rate: 0.00986
2026-08-31 17:18:45.719758: train_loss -0.4809
2026-08-31 17:18:45.720862: val_loss -0.4851
2026-08-31 17:18:45.721806: Pseudo dice [np.float32(0.0134)]
2026-08-31 17:18:45.722575: Epoch time: 98.97 s
2026-08-31 17:18:46.561302: 
2026-08-31 17:18:46.562564: Epoch 17
2026-08-31 17:18:46.563340: Current learning rate: 0.00985
2026-08-31 17:20:25.394671: train_loss -0.4754
2026-08-31 17:20:25.395606: val_loss -0.4953
2026-08-31 17:20:25.396511: Pseudo dice [np.float32(0.014)]
2026-08-31 17:20:25.397214: Epoch time: 98.84 s
2026-08-31 17:20:26.245889: 
2026-08-31 17:20:26.246849: Epoch 18
2026-08-31 17:20:26.247558: Current learning rate: 0.00984
2026-08-31 17:22:03.491951: train_loss -0.4686
2026-08-31 17:22:03.493090: val_loss -0.4982
2026-08-31 17:22:03.493820: Pseudo dice [np.float32(0.0292)]
2026-08-31 17:22:03.494505: Epoch time: 97.25 s
2026-08-31 17:22:04.343915: 
2026-08-31 17:22:04.344867: Epoch 19
2026-08-31 17:22:04.345540: Current learning rate: 0.00983
2026-08-31 17:23:48.449798: train_loss -0.4706
2026-08-31 17:23:48.450936: val_loss -0.5118
2026-08-31 17:23:48.452087: Pseudo dice [np.float32(0.015)]
2026-08-31 17:23:48.452860: Epoch time: 104.11 s
2026-08-31 17:23:49.469136: 
2026-08-31 17:23:49.470530: Epoch 20
2026-08-31 17:23:49.471239: Current learning rate: 0.00982
2026-08-31 17:25:28.536211: train_loss -0.4655
2026-08-31 17:25:28.537297: val_loss -0.4846
2026-08-31 17:25:28.538119: Pseudo dice [np.float32(0.0177)]
2026-08-31 17:25:28.538816: Epoch time: 99.07 s
2026-08-31 17:25:29.658724: 
2026-08-31 17:25:29.659758: Epoch 21
2026-08-31 17:25:29.660366: Current learning rate: 0.00981
2026-08-31 17:27:09.517724: train_loss -0.4752
2026-08-31 17:27:09.519471: val_loss -0.4883
2026-08-31 17:27:09.520601: Pseudo dice [np.float32(0.0163)]
2026-08-31 17:27:09.521515: Epoch time: 99.86 s
2026-08-31 17:27:10.493927: 
2026-08-31 17:27:10.495315: Epoch 22
2026-08-31 17:27:10.496297: Current learning rate: 0.0098
2026-08-31 17:28:49.335399: train_loss -0.4831
2026-08-31 17:28:49.336441: val_loss -0.5042
2026-08-31 17:28:49.337302: Pseudo dice [np.float32(0.0262)]
2026-08-31 17:28:49.338034: Epoch time: 98.84 s
2026-08-31 17:28:50.161534: 
2026-08-31 17:28:50.162925: Epoch 23
2026-08-31 17:28:50.163769: Current learning rate: 0.00979
2026-08-31 17:30:29.112031: train_loss -0.4851
2026-08-31 17:30:29.112841: val_loss -0.5084
2026-08-31 17:30:29.113859: Pseudo dice [np.float32(0.0274)]
2026-08-31 17:30:29.114544: Epoch time: 98.95 s
2026-08-31 17:30:29.928640: 
2026-08-31 17:30:29.929705: Epoch 24
2026-08-31 17:30:29.930501: Current learning rate: 0.00978
2026-08-31 17:32:08.353312: train_loss -0.4717
2026-08-31 17:32:08.354257: val_loss -0.5066
2026-08-31 17:32:08.355067: Pseudo dice [np.float32(0.0227)]
2026-08-31 17:32:08.355818: Epoch time: 98.43 s
2026-08-31 17:32:09.180296: 
2026-08-31 17:32:09.181416: Epoch 25
2026-08-31 17:32:09.182124: Current learning rate: 0.00977
2026-08-31 17:34:46.118622: train_loss -0.482
2026-08-31 17:34:46.123457: val_loss -0.5041
2026-08-31 17:34:46.124606: Pseudo dice [np.float32(0.012)]
2026-08-31 17:34:46.125396: Epoch time: 156.94 s
2026-08-31 17:34:47.000054: 
2026-08-31 17:34:47.001200: Epoch 26
2026-08-31 17:34:47.001901: Current learning rate: 0.00977
2026-08-31 17:36:41.176380: train_loss -0.4772
2026-08-31 17:36:41.177663: val_loss -0.5164
2026-08-31 17:36:41.178402: Pseudo dice [np.float32(0.0286)]
2026-08-31 17:36:41.179206: Epoch time: 114.18 s
2026-08-31 17:36:41.179828: Yayy! New best EMA pseudo Dice: 0.02019999921321869
2026-08-31 17:36:43.399680: 
2026-08-31 17:36:43.400699: Epoch 27
2026-08-31 17:36:43.401389: Current learning rate: 0.00976
2026-08-31 17:39:40.956078: train_loss -0.4582
2026-08-31 17:39:40.957016: val_loss -0.5021
2026-08-31 17:39:40.957829: Pseudo dice [np.float32(0.016)]
2026-08-31 17:39:40.958743: Epoch time: 177.56 s
2026-08-31 17:39:41.832669: 
2026-08-31 17:39:41.834114: Epoch 28
2026-08-31 17:39:41.835152: Current learning rate: 0.00975
2026-08-31 17:41:35.086547: train_loss -0.4702
2026-08-31 17:41:35.132678: val_loss -0.5082
2026-08-31 17:41:35.133631: Pseudo dice [np.float32(0.0181)]
2026-08-31 17:41:35.134430: Epoch time: 113.26 s
2026-08-31 17:41:36.000525: 
2026-08-31 17:41:36.001628: Epoch 29
2026-08-31 17:41:36.002445: Current learning rate: 0.00974
2026-08-31 17:43:14.057214: train_loss -0.4544
2026-08-31 17:43:14.058205: val_loss -0.4868
2026-08-31 17:43:14.059032: Pseudo dice [np.float32(0.0233)]
2026-08-31 17:43:14.059713: Epoch time: 98.06 s
2026-08-31 17:43:14.894253: 
2026-08-31 17:43:14.895404: Epoch 30
2026-08-31 17:43:14.896246: Current learning rate: 0.00973
2026-08-31 17:44:53.541127: train_loss -0.4723
2026-08-31 17:44:53.542308: val_loss -0.4831
2026-08-31 17:44:53.543204: Pseudo dice [np.float32(0.0033)]
2026-08-31 17:44:53.543849: Epoch time: 98.65 s
2026-08-31 17:44:54.383067: 
2026-08-31 17:44:54.384113: Epoch 31
2026-08-31 17:44:54.384801: Current learning rate: 0.00972
2026-08-31 17:46:32.435600: train_loss -0.4827
2026-08-31 17:46:32.436603: val_loss -0.4897
2026-08-31 17:46:32.437439: Pseudo dice [np.float32(0.0138)]
2026-08-31 17:46:32.438231: Epoch time: 98.05 s
2026-08-31 17:46:34.781696: 
2026-08-31 17:46:34.782774: Epoch 32
2026-08-31 17:46:34.783451: Current learning rate: 0.00971
2026-08-31 17:48:22.191658: train_loss -0.4759
2026-08-31 17:48:22.194086: val_loss -0.4955
2026-08-31 17:48:22.197540: Pseudo dice [np.float32(0.0161)]
2026-08-31 17:48:22.199033: Epoch time: 107.41 s
2026-08-31 17:48:23.439363: 
2026-08-31 17:48:23.446989: Epoch 33
2026-08-31 17:48:23.447811: Current learning rate: 0.0097
2026-08-31 17:50:04.857816: train_loss -0.4775
2026-08-31 17:50:04.862854: val_loss -0.4969
2026-08-31 17:50:04.865524: Pseudo dice [np.float32(0.0225)]
2026-08-31 17:50:04.866292: Epoch time: 101.42 s
2026-08-31 17:50:06.237131: 
2026-08-31 17:50:06.239047: Epoch 34
2026-08-31 17:50:06.240110: Current learning rate: 0.00969
2026-08-31 17:51:45.535966: train_loss -0.4856
2026-08-31 17:51:45.537230: val_loss -0.5116
2026-08-31 17:51:45.538871: Pseudo dice [np.float32(0.023)]
2026-08-31 17:51:45.539832: Epoch time: 99.3 s
2026-08-31 17:51:46.396003: 
2026-08-31 17:51:46.397234: Epoch 35
2026-08-31 17:51:46.397964: Current learning rate: 0.00968
2026-08-31 17:53:34.490687: train_loss -0.4818
2026-08-31 17:53:34.500831: val_loss -0.4976
2026-08-31 17:53:34.511214: Pseudo dice [np.float32(0.0458)]
2026-08-31 17:53:34.517401: Epoch time: 108.1 s
2026-08-31 17:53:34.518271: Yayy! New best EMA pseudo Dice: 0.021400000900030136
2026-08-31 17:53:37.170041: 
2026-08-31 17:53:37.171176: Epoch 36
2026-08-31 17:53:37.171958: Current learning rate: 0.00968
2026-08-31 17:55:15.312391: train_loss -0.4889
2026-08-31 17:55:15.313666: val_loss -0.4984
2026-08-31 17:55:15.314559: Pseudo dice [np.float32(0.036)]
2026-08-31 17:55:15.315235: Epoch time: 98.15 s
2026-08-31 17:55:15.315905: Yayy! New best EMA pseudo Dice: 0.02280000038444996
2026-08-31 17:55:17.882259: 
2026-08-31 17:55:17.883348: Epoch 37
2026-08-31 17:55:17.884221: Current learning rate: 0.00967
2026-08-31 17:56:55.369678: train_loss -0.4796
2026-08-31 17:56:55.370616: val_loss -0.4924
2026-08-31 17:56:55.371415: Pseudo dice [np.float32(0.0242)]
2026-08-31 17:56:55.372140: Epoch time: 97.49 s
2026-08-31 17:56:55.372729: Yayy! New best EMA pseudo Dice: 0.023000000044703484
2026-08-31 17:56:58.065125: 
2026-08-31 17:56:58.066138: Epoch 38
2026-08-31 17:56:58.066805: Current learning rate: 0.00966
2026-08-31 17:58:37.984320: train_loss -0.4787
2026-08-31 17:58:37.985995: val_loss -0.4899
2026-08-31 17:58:37.986924: Pseudo dice [np.float32(0.0217)]
2026-08-31 17:58:37.987836: Epoch time: 99.92 s
2026-08-31 17:58:38.887822: 
2026-08-31 17:58:38.888843: Epoch 39
2026-08-31 17:58:38.889564: Current learning rate: 0.00965
2026-08-31 18:00:18.608010: train_loss -0.4898
2026-08-31 18:00:18.609339: val_loss -0.4959
2026-08-31 18:00:18.610156: Pseudo dice [np.float32(0.0261)]
2026-08-31 18:00:18.610897: Epoch time: 99.72 s
2026-08-31 18:00:18.611727: Yayy! New best EMA pseudo Dice: 0.02319999970495701
2026-08-31 18:00:21.139995: 
2026-08-31 18:00:21.140918: Epoch 40
2026-08-31 18:00:21.141672: Current learning rate: 0.00964
2026-08-31 18:01:59.820957: train_loss -0.4761
2026-08-31 18:01:59.821931: val_loss -0.4832
2026-08-31 18:01:59.822676: Pseudo dice [np.float32(0.0206)]
2026-08-31 18:01:59.823375: Epoch time: 98.68 s
2026-08-31 18:02:00.763574: 
2026-08-31 18:02:00.764566: Epoch 41
2026-08-31 18:02:00.765262: Current learning rate: 0.00963
2026-08-31 18:03:40.390670: train_loss -0.4872
2026-08-31 18:03:40.391694: val_loss -0.5038
2026-08-31 18:03:40.392459: Pseudo dice [np.float32(0.0132)]
2026-08-31 18:03:40.393147: Epoch time: 99.63 s
2026-08-31 18:03:41.221479: 
2026-08-31 18:03:41.222622: Epoch 42
2026-08-31 18:03:41.223303: Current learning rate: 0.00962
2026-08-31 18:05:20.460852: train_loss -0.4806
2026-08-31 18:05:20.461775: val_loss -0.5094
2026-08-31 18:05:20.462530: Pseudo dice [np.float32(0.0314)]
2026-08-31 18:05:20.463199: Epoch time: 99.24 s
2026-08-31 18:05:21.283900: 
2026-08-31 18:05:21.284959: Epoch 43
2026-08-31 18:05:21.285759: Current learning rate: 0.00961
2026-08-31 18:06:59.352237: train_loss -0.4935
2026-08-31 18:06:59.353186: val_loss -0.4858
2026-08-31 18:06:59.353881: Pseudo dice [np.float32(0.0349)]
2026-08-31 18:06:59.354511: Epoch time: 98.07 s
2026-08-31 18:06:59.355224: Yayy! New best EMA pseudo Dice: 0.02410000003874302
2026-08-31 18:07:01.877597: 
2026-08-31 18:07:01.878688: Epoch 44
2026-08-31 18:07:01.879375: Current learning rate: 0.0096
2026-08-31 18:08:41.758784: train_loss -0.4993
2026-08-31 18:08:41.761427: val_loss -0.5085
2026-08-31 18:08:41.765026: Pseudo dice [np.float32(0.0148)]
2026-08-31 18:08:41.765855: Epoch time: 99.88 s
2026-08-31 18:08:42.610332: 
2026-08-31 18:08:42.611286: Epoch 45
2026-08-31 18:08:42.611985: Current learning rate: 0.00959
2026-08-31 18:10:21.931849: train_loss -0.4949
2026-08-31 18:10:21.932959: val_loss -0.5144
2026-08-31 18:10:21.933687: Pseudo dice [np.float32(0.0146)]
2026-08-31 18:10:21.934283: Epoch time: 99.32 s
2026-08-31 18:10:22.750553: 
2026-08-31 18:10:22.751657: Epoch 46
2026-08-31 18:10:22.752372: Current learning rate: 0.00959
2026-08-31 18:12:01.298893: train_loss -0.4983
2026-08-31 18:12:01.299931: val_loss -0.5052
2026-08-31 18:12:01.300725: Pseudo dice [np.float32(0.032)]
2026-08-31 18:12:01.301462: Epoch time: 98.55 s
2026-08-31 18:12:02.125166: 
2026-08-31 18:12:02.126148: Epoch 47
2026-08-31 18:12:02.126912: Current learning rate: 0.00958
2026-08-31 18:13:41.037730: train_loss -0.5018
2026-08-31 18:13:41.038826: val_loss -0.4987
2026-08-31 18:13:41.039507: Pseudo dice [np.float32(0.0216)]
2026-08-31 18:13:41.040347: Epoch time: 98.92 s
2026-08-31 18:13:41.852000: 
2026-08-31 18:13:41.852955: Epoch 48
2026-08-31 18:13:41.853690: Current learning rate: 0.00957
2026-08-31 18:15:19.760672: train_loss -0.4818
2026-08-31 18:15:19.761785: val_loss -0.5087
2026-08-31 18:15:19.762675: Pseudo dice [np.float32(0.0268)]
2026-08-31 18:15:19.763512: Epoch time: 97.91 s
2026-08-31 18:15:20.597133: 
2026-08-31 18:15:20.598068: Epoch 49
2026-08-31 18:15:20.598790: Current learning rate: 0.00956
2026-08-31 18:16:58.737980: train_loss -0.4969
2026-08-31 18:16:58.738978: val_loss -0.496
2026-08-31 18:16:58.739820: Pseudo dice [np.float32(0.0426)]
2026-08-31 18:16:58.740508: Epoch time: 98.14 s
2026-08-31 18:16:59.727972: Yayy! New best EMA pseudo Dice: 0.02539999969303608
2026-08-31 18:17:02.357484: 
2026-08-31 18:17:02.358546: Epoch 50
2026-08-31 18:17:02.359257: Current learning rate: 0.00955
2026-08-31 18:19:06.455285: train_loss -0.4891
2026-08-31 18:19:06.456517: val_loss -0.487
2026-08-31 18:19:06.457503: Pseudo dice [np.float32(0.0121)]
2026-08-31 18:19:06.458344: Epoch time: 124.1 s
2026-08-31 18:19:07.280130: 
2026-08-31 18:19:07.281482: Epoch 51
2026-08-31 18:19:07.282254: Current learning rate: 0.00954
2026-08-31 18:20:46.111671: train_loss -0.4851
2026-08-31 18:20:46.112602: val_loss -0.4707
2026-08-31 18:20:46.116585: Pseudo dice [np.float32(0.0219)]
2026-08-31 18:20:46.117506: Epoch time: 98.83 s
2026-08-31 18:20:46.955858: 
2026-08-31 18:20:46.957036: Epoch 52
2026-08-31 18:20:46.957778: Current learning rate: 0.00953
2026-08-31 18:22:25.811422: train_loss -0.4686
2026-08-31 18:22:25.812841: val_loss -0.4948
2026-08-31 18:22:25.813689: Pseudo dice [np.float32(0.0188)]
2026-08-31 18:22:25.814389: Epoch time: 98.86 s
2026-08-31 18:22:26.649337: 
2026-08-31 18:22:26.650594: Epoch 53
2026-08-31 18:22:26.651315: Current learning rate: 0.00952
2026-08-31 18:24:06.732338: train_loss -0.4911
2026-08-31 18:24:06.733257: val_loss -0.5025
2026-08-31 18:24:06.734121: Pseudo dice [np.float32(0.0291)]
2026-08-31 18:24:06.734931: Epoch time: 100.09 s
2026-08-31 18:24:07.911658: 
2026-08-31 18:24:07.913367: Epoch 54
2026-08-31 18:24:07.914393: Current learning rate: 0.00951
2026-08-31 18:25:46.085269: train_loss -0.4956
2026-08-31 18:25:46.086411: val_loss -0.5097
2026-08-31 18:25:46.087250: Pseudo dice [np.float32(0.0387)]
2026-08-31 18:25:46.087963: Epoch time: 98.18 s
2026-08-31 18:25:46.088620: Yayy! New best EMA pseudo Dice: 0.02539999969303608
2026-08-31 18:25:48.438208: 
2026-08-31 18:25:48.439324: Epoch 55
2026-08-31 18:25:48.440100: Current learning rate: 0.0095
2026-08-31 18:27:45.592405: train_loss -0.4886
2026-08-31 18:27:45.593376: val_loss -0.5
2026-08-31 18:27:45.594250: Pseudo dice [np.float32(0.0242)]
2026-08-31 18:27:45.594976: Epoch time: 117.16 s
2026-08-31 18:27:46.418182: 
2026-08-31 18:27:46.419313: Epoch 56
2026-08-31 18:27:46.420089: Current learning rate: 0.00949
2026-08-31 18:29:29.751692: train_loss -0.4713
2026-08-31 18:29:29.753360: val_loss -0.4843
2026-08-31 18:29:29.754445: Pseudo dice [np.float32(0.0255)]
2026-08-31 18:29:29.755422: Epoch time: 103.34 s
2026-08-31 18:29:30.996934: 
2026-08-31 18:29:30.998378: Epoch 57
2026-08-31 18:29:30.999119: Current learning rate: 0.00949
2026-08-31 18:31:08.944547: train_loss -0.4789
2026-08-31 18:31:08.945565: val_loss -0.4963
2026-08-31 18:31:08.946327: Pseudo dice [np.float32(0.012)]
2026-08-31 18:31:08.947063: Epoch time: 97.95 s
2026-08-31 18:31:09.777810: 
2026-08-31 18:31:09.778961: Epoch 58
2026-08-31 18:31:09.779674: Current learning rate: 0.00948
2026-08-31 18:32:48.418560: train_loss -0.4754
2026-08-31 18:32:48.419645: val_loss -0.521
2026-08-31 18:32:48.420423: Pseudo dice [np.float32(0.0231)]
2026-08-31 18:32:48.421106: Epoch time: 98.64 s
2026-08-31 18:32:49.255948: 
2026-08-31 18:32:49.256892: Epoch 59
2026-08-31 18:32:49.257597: Current learning rate: 0.00947
2026-08-31 18:34:28.077396: train_loss -0.4772
2026-08-31 18:34:28.078379: val_loss -0.4921
2026-08-31 18:34:28.079172: Pseudo dice [np.float32(0.021)]
2026-08-31 18:34:28.079864: Epoch time: 98.82 s
2026-08-31 18:34:28.916930: 
2026-08-31 18:34:28.918064: Epoch 60
2026-08-31 18:34:28.918728: Current learning rate: 0.00946
2026-08-31 18:36:06.854003: train_loss -0.476
2026-08-31 18:36:06.855183: val_loss -0.5068
2026-08-31 18:36:06.856017: Pseudo dice [np.float32(0.0265)]
2026-08-31 18:36:06.856687: Epoch time: 97.94 s
2026-08-31 18:36:07.684212: 
2026-08-31 18:36:07.685323: Epoch 61
2026-08-31 18:36:07.686039: Current learning rate: 0.00945
2026-08-31 18:37:45.574136: train_loss -0.4898
2026-08-31 18:37:45.575096: val_loss -0.5072
2026-08-31 18:37:45.575794: Pseudo dice [np.float32(0.015)]
2026-08-31 18:37:45.576430: Epoch time: 97.89 s
2026-08-31 18:37:46.632032: 
2026-08-31 18:37:46.633048: Epoch 62
2026-08-31 18:37:46.633631: Current learning rate: 0.00944
2026-08-31 18:39:25.889888: train_loss -0.4863
2026-08-31 18:39:25.897328: val_loss -0.5038
2026-08-31 18:39:25.906082: Pseudo dice [np.float32(0.018)]
2026-08-31 18:39:25.918572: Epoch time: 99.26 s
2026-08-31 18:39:26.762436: 
2026-08-31 18:39:26.763479: Epoch 63
2026-08-31 18:39:26.764206: Current learning rate: 0.00943
2026-08-31 18:41:05.210785: train_loss -0.4916
2026-08-31 18:41:05.211786: val_loss -0.4992
2026-08-31 18:41:05.212581: Pseudo dice [np.float32(0.0259)]
2026-08-31 18:41:05.213336: Epoch time: 98.45 s
2026-08-31 18:41:06.051902: 
2026-08-31 18:41:06.052883: Epoch 64
2026-08-31 18:41:06.053786: Current learning rate: 0.00942
2026-08-31 18:42:43.613120: train_loss -0.4857
2026-08-31 18:42:43.614058: val_loss -0.4971
2026-08-31 18:42:43.614746: Pseudo dice [np.float32(0.0343)]
2026-08-31 18:42:43.615563: Epoch time: 97.56 s
2026-08-31 18:42:44.449600: 
2026-08-31 18:42:44.450507: Epoch 65
2026-08-31 18:42:44.451185: Current learning rate: 0.00941
2026-08-31 18:44:26.594246: train_loss -0.4869
2026-08-31 18:44:26.598789: val_loss -0.5122
2026-08-31 18:44:26.599909: Pseudo dice [np.float32(0.0173)]
2026-08-31 18:44:26.600719: Epoch time: 102.15 s
2026-08-31 18:44:27.497545: 
2026-08-31 18:44:27.498907: Epoch 66
2026-08-31 18:44:27.499613: Current learning rate: 0.0094
2026-08-31 18:46:07.629663: train_loss -0.4963
2026-08-31 18:46:07.633934: val_loss -0.492
2026-08-31 18:46:07.636370: Pseudo dice [np.float32(0.0246)]
2026-08-31 18:46:07.637084: Epoch time: 100.13 s
2026-08-31 18:46:08.505448: 
2026-08-31 18:46:08.513342: Epoch 67
2026-08-31 18:46:08.514205: Current learning rate: 0.00939
2026-08-31 18:47:48.145042: train_loss -0.5
2026-08-31 18:47:48.153430: val_loss -0.503
2026-08-31 18:47:48.154364: Pseudo dice [np.float32(0.0382)]
2026-08-31 18:47:48.155085: Epoch time: 99.64 s
2026-08-31 18:47:49.342481: 
2026-08-31 18:47:49.345380: Epoch 68
2026-08-31 18:47:49.346393: Current learning rate: 0.00939
2026-08-31 18:49:27.956912: train_loss -0.4937
2026-08-31 18:49:27.958345: val_loss -0.4885
2026-08-31 18:49:27.959266: Pseudo dice [np.float32(0.0379)]
2026-08-31 18:49:27.959983: Epoch time: 98.62 s
2026-08-31 18:49:27.960656: Yayy! New best EMA pseudo Dice: 0.026200000196695328
2026-08-31 18:49:30.180925: 
2026-08-31 18:49:30.181875: Epoch 69
2026-08-31 18:49:30.182531: Current learning rate: 0.00938
2026-08-31 18:51:10.016850: train_loss -0.4924
2026-08-31 18:51:10.018430: val_loss -0.519
2026-08-31 18:51:10.019554: Pseudo dice [np.float32(0.0172)]
2026-08-31 18:51:10.020410: Epoch time: 99.84 s
2026-08-31 18:51:10.902032: 
2026-08-31 18:51:10.903111: Epoch 70
2026-08-31 18:51:10.903930: Current learning rate: 0.00937
2026-08-31 18:52:54.536866: train_loss -0.4872
2026-08-31 18:52:54.540690: val_loss -0.4834
2026-08-31 18:52:54.541680: Pseudo dice [np.float32(0.0225)]
2026-08-31 18:52:54.542567: Epoch time: 103.64 s
2026-08-31 18:52:55.616893: 
2026-08-31 18:52:55.621861: Epoch 71
2026-08-31 18:52:55.623290: Current learning rate: 0.00936
2026-08-31 18:54:35.309237: train_loss -0.4854
2026-08-31 18:54:35.310290: val_loss -0.487
2026-08-31 18:54:35.310988: Pseudo dice [np.float32(0.0273)]
2026-08-31 18:54:35.311619: Epoch time: 99.7 s
2026-08-31 18:54:36.161284: 
2026-08-31 18:54:36.162407: Epoch 72
2026-08-31 18:54:36.163194: Current learning rate: 0.00935
2026-08-31 18:56:16.701677: train_loss -0.4763
2026-08-31 18:56:16.702920: val_loss -0.5154
2026-08-31 18:56:16.703881: Pseudo dice [np.float32(0.0163)]
2026-08-31 18:56:16.704743: Epoch time: 100.54 s
2026-08-31 18:56:17.570014: 
2026-08-31 18:56:17.571273: Epoch 73
2026-08-31 18:56:17.571970: Current learning rate: 0.00934
2026-08-31 18:57:55.253971: train_loss -0.4813
2026-08-31 18:57:55.254960: val_loss -0.5158
2026-08-31 18:57:55.255788: Pseudo dice [np.float32(0.028)]
2026-08-31 18:57:55.256561: Epoch time: 97.69 s
2026-08-31 18:57:56.117275: 
2026-08-31 18:57:56.118245: Epoch 74
2026-08-31 18:57:56.119163: Current learning rate: 0.00933
2026-08-31 18:59:33.805386: train_loss -0.4947
2026-08-31 18:59:33.807022: val_loss -0.5018
2026-08-31 18:59:33.807987: Pseudo dice [np.float32(0.0269)]
2026-08-31 18:59:33.808669: Epoch time: 97.69 s
2026-08-31 18:59:34.674696: 
2026-08-31 18:59:34.675703: Epoch 75
2026-08-31 18:59:34.676682: Current learning rate: 0.00932
2026-08-31 19:01:14.031335: train_loss -0.4938
2026-08-31 19:01:14.033129: val_loss -0.5138
2026-08-31 19:01:14.034236: Pseudo dice [np.float32(0.0227)]
2026-08-31 19:01:14.035054: Epoch time: 99.36 s
2026-08-31 19:01:14.958302: 
2026-08-31 19:01:14.959428: Epoch 76
2026-08-31 19:01:14.960261: Current learning rate: 0.00931
2026-08-31 19:02:51.823050: train_loss -0.4832
2026-08-31 19:02:51.824224: val_loss -0.5169
2026-08-31 19:02:51.824970: Pseudo dice [np.float32(0.0345)]
2026-08-31 19:02:51.825628: Epoch time: 96.87 s
2026-08-31 19:02:52.681096: 
2026-08-31 19:02:52.682017: Epoch 77
2026-08-31 19:02:52.682733: Current learning rate: 0.0093
2026-08-31 19:04:30.585199: train_loss -0.4996
2026-08-31 19:04:30.586357: val_loss -0.4821
2026-08-31 19:04:30.587348: Pseudo dice [np.float32(0.0172)]
2026-08-31 19:04:30.588032: Epoch time: 97.91 s
2026-08-31 19:04:31.471579: 
2026-08-31 19:04:31.472847: Epoch 78
2026-08-31 19:04:31.473624: Current learning rate: 0.0093
2026-08-31 19:06:11.136512: train_loss -0.4727
2026-08-31 19:06:11.137485: val_loss -0.4868
2026-08-31 19:06:11.138175: Pseudo dice [np.float32(0.0281)]
2026-08-31 19:06:11.138889: Epoch time: 99.67 s
2026-08-31 19:06:12.027787: 
2026-08-31 19:06:12.028788: Epoch 79
2026-08-31 19:06:12.029648: Current learning rate: 0.00929
2026-08-31 19:07:50.514771: train_loss -0.4926
2026-08-31 19:07:50.516046: val_loss -0.4933
2026-08-31 19:07:50.517407: Pseudo dice [np.float32(0.0202)]
2026-08-31 19:07:50.518401: Epoch time: 98.49 s
2026-08-31 19:07:51.398245: 
2026-08-31 19:07:51.399708: Epoch 80
2026-08-31 19:07:51.400685: Current learning rate: 0.00928
2026-08-31 19:09:28.674319: train_loss -0.4829
2026-08-31 19:09:28.675730: val_loss -0.5067
2026-08-31 19:09:28.676652: Pseudo dice [np.float32(0.0117)]
2026-08-31 19:09:28.677430: Epoch time: 97.28 s
2026-08-31 19:09:29.812407: 
2026-08-31 19:09:29.813306: Epoch 81
2026-08-31 19:09:29.813954: Current learning rate: 0.00927
2026-08-31 19:11:08.238075: train_loss -0.4814
2026-08-31 19:11:08.239192: val_loss -0.5008
2026-08-31 19:11:08.240222: Pseudo dice [np.float32(0.0266)]
2026-08-31 19:11:08.241119: Epoch time: 98.43 s
2026-08-31 19:11:09.103411: 
2026-08-31 19:11:09.104821: Epoch 82
2026-08-31 19:11:09.105491: Current learning rate: 0.00926
2026-08-31 19:12:57.376295: train_loss -0.4947
2026-08-31 19:12:57.377837: val_loss -0.5088
2026-08-31 19:12:57.379054: Pseudo dice [np.float32(0.0446)]
2026-08-31 19:12:57.380037: Epoch time: 108.28 s
2026-08-31 19:12:58.336272: 
2026-08-31 19:12:58.337496: Epoch 83
2026-08-31 19:12:58.338152: Current learning rate: 0.00925
2026-08-31 19:14:57.988266: train_loss -0.4856
2026-08-31 19:14:57.992550: val_loss -0.5195
2026-08-31 19:14:57.993661: Pseudo dice [np.float32(0.0337)]
2026-08-31 19:14:57.994602: Epoch time: 119.65 s
2026-08-31 19:14:57.995363: Yayy! New best EMA pseudo Dice: 0.026599999517202377
2026-08-31 19:15:00.692418: 
2026-08-31 19:15:00.693586: Epoch 84
2026-08-31 19:15:00.694380: Current learning rate: 0.00924
2026-08-31 19:17:08.850730: train_loss -0.4853
2026-08-31 19:17:08.851717: val_loss -0.5146
2026-08-31 19:17:08.852598: Pseudo dice [np.float32(0.034)]
2026-08-31 19:17:08.853595: Epoch time: 128.16 s
2026-08-31 19:17:08.854486: Yayy! New best EMA pseudo Dice: 0.027300000190734863
2026-08-31 19:17:14.202899: 
2026-08-31 19:17:14.203892: Epoch 85
2026-08-31 19:17:14.204711: Current learning rate: 0.00923
2026-08-31 19:18:53.259313: train_loss -0.4943
2026-08-31 19:18:53.260294: val_loss -0.5213
2026-08-31 19:18:53.261168: Pseudo dice [np.float32(0.0159)]
2026-08-31 19:18:53.261917: Epoch time: 99.06 s
2026-08-31 19:18:54.100167: 
2026-08-31 19:18:54.101105: Epoch 86
2026-08-31 19:18:54.101713: Current learning rate: 0.00922
2026-08-31 19:20:32.279506: train_loss -0.4937
2026-08-31 19:20:32.280716: val_loss -0.5104
2026-08-31 19:20:32.281710: Pseudo dice [np.float32(0.0276)]
2026-08-31 19:20:32.282412: Epoch time: 98.18 s
2026-08-31 19:20:33.123620: 
2026-08-31 19:20:33.124599: Epoch 87
2026-08-31 19:20:33.125192: Current learning rate: 0.00921
2026-08-31 19:22:22.172474: train_loss -0.4915
2026-08-31 19:22:22.173464: val_loss -0.4948
2026-08-31 19:22:22.174201: Pseudo dice [np.float32(0.0259)]
2026-08-31 19:22:22.174915: Epoch time: 109.05 s
2026-08-31 19:22:23.013354: 
2026-08-31 19:22:23.014481: Epoch 88
2026-08-31 19:22:23.015182: Current learning rate: 0.0092
2026-08-31 19:24:01.210824: train_loss -0.4995
2026-08-31 19:24:01.212031: val_loss -0.5305
2026-08-31 19:24:01.213327: Pseudo dice [np.float32(0.0612)]
2026-08-31 19:24:01.214435: Epoch time: 98.2 s
2026-08-31 19:24:01.215238: Yayy! New best EMA pseudo Dice: 0.02979999966919422
2026-08-31 19:24:03.494986: 
2026-08-31 19:24:03.495954: Epoch 89
2026-08-31 19:24:03.496749: Current learning rate: 0.0092
2026-08-31 19:25:42.863625: train_loss -0.491
2026-08-31 19:25:42.864559: val_loss -0.5017
2026-08-31 19:25:42.865387: Pseudo dice [np.float32(0.0256)]
2026-08-31 19:25:42.866116: Epoch time: 99.37 s
2026-08-31 19:25:43.707022: 
2026-08-31 19:25:43.708042: Epoch 90
2026-08-31 19:25:43.708812: Current learning rate: 0.00919
2026-08-31 19:27:22.198364: train_loss -0.4976
2026-08-31 19:27:22.199231: val_loss -0.5036
2026-08-31 19:27:22.200051: Pseudo dice [np.float32(0.0531)]
2026-08-31 19:27:22.200888: Epoch time: 98.49 s
2026-08-31 19:27:22.201660: Yayy! New best EMA pseudo Dice: 0.031700000166893005
2026-08-31 19:27:24.705432: 
2026-08-31 19:27:24.706611: Epoch 91
2026-08-31 19:27:24.707470: Current learning rate: 0.00918
2026-08-31 19:29:03.508263: train_loss -0.4925
2026-08-31 19:29:03.509244: val_loss -0.4818
2026-08-31 19:29:03.509983: Pseudo dice [np.float32(0.0438)]
2026-08-31 19:29:03.510623: Epoch time: 98.81 s
2026-08-31 19:29:03.511204: Yayy! New best EMA pseudo Dice: 0.03290000185370445
2026-08-31 19:29:05.798960: 
2026-08-31 19:29:05.800145: Epoch 92
2026-08-31 19:29:05.800940: Current learning rate: 0.00917
2026-08-31 19:30:43.527023: train_loss -0.493
2026-08-31 19:30:43.528060: val_loss -0.5222
2026-08-31 19:30:43.528754: Pseudo dice [np.float32(0.0484)]
2026-08-31 19:30:43.529503: Epoch time: 97.73 s
2026-08-31 19:30:43.530267: Yayy! New best EMA pseudo Dice: 0.03449999913573265
2026-08-31 19:30:45.680457: 
2026-08-31 19:30:45.681687: Epoch 93
2026-08-31 19:30:45.682609: Current learning rate: 0.00916
2026-08-31 19:32:24.539573: train_loss -0.505
2026-08-31 19:32:24.540791: val_loss -0.5017
2026-08-31 19:32:24.541609: Pseudo dice [np.float32(0.0514)]
2026-08-31 19:32:24.542257: Epoch time: 98.86 s
2026-08-31 19:32:24.542935: Yayy! New best EMA pseudo Dice: 0.03620000183582306
2026-08-31 19:32:26.721875: 
2026-08-31 19:32:26.722934: Epoch 94
2026-08-31 19:32:26.723585: Current learning rate: 0.00915
2026-08-31 19:34:04.596934: train_loss -0.4898
2026-08-31 19:34:04.597955: val_loss -0.4966
2026-08-31 19:34:04.598720: Pseudo dice [np.float32(0.0506)]
2026-08-31 19:34:04.599473: Epoch time: 97.88 s
2026-08-31 19:34:04.600140: Yayy! New best EMA pseudo Dice: 0.03759999945759773
2026-08-31 19:34:06.829051: 
2026-08-31 19:34:06.830068: Epoch 95
2026-08-31 19:34:06.830764: Current learning rate: 0.00914
2026-08-31 19:35:45.135643: train_loss -0.4906
2026-08-31 19:35:45.136744: val_loss -0.5004
2026-08-31 19:35:45.137558: Pseudo dice [np.float32(0.0158)]
2026-08-31 19:35:45.138251: Epoch time: 98.31 s
2026-08-31 19:35:45.988066: 
2026-08-31 19:35:45.989166: Epoch 96
2026-08-31 19:35:45.989880: Current learning rate: 0.00913
2026-08-31 19:37:24.986264: train_loss -0.5061
2026-08-31 19:37:24.987232: val_loss -0.5227
2026-08-31 19:37:24.988136: Pseudo dice [np.float32(0.0171)]
2026-08-31 19:37:24.989021: Epoch time: 99.0 s
2026-08-31 19:37:25.955844: 
2026-08-31 19:37:25.957133: Epoch 97
2026-08-31 19:37:25.958018: Current learning rate: 0.00912
2026-08-31 19:39:07.748286: train_loss -0.4969
2026-08-31 19:39:07.749582: val_loss -0.5057
2026-08-31 19:39:07.750705: Pseudo dice [np.float32(0.0326)]
2026-08-31 19:39:07.751666: Epoch time: 101.8 s
2026-08-31 19:39:08.940151: 
2026-08-31 19:39:08.941775: Epoch 98
2026-08-31 19:39:08.942618: Current learning rate: 0.00911
2026-08-31 19:40:52.413589: train_loss -0.5127
2026-08-31 19:40:52.414682: val_loss -0.4966
2026-08-31 19:40:52.415529: Pseudo dice [np.float32(0.0404)]
2026-08-31 19:40:52.416347: Epoch time: 103.48 s
2026-08-31 19:40:53.628726: 
2026-08-31 19:40:53.629895: Epoch 99
2026-08-31 19:40:53.630629: Current learning rate: 0.0091
2026-08-31 19:42:34.179241: train_loss -0.5038
2026-08-31 19:42:34.181512: val_loss -0.5264
2026-08-31 19:42:34.184309: Pseudo dice [np.float32(0.0357)]
2026-08-31 19:42:34.186106: Epoch time: 100.55 s
2026-08-31 19:42:36.237006: 
2026-08-31 19:42:36.238002: Epoch 100
2026-08-31 19:42:36.238662: Current learning rate: 0.0091
2026-08-31 19:44:15.930007: train_loss -0.4895
2026-08-31 19:44:15.931167: val_loss -0.4849
2026-08-31 19:44:15.932191: Pseudo dice [np.float32(0.0362)]
2026-08-31 19:44:15.933085: Epoch time: 99.7 s
2026-08-31 19:44:16.790955: 
2026-08-31 19:44:16.792092: Epoch 101
2026-08-31 19:44:16.793058: Current learning rate: 0.00909
2026-08-31 19:45:55.271663: train_loss -0.5018
2026-08-31 19:45:55.272718: val_loss -0.4889
2026-08-31 19:45:55.278290: Pseudo dice [np.float32(0.0216)]
2026-08-31 19:45:55.279385: Epoch time: 98.48 s
2026-08-31 19:45:56.134235: 
2026-08-31 19:45:56.135710: Epoch 102
2026-08-31 19:45:56.136406: Current learning rate: 0.00908
2026-08-31 19:47:34.361981: train_loss -0.4904
2026-08-31 19:47:34.363276: val_loss -0.5203
2026-08-31 19:47:34.378026: Pseudo dice [np.float32(0.0102)]
2026-08-31 19:47:34.379220: Epoch time: 98.23 s
2026-08-31 19:47:37.617838: 
2026-08-31 19:47:37.619175: Epoch 103
2026-08-31 19:47:37.619928: Current learning rate: 0.00907
2026-08-31 19:49:16.612829: train_loss -0.5001
2026-08-31 19:49:16.613956: val_loss -0.5182
2026-08-31 19:49:16.614717: Pseudo dice [np.float32(0.0393)]
2026-08-31 19:49:16.615861: Epoch time: 99.0 s
2026-08-31 19:49:17.447788: 
2026-08-31 19:49:17.448861: Epoch 104
2026-08-31 19:49:17.449517: Current learning rate: 0.00906
2026-08-31 19:50:56.647110: train_loss -0.4912
2026-08-31 19:50:56.648238: val_loss -0.5308
2026-08-31 19:50:56.648992: Pseudo dice [np.float32(0.04)]
2026-08-31 19:50:56.649680: Epoch time: 99.2 s
2026-08-31 19:50:58.921543: 
2026-08-31 19:50:58.923104: Epoch 105
2026-08-31 19:50:58.923977: Current learning rate: 0.00905
2026-08-31 19:52:37.881984: train_loss -0.5105
2026-08-31 19:52:37.882931: val_loss -0.5213
2026-08-31 19:52:37.883758: Pseudo dice [np.float32(0.0624)]
2026-08-31 19:52:37.884540: Epoch time: 98.96 s
2026-08-31 19:52:39.342873: 
2026-08-31 19:52:39.343940: Epoch 106
2026-08-31 19:52:39.344650: Current learning rate: 0.00904
2026-08-31 19:54:18.596671: train_loss -0.4919
2026-08-31 19:54:18.598106: val_loss -0.5207
2026-08-31 19:54:18.598901: Pseudo dice [np.float32(0.0404)]
2026-08-31 19:54:18.599583: Epoch time: 99.26 s
2026-08-31 19:54:19.472685: 
2026-08-31 19:54:19.473877: Epoch 107
2026-08-31 19:54:19.474516: Current learning rate: 0.00903
2026-08-31 19:55:58.896144: train_loss -0.5083
2026-08-31 19:55:58.911431: val_loss -0.5235
2026-08-31 19:55:58.912345: Pseudo dice [np.float32(0.0515)]
2026-08-31 19:55:58.913067: Epoch time: 99.43 s
2026-08-31 19:55:59.963803: 
2026-08-31 19:55:59.965254: Epoch 108
2026-08-31 19:55:59.965940: Current learning rate: 0.00902
2026-08-31 19:57:40.054459: train_loss -0.4944
2026-08-31 19:57:40.056043: val_loss -0.508
2026-08-31 19:57:40.057261: Pseudo dice [np.float32(0.0247)]
2026-08-31 19:57:40.058760: Epoch time: 100.09 s
2026-08-31 19:57:40.902152: 
2026-08-31 19:57:40.903324: Epoch 109
2026-08-31 19:57:40.904128: Current learning rate: 0.00901
2026-08-31 19:59:20.208541: train_loss -0.5067
2026-08-31 19:59:20.209607: val_loss -0.5081
2026-08-31 19:59:20.210436: Pseudo dice [np.float32(0.032)]
2026-08-31 19:59:20.211239: Epoch time: 99.31 s
2026-08-31 19:59:21.058968: 
2026-08-31 19:59:21.060129: Epoch 110
2026-08-31 19:59:21.060761: Current learning rate: 0.009
2026-08-31 20:01:01.669166: train_loss -0.4946
2026-08-31 20:01:01.670089: val_loss -0.5114
2026-08-31 20:01:01.670874: Pseudo dice [np.float32(0.0257)]
2026-08-31 20:01:01.671647: Epoch time: 100.61 s
2026-08-31 20:01:02.782807: 
2026-08-31 20:01:02.783700: Epoch 111
2026-08-31 20:01:02.784390: Current learning rate: 0.009
2026-08-31 20:02:40.594923: train_loss -0.4995
2026-08-31 20:02:40.595794: val_loss -0.5111
2026-08-31 20:02:40.596535: Pseudo dice [np.float32(0.0288)]
2026-08-31 20:02:40.597272: Epoch time: 97.81 s
2026-08-31 20:02:41.447258: 
2026-08-31 20:02:41.448245: Epoch 112
2026-08-31 20:02:41.449187: Current learning rate: 0.00899
2026-08-31 20:04:20.267626: train_loss -0.4949
2026-08-31 20:04:20.268838: val_loss -0.4955
2026-08-31 20:04:20.269596: Pseudo dice [np.float32(0.0263)]
2026-08-31 20:04:20.270289: Epoch time: 98.82 s
2026-08-31 20:04:21.109289: 
2026-08-31 20:04:21.110378: Epoch 113
2026-08-31 20:04:21.111099: Current learning rate: 0.00898
2026-08-31 20:05:59.107204: train_loss -0.4958
2026-08-31 20:05:59.108191: val_loss -0.5333
2026-08-31 20:05:59.108881: Pseudo dice [np.float32(0.0671)]
2026-08-31 20:05:59.109508: Epoch time: 98.0 s
2026-08-31 20:05:59.952220: 
2026-08-31 20:05:59.953316: Epoch 114
2026-08-31 20:05:59.953962: Current learning rate: 0.00897
2026-08-31 20:07:39.907992: train_loss -0.4976
2026-08-31 20:07:39.909062: val_loss -0.5209
2026-08-31 20:07:39.910354: Pseudo dice [np.float32(0.0202)]
2026-08-31 20:07:39.911270: Epoch time: 99.96 s
2026-08-31 20:07:40.766922: 
2026-08-31 20:07:40.767879: Epoch 115
2026-08-31 20:07:40.768564: Current learning rate: 0.00896
2026-08-31 20:09:19.486314: train_loss -0.4903
2026-08-31 20:09:19.487243: val_loss -0.5073
2026-08-31 20:09:19.488057: Pseudo dice [np.float32(0.0288)]
2026-08-31 20:09:19.488897: Epoch time: 98.72 s
2026-08-31 20:09:20.339509: 
2026-08-31 20:09:20.340515: Epoch 116
2026-08-31 20:09:20.341200: Current learning rate: 0.00895
2026-08-31 20:10:59.503572: train_loss -0.5015
2026-08-31 20:10:59.504661: val_loss -0.5301
2026-08-31 20:10:59.505477: Pseudo dice [np.float32(0.0744)]
2026-08-31 20:10:59.506241: Epoch time: 99.17 s
2026-08-31 20:10:59.507017: Yayy! New best EMA pseudo Dice: 0.03849999979138374
2026-08-31 20:11:04.701271: 
2026-08-31 20:11:04.702525: Epoch 117
2026-08-31 20:11:04.703347: Current learning rate: 0.00894
2026-08-31 20:12:42.360492: train_loss -0.5153
2026-08-31 20:12:42.361345: val_loss -0.5338
2026-08-31 20:12:42.362060: Pseudo dice [np.float32(0.0446)]
2026-08-31 20:12:42.362738: Epoch time: 97.66 s
2026-08-31 20:12:42.363328: Yayy! New best EMA pseudo Dice: 0.03909999877214432
2026-08-31 20:12:49.598086: 
2026-08-31 20:12:49.599074: Epoch 118
2026-08-31 20:12:49.599726: Current learning rate: 0.00893
2026-08-31 20:14:26.399790: train_loss -0.5041
2026-08-31 20:14:26.400810: val_loss -0.51
2026-08-31 20:14:26.401783: Pseudo dice [np.float32(0.0181)]
2026-08-31 20:14:26.402406: Epoch time: 96.8 s
2026-08-31 20:14:27.260337: 
2026-08-31 20:14:27.261200: Epoch 119
2026-08-31 20:14:27.261900: Current learning rate: 0.00892
2026-08-31 20:16:05.283478: train_loss -0.499
2026-08-31 20:16:05.287971: val_loss -0.5221
2026-08-31 20:16:05.288871: Pseudo dice [np.float32(0.0348)]
2026-08-31 20:16:05.289510: Epoch time: 98.03 s
2026-08-31 20:16:06.407247: 
2026-08-31 20:16:06.408129: Epoch 120
2026-08-31 20:16:06.408810: Current learning rate: 0.00891
2026-08-31 20:17:45.429867: train_loss -0.499
2026-08-31 20:17:45.433887: val_loss -0.5154
2026-08-31 20:17:45.440077: Pseudo dice [np.float32(0.0324)]
2026-08-31 20:17:45.441194: Epoch time: 99.02 s
2026-08-31 20:17:46.353357: 
2026-08-31 20:17:46.354911: Epoch 121
2026-08-31 20:17:46.355847: Current learning rate: 0.0089
2026-08-31 20:19:25.360759: train_loss -0.4992
2026-08-31 20:19:25.361935: val_loss -0.4969
2026-08-31 20:19:25.362669: Pseudo dice [np.float32(0.0378)]
2026-08-31 20:19:25.363529: Epoch time: 99.01 s
2026-08-31 20:19:26.232466: 
2026-08-31 20:19:26.233541: Epoch 122
2026-08-31 20:19:26.234177: Current learning rate: 0.00889
2026-08-31 20:21:03.376811: train_loss -0.512
2026-08-31 20:21:03.377796: val_loss -0.5023
2026-08-31 20:21:03.378508: Pseudo dice [np.float32(0.0365)]
2026-08-31 20:21:03.379210: Epoch time: 97.15 s
2026-08-31 20:21:04.245326: 
2026-08-31 20:21:04.246396: Epoch 123
2026-08-31 20:21:04.247107: Current learning rate: 0.00889
2026-08-31 20:22:42.144448: train_loss -0.49
2026-08-31 20:22:42.146453: val_loss -0.5293
2026-08-31 20:22:42.147405: Pseudo dice [np.float32(0.0485)]
2026-08-31 20:22:42.148257: Epoch time: 97.9 s
2026-08-31 20:22:43.026991: 
2026-08-31 20:22:43.028171: Epoch 124
2026-08-31 20:22:43.028970: Current learning rate: 0.00888
2026-08-31 20:24:21.098114: train_loss -0.5033
2026-08-31 20:24:21.100147: val_loss -0.5288
2026-08-31 20:24:21.100992: Pseudo dice [np.float32(0.0813)]
2026-08-31 20:24:21.101696: Epoch time: 98.07 s
2026-08-31 20:24:21.102397: Yayy! New best EMA pseudo Dice: 0.042100001126527786
2026-08-31 20:24:23.787766: 
2026-08-31 20:24:23.788927: Epoch 125
2026-08-31 20:24:23.789827: Current learning rate: 0.00887
2026-08-31 20:26:01.912922: train_loss -0.4955
2026-08-31 20:26:01.913763: val_loss -0.5147
2026-08-31 20:26:01.914448: Pseudo dice [np.float32(0.0538)]
2026-08-31 20:26:01.915170: Epoch time: 98.13 s
2026-08-31 20:26:01.915748: Yayy! New best EMA pseudo Dice: 0.04320000112056732
2026-08-31 20:26:04.931349: 
2026-08-31 20:26:04.932480: Epoch 126
2026-08-31 20:26:04.933277: Current learning rate: 0.00886
2026-08-31 20:27:42.823826: train_loss -0.4903
2026-08-31 20:27:42.824875: val_loss -0.5303
2026-08-31 20:27:42.825761: Pseudo dice [np.float32(0.0385)]
2026-08-31 20:27:42.826506: Epoch time: 97.89 s
2026-08-31 20:27:43.677789: 
2026-08-31 20:27:43.678906: Epoch 127
2026-08-31 20:27:43.679645: Current learning rate: 0.00885
2026-08-31 20:29:21.036348: train_loss -0.4967
2026-08-31 20:29:21.037336: val_loss -0.4993
2026-08-31 20:29:21.037991: Pseudo dice [np.float32(0.0481)]
2026-08-31 20:29:21.038567: Epoch time: 97.36 s
2026-08-31 20:29:21.039154: Yayy! New best EMA pseudo Dice: 0.043299999088048935
2026-08-31 20:29:29.712418: 
2026-08-31 20:29:29.713620: Epoch 128
2026-08-31 20:29:29.714570: Current learning rate: 0.00884
2026-08-31 20:31:07.162341: train_loss -0.5056
2026-08-31 20:31:07.163272: val_loss -0.5437
2026-08-31 20:31:07.164137: Pseudo dice [np.float32(0.0554)]
2026-08-31 20:31:07.164867: Epoch time: 97.45 s
2026-08-31 20:31:07.165821: Yayy! New best EMA pseudo Dice: 0.04450000077486038
2026-08-31 20:31:09.289846: 
2026-08-31 20:31:09.290958: Epoch 129
2026-08-31 20:31:09.291747: Current learning rate: 0.00883
2026-08-31 20:32:50.030020: train_loss -0.4834
2026-08-31 20:32:50.036590: val_loss -0.4982
2026-08-31 20:32:50.039160: Pseudo dice [np.float32(0.0186)]
2026-08-31 20:32:50.039863: Epoch time: 100.74 s
2026-08-31 20:32:51.709326: 
2026-08-31 20:32:51.710344: Epoch 130
2026-08-31 20:32:51.711161: Current learning rate: 0.00882
2026-08-31 20:34:30.470365: train_loss -0.4968
2026-08-31 20:34:30.471280: val_loss -0.4833
2026-08-31 20:34:30.472131: Pseudo dice [np.float32(0.0233)]
2026-08-31 20:34:30.472985: Epoch time: 98.76 s
2026-08-31 20:34:31.397895: 
2026-08-31 20:34:31.398892: Epoch 131
2026-08-31 20:34:31.399587: Current learning rate: 0.00881
2026-08-31 20:36:10.327753: train_loss -0.5006
2026-08-31 20:36:10.328895: val_loss -0.5186
2026-08-31 20:36:10.329849: Pseudo dice [np.float32(0.0155)]
2026-08-31 20:36:10.330884: Epoch time: 98.93 s
2026-08-31 20:36:11.347435: 
2026-08-31 20:36:11.348772: Epoch 132
2026-08-31 20:36:11.349568: Current learning rate: 0.0088
2026-08-31 20:37:50.400225: train_loss -0.4936
2026-08-31 20:37:50.404682: val_loss -0.4982
2026-08-31 20:37:50.407279: Pseudo dice [np.float32(0.019)]
2026-08-31 20:37:50.408044: Epoch time: 99.06 s
2026-08-31 20:37:51.607105: 
2026-08-31 20:37:51.608222: Epoch 133
2026-08-31 20:37:51.609011: Current learning rate: 0.00879
2026-08-31 20:39:31.314723: train_loss -0.4903
2026-08-31 20:39:31.315588: val_loss -0.518
2026-08-31 20:39:31.316356: Pseudo dice [np.float32(0.0115)]
2026-08-31 20:39:31.317048: Epoch time: 99.71 s
2026-08-31 20:39:32.178031: 
2026-08-31 20:39:32.179066: Epoch 134
2026-08-31 20:39:32.179790: Current learning rate: 0.00879
2026-08-31 20:41:11.815236: train_loss -0.5028
2026-08-31 20:41:11.816301: val_loss -0.5089
2026-08-31 20:41:11.817164: Pseudo dice [np.float32(0.0161)]
2026-08-31 20:41:11.818004: Epoch time: 99.64 s
2026-08-31 20:41:12.691454: 
2026-08-31 20:41:12.692413: Epoch 135
2026-08-31 20:41:12.693051: Current learning rate: 0.00878
2026-08-31 20:42:51.466669: train_loss -0.5116
2026-08-31 20:42:51.467587: val_loss -0.5213
2026-08-31 20:42:51.473838: Pseudo dice [np.float32(0.0686)]
2026-08-31 20:42:51.474867: Epoch time: 98.78 s
2026-08-31 20:42:52.367983: 
2026-08-31 20:42:52.368911: Epoch 136
2026-08-31 20:42:52.369515: Current learning rate: 0.00877
2026-08-31 20:44:31.427187: train_loss -0.5166
2026-08-31 20:44:31.428265: val_loss -0.5206
2026-08-31 20:44:31.429239: Pseudo dice [np.float32(0.0322)]
2026-08-31 20:44:31.430085: Epoch time: 99.06 s
2026-08-31 20:44:32.312145: 
2026-08-31 20:44:32.313327: Epoch 137
2026-08-31 20:44:32.314065: Current learning rate: 0.00876
2026-08-31 20:46:11.228881: train_loss -0.5013
2026-08-31 20:46:11.229829: val_loss -0.5123
2026-08-31 20:46:11.230694: Pseudo dice [np.float32(0.0399)]
2026-08-31 20:46:11.231555: Epoch time: 98.92 s
2026-08-31 20:46:12.100233: 
2026-08-31 20:46:12.101177: Epoch 138
2026-08-31 20:46:12.102009: Current learning rate: 0.00875
2026-08-31 20:47:49.622586: train_loss -0.5043
2026-08-31 20:47:49.623654: val_loss -0.5208
2026-08-31 20:47:49.624557: Pseudo dice [np.float32(0.0177)]
2026-08-31 20:47:49.625382: Epoch time: 97.53 s
2026-08-31 20:47:50.486063: 
2026-08-31 20:47:50.487034: Epoch 139
2026-08-31 20:47:50.487776: Current learning rate: 0.00874
2026-08-31 20:49:28.280736: train_loss -0.5098
2026-08-31 20:49:28.281841: val_loss -0.5225
2026-08-31 20:49:28.282778: Pseudo dice [np.float32(0.0363)]
2026-08-31 20:49:28.283550: Epoch time: 97.8 s
2026-08-31 20:49:29.419964: 
2026-08-31 20:49:29.421137: Epoch 140
2026-08-31 20:49:29.421971: Current learning rate: 0.00873
2026-08-31 20:51:08.686985: train_loss -0.5149
2026-08-31 20:51:08.687978: val_loss -0.5323
2026-08-31 20:51:08.688837: Pseudo dice [np.float32(0.0464)]
2026-08-31 20:51:08.689715: Epoch time: 99.27 s
2026-08-31 20:51:09.570495: 
2026-08-31 20:51:09.571462: Epoch 141
2026-08-31 20:51:09.572404: Current learning rate: 0.00872
2026-08-31 20:52:47.042071: train_loss -0.518
2026-08-31 20:52:47.043047: val_loss -0.5306
2026-08-31 20:52:47.043952: Pseudo dice [np.float32(0.0346)]
2026-08-31 20:52:47.044705: Epoch time: 97.47 s
2026-08-31 20:52:47.903250: 
2026-08-31 20:52:47.904300: Epoch 142
2026-08-31 20:52:47.905072: Current learning rate: 0.00871
2026-08-31 20:54:25.432986: train_loss -0.5051
2026-08-31 20:54:25.434645: val_loss -0.5257
2026-08-31 20:54:25.435407: Pseudo dice [np.float32(0.0421)]
2026-08-31 20:54:25.436193: Epoch time: 97.53 s
2026-08-31 20:54:26.323346: 
2026-08-31 20:54:26.324404: Epoch 143
2026-08-31 20:54:26.325171: Current learning rate: 0.0087
2026-08-31 20:56:04.958668: train_loss -0.5065
2026-08-31 20:56:04.959869: val_loss -0.5089
2026-08-31 20:56:04.960984: Pseudo dice [np.float32(0.0202)]
2026-08-31 20:56:04.961998: Epoch time: 98.64 s
2026-08-31 20:56:05.865919: 
2026-08-31 20:56:05.866991: Epoch 144
2026-08-31 20:56:05.867637: Current learning rate: 0.00869
2026-08-31 20:57:46.241669: train_loss -0.5068
2026-08-31 20:57:46.242695: val_loss -0.5242
2026-08-31 20:57:46.243393: Pseudo dice [np.float32(0.063)]
2026-08-31 20:57:46.244112: Epoch time: 100.38 s
2026-08-31 20:57:47.214350: 
2026-08-31 20:57:47.215347: Epoch 145
2026-08-31 20:57:47.216152: Current learning rate: 0.00868
2026-08-31 20:59:24.205741: train_loss -0.5146
2026-08-31 20:59:24.206788: val_loss -0.5484
2026-08-31 20:59:24.207664: Pseudo dice [np.float32(0.0489)]
2026-08-31 20:59:24.208494: Epoch time: 96.99 s
2026-08-31 20:59:25.096564: 
2026-08-31 20:59:25.097686: Epoch 146
2026-08-31 20:59:25.098585: Current learning rate: 0.00868
2026-08-31 21:01:02.663042: train_loss -0.5047
2026-08-31 21:01:02.663927: val_loss -0.524
2026-08-31 21:01:02.664700: Pseudo dice [np.float32(0.034)]
2026-08-31 21:01:02.665461: Epoch time: 97.57 s
2026-08-31 21:01:03.543983: 
2026-08-31 21:01:03.544869: Epoch 147
2026-08-31 21:01:03.545533: Current learning rate: 0.00867
2026-08-31 21:02:48.723965: train_loss -0.5146
2026-08-31 21:02:48.728839: val_loss -0.5206
2026-08-31 21:02:48.731525: Pseudo dice [np.float32(0.014)]
2026-08-31 21:02:48.732389: Epoch time: 105.18 s
2026-08-31 21:02:49.859277: 
2026-08-31 21:02:49.860342: Epoch 148
2026-08-31 21:02:49.861207: Current learning rate: 0.00866
2026-08-31 21:04:27.742624: train_loss -0.5094
2026-08-31 21:04:27.743572: val_loss -0.5215
2026-08-31 21:04:27.744269: Pseudo dice [np.float32(0.0191)]
2026-08-31 21:04:27.744923: Epoch time: 97.89 s
2026-08-31 21:04:28.633375: 
2026-08-31 21:04:28.634355: Epoch 149
2026-08-31 21:04:28.634994: Current learning rate: 0.00865
2026-08-31 21:06:07.440054: train_loss -0.5094
2026-08-31 21:06:07.441059: val_loss -0.5255
2026-08-31 21:06:07.441911: Pseudo dice [np.float32(0.0444)]
2026-08-31 21:06:07.442696: Epoch time: 98.81 s
2026-08-31 21:06:10.184749: 
2026-08-31 21:06:10.185917: Epoch 150
2026-08-31 21:06:10.186637: Current learning rate: 0.00864
2026-08-31 21:07:49.538184: train_loss -0.5062
2026-08-31 21:07:49.539160: val_loss -0.5311
2026-08-31 21:07:49.539897: Pseudo dice [np.float32(0.0299)]
2026-08-31 21:07:49.540615: Epoch time: 99.36 s
2026-08-31 21:07:50.420171: 
2026-08-31 21:07:50.421278: Epoch 151
2026-08-31 21:07:50.421963: Current learning rate: 0.00863
2026-08-31 21:09:27.602640: train_loss -0.5116
2026-08-31 21:09:27.603695: val_loss -0.5165
2026-08-31 21:09:27.604601: Pseudo dice [np.float32(0.019)]
2026-08-31 21:09:27.605469: Epoch time: 97.19 s
2026-08-31 21:09:28.656046: 
2026-08-31 21:09:28.657062: Epoch 152
2026-08-31 21:09:28.657806: Current learning rate: 0.00862
2026-08-31 21:11:09.242915: train_loss -0.5081
2026-08-31 21:11:09.243898: val_loss -0.5115
2026-08-31 21:11:09.244679: Pseudo dice [np.float32(0.0342)]
2026-08-31 21:11:09.245330: Epoch time: 100.59 s
2026-08-31 21:11:10.119748: 
2026-08-31 21:11:10.120800: Epoch 153
2026-08-31 21:11:10.121483: Current learning rate: 0.00861
2026-08-31 21:12:50.008440: train_loss -0.5015
2026-08-31 21:12:50.009654: val_loss -0.5387
2026-08-31 21:12:50.010575: Pseudo dice [np.float32(0.0565)]
2026-08-31 21:12:50.011309: Epoch time: 99.89 s
2026-08-31 21:12:50.904147: 
2026-08-31 21:12:50.905768: Epoch 154
2026-08-31 21:12:50.906806: Current learning rate: 0.0086
2026-08-31 21:14:34.752987: train_loss -0.5073
2026-08-31 21:14:34.758136: val_loss -0.5236
2026-08-31 21:14:34.759130: Pseudo dice [np.float32(0.0619)]
2026-08-31 21:14:34.760658: Epoch time: 103.85 s
2026-08-31 21:14:35.909035: 
2026-08-31 21:14:35.913150: Epoch 155
2026-08-31 21:14:35.915576: Current learning rate: 0.00859
2026-08-31 21:16:16.368967: train_loss -0.5045
2026-08-31 21:16:16.370640: val_loss -0.5476
2026-08-31 21:16:16.376824: Pseudo dice [np.float32(0.0547)]
2026-08-31 21:16:16.377975: Epoch time: 100.46 s
2026-08-31 21:16:17.530256: 
2026-08-31 21:16:17.531283: Epoch 156
2026-08-31 21:16:17.531935: Current learning rate: 0.00858
2026-08-31 21:17:56.462978: train_loss -0.5146
2026-08-31 21:17:56.463918: val_loss -0.5394
2026-08-31 21:17:56.464784: Pseudo dice [np.float32(0.0577)]
2026-08-31 21:17:56.465514: Epoch time: 98.94 s
2026-08-31 21:17:57.353541: 
2026-08-31 21:17:57.354762: Epoch 157
2026-08-31 21:17:57.355467: Current learning rate: 0.00858
2026-08-31 21:19:36.256085: train_loss -0.4952
2026-08-31 21:19:36.257028: val_loss -0.5175
2026-08-31 21:19:36.257773: Pseudo dice [np.float32(0.0127)]
2026-08-31 21:19:36.258530: Epoch time: 98.9 s
2026-08-31 21:19:37.140285: 
2026-08-31 21:19:37.141075: Epoch 158
2026-08-31 21:19:37.141819: Current learning rate: 0.00857
2026-08-31 21:21:16.711679: train_loss -0.519
2026-08-31 21:21:16.712662: val_loss -0.5466
2026-08-31 21:21:16.713526: Pseudo dice [np.float32(0.0337)]
2026-08-31 21:21:16.714388: Epoch time: 99.57 s
2026-08-31 21:21:17.843898: 
2026-08-31 21:21:17.845041: Epoch 159
2026-08-31 21:21:17.845948: Current learning rate: 0.00856
2026-08-31 21:23:00.230387: train_loss -0.5097
2026-08-31 21:23:00.232588: val_loss -0.5056
2026-08-31 21:23:00.236965: Pseudo dice [np.float32(0.0446)]
2026-08-31 21:23:00.241464: Epoch time: 102.39 s
2026-08-31 21:23:01.328887: 
2026-08-31 21:23:01.329992: Epoch 160
2026-08-31 21:23:01.330734: Current learning rate: 0.00855
2026-08-31 21:24:41.947436: train_loss -0.4979
2026-08-31 21:24:41.948494: val_loss -0.5148
2026-08-31 21:24:41.949371: Pseudo dice [np.float32(0.0333)]
2026-08-31 21:24:41.950163: Epoch time: 100.62 s
2026-08-31 21:24:42.852746: 
2026-08-31 21:24:42.853731: Epoch 161
2026-08-31 21:24:42.854420: Current learning rate: 0.00854
2026-08-31 21:26:22.687719: train_loss -0.5044
2026-08-31 21:26:22.688752: val_loss -0.5016
2026-08-31 21:26:22.689577: Pseudo dice [np.float32(0.0251)]
2026-08-31 21:26:22.690316: Epoch time: 99.84 s
2026-08-31 21:26:23.582790: 
2026-08-31 21:26:23.583833: Epoch 162
2026-08-31 21:26:23.584631: Current learning rate: 0.00853
2026-08-31 21:28:03.160649: train_loss -0.5126
2026-08-31 21:28:03.161743: val_loss -0.5143
2026-08-31 21:28:03.162411: Pseudo dice [np.float32(0.026)]
2026-08-31 21:28:03.163043: Epoch time: 99.58 s
2026-08-31 21:28:04.046143: 
2026-08-31 21:28:04.047142: Epoch 163
2026-08-31 21:28:04.047786: Current learning rate: 0.00852
2026-08-31 21:29:42.367895: train_loss -0.4883
2026-08-31 21:29:42.369083: val_loss -0.5055
2026-08-31 21:29:42.369931: Pseudo dice [np.float32(0.0148)]
2026-08-31 21:29:42.370772: Epoch time: 98.32 s
2026-08-31 21:29:43.263088: 
2026-08-31 21:29:43.264190: Epoch 164
2026-08-31 21:29:43.264961: Current learning rate: 0.00851
2026-08-31 21:31:21.156650: train_loss -0.504
2026-08-31 21:31:21.157594: val_loss -0.4923
2026-08-31 21:31:21.158445: Pseudo dice [np.float32(0.0487)]
2026-08-31 21:31:21.159124: Epoch time: 97.9 s
2026-08-31 21:31:22.037779: 
2026-08-31 21:31:22.038661: Epoch 165
2026-08-31 21:31:22.039287: Current learning rate: 0.0085
2026-08-31 21:33:00.461248: train_loss -0.5064
2026-08-31 21:33:00.462254: val_loss -0.5215
2026-08-31 21:33:00.463090: Pseudo dice [np.float32(0.0434)]
2026-08-31 21:33:00.463899: Epoch time: 98.43 s
2026-08-31 21:33:01.334953: 
2026-08-31 21:33:01.336047: Epoch 166
2026-08-31 21:33:01.336837: Current learning rate: 0.00849
2026-08-31 21:34:40.070891: train_loss -0.4983
2026-08-31 21:34:40.071990: val_loss -0.5466
2026-08-31 21:34:40.072873: Pseudo dice [np.float32(0.0443)]
2026-08-31 21:34:40.073665: Epoch time: 98.74 s
2026-08-31 21:34:40.941909: 
2026-08-31 21:34:40.942864: Epoch 167
2026-08-31 21:34:40.943624: Current learning rate: 0.00848
2026-08-31 21:36:21.607081: train_loss -0.4998
2026-08-31 21:36:21.609879: val_loss -0.5106
2026-08-31 21:36:21.611591: Pseudo dice [np.float32(0.0308)]
2026-08-31 21:36:21.612344: Epoch time: 100.67 s
2026-08-31 21:36:22.539288: 
2026-08-31 21:36:22.540401: Epoch 168
2026-08-31 21:36:22.541147: Current learning rate: 0.00847
2026-08-31 21:38:03.218007: train_loss -0.5061
2026-08-31 21:38:03.218845: val_loss -0.5198
2026-08-31 21:38:03.219590: Pseudo dice [np.float32(0.0414)]
2026-08-31 21:38:03.220215: Epoch time: 100.68 s
2026-08-31 21:38:04.386096: 
2026-08-31 21:38:04.387625: Epoch 169
2026-08-31 21:38:04.388597: Current learning rate: 0.00847
2026-08-31 21:39:43.292913: train_loss -0.5046
2026-08-31 21:39:43.294042: val_loss -0.5177
2026-08-31 21:39:43.294894: Pseudo dice [np.float32(0.0467)]
2026-08-31 21:39:43.295735: Epoch time: 98.91 s
2026-08-31 21:39:44.208051: 
2026-08-31 21:39:44.209728: Epoch 170
2026-08-31 21:39:44.210603: Current learning rate: 0.00846
2026-08-31 21:41:21.492603: train_loss -0.5078
2026-08-31 21:41:21.494085: val_loss -0.5101
2026-08-31 21:41:21.495143: Pseudo dice [np.float32(0.0257)]
2026-08-31 21:41:21.496102: Epoch time: 97.29 s
2026-08-31 21:41:22.417252: 
2026-08-31 21:41:22.418340: Epoch 171
2026-08-31 21:41:22.419066: Current learning rate: 0.00845
2026-08-31 21:43:00.769481: train_loss -0.4979
2026-08-31 21:43:00.770536: val_loss -0.5502
2026-08-31 21:43:00.771248: Pseudo dice [np.float32(0.0583)]
2026-08-31 21:43:00.771999: Epoch time: 98.36 s
2026-08-31 21:43:01.663274: 
2026-08-31 21:43:01.664253: Epoch 172
2026-08-31 21:43:01.664882: Current learning rate: 0.00844
2026-08-31 21:44:44.636808: train_loss -0.518
2026-08-31 21:44:44.644038: val_loss -0.5651
2026-08-31 21:44:44.647582: Pseudo dice [np.float32(0.0794)]
2026-08-31 21:44:44.648329: Epoch time: 102.98 s
2026-08-31 21:44:45.844775: 
2026-08-31 21:44:45.845983: Epoch 173
2026-08-31 21:44:45.846842: Current learning rate: 0.00843
2026-08-31 21:46:25.709156: train_loss -0.5122
2026-08-31 21:46:25.710010: val_loss -0.5199
2026-08-31 21:46:25.710627: Pseudo dice [np.float32(0.0325)]
2026-08-31 21:46:25.711229: Epoch time: 99.87 s
2026-08-31 21:46:26.599827: 
2026-08-31 21:46:26.600659: Epoch 174
2026-08-31 21:46:26.601329: Current learning rate: 0.00842
2026-08-31 21:48:06.406898: train_loss -0.5092
2026-08-31 21:48:06.408055: val_loss -0.554
2026-08-31 21:48:06.409019: Pseudo dice [np.float32(0.0625)]
2026-08-31 21:48:06.409857: Epoch time: 99.81 s
2026-08-31 21:48:07.312820: 
2026-08-31 21:48:07.313709: Epoch 175
2026-08-31 21:48:07.314360: Current learning rate: 0.00841
2026-08-31 21:49:45.195249: train_loss -0.5161
2026-08-31 21:49:45.196258: val_loss -0.5166
2026-08-31 21:49:45.197196: Pseudo dice [np.float32(0.0563)]
2026-08-31 21:49:45.198030: Epoch time: 97.89 s
2026-08-31 21:49:45.198674: Yayy! New best EMA pseudo Dice: 0.045099999755620956
2026-08-31 21:49:47.281111: 
2026-08-31 21:49:47.281995: Epoch 176
2026-08-31 21:49:47.282693: Current learning rate: 0.0084
2026-08-31 21:51:34.911961: train_loss -0.5091
2026-08-31 21:51:34.913476: val_loss -0.5428
2026-08-31 21:51:34.930304: Pseudo dice [np.float32(0.0564)]
2026-08-31 21:51:34.932372: Epoch time: 107.63 s
2026-08-31 21:51:34.933373: Yayy! New best EMA pseudo Dice: 0.04619999974966049
2026-08-31 21:51:37.499288: 
2026-08-31 21:51:37.500199: Epoch 177
2026-08-31 21:51:37.500878: Current learning rate: 0.00839
2026-08-31 21:53:15.525681: train_loss -0.4972
2026-08-31 21:53:15.526701: val_loss -0.5167
2026-08-31 21:53:15.527641: Pseudo dice [np.float32(0.0372)]
2026-08-31 21:53:15.528485: Epoch time: 98.03 s
2026-08-31 21:53:16.423899: 
2026-08-31 21:53:16.425058: Epoch 178
2026-08-31 21:53:16.425912: Current learning rate: 0.00838
2026-08-31 21:54:55.053015: train_loss -0.5018
2026-08-31 21:54:55.053906: val_loss -0.504
2026-08-31 21:54:55.054727: Pseudo dice [np.float32(0.0554)]
2026-08-31 21:54:55.055520: Epoch time: 98.63 s
2026-08-31 21:54:55.056285: Yayy! New best EMA pseudo Dice: 0.046300001442432404
2026-08-31 21:54:57.181148: 
2026-08-31 21:54:57.182197: Epoch 179
2026-08-31 21:54:57.183012: Current learning rate: 0.00837
2026-08-31 21:56:35.133693: train_loss -0.506
2026-08-31 21:56:35.134629: val_loss -0.5326
2026-08-31 21:56:35.135548: Pseudo dice [np.float32(0.0563)]
2026-08-31 21:56:35.136341: Epoch time: 97.96 s
2026-08-31 21:56:35.137061: Yayy! New best EMA pseudo Dice: 0.04729999974370003
2026-08-31 21:56:37.251329: 
2026-08-31 21:56:37.252399: Epoch 180
2026-08-31 21:56:37.253120: Current learning rate: 0.00836
2026-08-31 21:58:16.405087: train_loss -0.5059
2026-08-31 21:58:16.407196: val_loss -0.5321
2026-08-31 21:58:16.408231: Pseudo dice [np.float32(0.0716)]
2026-08-31 21:58:16.409150: Epoch time: 99.16 s
2026-08-31 21:58:16.410028: Yayy! New best EMA pseudo Dice: 0.049800001084804535
2026-08-31 21:58:18.556308: 
2026-08-31 21:58:18.557498: Epoch 181
2026-08-31 21:58:18.558273: Current learning rate: 0.00836
2026-08-31 22:00:06.719270: train_loss -0.4993
2026-08-31 22:00:06.725692: val_loss -0.5202
2026-08-31 22:00:06.728992: Pseudo dice [np.float32(0.0254)]
2026-08-31 22:00:06.729857: Epoch time: 108.17 s
2026-08-31 22:00:07.677736: 
2026-08-31 22:00:07.678818: Epoch 182
2026-08-31 22:00:07.679550: Current learning rate: 0.00835
2026-08-31 22:01:46.540495: train_loss -0.5166
2026-08-31 22:01:46.541579: val_loss -0.5111
2026-08-31 22:01:46.542374: Pseudo dice [np.float32(0.0358)]
2026-08-31 22:01:46.543095: Epoch time: 98.87 s
2026-08-31 22:01:47.545079: 
2026-08-31 22:01:47.546172: Epoch 183
2026-08-31 22:01:47.546962: Current learning rate: 0.00834
2026-08-31 22:03:25.391854: train_loss -0.5104
2026-08-31 22:03:25.392846: val_loss -0.5435
2026-08-31 22:03:25.393591: Pseudo dice [np.float32(0.067)]
2026-08-31 22:03:25.394299: Epoch time: 97.85 s
2026-08-31 22:03:26.279778: 
2026-08-31 22:03:26.280828: Epoch 184
2026-08-31 22:03:26.281605: Current learning rate: 0.00833
2026-08-31 22:05:05.113410: train_loss -0.5073
2026-08-31 22:05:05.114485: val_loss -0.5211
2026-08-31 22:05:05.115492: Pseudo dice [np.float32(0.0178)]
2026-08-31 22:05:05.116511: Epoch time: 98.83 s
2026-08-31 22:05:06.037278: 
2026-08-31 22:05:06.038217: Epoch 185
2026-08-31 22:05:06.038857: Current learning rate: 0.00832
2026-08-31 22:06:47.108994: train_loss -0.4916
2026-08-31 22:06:47.118565: val_loss -0.531
2026-08-31 22:06:47.124303: Pseudo dice [np.float32(0.0282)]
2026-08-31 22:06:47.125726: Epoch time: 101.07 s
2026-08-31 22:06:48.567616: 
2026-08-31 22:06:48.573683: Epoch 186
2026-08-31 22:06:48.574801: Current learning rate: 0.00831
2026-08-31 22:08:29.577928: train_loss -0.51
2026-08-31 22:08:29.579155: val_loss -0.5195
2026-08-31 22:08:29.579957: Pseudo dice [np.float32(0.0743)]
2026-08-31 22:08:29.580720: Epoch time: 101.01 s
2026-08-31 22:08:30.497006: 
2026-08-31 22:08:30.498160: Epoch 187
2026-08-31 22:08:30.498846: Current learning rate: 0.0083
2026-08-31 22:10:09.958167: train_loss -0.5021
2026-08-31 22:10:09.959620: val_loss -0.5136
2026-08-31 22:10:09.960629: Pseudo dice [np.float32(0.0195)]
2026-08-31 22:10:09.975288: Epoch time: 99.46 s
2026-08-31 22:10:10.881930: 
2026-08-31 22:10:10.882998: Epoch 188
2026-08-31 22:10:10.883664: Current learning rate: 0.00829
2026-08-31 22:11:48.183064: train_loss -0.5074
2026-08-31 22:11:48.184169: val_loss -0.5584
2026-08-31 22:11:48.184912: Pseudo dice [np.float32(0.0748)]
2026-08-31 22:11:48.185664: Epoch time: 97.3 s
2026-08-31 22:11:49.134272: 
2026-08-31 22:11:49.135336: Epoch 189
2026-08-31 22:11:49.135937: Current learning rate: 0.00828
2026-08-31 22:13:27.813245: train_loss -0.5073
2026-08-31 22:13:27.814265: val_loss -0.5273
2026-08-31 22:13:27.814962: Pseudo dice [np.float32(0.0235)]
2026-08-31 22:13:27.815606: Epoch time: 98.68 s
2026-08-31 22:13:28.708329: 
2026-08-31 22:13:28.709319: Epoch 190
2026-08-31 22:13:28.710008: Current learning rate: 0.00827
2026-08-31 22:15:09.145550: train_loss -0.5125
2026-08-31 22:15:09.146781: val_loss -0.497
2026-08-31 22:15:09.147628: Pseudo dice [np.float32(0.0246)]
2026-08-31 22:15:09.148480: Epoch time: 100.44 s
2026-08-31 22:15:10.054708: 
2026-08-31 22:15:10.055917: Epoch 191
2026-08-31 22:15:10.056621: Current learning rate: 0.00826
2026-08-31 22:16:48.289515: train_loss -0.5069
2026-08-31 22:16:48.290651: val_loss -0.5295
2026-08-31 22:16:48.291465: Pseudo dice [np.float32(0.0401)]
2026-08-31 22:16:48.292176: Epoch time: 98.24 s
2026-08-31 22:16:49.207358: 
2026-08-31 22:16:49.208566: Epoch 192
2026-08-31 22:16:49.209350: Current learning rate: 0.00825
2026-08-31 22:18:29.220842: train_loss -0.5076
2026-08-31 22:18:29.222361: val_loss -0.5154
2026-08-31 22:18:29.223319: Pseudo dice [np.float32(0.0144)]
2026-08-31 22:18:29.224182: Epoch time: 100.02 s
2026-08-31 22:18:30.203711: 
2026-08-31 22:18:30.217860: Epoch 193
2026-08-31 22:18:30.218684: Current learning rate: 0.00824
2026-08-31 22:20:08.573454: train_loss -0.5179
2026-08-31 22:20:08.574401: val_loss -0.5439
2026-08-31 22:20:08.575191: Pseudo dice [np.float32(0.0484)]
2026-08-31 22:20:08.575951: Epoch time: 98.37 s
2026-08-31 22:20:09.482895: 
2026-08-31 22:20:09.483845: Epoch 194
2026-08-31 22:20:09.484507: Current learning rate: 0.00824
2026-08-31 22:21:48.473666: train_loss -0.5227
2026-08-31 22:21:48.474710: val_loss -0.5082
2026-08-31 22:21:48.475447: Pseudo dice [np.float32(0.0228)]
2026-08-31 22:21:48.476152: Epoch time: 98.99 s
2026-08-31 22:21:49.385609: 
2026-08-31 22:21:49.386759: Epoch 195
2026-08-31 22:21:49.387432: Current learning rate: 0.00823
2026-08-31 22:23:28.836534: train_loss -0.4983
2026-08-31 22:23:28.838829: val_loss -0.5009
2026-08-31 22:23:28.842408: Pseudo dice [np.float32(0.0339)]
2026-08-31 22:23:28.844388: Epoch time: 99.45 s
2026-08-31 22:23:30.006664: 
2026-08-31 22:23:30.007652: Epoch 196
2026-08-31 22:23:30.008346: Current learning rate: 0.00822
2026-08-31 22:25:10.764502: train_loss -0.5007
2026-08-31 22:25:10.765724: val_loss -0.4906
2026-08-31 22:25:10.766609: Pseudo dice [np.float32(0.0608)]
2026-08-31 22:25:10.767461: Epoch time: 100.76 s
2026-08-31 22:25:11.711584: 
2026-08-31 22:25:11.713175: Epoch 197
2026-08-31 22:25:11.714254: Current learning rate: 0.00821
2026-08-31 22:26:51.981836: train_loss -0.5127
2026-08-31 22:26:51.985803: val_loss -0.523
2026-08-31 22:26:51.999650: Pseudo dice [np.float32(0.0513)]
2026-08-31 22:26:52.000419: Epoch time: 100.27 s
2026-08-31 22:26:53.389150: 
2026-08-31 22:26:53.393583: Epoch 198
2026-08-31 22:26:53.396390: Current learning rate: 0.0082
2026-08-31 22:28:34.306342: train_loss -0.5298
2026-08-31 22:28:34.310709: val_loss -0.5455
2026-08-31 22:28:34.311752: Pseudo dice [np.float32(0.1192)]
2026-08-31 22:28:34.312587: Epoch time: 100.92 s
2026-08-31 22:28:35.406250: 
2026-08-31 22:28:35.417714: Epoch 199
2026-08-31 22:28:35.418695: Current learning rate: 0.00819
2026-08-31 22:30:14.263492: train_loss -0.512
2026-08-31 22:30:14.264536: val_loss -0.5372
2026-08-31 22:30:14.265403: Pseudo dice [np.float32(0.0915)]
2026-08-31 22:30:14.266117: Epoch time: 98.86 s
2026-08-31 22:30:15.420376: Yayy! New best EMA pseudo Dice: 0.05350000038743019
2026-08-31 22:30:17.705012: 
2026-08-31 22:30:17.705915: Epoch 200
2026-08-31 22:30:17.706638: Current learning rate: 0.00818
2026-08-31 22:31:57.645534: train_loss -0.5302
2026-08-31 22:31:57.646955: val_loss -0.5172
2026-08-31 22:31:57.648007: Pseudo dice [np.float32(0.0374)]
2026-08-31 22:31:57.648773: Epoch time: 99.94 s
2026-08-31 22:31:58.531529: 
2026-08-31 22:31:58.532871: Epoch 201
2026-08-31 22:31:58.533587: Current learning rate: 0.00817
2026-08-31 22:33:35.954796: train_loss -0.5172
2026-08-31 22:33:35.955639: val_loss -0.547
2026-08-31 22:33:35.956418: Pseudo dice [np.float32(0.0406)]
2026-08-31 22:33:35.957163: Epoch time: 97.43 s
2026-08-31 22:33:36.842704: 
2026-08-31 22:33:36.843800: Epoch 202
2026-08-31 22:33:36.844469: Current learning rate: 0.00816
2026-08-31 22:35:15.097636: train_loss -0.5075
2026-08-31 22:35:15.098618: val_loss -0.5493
2026-08-31 22:35:15.099427: Pseudo dice [np.float32(0.0545)]
2026-08-31 22:35:15.100132: Epoch time: 98.26 s
2026-08-31 22:35:15.980167: 
2026-08-31 22:35:15.981304: Epoch 203
2026-08-31 22:35:15.982033: Current learning rate: 0.00815
2026-08-31 22:36:55.561992: train_loss -0.5129
2026-08-31 22:36:55.563019: val_loss -0.5291
2026-08-31 22:36:55.563781: Pseudo dice [np.float32(0.025)]
2026-08-31 22:36:55.564498: Epoch time: 99.58 s
2026-08-31 22:36:56.448874: 
2026-08-31 22:36:56.449956: Epoch 204
2026-08-31 22:36:56.450691: Current learning rate: 0.00814
2026-08-31 22:38:35.849011: train_loss -0.5181
2026-08-31 22:38:35.851085: val_loss -0.5403
2026-08-31 22:38:35.855783: Pseudo dice [np.float32(0.0763)]
2026-08-31 22:38:35.859061: Epoch time: 99.4 s
2026-08-31 22:38:37.092028: 
2026-08-31 22:38:37.093175: Epoch 205
2026-08-31 22:38:37.093856: Current learning rate: 0.00813
2026-08-31 22:40:17.252009: train_loss -0.5238
2026-08-31 22:40:17.252985: val_loss -0.5328
2026-08-31 22:40:17.253684: Pseudo dice [np.float32(0.0776)]
2026-08-31 22:40:17.254370: Epoch time: 100.16 s
2026-08-31 22:40:17.255046: Yayy! New best EMA pseudo Dice: 0.05400000140070915
2026-08-31 22:40:19.396220: 
2026-08-31 22:40:19.397435: Epoch 206
2026-08-31 22:40:19.398369: Current learning rate: 0.00813
2026-08-31 22:41:58.818214: train_loss -0.5072
2026-08-31 22:41:58.821301: val_loss -0.5006
2026-08-31 22:41:58.825821: Pseudo dice [np.float32(0.0361)]
2026-08-31 22:41:58.826667: Epoch time: 99.42 s
2026-08-31 22:41:59.747487: 
2026-08-31 22:41:59.748796: Epoch 207
2026-08-31 22:41:59.749442: Current learning rate: 0.00812
2026-08-31 22:43:38.786777: train_loss -0.5181
2026-08-31 22:43:38.787919: val_loss -0.527
2026-08-31 22:43:38.788754: Pseudo dice [np.float32(0.0757)]
2026-08-31 22:43:38.789513: Epoch time: 99.04 s
2026-08-31 22:43:38.790429: Yayy! New best EMA pseudo Dice: 0.054499998688697815
2026-08-31 22:43:41.101410: 
2026-08-31 22:43:41.102716: Epoch 208
2026-08-31 22:43:41.103523: Current learning rate: 0.00811
2026-08-31 22:45:19.649344: train_loss -0.5256
2026-08-31 22:45:19.650200: val_loss -0.4833
2026-08-31 22:45:19.650967: Pseudo dice [np.float32(0.0468)]
2026-08-31 22:45:19.651565: Epoch time: 98.55 s
2026-08-31 22:45:20.526190: 
2026-08-31 22:45:20.527388: Epoch 209
2026-08-31 22:45:20.528020: Current learning rate: 0.0081
2026-08-31 22:47:04.206457: train_loss -0.4997
2026-08-31 22:47:04.211090: val_loss -0.5115
2026-08-31 22:47:04.214016: Pseudo dice [np.float32(0.0169)]
2026-08-31 22:47:04.214894: Epoch time: 103.68 s
2026-08-31 22:47:05.285935: 
2026-08-31 22:47:05.287655: Epoch 210
2026-08-31 22:47:05.288676: Current learning rate: 0.00809
2026-08-31 22:48:43.677234: train_loss -0.5074
2026-08-31 22:48:43.678228: val_loss -0.5018
2026-08-31 22:48:43.678949: Pseudo dice [np.float32(0.0225)]
2026-08-31 22:48:43.679760: Epoch time: 98.39 s
2026-08-31 22:48:44.549295: 
2026-08-31 22:48:44.550337: Epoch 211
2026-08-31 22:48:44.551150: Current learning rate: 0.00808
2026-08-31 22:50:24.122667: train_loss -0.5166
2026-08-31 22:50:24.126978: val_loss -0.5695
2026-08-31 22:50:24.128204: Pseudo dice [np.float32(0.0917)]
2026-08-31 22:50:24.129006: Epoch time: 99.58 s
2026-08-31 22:50:25.088641: 
2026-08-31 22:50:25.090333: Epoch 212
2026-08-31 22:50:25.091123: Current learning rate: 0.00807
2026-08-31 22:52:04.425209: train_loss -0.5117
2026-08-31 22:52:04.426248: val_loss -0.5045
2026-08-31 22:52:04.427031: Pseudo dice [np.float32(0.1094)]
2026-08-31 22:52:04.427764: Epoch time: 99.34 s
2026-08-31 22:52:04.428359: Yayy! New best EMA pseudo Dice: 0.057500001043081284
2026-08-31 22:52:06.519545: 
2026-08-31 22:52:06.520998: Epoch 213
2026-08-31 22:52:06.522014: Current learning rate: 0.00806
2026-08-31 22:53:45.414738: train_loss -0.5181
2026-08-31 22:53:45.415832: val_loss -0.5059
2026-08-31 22:53:45.416768: Pseudo dice [np.float32(0.0219)]
2026-08-31 22:53:45.417446: Epoch time: 98.9 s
2026-08-31 22:53:46.329705: 
2026-08-31 22:53:46.331162: Epoch 214
2026-08-31 22:53:46.331836: Current learning rate: 0.00805
2026-08-31 22:55:23.981555: train_loss -0.5029
2026-08-31 22:55:23.983657: val_loss -0.524
2026-08-31 22:55:23.984472: Pseudo dice [np.float32(0.0363)]
2026-08-31 22:55:23.985478: Epoch time: 97.65 s
2026-08-31 22:55:24.865993: 
2026-08-31 22:55:24.867013: Epoch 215
2026-08-31 22:55:24.867842: Current learning rate: 0.00804
2026-08-31 22:57:04.172543: train_loss -0.5037
2026-08-31 22:57:04.174914: val_loss -0.5264
2026-08-31 22:57:04.175851: Pseudo dice [np.float32(0.0355)]
2026-08-31 22:57:04.176544: Epoch time: 99.31 s
2026-08-31 22:57:05.039925: 
2026-08-31 22:57:05.040882: Epoch 216
2026-08-31 22:57:05.041583: Current learning rate: 0.00803
2026-08-31 22:58:43.157909: train_loss -0.5121
2026-08-31 22:58:43.159755: val_loss -0.5117
2026-08-31 22:58:43.160503: Pseudo dice [np.float32(0.0334)]
2026-08-31 22:58:43.161140: Epoch time: 98.12 s
2026-08-31 22:58:44.031938: 
2026-08-31 22:58:44.033111: Epoch 217
2026-08-31 22:58:44.033822: Current learning rate: 0.00802
2026-08-31 23:00:26.302892: train_loss -0.5105
2026-08-31 23:00:26.329175: val_loss -0.5468
2026-08-31 23:00:26.330206: Pseudo dice [np.float32(0.0675)]
2026-08-31 23:00:26.331056: Epoch time: 102.27 s
2026-08-31 23:00:27.314051: 
2026-08-31 23:00:27.315298: Epoch 218
2026-08-31 23:00:27.316038: Current learning rate: 0.00801
2026-08-31 23:02:08.337375: train_loss -0.5102
2026-08-31 23:02:08.387070: val_loss -0.4916
2026-08-31 23:02:08.388023: Pseudo dice [np.float32(0.0477)]
2026-08-31 23:02:08.389136: Epoch time: 101.03 s
2026-08-31 23:02:09.417361: 
2026-08-31 23:02:09.419512: Epoch 219
2026-08-31 23:02:09.420564: Current learning rate: 0.00801
2026-08-31 23:03:48.282141: train_loss -0.5095
2026-08-31 23:03:48.283304: val_loss -0.5131
2026-08-31 23:03:48.284055: Pseudo dice [np.float32(0.0268)]
2026-08-31 23:03:48.284765: Epoch time: 98.87 s
2026-08-31 23:03:49.153198: 
2026-08-31 23:03:49.154273: Epoch 220
2026-08-31 23:03:49.154887: Current learning rate: 0.008
2026-08-31 23:05:27.469155: train_loss -0.4993
2026-08-31 23:05:27.471268: val_loss -0.5287
2026-08-31 23:05:27.472055: Pseudo dice [np.float32(0.0432)]
2026-08-31 23:05:27.472730: Epoch time: 98.32 s
2026-08-31 23:05:28.354822: 
2026-08-31 23:05:28.355872: Epoch 221
2026-08-31 23:05:28.356567: Current learning rate: 0.00799
2026-08-31 23:07:08.627720: train_loss -0.516
2026-08-31 23:07:08.635514: val_loss -0.4992
2026-08-31 23:07:08.636608: Pseudo dice [np.float32(0.0783)]
2026-08-31 23:07:08.637675: Epoch time: 100.28 s
2026-08-31 23:07:09.949255: 
2026-08-31 23:07:09.954669: Epoch 222
2026-08-31 23:07:09.955848: Current learning rate: 0.00798
2026-08-31 23:08:50.167650: train_loss -0.5072
2026-08-31 23:08:50.169755: val_loss -0.5345
2026-08-31 23:08:50.170668: Pseudo dice [np.float32(0.0772)]
2026-08-31 23:08:50.171384: Epoch time: 100.22 s
2026-08-31 23:08:51.059211: 
2026-08-31 23:08:51.060363: Epoch 223
2026-08-31 23:08:51.061340: Current learning rate: 0.00797
2026-08-31 23:10:29.810050: train_loss -0.5036
2026-08-31 23:10:29.811644: val_loss -0.5397
2026-08-31 23:10:29.812482: Pseudo dice [np.float32(0.0443)]
2026-08-31 23:10:29.813197: Epoch time: 98.75 s
2026-08-31 23:10:30.725855: 
2026-08-31 23:10:30.726828: Epoch 224
2026-08-31 23:10:30.727617: Current learning rate: 0.00796
2026-08-31 23:12:11.763991: train_loss -0.5053
2026-08-31 23:12:11.765128: val_loss -0.543
2026-08-31 23:12:11.765886: Pseudo dice [np.float32(0.0637)]
2026-08-31 23:12:11.766688: Epoch time: 101.04 s
2026-08-31 23:12:12.634255: 
2026-08-31 23:12:12.635728: Epoch 225
2026-08-31 23:12:12.636364: Current learning rate: 0.00795
2026-08-31 23:13:50.709988: train_loss -0.527
2026-08-31 23:13:50.711531: val_loss -0.546
2026-08-31 23:13:50.712610: Pseudo dice [np.float32(0.0991)]
2026-08-31 23:13:50.713362: Epoch time: 98.08 s
2026-08-31 23:13:50.714063: Yayy! New best EMA pseudo Dice: 0.05810000002384186
2026-08-31 23:13:53.018832: 
2026-08-31 23:13:53.020361: Epoch 226
2026-08-31 23:13:53.021256: Current learning rate: 0.00794
2026-08-31 23:15:32.940617: train_loss -0.5093
2026-08-31 23:15:32.941690: val_loss -0.5381
2026-08-31 23:15:32.948040: Pseudo dice [np.float32(0.0424)]
2026-08-31 23:15:32.949986: Epoch time: 99.92 s
2026-08-31 23:15:33.811938: 
2026-08-31 23:15:33.812845: Epoch 227
2026-08-31 23:15:33.813611: Current learning rate: 0.00793
2026-08-31 23:17:13.181863: train_loss -0.5128
2026-08-31 23:17:13.183131: val_loss -0.4943
2026-08-31 23:17:13.183959: Pseudo dice [np.float32(0.047)]
2026-08-31 23:17:13.184659: Epoch time: 99.37 s
2026-08-31 23:17:14.079231: 
2026-08-31 23:17:14.080364: Epoch 228
2026-08-31 23:17:14.081112: Current learning rate: 0.00792
2026-08-31 23:18:52.992647: train_loss -0.5075
2026-08-31 23:18:52.994188: val_loss -0.5218
2026-08-31 23:18:52.994987: Pseudo dice [np.float32(0.0366)]
2026-08-31 23:18:52.995656: Epoch time: 98.92 s
2026-08-31 23:18:53.943844: 
2026-08-31 23:18:53.945039: Epoch 229
2026-08-31 23:18:53.945840: Current learning rate: 0.00791
2026-08-31 23:20:32.416239: train_loss -0.5183
2026-08-31 23:20:32.417313: val_loss -0.4934
2026-08-31 23:20:32.418135: Pseudo dice [np.float32(0.0609)]
2026-08-31 23:20:32.418804: Epoch time: 98.48 s
2026-08-31 23:20:33.285727: 
2026-08-31 23:20:33.286694: Epoch 230
2026-08-31 23:20:33.287378: Current learning rate: 0.0079
2026-08-31 23:22:13.718173: train_loss -0.5158
2026-08-31 23:22:13.719291: val_loss -0.5225
2026-08-31 23:22:13.720125: Pseudo dice [np.float32(0.0731)]
2026-08-31 23:22:13.720844: Epoch time: 100.43 s
2026-08-31 23:22:14.621527: 
2026-08-31 23:22:14.622871: Epoch 231
2026-08-31 23:22:14.623567: Current learning rate: 0.00789
2026-08-31 23:23:53.529949: train_loss -0.5179
2026-08-31 23:23:53.530883: val_loss -0.545
2026-08-31 23:23:53.531635: Pseudo dice [np.float32(0.0482)]
2026-08-31 23:23:53.532273: Epoch time: 98.91 s
2026-08-31 23:23:54.411755: 
2026-08-31 23:23:54.412978: Epoch 232
2026-08-31 23:23:54.413696: Current learning rate: 0.00789
2026-08-31 23:25:34.056674: train_loss -0.5356
2026-08-31 23:25:34.058274: val_loss -0.5297
2026-08-31 23:25:34.059186: Pseudo dice [np.float32(0.0675)]
2026-08-31 23:25:34.060120: Epoch time: 99.65 s
2026-08-31 23:25:34.925813: 
2026-08-31 23:25:34.926778: Epoch 233
2026-08-31 23:25:34.927511: Current learning rate: 0.00788
2026-08-31 23:27:14.550153: train_loss -0.5189
2026-08-31 23:27:14.551419: val_loss -0.548
2026-08-31 23:27:14.552574: Pseudo dice [np.float32(0.0584)]
2026-08-31 23:27:14.553441: Epoch time: 99.63 s
2026-08-31 23:27:16.506870: 
2026-08-31 23:27:16.507949: Epoch 234
2026-08-31 23:27:16.508724: Current learning rate: 0.00787
2026-08-31 23:28:56.826575: train_loss -0.5061
2026-08-31 23:28:56.827625: val_loss -0.5244
2026-08-31 23:28:56.828529: Pseudo dice [np.float32(0.0267)]
2026-08-31 23:28:56.829228: Epoch time: 100.32 s
2026-08-31 23:28:57.836517: 
2026-08-31 23:28:57.837650: Epoch 235
2026-08-31 23:28:57.838394: Current learning rate: 0.00786
2026-08-31 23:30:36.513294: train_loss -0.5109
2026-08-31 23:30:36.514797: val_loss -0.5372
2026-08-31 23:30:36.515642: Pseudo dice [np.float32(0.032)]
2026-08-31 23:30:36.516404: Epoch time: 98.68 s
2026-08-31 23:30:37.375221: 
2026-08-31 23:30:37.376193: Epoch 236
2026-08-31 23:30:37.377173: Current learning rate: 0.00785
2026-08-31 23:32:20.355101: train_loss -0.5121
2026-08-31 23:32:20.356151: val_loss -0.5335
2026-08-31 23:32:20.357151: Pseudo dice [np.float32(0.0582)]
2026-08-31 23:32:20.357924: Epoch time: 102.98 s
2026-08-31 23:32:21.224242: 
2026-08-31 23:32:21.225436: Epoch 237
2026-08-31 23:32:21.226134: Current learning rate: 0.00784
2026-08-31 23:34:00.595483: train_loss -0.5193
2026-08-31 23:34:00.597768: val_loss -0.5197
2026-08-31 23:34:00.605667: Pseudo dice [np.float32(0.0602)]
2026-08-31 23:34:00.606670: Epoch time: 99.37 s
2026-08-31 23:34:01.695057: 
2026-08-31 23:34:01.697189: Epoch 238
2026-08-31 23:34:01.698653: Current learning rate: 0.00783
2026-08-31 23:35:39.134564: train_loss -0.5027
2026-08-31 23:35:39.135426: val_loss -0.5115
2026-08-31 23:35:39.136171: Pseudo dice [np.float32(0.0456)]
2026-08-31 23:35:39.136849: Epoch time: 97.44 s
2026-08-31 23:35:39.999743: 
2026-08-31 23:35:40.000902: Epoch 239
2026-08-31 23:35:40.001571: Current learning rate: 0.00782
2026-08-31 23:37:18.571144: train_loss -0.5029
2026-08-31 23:37:18.572150: val_loss -0.5274
2026-08-31 23:37:18.573026: Pseudo dice [np.float32(0.054)]
2026-08-31 23:37:18.573833: Epoch time: 98.57 s
2026-08-31 23:37:19.477617: 
2026-08-31 23:37:19.478662: Epoch 240
2026-08-31 23:37:19.479530: Current learning rate: 0.00781
2026-08-31 23:38:59.322218: train_loss -0.5155
2026-08-31 23:38:59.323568: val_loss -0.5711
2026-08-31 23:38:59.324382: Pseudo dice [np.float32(0.0827)]
2026-08-31 23:38:59.325080: Epoch time: 99.85 s
2026-08-31 23:39:00.220047: 
2026-08-31 23:39:00.221541: Epoch 241
2026-08-31 23:39:00.222699: Current learning rate: 0.0078
2026-08-31 23:40:39.014739: train_loss -0.5247
2026-08-31 23:40:39.016359: val_loss -0.5377
2026-08-31 23:40:39.017674: Pseudo dice [np.float32(0.085)]
2026-08-31 23:40:39.020424: Epoch time: 98.8 s
2026-08-31 23:40:39.021153: Yayy! New best EMA pseudo Dice: 0.05849999934434891
2026-08-31 23:40:41.139740: 
2026-08-31 23:40:41.140918: Epoch 242
2026-08-31 23:40:41.141879: Current learning rate: 0.00779
2026-08-31 23:42:19.433716: train_loss -0.4989
2026-08-31 23:42:19.434819: val_loss -0.5104
2026-08-31 23:42:19.435584: Pseudo dice [np.float32(0.0418)]
2026-08-31 23:42:19.436284: Epoch time: 98.3 s
2026-08-31 23:42:20.310525: 
2026-08-31 23:42:20.311629: Epoch 243
2026-08-31 23:42:20.312344: Current learning rate: 0.00778
2026-08-31 23:43:57.707979: train_loss -0.5026
2026-08-31 23:43:57.709016: val_loss -0.5217
2026-08-31 23:43:57.709838: Pseudo dice [np.float32(0.048)]
2026-08-31 23:43:57.710577: Epoch time: 97.4 s
2026-08-31 23:43:58.832657: 
2026-08-31 23:43:58.833827: Epoch 244
2026-08-31 23:43:58.834659: Current learning rate: 0.00777
2026-08-31 23:45:41.704230: train_loss -0.5088
2026-08-31 23:45:41.708711: val_loss -0.5457
2026-08-31 23:45:41.711471: Pseudo dice [np.float32(0.0513)]
2026-08-31 23:45:41.712303: Epoch time: 102.87 s
2026-08-31 23:45:42.858501: 
2026-08-31 23:45:42.865061: Epoch 245
2026-08-31 23:45:42.866016: Current learning rate: 0.00777
2026-08-31 23:47:24.644480: train_loss -0.5135
2026-08-31 23:47:24.647466: val_loss -0.4938
2026-08-31 23:47:24.651957: Pseudo dice [np.float32(0.0815)]
2026-08-31 23:47:24.652748: Epoch time: 101.79 s
2026-08-31 23:47:25.600198: 
2026-08-31 23:47:25.601355: Epoch 246
2026-08-31 23:47:25.602335: Current learning rate: 0.00776
2026-08-31 23:49:05.114613: train_loss -0.512
2026-08-31 23:49:05.115726: val_loss -0.5608
2026-08-31 23:49:05.116667: Pseudo dice [np.float32(0.0729)]
2026-08-31 23:49:05.117462: Epoch time: 99.52 s
2026-08-31 23:49:05.118194: Yayy! New best EMA pseudo Dice: 0.05959999933838844
2026-08-31 23:49:07.224995: 
2026-08-31 23:49:07.226156: Epoch 247
2026-08-31 23:49:07.226896: Current learning rate: 0.00775
2026-08-31 23:50:48.923558: train_loss -0.5121
2026-08-31 23:50:48.924510: val_loss -0.5474
2026-08-31 23:50:48.925423: Pseudo dice [np.float32(0.0726)]
2026-08-31 23:50:48.926131: Epoch time: 101.7 s
2026-08-31 23:50:48.926937: Yayy! New best EMA pseudo Dice: 0.0608999989926815
2026-08-31 23:50:51.493978: 
2026-08-31 23:50:51.495335: Epoch 248
2026-08-31 23:50:51.496206: Current learning rate: 0.00774
2026-08-31 23:52:34.253445: train_loss -0.5089
2026-08-31 23:52:34.257205: val_loss -0.5276
2026-08-31 23:52:34.258505: Pseudo dice [np.float32(0.0746)]
2026-08-31 23:52:34.259455: Epoch time: 102.76 s
2026-08-31 23:52:34.261417: Yayy! New best EMA pseudo Dice: 0.062199998646974564
2026-08-31 23:52:36.668000: 
2026-08-31 23:52:36.669231: Epoch 249
2026-08-31 23:52:36.669960: Current learning rate: 0.00773
2026-08-31 23:54:14.619416: train_loss -0.5093
2026-08-31 23:54:14.621680: val_loss -0.5065
2026-08-31 23:54:14.622494: Pseudo dice [np.float32(0.0213)]
2026-08-31 23:54:14.623153: Epoch time: 97.95 s
2026-08-31 23:54:16.526380: 
2026-08-31 23:54:16.527412: Epoch 250
2026-08-31 23:54:16.528037: Current learning rate: 0.00772
2026-08-31 23:55:57.546187: train_loss -0.5067
2026-08-31 23:55:57.547321: val_loss -0.5187
2026-08-31 23:55:57.548287: Pseudo dice [np.float32(0.0372)]
2026-08-31 23:55:57.549112: Epoch time: 101.02 s
2026-08-31 23:55:58.645674: 
2026-08-31 23:55:58.646716: Epoch 251
2026-08-31 23:55:58.647458: Current learning rate: 0.00771
2026-08-31 23:57:43.055421: train_loss -0.5282
2026-08-31 23:57:43.068590: val_loss -0.5318
2026-08-31 23:57:43.069499: Pseudo dice [np.float32(0.0549)]
2026-08-31 23:57:43.070340: Epoch time: 104.41 s
2026-08-31 23:57:44.408607: 
2026-08-31 23:57:44.411925: Epoch 252
2026-08-31 23:57:44.413621: Current learning rate: 0.0077
2026-08-31 23:59:25.530435: train_loss -0.5211
2026-08-31 23:59:25.532696: val_loss -0.5155
2026-08-31 23:59:25.536868: Pseudo dice [np.float32(0.0501)]
2026-08-31 23:59:25.538042: Epoch time: 101.12 s
2026-08-31 23:59:26.436066: 
2026-08-31 23:59:26.437075: Epoch 253
2026-08-31 23:59:26.437821: Current learning rate: 0.00769
2026-09-01 00:01:08.783247: train_loss -0.5058
2026-09-01 00:01:08.796887: val_loss -0.5457
2026-09-01 00:01:08.823157: Pseudo dice [np.float32(0.078)]
2026-09-01 00:01:08.824478: Epoch time: 102.35 s
2026-09-01 00:01:10.436740: 
2026-09-01 00:01:10.437765: Epoch 254
2026-09-01 00:01:10.438443: Current learning rate: 0.00768
2026-09-01 00:02:49.241809: train_loss -0.5223
2026-09-01 00:02:49.242831: val_loss -0.5392
2026-09-01 00:02:49.243568: Pseudo dice [np.float32(0.0406)]
2026-09-01 00:02:49.244302: Epoch time: 98.81 s
2026-09-01 00:02:50.119187: 
2026-09-01 00:02:50.120343: Epoch 255
2026-09-01 00:02:50.121056: Current learning rate: 0.00767
2026-09-01 00:04:33.025358: train_loss -0.5106
2026-09-01 00:04:33.033826: val_loss -0.5466
2026-09-01 00:04:33.035092: Pseudo dice [np.float32(0.0529)]
2026-09-01 00:04:33.035911: Epoch time: 102.91 s
2026-09-01 00:04:34.195374: 
2026-09-01 00:04:34.196735: Epoch 256
2026-09-01 00:04:34.197447: Current learning rate: 0.00766
2026-09-01 00:06:13.362623: train_loss -0.4997
2026-09-01 00:06:13.363712: val_loss -0.5342
2026-09-01 00:06:13.364430: Pseudo dice [np.float32(0.0472)]
2026-09-01 00:06:13.365057: Epoch time: 99.17 s
2026-09-01 00:06:14.242074: 
2026-09-01 00:06:14.243018: Epoch 257
2026-09-01 00:06:14.243633: Current learning rate: 0.00765
2026-09-01 00:07:53.971389: train_loss -0.5246
2026-09-01 00:07:53.990934: val_loss -0.5253
2026-09-01 00:07:53.992106: Pseudo dice [np.float32(0.0382)]
2026-09-01 00:07:53.992999: Epoch time: 99.73 s
2026-09-01 00:07:55.023550: 
2026-09-01 00:07:55.024516: Epoch 258
2026-09-01 00:07:55.025223: Current learning rate: 0.00764
2026-09-01 00:09:33.880346: train_loss -0.5043
2026-09-01 00:09:33.881540: val_loss -0.5365
2026-09-01 00:09:33.882330: Pseudo dice [np.float32(0.0653)]
2026-09-01 00:09:33.883039: Epoch time: 98.86 s
2026-09-01 00:09:34.758539: 
2026-09-01 00:09:34.759584: Epoch 259
2026-09-01 00:09:34.760278: Current learning rate: 0.00764
2026-09-01 00:11:16.451712: train_loss -0.5207
2026-09-01 00:11:16.456231: val_loss -0.5438
2026-09-01 00:11:16.457332: Pseudo dice [np.float32(0.0601)]
2026-09-01 00:11:16.458354: Epoch time: 101.7 s
2026-09-01 00:11:17.642004: 
2026-09-01 00:11:17.648554: Epoch 260
2026-09-01 00:11:17.649559: Current learning rate: 0.00763
2026-09-01 00:13:00.068963: train_loss -0.5189
2026-09-01 00:13:00.071871: val_loss -0.5141
2026-09-01 00:13:00.076502: Pseudo dice [np.float32(0.0592)]
2026-09-01 00:13:00.077362: Epoch time: 102.43 s
2026-09-01 00:13:01.120216: 
2026-09-01 00:13:01.121525: Epoch 261
2026-09-01 00:13:01.122335: Current learning rate: 0.00762
2026-09-01 00:14:43.585846: train_loss -0.5305
2026-09-01 00:14:43.587144: val_loss -0.5261
2026-09-01 00:14:43.598876: Pseudo dice [np.float32(0.0533)]
2026-09-01 00:14:43.607997: Epoch time: 102.47 s
2026-09-01 00:14:44.900336: 
2026-09-01 00:14:44.901724: Epoch 262
2026-09-01 00:14:44.902575: Current learning rate: 0.00761
2026-09-01 00:16:24.618809: train_loss -0.5151
2026-09-01 00:16:24.620185: val_loss -0.5319
2026-09-01 00:16:24.621001: Pseudo dice [np.float32(0.0333)]
2026-09-01 00:16:24.621748: Epoch time: 99.72 s
2026-09-01 00:16:25.528435: 
2026-09-01 00:16:25.529610: Epoch 263
2026-09-01 00:16:25.530406: Current learning rate: 0.0076
2026-09-01 00:18:04.691354: train_loss -0.5004
2026-09-01 00:18:04.694454: val_loss -0.5398
2026-09-01 00:18:04.698889: Pseudo dice [np.float32(0.0317)]
2026-09-01 00:18:04.700244: Epoch time: 99.17 s
2026-09-01 00:18:05.957352: 
2026-09-01 00:18:05.958518: Epoch 264
2026-09-01 00:18:05.959201: Current learning rate: 0.00759
2026-09-01 00:19:44.320086: train_loss -0.5178
2026-09-01 00:19:44.321376: val_loss -0.5505
2026-09-01 00:19:44.322355: Pseudo dice [np.float32(0.0481)]
2026-09-01 00:19:44.323156: Epoch time: 98.36 s
2026-09-01 00:19:45.204125: 
2026-09-01 00:19:45.205157: Epoch 265
2026-09-01 00:19:45.205829: Current learning rate: 0.00758
2026-09-01 00:21:24.990203: train_loss -0.5264
2026-09-01 00:21:24.993016: val_loss -0.5585
2026-09-01 00:21:24.997344: Pseudo dice [np.float32(0.0915)]
2026-09-01 00:21:24.998137: Epoch time: 99.79 s
2026-09-01 00:21:26.035061: 
2026-09-01 00:21:26.036358: Epoch 266
2026-09-01 00:21:26.037277: Current learning rate: 0.00757
2026-09-01 00:23:06.074841: train_loss -0.5306
2026-09-01 00:23:06.076310: val_loss -0.5281
2026-09-01 00:23:06.077008: Pseudo dice [np.float32(0.0641)]
2026-09-01 00:23:06.077660: Epoch time: 100.04 s
2026-09-01 00:23:06.955362: 
2026-09-01 00:23:06.956380: Epoch 267
2026-09-01 00:23:06.957115: Current learning rate: 0.00756
2026-09-01 00:24:46.448364: train_loss -0.5141
2026-09-01 00:24:46.449762: val_loss -0.5058
2026-09-01 00:24:46.450812: Pseudo dice [np.float32(0.0248)]
2026-09-01 00:24:46.451538: Epoch time: 99.5 s
2026-09-01 00:24:47.328509: 
2026-09-01 00:24:47.329486: Epoch 268
2026-09-01 00:24:47.330313: Current learning rate: 0.00755
2026-09-01 00:26:25.127889: train_loss -0.5185
2026-09-01 00:26:25.129349: val_loss -0.534
2026-09-01 00:26:25.130304: Pseudo dice [np.float32(0.109)]
2026-09-01 00:26:25.131001: Epoch time: 97.8 s
2026-09-01 00:26:26.022790: 
2026-09-01 00:26:26.023825: Epoch 269
2026-09-01 00:26:26.024515: Current learning rate: 0.00754
2026-09-01 00:28:04.398317: train_loss -0.5341
2026-09-01 00:28:04.399589: val_loss -0.5559
2026-09-01 00:28:04.400290: Pseudo dice [np.float32(0.0696)]
2026-09-01 00:28:04.400999: Epoch time: 98.38 s
2026-09-01 00:28:05.283126: 
2026-09-01 00:28:05.284193: Epoch 270
2026-09-01 00:28:05.284906: Current learning rate: 0.00753
2026-09-01 00:29:44.453561: train_loss -0.5206
2026-09-01 00:29:44.455050: val_loss -0.5587
2026-09-01 00:29:44.456232: Pseudo dice [np.float32(0.0555)]
2026-09-01 00:29:44.457128: Epoch time: 99.17 s
2026-09-01 00:29:45.380633: 
2026-09-01 00:29:45.381938: Epoch 271
2026-09-01 00:29:45.382705: Current learning rate: 0.00752
2026-09-01 00:31:31.127545: train_loss -0.5255
2026-09-01 00:31:31.129329: val_loss -0.5037
2026-09-01 00:31:31.130137: Pseudo dice [np.float32(0.0467)]
2026-09-01 00:31:31.130894: Epoch time: 105.75 s
2026-09-01 00:31:32.184675: 
2026-09-01 00:31:32.185721: Epoch 272
2026-09-01 00:31:32.186419: Current learning rate: 0.00751
2026-09-01 00:33:11.566610: train_loss -0.5388
2026-09-01 00:33:11.567995: val_loss -0.5314
2026-09-01 00:33:11.568765: Pseudo dice [np.float32(0.1272)]
2026-09-01 00:33:11.569591: Epoch time: 99.38 s
2026-09-01 00:33:11.570294: Yayy! New best EMA pseudo Dice: 0.06459999829530716
2026-09-01 00:33:13.553222: 
2026-09-01 00:33:13.554268: Epoch 273
2026-09-01 00:33:13.555004: Current learning rate: 0.00751
2026-09-01 00:34:55.147765: train_loss -0.5168
2026-09-01 00:34:55.148757: val_loss -0.5062
2026-09-01 00:34:55.149508: Pseudo dice [np.float32(0.032)]
2026-09-01 00:34:55.150322: Epoch time: 101.6 s
2026-09-01 00:34:56.024626: 
2026-09-01 00:34:56.025650: Epoch 274
2026-09-01 00:34:56.026421: Current learning rate: 0.0075
2026-09-01 00:36:34.292380: train_loss -0.507
2026-09-01 00:36:34.293571: val_loss -0.5336
2026-09-01 00:36:34.294471: Pseudo dice [np.float32(0.0502)]
2026-09-01 00:36:34.295244: Epoch time: 98.27 s
2026-09-01 00:36:35.176844: 
2026-09-01 00:36:35.178223: Epoch 275
2026-09-01 00:36:35.179002: Current learning rate: 0.00749
2026-09-01 00:38:13.663836: train_loss -0.5124
2026-09-01 00:38:13.665335: val_loss -0.5314
2026-09-01 00:38:13.666046: Pseudo dice [np.float32(0.0694)]
2026-09-01 00:38:13.666694: Epoch time: 98.49 s
2026-09-01 00:38:14.588920: 
2026-09-01 00:38:14.590288: Epoch 276
2026-09-01 00:38:14.591215: Current learning rate: 0.00748
2026-09-01 00:39:53.375337: train_loss -0.5215
2026-09-01 00:39:53.376504: val_loss -0.523
2026-09-01 00:39:53.377613: Pseudo dice [np.float32(0.043)]
2026-09-01 00:39:53.378442: Epoch time: 98.79 s
2026-09-01 00:39:54.251853: 
2026-09-01 00:39:54.252993: Epoch 277
2026-09-01 00:39:54.253913: Current learning rate: 0.00747
2026-09-01 00:41:32.839084: train_loss -0.5303
2026-09-01 00:41:32.840714: val_loss -0.5498
2026-09-01 00:41:32.841608: Pseudo dice [np.float32(0.0485)]
2026-09-01 00:41:32.842447: Epoch time: 98.59 s
2026-09-01 00:41:33.731457: 
2026-09-01 00:41:33.732577: Epoch 278
2026-09-01 00:41:33.733202: Current learning rate: 0.00746
2026-09-01 00:43:12.701093: train_loss -0.5073
2026-09-01 00:43:12.702615: val_loss -0.5282
2026-09-01 00:43:12.703487: Pseudo dice [np.float32(0.0765)]
2026-09-01 00:43:12.704251: Epoch time: 98.97 s
2026-09-01 00:43:13.576647: 
2026-09-01 00:43:13.577863: Epoch 279
2026-09-01 00:43:13.578767: Current learning rate: 0.00745
2026-09-01 00:44:52.947004: train_loss -0.515
2026-09-01 00:44:52.948557: val_loss -0.5382
2026-09-01 00:44:52.949360: Pseudo dice [np.float32(0.1307)]
2026-09-01 00:44:52.950065: Epoch time: 99.37 s
2026-09-01 00:44:52.950719: Yayy! New best EMA pseudo Dice: 0.06719999760389328
2026-09-01 00:44:55.142463: 
2026-09-01 00:44:55.143479: Epoch 280
2026-09-01 00:44:55.144152: Current learning rate: 0.00744
2026-09-01 00:46:32.757438: train_loss -0.5049
2026-09-01 00:46:32.758694: val_loss -0.5214
2026-09-01 00:46:32.759867: Pseudo dice [np.float32(0.0169)]
2026-09-01 00:46:32.760663: Epoch time: 97.62 s
2026-09-01 00:46:33.646590: 
2026-09-01 00:46:33.647733: Epoch 281
2026-09-01 00:46:33.648404: Current learning rate: 0.00743
2026-09-01 00:48:11.206832: train_loss -0.5256
2026-09-01 00:48:11.208210: val_loss -0.5499
2026-09-01 00:48:11.209162: Pseudo dice [np.float32(0.1067)]
2026-09-01 00:48:11.209884: Epoch time: 97.56 s
2026-09-01 00:48:12.115351: 
2026-09-01 00:48:12.116476: Epoch 282
2026-09-01 00:48:12.117666: Current learning rate: 0.00742
2026-09-01 00:49:50.713300: train_loss -0.5341
2026-09-01 00:49:50.729887: val_loss -0.5641
2026-09-01 00:49:50.731000: Pseudo dice [np.float32(0.0929)]
2026-09-01 00:49:50.731931: Epoch time: 98.6 s
2026-09-01 00:49:50.732766: Yayy! New best EMA pseudo Dice: 0.06920000165700912
2026-09-01 00:49:53.049080: 
2026-09-01 00:49:53.050324: Epoch 283
2026-09-01 00:49:53.051115: Current learning rate: 0.00741
2026-09-01 00:51:35.749403: train_loss -0.5261
2026-09-01 00:51:35.750585: val_loss -0.5417
2026-09-01 00:51:35.751591: Pseudo dice [np.float32(0.0507)]
2026-09-01 00:51:35.752526: Epoch time: 102.7 s
2026-09-01 00:51:36.690670: 
2026-09-01 00:51:36.692011: Epoch 284
2026-09-01 00:51:36.692740: Current learning rate: 0.0074
2026-09-01 00:53:16.155356: train_loss -0.5219
2026-09-01 00:53:16.156284: val_loss -0.5138
2026-09-01 00:53:16.157194: Pseudo dice [np.float32(0.0426)]
2026-09-01 00:53:16.157909: Epoch time: 99.47 s
2026-09-01 00:53:17.035496: 
2026-09-01 00:53:17.036491: Epoch 285
2026-09-01 00:53:17.037126: Current learning rate: 0.00739
2026-09-01 00:54:55.111817: train_loss -0.5095
2026-09-01 00:54:55.113215: val_loss -0.5364
2026-09-01 00:54:55.114137: Pseudo dice [np.float32(0.0322)]
2026-09-01 00:54:55.115609: Epoch time: 98.08 s
2026-09-01 00:54:56.018907: 
2026-09-01 00:54:56.020144: Epoch 286
2026-09-01 00:54:56.020924: Current learning rate: 0.00738
2026-09-01 00:56:33.983287: train_loss -0.5253
2026-09-01 00:56:33.984749: val_loss -0.5323
2026-09-01 00:56:33.985653: Pseudo dice [np.float32(0.1091)]
2026-09-01 00:56:33.986386: Epoch time: 97.97 s
2026-09-01 00:56:34.873496: 
2026-09-01 00:56:34.874727: Epoch 287
2026-09-01 00:56:34.875413: Current learning rate: 0.00738
2026-09-01 00:58:14.898739: train_loss -0.5284
2026-09-01 00:58:14.900278: val_loss -0.5105
2026-09-01 00:58:14.901129: Pseudo dice [np.float32(0.0375)]
2026-09-01 00:58:14.901780: Epoch time: 100.03 s
2026-09-01 00:58:15.850998: 
2026-09-01 00:58:15.852446: Epoch 288
2026-09-01 00:58:15.853165: Current learning rate: 0.00737
2026-09-01 00:59:56.448443: train_loss -0.5212
2026-09-01 00:59:56.450274: val_loss -0.5097
2026-09-01 00:59:56.451336: Pseudo dice [np.float32(0.0423)]
2026-09-01 00:59:56.452520: Epoch time: 100.6 s
2026-09-01 00:59:57.680479: 
2026-09-01 00:59:57.696460: Epoch 289
2026-09-01 00:59:57.697321: Current learning rate: 0.00736
2026-09-01 01:01:40.571803: train_loss -0.5153
2026-09-01 01:01:40.575007: val_loss -0.535
2026-09-01 01:01:40.585038: Pseudo dice [np.float32(0.0689)]
2026-09-01 01:01:40.586612: Epoch time: 102.89 s
2026-09-01 01:01:41.890108: 
2026-09-01 01:01:41.891746: Epoch 290
2026-09-01 01:01:41.896467: Current learning rate: 0.00735
2026-09-01 01:03:24.824325: train_loss -0.5154
2026-09-01 01:03:24.826199: val_loss -0.5161
2026-09-01 01:03:24.827065: Pseudo dice [np.float32(0.0717)]
2026-09-01 01:03:24.827966: Epoch time: 102.94 s
2026-09-01 01:03:25.768530: 
2026-09-01 01:03:25.769784: Epoch 291
2026-09-01 01:03:25.770647: Current learning rate: 0.00734
2026-09-01 01:05:05.017078: train_loss -0.5101
2026-09-01 01:05:05.018655: val_loss -0.5165
2026-09-01 01:05:05.019668: Pseudo dice [np.float32(0.0312)]
2026-09-01 01:05:05.020432: Epoch time: 99.25 s
2026-09-01 01:05:05.915511: 
2026-09-01 01:05:05.916624: Epoch 292
2026-09-01 01:05:05.917522: Current learning rate: 0.00733
2026-09-01 01:06:43.601240: train_loss -0.5186
2026-09-01 01:06:43.602887: val_loss -0.554
2026-09-01 01:06:43.603814: Pseudo dice [np.float32(0.0532)]
2026-09-01 01:06:43.604471: Epoch time: 97.69 s
2026-09-01 01:06:44.755291: 
2026-09-01 01:06:44.756567: Epoch 293
2026-09-01 01:06:44.757251: Current learning rate: 0.00732
2026-09-01 01:08:25.009030: train_loss -0.5251
2026-09-01 01:08:25.013730: val_loss -0.5636
2026-09-01 01:08:25.016442: Pseudo dice [np.float32(0.0879)]
2026-09-01 01:08:25.017234: Epoch time: 100.26 s
2026-09-01 01:08:25.955986: 
2026-09-01 01:08:25.957335: Epoch 294
2026-09-01 01:08:25.958157: Current learning rate: 0.00731
2026-09-01 01:10:05.830622: train_loss -0.505
2026-09-01 01:10:05.833976: val_loss -0.499
2026-09-01 01:10:05.838895: Pseudo dice [np.float32(0.0475)]
2026-09-01 01:10:05.840030: Epoch time: 99.88 s
2026-09-01 01:10:06.800629: 
2026-09-01 01:10:06.801763: Epoch 295
2026-09-01 01:10:06.802575: Current learning rate: 0.0073
2026-09-01 01:11:46.881749: train_loss -0.5174
2026-09-01 01:11:46.884054: val_loss -0.478
2026-09-01 01:11:46.885125: Pseudo dice [np.float32(0.0436)]
2026-09-01 01:11:46.886027: Epoch time: 100.08 s
2026-09-01 01:11:47.786237: 
2026-09-01 01:11:47.787407: Epoch 296
2026-09-01 01:11:47.788101: Current learning rate: 0.00729
2026-09-01 01:13:27.650974: train_loss -0.5097
2026-09-01 01:13:27.653568: val_loss -0.5457
2026-09-01 01:13:27.654587: Pseudo dice [np.float32(0.0727)]
2026-09-01 01:13:27.655424: Epoch time: 99.87 s
2026-09-01 01:13:28.549960: 
2026-09-01 01:13:28.550977: Epoch 297
2026-09-01 01:13:28.551740: Current learning rate: 0.00728
2026-09-01 01:15:07.246904: train_loss -0.5204
2026-09-01 01:15:07.262016: val_loss -0.5084
2026-09-01 01:15:07.262986: Pseudo dice [np.float32(0.0882)]
2026-09-01 01:15:07.263803: Epoch time: 98.7 s
2026-09-01 01:15:08.194421: 
2026-09-01 01:15:08.195463: Epoch 298
2026-09-01 01:15:08.196162: Current learning rate: 0.00727
2026-09-01 01:16:53.022832: train_loss -0.5013
2026-09-01 01:16:53.029083: val_loss -0.531
2026-09-01 01:16:53.030056: Pseudo dice [np.float32(0.0892)]
2026-09-01 01:16:53.030976: Epoch time: 104.83 s
2026-09-01 01:16:54.056072: 
2026-09-01 01:16:54.057393: Epoch 299
2026-09-01 01:16:54.058180: Current learning rate: 0.00726
2026-09-01 01:18:32.683356: train_loss -0.5149
2026-09-01 01:18:32.684539: val_loss -0.5265
2026-09-01 01:18:32.685346: Pseudo dice [np.float32(0.0923)]
2026-09-01 01:18:32.686168: Epoch time: 98.63 s
2026-09-01 01:18:34.701881: 
2026-09-01 01:18:34.703099: Epoch 300
2026-09-01 01:18:34.703812: Current learning rate: 0.00725
2026-09-01 01:20:14.512836: train_loss -0.5208
2026-09-01 01:20:14.514172: val_loss -0.5785
2026-09-01 01:20:14.514937: Pseudo dice [np.float32(0.1105)]
2026-09-01 01:20:14.515597: Epoch time: 99.81 s
2026-09-01 01:20:14.516218: Yayy! New best EMA pseudo Dice: 0.07259999960660934
2026-09-01 01:20:16.990174: 
2026-09-01 01:20:16.991324: Epoch 301
2026-09-01 01:20:16.992065: Current learning rate: 0.00724
2026-09-01 01:21:55.993480: train_loss -0.5404
2026-09-01 01:21:55.994970: val_loss -0.5536
2026-09-01 01:21:55.996062: Pseudo dice [np.float32(0.1013)]
2026-09-01 01:21:55.996745: Epoch time: 99.01 s
2026-09-01 01:21:55.997354: Yayy! New best EMA pseudo Dice: 0.0754999965429306
2026-09-01 01:21:58.098282: 
2026-09-01 01:21:58.099421: Epoch 302
2026-09-01 01:21:58.100068: Current learning rate: 0.00724
2026-09-01 01:23:36.948921: train_loss -0.5257
2026-09-01 01:23:36.950446: val_loss -0.5527
2026-09-01 01:23:36.951508: Pseudo dice [np.float32(0.0962)]
2026-09-01 01:23:36.952193: Epoch time: 98.85 s
2026-09-01 01:23:36.952857: Yayy! New best EMA pseudo Dice: 0.07750000059604645
2026-09-01 01:23:39.372480: 
2026-09-01 01:23:39.373607: Epoch 303
2026-09-01 01:23:39.374401: Current learning rate: 0.00723
2026-09-01 01:25:19.756212: train_loss -0.5297
2026-09-01 01:25:19.762492: val_loss -0.5172
2026-09-01 01:25:19.763512: Pseudo dice [np.float32(0.0313)]
2026-09-01 01:25:19.764205: Epoch time: 100.39 s
2026-09-01 01:25:20.991955: 
2026-09-01 01:25:20.998816: Epoch 304
2026-09-01 01:25:20.999934: Current learning rate: 0.00722
2026-09-01 01:27:01.881292: train_loss -0.5137
2026-09-01 01:27:01.883240: val_loss -0.5304
2026-09-01 01:27:01.884175: Pseudo dice [np.float32(0.0719)]
2026-09-01 01:27:01.885029: Epoch time: 100.9 s
2026-09-01 01:27:02.777029: 
2026-09-01 01:27:02.778372: Epoch 305
2026-09-01 01:27:02.779220: Current learning rate: 0.00721
2026-09-01 01:28:42.019914: train_loss -0.5189
2026-09-01 01:28:42.021488: val_loss -0.5419
2026-09-01 01:28:42.022392: Pseudo dice [np.float32(0.0676)]
2026-09-01 01:28:42.023051: Epoch time: 99.25 s
2026-09-01 01:28:42.941684: 
2026-09-01 01:28:42.943279: Epoch 306
2026-09-01 01:28:42.944370: Current learning rate: 0.0072
2026-09-01 01:30:20.094255: train_loss -0.5148
2026-09-01 01:30:20.095668: val_loss -0.5114
2026-09-01 01:30:20.096447: Pseudo dice [np.float32(0.0314)]
2026-09-01 01:30:20.097037: Epoch time: 97.16 s
2026-09-01 01:30:20.991965: 
2026-09-01 01:30:20.992869: Epoch 307
2026-09-01 01:30:20.993608: Current learning rate: 0.00719
2026-09-01 01:31:59.165099: train_loss -0.5193
2026-09-01 01:31:59.166370: val_loss -0.5278
2026-09-01 01:31:59.167293: Pseudo dice [np.float32(0.058)]
2026-09-01 01:31:59.168103: Epoch time: 98.18 s
2026-09-01 01:32:00.080731: 
2026-09-01 01:32:00.081740: Epoch 308
2026-09-01 01:32:00.082463: Current learning rate: 0.00718
2026-09-01 01:33:40.201362: train_loss -0.5163
2026-09-01 01:33:40.202762: val_loss -0.5006
2026-09-01 01:33:40.203698: Pseudo dice [np.float32(0.0347)]
2026-09-01 01:33:40.204487: Epoch time: 100.12 s
2026-09-01 01:33:41.109013: 
2026-09-01 01:33:41.110248: Epoch 309
2026-09-01 01:33:41.111079: Current learning rate: 0.00717
2026-09-01 01:35:20.365542: train_loss -0.4986
2026-09-01 01:35:20.372681: val_loss -0.5132
2026-09-01 01:35:20.373514: Pseudo dice [np.float32(0.0334)]
2026-09-01 01:35:20.374331: Epoch time: 99.26 s
2026-09-01 01:35:21.443146: 
2026-09-01 01:35:21.444428: Epoch 310
2026-09-01 01:35:21.445237: Current learning rate: 0.00716
2026-09-01 01:37:07.178870: train_loss -0.512
2026-09-01 01:37:07.182654: val_loss -0.5087
2026-09-01 01:37:07.195100: Pseudo dice [np.float32(0.0286)]
2026-09-01 01:37:07.268316: Epoch time: 105.74 s
2026-09-01 01:37:08.566595: 
2026-09-01 01:37:08.567872: Epoch 311
2026-09-01 01:37:08.568660: Current learning rate: 0.00715
2026-09-01 01:38:48.017927: train_loss -0.5221
2026-09-01 01:38:48.019162: val_loss -0.5279
2026-09-01 01:38:48.019964: Pseudo dice [np.float32(0.0846)]
2026-09-01 01:38:48.020612: Epoch time: 99.45 s
2026-09-01 01:38:48.916202: 
2026-09-01 01:38:48.917406: Epoch 312
2026-09-01 01:38:48.918092: Current learning rate: 0.00714
2026-09-01 01:40:29.605066: train_loss -0.5261
2026-09-01 01:40:29.606311: val_loss -0.5453
2026-09-01 01:40:29.607120: Pseudo dice [np.float32(0.0645)]
2026-09-01 01:40:29.607790: Epoch time: 100.69 s
2026-09-01 01:40:30.511599: 
2026-09-01 01:40:30.512733: Epoch 313
2026-09-01 01:40:30.513356: Current learning rate: 0.00713
2026-09-01 01:42:08.777973: train_loss -0.5123
2026-09-01 01:42:08.779023: val_loss -0.5456
2026-09-01 01:42:08.779846: Pseudo dice [np.float32(0.0982)]
2026-09-01 01:42:08.780552: Epoch time: 98.27 s
2026-09-01 01:42:09.717113: 
2026-09-01 01:42:09.719002: Epoch 314
2026-09-01 01:42:09.719860: Current learning rate: 0.00712
2026-09-01 01:43:53.231070: train_loss -0.5173
2026-09-01 01:43:53.232556: val_loss -0.5294
2026-09-01 01:43:53.233401: Pseudo dice [np.float32(0.0401)]
2026-09-01 01:43:53.234245: Epoch time: 103.52 s
2026-09-01 01:43:54.157158: 
2026-09-01 01:43:54.158403: Epoch 315
2026-09-01 01:43:54.159259: Current learning rate: 0.00711
2026-09-01 01:45:33.572156: train_loss -0.5192
2026-09-01 01:45:33.576519: val_loss -0.5392
2026-09-01 01:45:33.588010: Pseudo dice [np.float32(0.0505)]
2026-09-01 01:45:33.589170: Epoch time: 99.42 s
2026-09-01 01:45:34.494136: 
2026-09-01 01:45:34.495189: Epoch 316
2026-09-01 01:45:34.495951: Current learning rate: 0.0071
2026-09-01 01:47:13.713213: train_loss -0.518
2026-09-01 01:47:13.714360: val_loss -0.5308
2026-09-01 01:47:13.715266: Pseudo dice [np.float32(0.0434)]
2026-09-01 01:47:13.716000: Epoch time: 99.22 s
2026-09-01 01:47:14.623176: 
2026-09-01 01:47:14.624255: Epoch 317
2026-09-01 01:47:14.625035: Current learning rate: 0.0071
2026-09-01 01:48:53.386083: train_loss -0.5072
2026-09-01 01:48:53.387213: val_loss -0.5552
2026-09-01 01:48:53.388210: Pseudo dice [np.float32(0.0782)]
2026-09-01 01:48:53.389095: Epoch time: 98.77 s
2026-09-01 01:48:54.290986: 
2026-09-01 01:48:54.292161: Epoch 318
2026-09-01 01:48:54.292886: Current learning rate: 0.00709
2026-09-01 01:50:32.768929: train_loss -0.5127
2026-09-01 01:50:32.776792: val_loss -0.5309
2026-09-01 01:50:32.777766: Pseudo dice [np.float32(0.0823)]
2026-09-01 01:50:32.778553: Epoch time: 98.48 s
2026-09-01 01:50:33.751338: 
2026-09-01 01:50:33.759400: Epoch 319
2026-09-01 01:50:33.762193: Current learning rate: 0.00708
2026-09-01 01:52:13.264860: train_loss -0.5248
2026-09-01 01:52:13.265930: val_loss -0.5206
2026-09-01 01:52:13.266631: Pseudo dice [np.float32(0.0242)]
2026-09-01 01:52:13.267290: Epoch time: 99.52 s
2026-09-01 01:52:14.186310: 
2026-09-01 01:52:14.187582: Epoch 320
2026-09-01 01:52:14.188265: Current learning rate: 0.00707
2026-09-01 01:53:52.791678: train_loss -0.5153
2026-09-01 01:53:52.793282: val_loss -0.525
2026-09-01 01:53:52.798179: Pseudo dice [np.float32(0.0493)]
2026-09-01 01:53:52.799427: Epoch time: 98.61 s
2026-09-01 01:53:53.751205: 
2026-09-01 01:53:53.765340: Epoch 321
2026-09-01 01:53:53.766360: Current learning rate: 0.00706
2026-09-01 01:55:32.415277: train_loss -0.5164
2026-09-01 01:55:32.416718: val_loss -0.5312
2026-09-01 01:55:32.417538: Pseudo dice [np.float32(0.0582)]
2026-09-01 01:55:32.418247: Epoch time: 98.67 s
2026-09-01 01:55:33.540429: 
2026-09-01 01:55:33.541585: Epoch 322
2026-09-01 01:55:33.542362: Current learning rate: 0.00705
2026-09-01 01:57:10.855330: train_loss -0.5283
2026-09-01 01:57:10.856583: val_loss -0.4918
2026-09-01 01:57:10.857540: Pseudo dice [np.float32(0.0605)]
2026-09-01 01:57:10.858244: Epoch time: 97.32 s
2026-09-01 01:57:11.770969: 
2026-09-01 01:57:11.772238: Epoch 323
2026-09-01 01:57:11.772913: Current learning rate: 0.00704
2026-09-01 01:58:51.735992: train_loss -0.5175
2026-09-01 01:58:51.737188: val_loss -0.5077
2026-09-01 01:58:51.737964: Pseudo dice [np.float32(0.1052)]
2026-09-01 01:58:51.738704: Epoch time: 99.97 s
2026-09-01 01:58:52.653845: 
2026-09-01 01:58:52.655179: Epoch 324
2026-09-01 01:58:52.655836: Current learning rate: 0.00703
2026-09-01 02:00:30.879786: train_loss -0.5226
2026-09-01 02:00:30.880982: val_loss -0.5471
2026-09-01 02:00:30.881793: Pseudo dice [np.float32(0.0605)]
2026-09-01 02:00:30.882578: Epoch time: 98.23 s
2026-09-01 02:00:31.811668: 
2026-09-01 02:00:31.812957: Epoch 325
2026-09-01 02:00:31.814045: Current learning rate: 0.00702
2026-09-01 02:02:22.419447: train_loss -0.514
2026-09-01 02:02:22.420903: val_loss -0.5274
2026-09-01 02:02:22.421851: Pseudo dice [np.float32(0.0454)]
2026-09-01 02:02:22.422598: Epoch time: 110.61 s
2026-09-01 02:02:23.334604: 
2026-09-01 02:02:23.335953: Epoch 326
2026-09-01 02:02:23.336752: Current learning rate: 0.00701
2026-09-01 02:04:02.276340: train_loss -0.5231
2026-09-01 02:04:02.277403: val_loss -0.5338
2026-09-01 02:04:02.278286: Pseudo dice [np.float32(0.0558)]
2026-09-01 02:04:02.279042: Epoch time: 98.94 s
2026-09-01 02:04:03.179743: 
2026-09-01 02:04:03.180839: Epoch 327
2026-09-01 02:04:03.181488: Current learning rate: 0.007
2026-09-01 02:05:42.553418: train_loss -0.5003
2026-09-01 02:05:42.554792: val_loss -0.5342
2026-09-01 02:05:42.555824: Pseudo dice [np.float32(0.0592)]
2026-09-01 02:05:42.556740: Epoch time: 99.38 s
2026-09-01 02:05:43.457292: 
2026-09-01 02:05:43.458588: Epoch 328
2026-09-01 02:05:43.459230: Current learning rate: 0.00699
2026-09-01 02:07:22.286538: train_loss -0.5165
2026-09-01 02:07:22.287533: val_loss -0.5226
2026-09-01 02:07:22.288227: Pseudo dice [np.float32(0.0458)]
2026-09-01 02:07:22.288875: Epoch time: 98.83 s
2026-09-01 02:07:23.189787: 
2026-09-01 02:07:23.191033: Epoch 329
2026-09-01 02:07:23.191670: Current learning rate: 0.00698
2026-09-01 02:09:01.210220: train_loss -0.5212
2026-09-01 02:09:01.211910: val_loss -0.5448
2026-09-01 02:09:01.212699: Pseudo dice [np.float32(0.0466)]
2026-09-01 02:09:01.213608: Epoch time: 98.02 s
2026-09-01 02:09:02.116158: 
2026-09-01 02:09:02.117155: Epoch 330
2026-09-01 02:09:02.117828: Current learning rate: 0.00697
2026-09-01 02:10:41.572678: train_loss -0.513
2026-09-01 02:10:41.573703: val_loss -0.5276
2026-09-01 02:10:41.574496: Pseudo dice [np.float32(0.0293)]
2026-09-01 02:10:41.575250: Epoch time: 99.46 s
2026-09-01 02:10:42.497985: 
2026-09-01 02:10:42.499192: Epoch 331
2026-09-01 02:10:42.499984: Current learning rate: 0.00696
2026-09-01 02:12:25.150811: train_loss -0.5056
2026-09-01 02:12:25.151881: val_loss -0.5137
2026-09-01 02:12:25.152639: Pseudo dice [np.float32(0.0324)]
2026-09-01 02:12:25.153313: Epoch time: 102.66 s
2026-09-01 02:12:26.314968: 
2026-09-01 02:12:26.316077: Epoch 332
2026-09-01 02:12:26.316778: Current learning rate: 0.00696
2026-09-01 02:14:04.541123: train_loss -0.4987
2026-09-01 02:14:04.542434: val_loss -0.5196
2026-09-01 02:14:04.543341: Pseudo dice [np.float32(0.0447)]
2026-09-01 02:14:04.544069: Epoch time: 98.23 s
2026-09-01 02:14:05.446560: 
2026-09-01 02:14:05.447901: Epoch 333
2026-09-01 02:14:05.448596: Current learning rate: 0.00695
2026-09-01 02:15:44.158902: train_loss -0.511
2026-09-01 02:15:44.160157: val_loss -0.5333
2026-09-01 02:15:44.161118: Pseudo dice [np.float32(0.0555)]
2026-09-01 02:15:44.161973: Epoch time: 98.72 s
2026-09-01 02:15:45.067559: 
2026-09-01 02:15:45.068959: Epoch 334
2026-09-01 02:15:45.069590: Current learning rate: 0.00694
2026-09-01 02:17:24.201869: train_loss -0.5124
2026-09-01 02:17:24.203012: val_loss -0.5573
2026-09-01 02:17:24.203805: Pseudo dice [np.float32(0.0642)]
2026-09-01 02:17:24.204530: Epoch time: 99.14 s
2026-09-01 02:17:25.112457: 
2026-09-01 02:17:25.113805: Epoch 335
2026-09-01 02:17:25.114547: Current learning rate: 0.00693
2026-09-01 02:19:03.909453: train_loss -0.506
2026-09-01 02:19:03.910417: val_loss -0.5552
2026-09-01 02:19:03.911201: Pseudo dice [np.float32(0.0549)]
2026-09-01 02:19:03.911975: Epoch time: 98.8 s
2026-09-01 02:19:04.816829: 
2026-09-01 02:19:04.818084: Epoch 336
2026-09-01 02:19:04.818815: Current learning rate: 0.00692
2026-09-01 02:20:43.768819: train_loss -0.5204
2026-09-01 02:20:43.770643: val_loss -0.5403
2026-09-01 02:20:43.774414: Pseudo dice [np.float32(0.0557)]
2026-09-01 02:20:43.775539: Epoch time: 98.95 s
2026-09-01 02:20:44.908228: 
2026-09-01 02:20:44.909596: Epoch 337
2026-09-01 02:20:44.910299: Current learning rate: 0.00691
2026-09-01 02:22:24.377356: train_loss -0.513
2026-09-01 02:22:24.383027: val_loss -0.5304
2026-09-01 02:22:24.384295: Pseudo dice [np.float32(0.0456)]
2026-09-01 02:22:24.385187: Epoch time: 99.47 s
2026-09-01 02:22:25.308042: 
2026-09-01 02:22:25.309590: Epoch 338
2026-09-01 02:22:25.310575: Current learning rate: 0.0069
2026-09-01 02:24:16.187221: train_loss -0.5194
2026-09-01 02:24:16.189548: val_loss -0.5075
2026-09-01 02:24:16.192264: Pseudo dice [np.float32(0.0291)]
2026-09-01 02:24:16.194811: Epoch time: 110.88 s
2026-09-01 02:24:17.127676: 
2026-09-01 02:24:17.129366: Epoch 339
2026-09-01 02:24:17.130275: Current learning rate: 0.00689
2026-09-01 02:25:56.561310: train_loss -0.5126
2026-09-01 02:25:56.562600: val_loss -0.5138
2026-09-01 02:25:56.563747: Pseudo dice [np.float32(0.0511)]
2026-09-01 02:25:56.564692: Epoch time: 99.44 s
2026-09-01 02:25:57.476159: 
2026-09-01 02:25:57.477449: Epoch 340
2026-09-01 02:25:57.478341: Current learning rate: 0.00688
2026-09-01 02:27:36.830116: train_loss -0.5054
2026-09-01 02:27:36.831646: val_loss -0.5512
2026-09-01 02:27:36.832802: Pseudo dice [np.float32(0.0705)]
2026-09-01 02:27:36.833684: Epoch time: 99.36 s
2026-09-01 02:27:37.800923: 
2026-09-01 02:27:37.802270: Epoch 341
2026-09-01 02:27:37.803306: Current learning rate: 0.00687
2026-09-01 02:29:16.300534: train_loss -0.5226
2026-09-01 02:29:16.302012: val_loss -0.5525
2026-09-01 02:29:16.302970: Pseudo dice [np.float32(0.0541)]
2026-09-01 02:29:16.303809: Epoch time: 98.5 s
2026-09-01 02:29:17.237782: 
2026-09-01 02:29:17.238989: Epoch 342
2026-09-01 02:29:17.239871: Current learning rate: 0.00686
2026-09-01 02:30:56.704151: train_loss -0.5242
2026-09-01 02:30:56.729055: val_loss -0.5468
2026-09-01 02:30:56.730503: Pseudo dice [np.float32(0.0445)]
2026-09-01 02:30:56.731572: Epoch time: 99.47 s
2026-09-01 02:30:57.872977: 
2026-09-01 02:30:57.874436: Epoch 343
2026-09-01 02:30:57.875353: Current learning rate: 0.00685
2026-09-01 02:32:36.496999: train_loss -0.5138
2026-09-01 02:32:36.498259: val_loss -0.5195
2026-09-01 02:32:36.499238: Pseudo dice [np.float32(0.0511)]
2026-09-01 02:32:36.500318: Epoch time: 98.63 s
2026-09-01 02:32:37.406832: 
2026-09-01 02:32:37.407915: Epoch 344
2026-09-01 02:32:37.408674: Current learning rate: 0.00684
2026-09-01 02:34:14.845612: train_loss -0.5224
2026-09-01 02:34:14.846931: val_loss -0.5551
2026-09-01 02:34:14.848067: Pseudo dice [np.float32(0.051)]
2026-09-01 02:34:14.849210: Epoch time: 97.44 s
2026-09-01 02:34:15.765284: 
2026-09-01 02:34:15.767029: Epoch 345
2026-09-01 02:34:15.767962: Current learning rate: 0.00683
2026-09-01 02:35:55.812660: train_loss -0.5453
2026-09-01 02:35:55.853723: val_loss -0.5359
2026-09-01 02:35:55.855173: Pseudo dice [np.float32(0.0889)]
2026-09-01 02:35:55.856278: Epoch time: 100.05 s
2026-09-01 02:35:57.101384: 
2026-09-01 02:35:57.106415: Epoch 346
2026-09-01 02:35:57.107880: Current learning rate: 0.00682
2026-09-01 02:37:36.681612: train_loss -0.5252
2026-09-01 02:37:36.682935: val_loss -0.5353
2026-09-01 02:37:36.683869: Pseudo dice [np.float32(0.0705)]
2026-09-01 02:37:36.684689: Epoch time: 99.59 s
2026-09-01 02:37:37.601914: 
2026-09-01 02:37:37.603207: Epoch 347
2026-09-01 02:37:37.604038: Current learning rate: 0.00681
2026-09-01 02:39:16.658842: train_loss -0.5296
2026-09-01 02:39:16.660050: val_loss -0.5126
2026-09-01 02:39:16.661034: Pseudo dice [np.float32(0.0454)]
2026-09-01 02:39:16.661959: Epoch time: 99.06 s
2026-09-01 02:39:17.580981: 
2026-09-01 02:39:17.582253: Epoch 348
2026-09-01 02:39:17.583246: Current learning rate: 0.0068
2026-09-01 02:40:55.126019: train_loss -0.5182
2026-09-01 02:40:55.127531: val_loss -0.5261
2026-09-01 02:40:55.128605: Pseudo dice [np.float32(0.0864)]
2026-09-01 02:40:55.129491: Epoch time: 97.55 s
2026-09-01 02:40:56.046436: 
2026-09-01 02:40:56.047902: Epoch 349
2026-09-01 02:40:56.048760: Current learning rate: 0.0068
2026-09-01 02:42:34.790345: train_loss -0.5176
2026-09-01 02:42:34.791709: val_loss -0.5483
2026-09-01 02:42:34.792717: Pseudo dice [np.float32(0.1332)]
2026-09-01 02:42:34.793501: Epoch time: 98.75 s
2026-09-01 02:42:36.794334: 
2026-09-01 02:42:36.795770: Epoch 350
2026-09-01 02:42:36.796891: Current learning rate: 0.00679
2026-09-01 02:44:16.157643: train_loss -0.5148
2026-09-01 02:44:16.159052: val_loss -0.5699
2026-09-01 02:44:16.160290: Pseudo dice [np.float32(0.0886)]
2026-09-01 02:44:16.161424: Epoch time: 99.37 s
2026-09-01 02:44:17.317978: 
2026-09-01 02:44:17.319293: Epoch 351
2026-09-01 02:44:17.320186: Current learning rate: 0.00678
2026-09-01 02:45:57.335348: train_loss -0.5228
2026-09-01 02:45:57.336488: val_loss -0.5496
2026-09-01 02:45:57.337641: Pseudo dice [np.float32(0.0929)]
2026-09-01 02:45:57.338712: Epoch time: 100.02 s
2026-09-01 02:45:58.251358: 
2026-09-01 02:45:58.252441: Epoch 352
2026-09-01 02:45:58.253311: Current learning rate: 0.00677
2026-09-01 02:47:37.689315: train_loss -0.5179
2026-09-01 02:47:37.691175: val_loss -0.5208
2026-09-01 02:47:37.692264: Pseudo dice [np.float32(0.1176)]
2026-09-01 02:47:37.693117: Epoch time: 99.44 s
2026-09-01 02:47:38.643997: 
2026-09-01 02:47:38.645399: Epoch 353
2026-09-01 02:47:38.646512: Current learning rate: 0.00676
2026-09-01 02:49:18.371992: train_loss -0.5328
2026-09-01 02:49:18.373605: val_loss -0.5014
2026-09-01 02:49:18.374665: Pseudo dice [np.float32(0.0426)]
2026-09-01 02:49:18.375918: Epoch time: 99.73 s
2026-09-01 02:49:19.311214: 
2026-09-01 02:49:19.312818: Epoch 354
2026-09-01 02:49:19.313703: Current learning rate: 0.00675
2026-09-01 02:50:56.296175: train_loss -0.5224
2026-09-01 02:50:56.297302: val_loss -0.5604
2026-09-01 02:50:56.298283: Pseudo dice [np.float32(0.1259)]
2026-09-01 02:50:56.299219: Epoch time: 96.99 s
2026-09-01 02:50:56.300000: Yayy! New best EMA pseudo Dice: 0.07769999653100967
2026-09-01 02:50:58.404323: 
2026-09-01 02:50:58.405674: Epoch 355
2026-09-01 02:50:58.406507: Current learning rate: 0.00674
2026-09-01 02:52:36.794783: train_loss -0.522
2026-09-01 02:52:36.796146: val_loss -0.511
2026-09-01 02:52:36.797366: Pseudo dice [np.float32(0.0982)]
2026-09-01 02:52:36.798213: Epoch time: 98.39 s
2026-09-01 02:52:36.799054: Yayy! New best EMA pseudo Dice: 0.07970000058412552
2026-09-01 02:52:38.914274: 
2026-09-01 02:52:38.915628: Epoch 356
2026-09-01 02:52:38.916673: Current learning rate: 0.00673
2026-09-01 02:54:21.662711: train_loss -0.5213
2026-09-01 02:54:21.664201: val_loss -0.5347
2026-09-01 02:54:21.665289: Pseudo dice [np.float32(0.0737)]
2026-09-01 02:54:21.666188: Epoch time: 102.75 s
2026-09-01 02:54:22.698972: 
2026-09-01 02:54:22.700359: Epoch 357
2026-09-01 02:54:22.701345: Current learning rate: 0.00672
2026-09-01 02:56:01.673071: train_loss -0.5119
2026-09-01 02:56:01.674488: val_loss -0.5246
2026-09-01 02:56:01.676928: Pseudo dice [np.float32(0.0424)]
2026-09-01 02:56:01.678064: Epoch time: 98.98 s
2026-09-01 02:56:02.599447: 
2026-09-01 02:56:02.600909: Epoch 358
2026-09-01 02:56:02.601797: Current learning rate: 0.00671
2026-09-01 02:57:41.499245: train_loss -0.5371
2026-09-01 02:57:41.500619: val_loss -0.5402
2026-09-01 02:57:41.501646: Pseudo dice [np.float32(0.0468)]
2026-09-01 02:57:41.502496: Epoch time: 98.9 s
2026-09-01 02:57:42.415480: 
2026-09-01 02:57:42.416652: Epoch 359
2026-09-01 02:57:42.417477: Current learning rate: 0.0067
2026-09-01 02:59:22.337378: train_loss -0.512
2026-09-01 02:59:22.338805: val_loss -0.5306
2026-09-01 02:59:22.339760: Pseudo dice [np.float32(0.066)]
2026-09-01 02:59:22.340603: Epoch time: 99.92 s
2026-09-01 02:59:23.665673: 
2026-09-01 02:59:23.666874: Epoch 360
2026-09-01 02:59:23.667815: Current learning rate: 0.00669
2026-09-01 03:01:04.184623: train_loss -0.517
2026-09-01 03:01:04.185771: val_loss -0.5451
2026-09-01 03:01:04.186775: Pseudo dice [np.float32(0.0807)]
2026-09-01 03:01:04.187602: Epoch time: 100.52 s
2026-09-01 03:01:05.109122: 
2026-09-01 03:01:05.110580: Epoch 361
2026-09-01 03:01:05.111516: Current learning rate: 0.00668
2026-09-01 03:02:45.015409: train_loss -0.4895
2026-09-01 03:02:45.017257: val_loss -0.5007
2026-09-01 03:02:45.018407: Pseudo dice [np.float32(0.0344)]
2026-09-01 03:02:45.019543: Epoch time: 99.91 s
2026-09-01 03:02:45.986057: 
2026-09-01 03:02:45.987862: Epoch 362
2026-09-01 03:02:45.989105: Current learning rate: 0.00667
2026-09-01 03:04:29.015869: train_loss -0.516
2026-09-01 03:04:29.022073: val_loss -0.5168
2026-09-01 03:04:29.023295: Pseudo dice [np.float32(0.0464)]
2026-09-01 03:04:29.024332: Epoch time: 103.03 s
2026-09-01 03:04:30.052380: 
2026-09-01 03:04:30.053568: Epoch 363
2026-09-01 03:04:30.054489: Current learning rate: 0.00666
2026-09-01 03:06:08.200503: train_loss -0.5293
2026-09-01 03:06:08.201671: val_loss -0.5563
2026-09-01 03:06:08.202698: Pseudo dice [np.float32(0.0752)]
2026-09-01 03:06:08.203683: Epoch time: 98.15 s
2026-09-01 03:06:09.141644: 
2026-09-01 03:06:09.142724: Epoch 364
2026-09-01 03:06:09.143598: Current learning rate: 0.00665
2026-09-01 03:07:48.716795: train_loss -0.5139
2026-09-01 03:07:48.718282: val_loss -0.5154
2026-09-01 03:07:48.719430: Pseudo dice [np.float32(0.0801)]
2026-09-01 03:07:48.720360: Epoch time: 99.58 s
2026-09-01 03:07:50.043614: 
2026-09-01 03:07:50.044990: Epoch 365
2026-09-01 03:07:50.045914: Current learning rate: 0.00665
2026-09-01 03:09:32.658201: train_loss -0.5282
2026-09-01 03:09:32.663607: val_loss -0.57
2026-09-01 03:09:32.664732: Pseudo dice [np.float32(0.0841)]
2026-09-01 03:09:32.665705: Epoch time: 102.62 s
2026-09-01 03:09:33.733379: 
2026-09-01 03:09:33.735229: Epoch 366
2026-09-01 03:09:33.736158: Current learning rate: 0.00664
2026-09-01 03:11:12.262425: train_loss -0.5227
2026-09-01 03:11:12.263757: val_loss -0.5705
2026-09-01 03:11:12.264878: Pseudo dice [np.float32(0.0872)]
2026-09-01 03:11:12.265804: Epoch time: 98.53 s
2026-09-01 03:11:13.178419: 
2026-09-01 03:11:13.179746: Epoch 367
2026-09-01 03:11:13.180572: Current learning rate: 0.00663
2026-09-01 03:12:51.790616: train_loss -0.5283
2026-09-01 03:12:51.792033: val_loss -0.5405
2026-09-01 03:12:51.793200: Pseudo dice [np.float32(0.0862)]
2026-09-01 03:12:51.794216: Epoch time: 98.61 s
2026-09-01 03:12:52.747794: 
2026-09-01 03:12:52.749010: Epoch 368
2026-09-01 03:12:52.750088: Current learning rate: 0.00662
2026-09-01 03:14:32.769782: train_loss -0.5217
2026-09-01 03:14:32.773294: val_loss -0.5467
2026-09-01 03:14:32.774479: Pseudo dice [np.float32(0.1071)]
2026-09-01 03:14:32.775365: Epoch time: 100.02 s
2026-09-01 03:14:33.759284: 
2026-09-01 03:14:33.760851: Epoch 369
2026-09-01 03:14:33.761819: Current learning rate: 0.00661
2026-09-01 03:16:15.753311: train_loss -0.5306
2026-09-01 03:16:15.755914: val_loss -0.5813
2026-09-01 03:16:15.757568: Pseudo dice [np.float32(0.1376)]
2026-09-01 03:16:15.770962: Epoch time: 102.0 s
2026-09-01 03:16:15.773201: Yayy! New best EMA pseudo Dice: 0.08290000259876251
2026-09-01 03:16:18.351806: 
2026-09-01 03:16:18.353228: Epoch 370
2026-09-01 03:16:18.354035: Current learning rate: 0.0066
2026-09-01 03:17:58.334177: train_loss -0.5364
2026-09-01 03:17:58.335288: val_loss -0.5186
2026-09-01 03:17:58.339252: Pseudo dice [np.float32(0.0842)]
2026-09-01 03:17:58.342096: Epoch time: 99.99 s
2026-09-01 03:17:58.342930: Yayy! New best EMA pseudo Dice: 0.08299999684095383
2026-09-01 03:18:00.485921: 
2026-09-01 03:18:00.487390: Epoch 371
2026-09-01 03:18:00.488207: Current learning rate: 0.00659
2026-09-01 03:19:38.874837: train_loss -0.5243
2026-09-01 03:19:38.876298: val_loss -0.5343
2026-09-01 03:19:38.877160: Pseudo dice [np.float32(0.0615)]
2026-09-01 03:19:38.877970: Epoch time: 98.39 s
2026-09-01 03:19:39.806116: 
2026-09-01 03:19:39.807698: Epoch 372
2026-09-01 03:19:39.808535: Current learning rate: 0.00658
2026-09-01 03:21:19.004436: train_loss -0.5097
2026-09-01 03:21:19.005634: val_loss -0.58
2026-09-01 03:21:19.006508: Pseudo dice [np.float32(0.0987)]
2026-09-01 03:21:19.007311: Epoch time: 99.2 s
2026-09-01 03:21:19.946358: 
2026-09-01 03:21:19.947448: Epoch 373
2026-09-01 03:21:19.948235: Current learning rate: 0.00657
2026-09-01 03:22:59.043440: train_loss -0.539
2026-09-01 03:22:59.044803: val_loss -0.5194
2026-09-01 03:22:59.045699: Pseudo dice [np.float32(0.1196)]
2026-09-01 03:22:59.046564: Epoch time: 99.1 s
2026-09-01 03:22:59.047456: Yayy! New best EMA pseudo Dice: 0.08630000054836273
2026-09-01 03:23:01.194455: 
2026-09-01 03:23:01.195982: Epoch 374
2026-09-01 03:23:01.196863: Current learning rate: 0.00656
2026-09-01 03:24:40.534821: train_loss -0.5247
2026-09-01 03:24:40.536370: val_loss -0.5238
2026-09-01 03:24:40.537374: Pseudo dice [np.float32(0.0929)]
2026-09-01 03:24:40.538226: Epoch time: 99.34 s
2026-09-01 03:24:40.539005: Yayy! New best EMA pseudo Dice: 0.08699999749660492
2026-09-01 03:24:43.086920: 
2026-09-01 03:24:43.088186: Epoch 375
2026-09-01 03:24:43.089168: Current learning rate: 0.00655
2026-09-01 03:26:22.327309: train_loss -0.542
2026-09-01 03:26:22.333709: val_loss -0.5144
2026-09-01 03:26:22.334978: Pseudo dice [np.float32(0.1031)]
2026-09-01 03:26:22.336082: Epoch time: 99.22 s
2026-09-01 03:26:22.337156: Yayy! New best EMA pseudo Dice: 0.08860000222921371
2026-09-01 03:26:24.750501: 
2026-09-01 03:26:24.751855: Epoch 376
2026-09-01 03:26:24.752770: Current learning rate: 0.00654
2026-09-01 03:28:02.218745: train_loss -0.5126
2026-09-01 03:28:02.219870: val_loss -0.5144
2026-09-01 03:28:02.220761: Pseudo dice [np.float32(0.0334)]
2026-09-01 03:28:02.221617: Epoch time: 97.47 s
2026-09-01 03:28:03.147650: 
2026-09-01 03:28:03.148972: Epoch 377
2026-09-01 03:28:03.149774: Current learning rate: 0.00653
2026-09-01 03:29:41.943012: train_loss -0.5098
2026-09-01 03:29:41.949523: val_loss -0.5144
2026-09-01 03:29:41.950793: Pseudo dice [np.float32(0.0362)]
2026-09-01 03:29:41.951874: Epoch time: 98.8 s
2026-09-01 03:29:43.202025: 
2026-09-01 03:29:43.203648: Epoch 378
2026-09-01 03:29:43.204528: Current learning rate: 0.00652
2026-09-01 03:31:21.777040: train_loss -0.5088
2026-09-01 03:31:21.778159: val_loss -0.4816
2026-09-01 03:31:21.779079: Pseudo dice [np.float32(0.0582)]
2026-09-01 03:31:21.779835: Epoch time: 98.58 s
2026-09-01 03:31:22.710064: 
2026-09-01 03:31:22.711360: Epoch 379
2026-09-01 03:31:22.712200: Current learning rate: 0.00651
2026-09-01 03:33:01.805764: train_loss -0.5185
2026-09-01 03:33:01.807214: val_loss -0.57
2026-09-01 03:33:01.808412: Pseudo dice [np.float32(0.0709)]
2026-09-01 03:33:01.809238: Epoch time: 99.1 s
2026-09-01 03:33:02.738814: 
2026-09-01 03:33:02.740164: Epoch 380
2026-09-01 03:33:02.741026: Current learning rate: 0.0065
2026-09-01 03:34:40.447257: train_loss -0.5215
2026-09-01 03:34:40.448704: val_loss -0.5481
2026-09-01 03:34:40.449981: Pseudo dice [np.float32(0.0976)]
2026-09-01 03:34:40.451003: Epoch time: 97.71 s
2026-09-01 03:34:41.379790: 
2026-09-01 03:34:41.381058: Epoch 381
2026-09-01 03:34:41.382061: Current learning rate: 0.00649
2026-09-01 03:36:20.478859: train_loss -0.516
2026-09-01 03:36:20.480317: val_loss -0.5406
2026-09-01 03:36:20.481650: Pseudo dice [np.float32(0.1376)]
2026-09-01 03:36:20.482586: Epoch time: 99.1 s
2026-09-01 03:36:21.415744: 
2026-09-01 03:36:21.416987: Epoch 382
2026-09-01 03:36:21.417939: Current learning rate: 0.00648
2026-09-01 03:38:02.135898: train_loss -0.5248
2026-09-01 03:38:02.140838: val_loss -0.5498
2026-09-01 03:38:02.142632: Pseudo dice [np.float32(0.084)]
2026-09-01 03:38:02.143836: Epoch time: 100.72 s
2026-09-01 03:38:03.231698: 
2026-09-01 03:38:03.233221: Epoch 383
2026-09-01 03:38:03.234130: Current learning rate: 0.00648
2026-09-01 03:39:41.838457: train_loss -0.5327
2026-09-01 03:39:41.839548: val_loss -0.5257
2026-09-01 03:39:41.840527: Pseudo dice [np.float32(0.0604)]
2026-09-01 03:39:41.841353: Epoch time: 98.61 s
2026-09-01 03:39:42.766541: 
2026-09-01 03:39:42.767682: Epoch 384
2026-09-01 03:39:42.768544: Current learning rate: 0.00647
2026-09-01 03:41:21.389310: train_loss -0.5185
2026-09-01 03:41:21.390788: val_loss -0.5623
2026-09-01 03:41:21.392191: Pseudo dice [np.float32(0.0815)]
2026-09-01 03:41:21.393239: Epoch time: 98.63 s
2026-09-01 03:41:22.326076: 
2026-09-01 03:41:22.327296: Epoch 385
2026-09-01 03:41:22.328219: Current learning rate: 0.00646
2026-09-01 03:43:02.264655: train_loss -0.5335
2026-09-01 03:43:02.266061: val_loss -0.5341
2026-09-01 03:43:02.267092: Pseudo dice [np.float32(0.1411)]
2026-09-01 03:43:02.267928: Epoch time: 99.94 s
2026-09-01 03:43:03.193842: 
2026-09-01 03:43:03.195343: Epoch 386
2026-09-01 03:43:03.196262: Current learning rate: 0.00645
2026-09-01 03:44:45.573630: train_loss -0.5214
2026-09-01 03:44:45.575245: val_loss -0.5551
2026-09-01 03:44:45.576526: Pseudo dice [np.float32(0.1218)]
2026-09-01 03:44:45.577443: Epoch time: 102.38 s
2026-09-01 03:44:45.578505: Yayy! New best EMA pseudo Dice: 0.09099999815225601
2026-09-01 03:44:48.015983: 
2026-09-01 03:44:48.017348: Epoch 387
2026-09-01 03:44:48.018164: Current learning rate: 0.00644
2026-09-01 03:46:26.132346: train_loss -0.5331
2026-09-01 03:46:26.134218: val_loss -0.5388
2026-09-01 03:46:26.135345: Pseudo dice [np.float32(0.0655)]
2026-09-01 03:46:26.136427: Epoch time: 98.12 s
2026-09-01 03:46:27.074278: 
2026-09-01 03:46:27.075635: Epoch 388
2026-09-01 03:46:27.076433: Current learning rate: 0.00643
2026-09-01 03:48:07.348103: train_loss -0.5204
2026-09-01 03:48:07.363983: val_loss -0.5682
2026-09-01 03:48:07.365486: Pseudo dice [np.float32(0.072)]
2026-09-01 03:48:07.366627: Epoch time: 100.28 s
2026-09-01 03:48:08.426206: 
2026-09-01 03:48:08.427464: Epoch 389
2026-09-01 03:48:08.428248: Current learning rate: 0.00642
2026-09-01 03:49:48.208262: train_loss -0.5221
2026-09-01 03:49:48.209555: val_loss -0.5379
2026-09-01 03:49:48.210683: Pseudo dice [np.float32(0.0996)]
2026-09-01 03:49:48.211505: Epoch time: 99.78 s
2026-09-01 03:49:49.147473: 
2026-09-01 03:49:49.148810: Epoch 390
2026-09-01 03:49:49.149833: Current learning rate: 0.00641
2026-09-01 03:51:28.386411: train_loss -0.5174
2026-09-01 03:51:28.388076: val_loss -0.5302
2026-09-01 03:51:28.389019: Pseudo dice [np.float32(0.019)]
2026-09-01 03:51:28.389863: Epoch time: 99.24 s
2026-09-01 03:51:29.314911: 
2026-09-01 03:51:29.316228: Epoch 391
2026-09-01 03:51:29.317566: Current learning rate: 0.0064
2026-09-01 03:53:08.326293: train_loss -0.5238
2026-09-01 03:53:08.327410: val_loss -0.5332
2026-09-01 03:53:08.328335: Pseudo dice [np.float32(0.0647)]
2026-09-01 03:53:08.329191: Epoch time: 99.01 s
2026-09-01 03:53:09.284560: 
2026-09-01 03:53:09.285675: Epoch 392
2026-09-01 03:53:09.286576: Current learning rate: 0.00639
2026-09-01 03:54:50.192332: train_loss -0.5167
2026-09-01 03:54:50.267572: val_loss -0.548
2026-09-01 03:54:50.269000: Pseudo dice [np.float32(0.0844)]
2026-09-01 03:54:50.269912: Epoch time: 100.91 s
2026-09-01 03:54:51.415246: 
2026-09-01 03:54:51.416712: Epoch 393
2026-09-01 03:54:51.417835: Current learning rate: 0.00638
2026-09-01 03:56:34.479604: train_loss -0.5158
2026-09-01 03:56:34.483427: val_loss -0.5408
2026-09-01 03:56:34.484750: Pseudo dice [np.float32(0.0869)]
2026-09-01 03:56:34.485650: Epoch time: 103.07 s
2026-09-01 03:56:35.424155: 
2026-09-01 03:56:35.425535: Epoch 394
2026-09-01 03:56:35.426549: Current learning rate: 0.00637
2026-09-01 03:58:15.046754: train_loss -0.525
2026-09-01 03:58:15.048223: val_loss -0.5346
2026-09-01 03:58:15.049627: Pseudo dice [np.float32(0.0818)]
2026-09-01 03:58:15.050530: Epoch time: 99.63 s
2026-09-01 03:58:15.973643: 
2026-09-01 03:58:15.974851: Epoch 395
2026-09-01 03:58:15.975688: Current learning rate: 0.00636
2026-09-01 03:59:55.137731: train_loss -0.5112
2026-09-01 03:59:55.139105: val_loss -0.5325
2026-09-01 03:59:55.140029: Pseudo dice [np.float32(0.0365)]
2026-09-01 03:59:55.140965: Epoch time: 99.17 s
2026-09-01 03:59:56.351209: 
2026-09-01 03:59:56.352715: Epoch 396
2026-09-01 03:59:56.353693: Current learning rate: 0.00635
2026-09-01 04:01:34.719292: train_loss -0.5183
2026-09-01 04:01:34.720749: val_loss -0.5524
2026-09-01 04:01:34.721671: Pseudo dice [np.float32(0.0996)]
2026-09-01 04:01:34.722483: Epoch time: 98.37 s
2026-09-01 04:01:35.662713: 
2026-09-01 04:01:35.663908: Epoch 397
2026-09-01 04:01:35.664713: Current learning rate: 0.00634
2026-09-01 04:03:14.013901: train_loss -0.5174
2026-09-01 04:03:14.015353: val_loss -0.5255
2026-09-01 04:03:14.016622: Pseudo dice [np.float32(0.0276)]
2026-09-01 04:03:14.017474: Epoch time: 98.35 s
2026-09-01 04:03:14.951952: 
2026-09-01 04:03:14.953254: Epoch 398
2026-09-01 04:03:14.954059: Current learning rate: 0.00633
2026-09-01 04:04:53.066161: train_loss -0.5456
2026-09-01 04:04:53.067531: val_loss -0.5267
2026-09-01 04:04:53.068537: Pseudo dice [np.float32(0.0898)]
2026-09-01 04:04:53.069482: Epoch time: 98.12 s
2026-09-01 04:04:53.993787: 
2026-09-01 04:04:53.995025: Epoch 399
2026-09-01 04:04:53.995893: Current learning rate: 0.00632
2026-09-01 04:06:32.427218: train_loss -0.5067
2026-09-01 04:06:32.428348: val_loss -0.4991
2026-09-01 04:06:32.429348: Pseudo dice [np.float32(0.0213)]
2026-09-01 04:06:32.430441: Epoch time: 98.44 s
2026-09-01 04:06:34.811642: 
2026-09-01 04:06:34.813032: Epoch 400
2026-09-01 04:06:34.814104: Current learning rate: 0.00631
2026-09-01 04:08:13.496635: train_loss -0.5142
2026-09-01 04:08:13.497806: val_loss -0.5117
2026-09-01 04:08:13.498796: Pseudo dice [np.float32(0.0276)]
2026-09-01 04:08:13.499749: Epoch time: 98.69 s
2026-09-01 04:08:14.431127: 
2026-09-01 04:08:14.432418: Epoch 401
2026-09-01 04:08:14.433391: Current learning rate: 0.0063
2026-09-01 04:09:53.723230: train_loss -0.5133
2026-09-01 04:09:53.724353: val_loss -0.5561
2026-09-01 04:09:53.725256: Pseudo dice [np.float32(0.0939)]
2026-09-01 04:09:53.726092: Epoch time: 99.29 s
2026-09-01 04:09:54.660529: 
2026-09-01 04:09:54.661972: Epoch 402
2026-09-01 04:09:54.663049: Current learning rate: 0.0063
2026-09-01 04:11:34.686909: train_loss -0.5263
2026-09-01 04:11:34.688151: val_loss -0.5096
2026-09-01 04:11:34.689149: Pseudo dice [np.float32(0.065)]
2026-09-01 04:11:34.690176: Epoch time: 100.03 s
2026-09-01 04:11:35.623348: 
2026-09-01 04:11:35.624629: Epoch 403
2026-09-01 04:11:35.625772: Current learning rate: 0.00629
2026-09-01 04:13:14.427118: train_loss -0.5246
2026-09-01 04:13:14.428401: val_loss -0.5266
2026-09-01 04:13:14.429569: Pseudo dice [np.float32(0.102)]
2026-09-01 04:13:14.430622: Epoch time: 98.81 s
2026-09-01 04:13:15.368636: 
2026-09-01 04:13:15.369872: Epoch 404
2026-09-01 04:13:15.370704: Current learning rate: 0.00628
2026-09-01 04:14:52.338629: train_loss -0.5195
2026-09-01 04:14:52.340134: val_loss -0.5679
2026-09-01 04:14:52.341087: Pseudo dice [np.float32(0.1005)]
2026-09-01 04:14:52.342029: Epoch time: 96.97 s
2026-09-01 04:14:54.260250: 
2026-09-01 04:14:54.261603: Epoch 405
2026-09-01 04:14:54.262689: Current learning rate: 0.00627
2026-09-01 04:16:31.632850: train_loss -0.5224
2026-09-01 04:16:31.634526: val_loss -0.5379
2026-09-01 04:16:31.635911: Pseudo dice [np.float32(0.0349)]
2026-09-01 04:16:31.637115: Epoch time: 97.38 s
2026-09-01 04:16:32.566093: 
2026-09-01 04:16:32.567461: Epoch 406
2026-09-01 04:16:32.568554: Current learning rate: 0.00626
2026-09-01 04:18:15.266756: train_loss -0.5241
2026-09-01 04:18:15.268437: val_loss -0.5701
2026-09-01 04:18:15.269558: Pseudo dice [np.float32(0.1344)]
2026-09-01 04:18:15.270571: Epoch time: 102.7 s
2026-09-01 04:18:16.289790: 
2026-09-01 04:18:16.291555: Epoch 407
2026-09-01 04:18:16.292860: Current learning rate: 0.00625
2026-09-01 04:19:56.032699: train_loss -0.5292
2026-09-01 04:19:56.035613: val_loss -0.5337
2026-09-01 04:19:56.036874: Pseudo dice [np.float32(0.0654)]
2026-09-01 04:19:56.038167: Epoch time: 99.75 s
2026-09-01 04:19:57.350719: 
2026-09-01 04:19:57.352264: Epoch 408
2026-09-01 04:19:57.353299: Current learning rate: 0.00624
2026-09-01 04:21:35.889468: train_loss -0.5147
2026-09-01 04:21:35.890650: val_loss -0.5724
2026-09-01 04:21:35.891530: Pseudo dice [np.float32(0.1422)]
2026-09-01 04:21:35.892375: Epoch time: 98.54 s
2026-09-01 04:21:36.821490: 
2026-09-01 04:21:36.822769: Epoch 409
2026-09-01 04:21:36.823719: Current learning rate: 0.00623
2026-09-01 04:23:15.576270: train_loss -0.5369
2026-09-01 04:23:15.577509: val_loss -0.5526
2026-09-01 04:23:15.578533: Pseudo dice [np.float32(0.0495)]
2026-09-01 04:23:15.579487: Epoch time: 98.76 s
2026-09-01 04:23:16.524755: 
2026-09-01 04:23:16.526088: Epoch 410
2026-09-01 04:23:16.526992: Current learning rate: 0.00622
2026-09-01 04:24:56.650619: train_loss -0.5263
2026-09-01 04:24:56.652191: val_loss -0.5841
2026-09-01 04:24:56.653351: Pseudo dice [np.float32(0.1024)]
2026-09-01 04:24:56.654284: Epoch time: 100.13 s
2026-09-01 04:24:57.567670: 
2026-09-01 04:24:57.569211: Epoch 411
2026-09-01 04:24:57.570473: Current learning rate: 0.00621
2026-09-01 04:26:36.274080: train_loss -0.5101
2026-09-01 04:26:36.276477: val_loss -0.5208
2026-09-01 04:26:36.277418: Pseudo dice [np.float32(0.0491)]
2026-09-01 04:26:36.278248: Epoch time: 98.71 s
2026-09-01 04:26:37.175136: 
2026-09-01 04:26:37.176580: Epoch 412
2026-09-01 04:26:37.177449: Current learning rate: 0.0062
2026-09-01 04:28:15.107102: train_loss -0.5246
2026-09-01 04:28:15.110864: val_loss -0.5712
2026-09-01 04:28:15.112247: Pseudo dice [np.float32(0.0686)]
2026-09-01 04:28:15.113305: Epoch time: 97.93 s
2026-09-01 04:28:16.008141: 
2026-09-01 04:28:16.010365: Epoch 413
2026-09-01 04:28:16.011682: Current learning rate: 0.00619
2026-09-01 04:29:53.878089: train_loss -0.524
2026-09-01 04:29:53.879663: val_loss -0.5644
2026-09-01 04:29:53.880579: Pseudo dice [np.float32(0.0721)]
2026-09-01 04:29:53.881395: Epoch time: 97.87 s
2026-09-01 04:29:54.781575: 
2026-09-01 04:29:54.782897: Epoch 414
2026-09-01 04:29:54.783739: Current learning rate: 0.00618
2026-09-01 04:31:32.605027: train_loss -0.5309
2026-09-01 04:31:32.606464: val_loss -0.5279
2026-09-01 04:31:32.607427: Pseudo dice [np.float32(0.0235)]
2026-09-01 04:31:32.608384: Epoch time: 97.83 s
2026-09-01 04:31:33.517421: 
2026-09-01 04:31:33.518877: Epoch 415
2026-09-01 04:31:33.520003: Current learning rate: 0.00617
2026-09-01 04:33:12.544029: train_loss -0.511
2026-09-01 04:33:12.545312: val_loss -0.5219
2026-09-01 04:33:12.546282: Pseudo dice [np.float32(0.038)]
2026-09-01 04:33:12.547087: Epoch time: 99.03 s
2026-09-01 04:33:13.465996: 
2026-09-01 04:33:13.467239: Epoch 416
2026-09-01 04:33:13.468089: Current learning rate: 0.00616
2026-09-01 04:34:50.668743: train_loss -0.509
2026-09-01 04:34:50.670099: val_loss -0.4848
2026-09-01 04:34:50.671151: Pseudo dice [np.float32(0.0458)]
2026-09-01 04:34:50.672115: Epoch time: 97.21 s
2026-09-01 04:34:51.585647: 
2026-09-01 04:34:51.587048: Epoch 417
2026-09-01 04:34:51.587842: Current learning rate: 0.00615
2026-09-01 04:36:29.873583: train_loss -0.5181
2026-09-01 04:36:29.874643: val_loss -0.5442
2026-09-01 04:36:29.875464: Pseudo dice [np.float32(0.0585)]
2026-09-01 04:36:29.876312: Epoch time: 98.29 s
2026-09-01 04:36:30.800904: 
2026-09-01 04:36:30.802191: Epoch 418
2026-09-01 04:36:30.803021: Current learning rate: 0.00614
2026-09-01 04:38:08.279888: train_loss -0.5132
2026-09-01 04:38:08.281287: val_loss -0.5464
2026-09-01 04:38:08.282223: Pseudo dice [np.float32(0.1168)]
2026-09-01 04:38:08.285636: Epoch time: 97.48 s
2026-09-01 04:38:09.209171: 
2026-09-01 04:38:09.210306: Epoch 419
2026-09-01 04:38:09.211154: Current learning rate: 0.00613
2026-09-01 04:39:48.315701: train_loss -0.5273
2026-09-01 04:39:48.317064: val_loss -0.5362
2026-09-01 04:39:48.318150: Pseudo dice [np.float32(0.0739)]
2026-09-01 04:39:48.319031: Epoch time: 99.11 s
2026-09-01 04:39:49.229035: 
2026-09-01 04:39:49.230352: Epoch 420
2026-09-01 04:39:49.231263: Current learning rate: 0.00612
2026-09-01 04:41:35.170174: train_loss -0.5142
2026-09-01 04:41:35.171795: val_loss -0.5343
2026-09-01 04:41:35.172712: Pseudo dice [np.float32(0.0201)]
2026-09-01 04:41:35.173513: Epoch time: 105.94 s
2026-09-01 04:41:36.168413: 
2026-09-01 04:41:36.169725: Epoch 421
2026-09-01 04:41:36.170690: Current learning rate: 0.00612
2026-09-01 04:43:15.912054: train_loss -0.5268
2026-09-01 04:43:15.913304: val_loss -0.5449
2026-09-01 04:43:15.914231: Pseudo dice [np.float32(0.0418)]
2026-09-01 04:43:15.915113: Epoch time: 99.75 s
2026-09-01 04:43:16.830315: 
2026-09-01 04:43:16.831742: Epoch 422
2026-09-01 04:43:16.832640: Current learning rate: 0.00611
2026-09-01 04:45:05.138873: train_loss -0.531
2026-09-01 04:45:05.140370: val_loss -0.5537
2026-09-01 04:45:05.141377: Pseudo dice [np.float32(0.0837)]
2026-09-01 04:45:05.142314: Epoch time: 108.31 s
2026-09-01 04:45:06.349035: 
2026-09-01 04:45:06.350656: Epoch 423
2026-09-01 04:45:06.354469: Current learning rate: 0.0061
2026-09-01 04:46:45.708602: train_loss -0.5376
2026-09-01 04:46:45.710086: val_loss -0.5446
2026-09-01 04:46:45.711008: Pseudo dice [np.float32(0.0854)]
2026-09-01 04:46:45.711844: Epoch time: 99.36 s
2026-09-01 04:46:46.624736: 
2026-09-01 04:46:46.625968: Epoch 424
2026-09-01 04:46:46.626992: Current learning rate: 0.00609
2026-09-01 04:48:26.669152: train_loss -0.5144
2026-09-01 04:48:26.670424: val_loss -0.5552
2026-09-01 04:48:26.671291: Pseudo dice [np.float32(0.0752)]
2026-09-01 04:48:26.672179: Epoch time: 100.05 s
2026-09-01 04:48:27.664625: 
2026-09-01 04:48:27.666041: Epoch 425
2026-09-01 04:48:27.667178: Current learning rate: 0.00608
2026-09-01 04:50:08.841468: train_loss -0.523
2026-09-01 04:50:08.846711: val_loss -0.5024
2026-09-01 04:50:08.849851: Pseudo dice [np.float32(0.0489)]
2026-09-01 04:50:08.850812: Epoch time: 101.18 s
2026-09-01 04:50:09.832778: 
2026-09-01 04:50:09.833961: Epoch 426
2026-09-01 04:50:09.834900: Current learning rate: 0.00607
2026-09-01 04:51:50.449226: train_loss -0.5308
2026-09-01 04:51:50.450376: val_loss -0.5437
2026-09-01 04:51:50.451345: Pseudo dice [np.float32(0.0658)]
2026-09-01 04:51:50.452210: Epoch time: 100.62 s
2026-09-01 04:51:51.368297: 
2026-09-01 04:51:51.369685: Epoch 427
2026-09-01 04:51:51.370524: Current learning rate: 0.00606
2026-09-01 04:53:30.164418: train_loss -0.5263
2026-09-01 04:53:30.165756: val_loss -0.5251
2026-09-01 04:53:30.166865: Pseudo dice [np.float32(0.0655)]
2026-09-01 04:53:30.170936: Epoch time: 98.8 s
2026-09-01 04:53:31.102980: 
2026-09-01 04:53:31.104348: Epoch 428
2026-09-01 04:53:31.105258: Current learning rate: 0.00605
2026-09-01 04:55:10.963781: train_loss -0.5508
2026-09-01 04:55:10.965256: val_loss -0.5754
2026-09-01 04:55:10.966233: Pseudo dice [np.float32(0.1713)]
2026-09-01 04:55:10.967062: Epoch time: 99.86 s
2026-09-01 04:55:11.872472: 
2026-09-01 04:55:11.873601: Epoch 429
2026-09-01 04:55:11.874413: Current learning rate: 0.00604
2026-09-01 04:56:50.370538: train_loss -0.5429
2026-09-01 04:56:50.372268: val_loss -0.5302
2026-09-01 04:56:50.373079: Pseudo dice [np.float32(0.1351)]
2026-09-01 04:56:50.373833: Epoch time: 98.5 s
2026-09-01 04:56:51.262112: 
2026-09-01 04:56:51.263428: Epoch 430
2026-09-01 04:56:51.264358: Current learning rate: 0.00603
2026-09-01 04:58:29.950841: train_loss -0.5329
2026-09-01 04:58:29.951996: val_loss -0.5559
2026-09-01 04:58:29.953152: Pseudo dice [np.float32(0.1264)]
2026-09-01 04:58:29.954077: Epoch time: 98.69 s
2026-09-01 04:58:30.847139: 
2026-09-01 04:58:30.848203: Epoch 431
2026-09-01 04:58:30.848991: Current learning rate: 0.00602
2026-09-01 05:00:09.259267: train_loss -0.5375
2026-09-01 05:00:09.260458: val_loss -0.563
2026-09-01 05:00:09.261446: Pseudo dice [np.float32(0.1276)]
2026-09-01 05:00:09.262320: Epoch time: 98.41 s
2026-09-01 05:00:10.168707: 
2026-09-01 05:00:10.169980: Epoch 432
2026-09-01 05:00:10.170877: Current learning rate: 0.00601
2026-09-01 05:01:50.078760: train_loss -0.5214
2026-09-01 05:01:50.083802: val_loss -0.5351
2026-09-01 05:01:50.085154: Pseudo dice [np.float32(0.0582)]
2026-09-01 05:01:50.086090: Epoch time: 99.91 s
2026-09-01 05:01:51.244686: 
2026-09-01 05:01:51.246153: Epoch 433
2026-09-01 05:01:51.246948: Current learning rate: 0.006
2026-09-01 05:03:30.958366: train_loss -0.5307
2026-09-01 05:03:30.959621: val_loss -0.5527
2026-09-01 05:03:30.960652: Pseudo dice [np.float32(0.1313)]
2026-09-01 05:03:30.961574: Epoch time: 99.72 s
2026-09-01 05:03:30.962551: Yayy! New best EMA pseudo Dice: 0.09200000017881393
2026-09-01 05:03:33.304664: 
2026-09-01 05:03:33.306176: Epoch 434
2026-09-01 05:03:33.307056: Current learning rate: 0.00599
2026-09-01 05:05:13.158799: train_loss -0.5308
2026-09-01 05:05:13.160126: val_loss -0.548
2026-09-01 05:05:13.161007: Pseudo dice [np.float32(0.0529)]
2026-09-01 05:05:13.162057: Epoch time: 99.86 s
2026-09-01 05:05:14.073669: 
2026-09-01 05:05:14.075183: Epoch 435
2026-09-01 05:05:14.076186: Current learning rate: 0.00598
2026-09-01 05:06:52.786932: train_loss -0.5366
2026-09-01 05:06:52.788233: val_loss -0.581
2026-09-01 05:06:52.789355: Pseudo dice [np.float32(0.1318)]
2026-09-01 05:06:52.790170: Epoch time: 98.72 s
2026-09-01 05:06:52.790913: Yayy! New best EMA pseudo Dice: 0.0925000011920929
2026-09-01 05:06:54.967111: 
2026-09-01 05:06:54.968157: Epoch 436
2026-09-01 05:06:54.968926: Current learning rate: 0.00597
2026-09-01 05:08:34.733951: train_loss -0.5222
2026-09-01 05:08:34.737323: val_loss -0.5577
2026-09-01 05:08:34.740505: Pseudo dice [np.float32(0.0579)]
2026-09-01 05:08:34.741505: Epoch time: 99.77 s
2026-09-01 05:08:35.959438: 
2026-09-01 05:08:35.960999: Epoch 437
2026-09-01 05:08:35.961958: Current learning rate: 0.00596
2026-09-01 05:10:15.034291: train_loss -0.5337
2026-09-01 05:10:15.035365: val_loss -0.535
2026-09-01 05:10:15.036185: Pseudo dice [np.float32(0.0849)]
2026-09-01 05:10:15.037000: Epoch time: 99.08 s
2026-09-01 05:10:15.957839: 
2026-09-01 05:10:15.959209: Epoch 438
2026-09-01 05:10:15.960032: Current learning rate: 0.00595
2026-09-01 05:11:55.629840: train_loss -0.5309
2026-09-01 05:11:55.631748: val_loss -0.5025
2026-09-01 05:11:55.632981: Pseudo dice [np.float32(0.1667)]
2026-09-01 05:11:55.634090: Epoch time: 99.67 s
2026-09-01 05:11:55.635051: Yayy! New best EMA pseudo Dice: 0.09640000015497208
2026-09-01 05:11:57.878586: 
2026-09-01 05:11:57.879795: Epoch 439
2026-09-01 05:11:57.880692: Current learning rate: 0.00594
2026-09-01 05:13:36.049350: train_loss -0.5375
2026-09-01 05:13:36.050696: val_loss -0.5574
2026-09-01 05:13:36.051665: Pseudo dice [np.float32(0.1318)]
2026-09-01 05:13:36.052615: Epoch time: 98.17 s
2026-09-01 05:13:36.053587: Yayy! New best EMA pseudo Dice: 0.09989999979734421
2026-09-01 05:13:38.172948: 
2026-09-01 05:13:38.174124: Epoch 440
2026-09-01 05:13:38.174973: Current learning rate: 0.00593
2026-09-01 05:15:15.398933: train_loss -0.521
2026-09-01 05:15:15.400249: val_loss -0.5505
2026-09-01 05:15:15.401081: Pseudo dice [np.float32(0.0827)]
2026-09-01 05:15:15.401876: Epoch time: 97.23 s
2026-09-01 05:15:16.301510: 
2026-09-01 05:15:16.302721: Epoch 441
2026-09-01 05:15:16.303488: Current learning rate: 0.00592
2026-09-01 05:16:55.471783: train_loss -0.5326
2026-09-01 05:16:55.472975: val_loss -0.5438
2026-09-01 05:16:55.473877: Pseudo dice [np.float32(0.1066)]
2026-09-01 05:16:55.474688: Epoch time: 99.17 s
2026-09-01 05:16:56.410769: 
2026-09-01 05:16:56.412609: Epoch 442
2026-09-01 05:16:56.413875: Current learning rate: 0.00592
2026-09-01 05:18:37.012802: train_loss -0.5054
2026-09-01 05:18:37.014307: val_loss -0.5609
2026-09-01 05:18:37.015276: Pseudo dice [np.float32(0.0807)]
2026-09-01 05:18:37.016118: Epoch time: 100.61 s
2026-09-01 05:18:37.935846: 
2026-09-01 05:18:37.937430: Epoch 443
2026-09-01 05:18:37.938623: Current learning rate: 0.00591
2026-09-01 05:20:21.271876: train_loss -0.5445
2026-09-01 05:20:21.273328: val_loss -0.5058
2026-09-01 05:20:21.274402: Pseudo dice [np.float32(0.3414)]
2026-09-01 05:20:21.275359: Epoch time: 103.34 s
2026-09-01 05:20:21.276185: Yayy! New best EMA pseudo Dice: 0.12160000205039978
2026-09-01 05:20:23.818761: 
2026-09-01 05:20:23.820211: Epoch 444
2026-09-01 05:20:23.821177: Current learning rate: 0.0059
2026-09-01 05:22:05.370298: train_loss -0.5176
2026-09-01 05:22:05.371524: val_loss -0.5487
2026-09-01 05:22:05.372590: Pseudo dice [np.float32(0.0621)]
2026-09-01 05:22:05.373476: Epoch time: 101.55 s
2026-09-01 05:22:06.302345: 
2026-09-01 05:22:06.303720: Epoch 445
2026-09-01 05:22:06.304888: Current learning rate: 0.00589
2026-09-01 05:23:45.994172: train_loss -0.5174
2026-09-01 05:23:46.013769: val_loss -0.5537
2026-09-01 05:23:46.015085: Pseudo dice [np.float32(0.0754)]
2026-09-01 05:23:46.016013: Epoch time: 99.69 s
2026-09-01 05:23:47.067415: 
2026-09-01 05:23:47.069234: Epoch 446
2026-09-01 05:23:47.070426: Current learning rate: 0.00588
2026-09-01 05:25:31.549591: train_loss -0.5342
2026-09-01 05:25:31.566964: val_loss -0.5385
2026-09-01 05:25:31.570095: Pseudo dice [np.float32(0.0668)]
2026-09-01 05:25:31.571179: Epoch time: 104.48 s
2026-09-01 05:25:32.474782: 
2026-09-01 05:25:32.476115: Epoch 447
2026-09-01 05:25:32.477237: Current learning rate: 0.00587
2026-09-01 05:27:13.475357: train_loss -0.5456
2026-09-01 05:27:13.481956: val_loss -0.566
2026-09-01 05:27:13.483298: Pseudo dice [np.float32(0.0784)]
2026-09-01 05:27:13.484695: Epoch time: 101.0 s
2026-09-01 05:27:14.529049: 
2026-09-01 05:27:14.544346: Epoch 448
2026-09-01 05:27:14.545318: Current learning rate: 0.00586
2026-09-01 05:28:54.798896: train_loss -0.5454
2026-09-01 05:28:54.801993: val_loss -0.5197
2026-09-01 05:28:54.806112: Pseudo dice [np.float32(0.1489)]
2026-09-01 05:28:54.809322: Epoch time: 100.27 s
2026-09-01 05:28:55.700304: 
2026-09-01 05:28:55.701883: Epoch 449
2026-09-01 05:28:55.702853: Current learning rate: 0.00585
2026-09-01 05:30:35.089615: train_loss -0.5324
2026-09-01 05:30:35.091155: val_loss -0.5105
2026-09-01 05:30:35.092523: Pseudo dice [np.float32(0.0274)]
2026-09-01 05:30:35.093539: Epoch time: 99.39 s
2026-09-01 05:30:37.002089: 
2026-09-01 05:30:37.003465: Epoch 450
2026-09-01 05:30:37.004512: Current learning rate: 0.00584
2026-09-01 05:32:15.666791: train_loss -0.5222
2026-09-01 05:32:15.668166: val_loss -0.527
2026-09-01 05:32:15.669364: Pseudo dice [np.float32(0.0479)]
2026-09-01 05:32:15.670462: Epoch time: 98.67 s
2026-09-01 05:32:16.535769: 
2026-09-01 05:32:16.537189: Epoch 451
2026-09-01 05:32:16.537999: Current learning rate: 0.00583
2026-09-01 05:33:55.939832: train_loss -0.5241
2026-09-01 05:33:55.944502: val_loss -0.5459
2026-09-01 05:33:55.948383: Pseudo dice [np.float32(0.0482)]
2026-09-01 05:33:55.949267: Epoch time: 99.41 s
2026-09-01 05:33:56.840903: 
2026-09-01 05:33:56.842180: Epoch 452
2026-09-01 05:33:56.843297: Current learning rate: 0.00582
2026-09-01 05:35:35.964949: train_loss -0.5222
2026-09-01 05:35:35.966468: val_loss -0.5246
2026-09-01 05:35:35.967413: Pseudo dice [np.float32(0.0455)]
2026-09-01 05:35:35.968291: Epoch time: 99.13 s
2026-09-01 05:35:37.100258: 
2026-09-01 05:35:37.101954: Epoch 453
2026-09-01 05:35:37.102979: Current learning rate: 0.00581
2026-09-01 05:37:22.724404: train_loss -0.5349
2026-09-01 05:37:22.726049: val_loss -0.5354
2026-09-01 05:37:22.727350: Pseudo dice [np.float32(0.0661)]
2026-09-01 05:37:22.731983: Epoch time: 105.63 s
2026-09-01 05:37:23.700276: 
2026-09-01 05:37:23.701695: Epoch 454
2026-09-01 05:37:23.702642: Current learning rate: 0.0058
2026-09-01 05:39:04.544436: train_loss -0.5089
2026-09-01 05:39:04.545818: val_loss -0.5011
2026-09-01 05:39:04.547294: Pseudo dice [np.float32(0.0369)]
2026-09-01 05:39:04.548505: Epoch time: 100.85 s
2026-09-01 05:39:05.443766: 
2026-09-01 05:39:05.445352: Epoch 455
2026-09-01 05:39:05.446367: Current learning rate: 0.00579
2026-09-01 05:40:47.923519: train_loss -0.5329
2026-09-01 05:40:47.930003: val_loss -0.551
2026-09-01 05:40:47.931283: Pseudo dice [np.float32(0.042)]
2026-09-01 05:40:47.932307: Epoch time: 102.48 s
2026-09-01 05:40:49.167070: 
2026-09-01 05:40:49.168377: Epoch 456
2026-09-01 05:40:49.169444: Current learning rate: 0.00578
2026-09-01 05:42:29.922197: train_loss -0.5537
2026-09-01 05:42:29.923663: val_loss -0.5429
2026-09-01 05:42:29.924613: Pseudo dice [np.float32(0.1554)]
2026-09-01 05:42:29.925442: Epoch time: 100.76 s
2026-09-01 05:42:30.801905: 
2026-09-01 05:42:30.803305: Epoch 457
2026-09-01 05:42:30.804263: Current learning rate: 0.00577
2026-09-01 05:44:08.762019: train_loss -0.5236
2026-09-01 05:44:08.763523: val_loss -0.5434
2026-09-01 05:44:08.764619: Pseudo dice [np.float32(0.0783)]
2026-09-01 05:44:08.765790: Epoch time: 97.96 s
2026-09-01 05:44:09.646407: 
2026-09-01 05:44:09.647555: Epoch 458
2026-09-01 05:44:09.648423: Current learning rate: 0.00576
2026-09-01 05:45:47.807307: train_loss -0.5343
2026-09-01 05:45:47.808482: val_loss -0.5151
2026-09-01 05:45:47.809448: Pseudo dice [np.float32(0.0487)]
2026-09-01 05:45:47.810447: Epoch time: 98.16 s
2026-09-01 05:45:48.682571: 
2026-09-01 05:45:48.683810: Epoch 459
2026-09-01 05:45:48.684675: Current learning rate: 0.00575
2026-09-01 05:47:28.367860: train_loss -0.5321
2026-09-01 05:47:28.373284: val_loss -0.493
2026-09-01 05:47:28.377344: Pseudo dice [np.float32(0.0424)]
2026-09-01 05:47:28.378477: Epoch time: 99.69 s
2026-09-01 05:47:29.405937: 
2026-09-01 05:47:29.407185: Epoch 460
2026-09-01 05:47:29.408104: Current learning rate: 0.00574
2026-09-01 05:49:10.091539: train_loss -0.5352
2026-09-01 05:49:10.092986: val_loss -0.5606
2026-09-01 05:49:10.094127: Pseudo dice [np.float32(0.0967)]
2026-09-01 05:49:10.094948: Epoch time: 100.69 s
2026-09-01 05:49:10.967042: 
2026-09-01 05:49:10.968407: Epoch 461
2026-09-01 05:49:10.969341: Current learning rate: 0.00573
2026-09-01 05:50:50.722287: train_loss -0.5497
2026-09-01 05:50:50.726072: val_loss -0.529
2026-09-01 05:50:50.728337: Pseudo dice [np.float32(0.15)]
2026-09-01 05:50:50.729290: Epoch time: 99.76 s
2026-09-01 05:50:51.821606: 
2026-09-01 05:50:51.823188: Epoch 462
2026-09-01 05:50:51.824398: Current learning rate: 0.00572
2026-09-01 05:52:31.277373: train_loss -0.5329
2026-09-01 05:52:31.278575: val_loss -0.55
2026-09-01 05:52:31.279613: Pseudo dice [np.float32(0.1068)]
2026-09-01 05:52:31.280509: Epoch time: 99.46 s
2026-09-01 05:52:32.153876: 
2026-09-01 05:52:32.155299: Epoch 463
2026-09-01 05:52:32.156227: Current learning rate: 0.00571
2026-09-01 05:54:11.113484: train_loss -0.5446
2026-09-01 05:54:11.116609: val_loss -0.5182
2026-09-01 05:54:11.120784: Pseudo dice [np.float32(0.0818)]
2026-09-01 05:54:11.121775: Epoch time: 98.96 s
2026-09-01 05:54:12.071684: 
2026-09-01 05:54:12.073076: Epoch 464
2026-09-01 05:54:12.074031: Current learning rate: 0.0057
2026-09-01 05:55:59.684809: train_loss -0.5184
2026-09-01 05:55:59.691591: val_loss -0.5135
2026-09-01 05:55:59.702428: Pseudo dice [np.float32(0.033)]
2026-09-01 05:55:59.717513: Epoch time: 107.62 s
2026-09-01 05:56:00.900884: 
2026-09-01 05:56:00.915027: Epoch 465
2026-09-01 05:56:00.916405: Current learning rate: 0.0057
2026-09-01 05:57:39.793006: train_loss -0.5326
2026-09-01 05:57:39.794516: val_loss -0.5599
2026-09-01 05:57:39.795598: Pseudo dice [np.float32(0.1044)]
2026-09-01 05:57:39.796457: Epoch time: 98.89 s
2026-09-01 05:57:40.660210: 
2026-09-01 05:57:40.661678: Epoch 466
2026-09-01 05:57:40.662809: Current learning rate: 0.00569
2026-09-01 05:59:19.532251: train_loss -0.54
2026-09-01 05:59:19.535307: val_loss -0.5456
2026-09-01 05:59:19.540667: Pseudo dice [np.float32(0.1429)]
2026-09-01 05:59:19.541607: Epoch time: 98.87 s
2026-09-01 05:59:20.445364: 
2026-09-01 05:59:20.446805: Epoch 467
2026-09-01 05:59:20.447661: Current learning rate: 0.00568
2026-09-01 06:01:00.476009: train_loss -0.5278
2026-09-01 06:01:00.477748: val_loss -0.5433
2026-09-01 06:01:00.478639: Pseudo dice [np.float32(0.0591)]
2026-09-01 06:01:00.479680: Epoch time: 100.04 s
2026-09-01 06:01:01.353641: 
2026-09-01 06:01:01.355107: Epoch 468
2026-09-01 06:01:01.356120: Current learning rate: 0.00567
2026-09-01 06:02:39.657259: train_loss -0.5198
2026-09-01 06:02:39.658508: val_loss -0.5687
2026-09-01 06:02:39.659484: Pseudo dice [np.float32(0.0585)]
2026-09-01 06:02:39.660374: Epoch time: 98.31 s
2026-09-01 06:02:40.527678: 
2026-09-01 06:02:40.528976: Epoch 469
2026-09-01 06:02:40.529843: Current learning rate: 0.00566
2026-09-01 06:04:19.669749: train_loss -0.5353
2026-09-01 06:04:19.671113: val_loss -0.5808
2026-09-01 06:04:19.671958: Pseudo dice [np.float32(0.1128)]
2026-09-01 06:04:19.672735: Epoch time: 99.14 s
2026-09-01 06:04:20.538221: 
2026-09-01 06:04:20.539631: Epoch 470
2026-09-01 06:04:20.540447: Current learning rate: 0.00565
2026-09-01 06:05:57.843117: train_loss -0.5364
2026-09-01 06:05:57.844352: val_loss -0.5599
2026-09-01 06:05:57.845306: Pseudo dice [np.float32(0.1435)]
2026-09-01 06:05:57.846307: Epoch time: 97.31 s
2026-09-01 06:05:58.721982: 
2026-09-01 06:05:58.723009: Epoch 471
2026-09-01 06:05:58.723794: Current learning rate: 0.00564
2026-09-01 06:07:43.821542: train_loss -0.5228
2026-09-01 06:07:43.823149: val_loss -0.5087
2026-09-01 06:07:43.828098: Pseudo dice [np.float32(0.085)]
2026-09-01 06:07:43.829413: Epoch time: 105.1 s
2026-09-01 06:07:45.207802: 
2026-09-01 06:07:45.209119: Epoch 472
2026-09-01 06:07:45.210099: Current learning rate: 0.00563
2026-09-01 06:09:28.756543: train_loss -0.5285
2026-09-01 06:09:28.763335: val_loss -0.5676
2026-09-01 06:09:28.764393: Pseudo dice [np.float32(0.053)]
2026-09-01 06:09:28.765388: Epoch time: 103.55 s
2026-09-01 06:09:29.759196: 
2026-09-01 06:09:29.760693: Epoch 473
2026-09-01 06:09:29.761692: Current learning rate: 0.00562
2026-09-01 06:11:09.077550: train_loss -0.5373
2026-09-01 06:11:09.079034: val_loss -0.5754
2026-09-01 06:11:09.080092: Pseudo dice [np.float32(0.0961)]
2026-09-01 06:11:09.107998: Epoch time: 99.32 s
2026-09-01 06:11:10.452332: 
2026-09-01 06:11:10.453528: Epoch 474
2026-09-01 06:11:10.454511: Current learning rate: 0.00561
2026-09-01 06:12:48.832753: train_loss -0.5521
2026-09-01 06:12:48.834027: val_loss -0.5653
2026-09-01 06:12:48.834879: Pseudo dice [np.float32(0.24)]
2026-09-01 06:12:48.835850: Epoch time: 98.38 s
2026-09-01 06:12:49.709159: 
2026-09-01 06:12:49.710575: Epoch 475
2026-09-01 06:12:49.711410: Current learning rate: 0.0056
2026-09-01 06:14:28.150746: train_loss -0.5401
2026-09-01 06:14:28.152189: val_loss -0.5308
2026-09-01 06:14:28.153291: Pseudo dice [np.float32(0.0382)]
2026-09-01 06:14:28.154101: Epoch time: 98.44 s
2026-09-01 06:14:29.029442: 
2026-09-01 06:14:29.030940: Epoch 476
2026-09-01 06:14:29.031804: Current learning rate: 0.00559
2026-09-01 06:16:08.905527: train_loss -0.5243
2026-09-01 06:16:08.931103: val_loss -0.551
2026-09-01 06:16:08.933234: Pseudo dice [np.float32(0.0464)]
2026-09-01 06:16:08.935050: Epoch time: 99.88 s
2026-09-01 06:16:10.071520: 
2026-09-01 06:16:10.072980: Epoch 477
2026-09-01 06:16:10.073921: Current learning rate: 0.00558
2026-09-01 06:17:49.683162: train_loss -0.5499
2026-09-01 06:17:49.684716: val_loss -0.5355
2026-09-01 06:17:49.685699: Pseudo dice [np.float32(0.0527)]
2026-09-01 06:17:49.686639: Epoch time: 99.61 s
2026-09-01 06:17:50.568388: 
2026-09-01 06:17:50.569704: Epoch 478
2026-09-01 06:17:50.570524: Current learning rate: 0.00557
2026-09-01 06:19:29.174155: train_loss -0.5245
2026-09-01 06:19:29.175319: val_loss -0.5391
2026-09-01 06:19:29.176152: Pseudo dice [np.float32(0.1329)]
2026-09-01 06:19:29.176960: Epoch time: 98.61 s
2026-09-01 06:19:30.059408: 
2026-09-01 06:19:30.061034: Epoch 479
2026-09-01 06:19:30.061989: Current learning rate: 0.00556
2026-09-01 06:21:08.724756: train_loss -0.5205
2026-09-01 06:21:08.725860: val_loss -0.5266
2026-09-01 06:21:08.726716: Pseudo dice [np.float32(0.0732)]
2026-09-01 06:21:08.727546: Epoch time: 98.67 s
2026-09-01 06:21:09.621022: 
2026-09-01 06:21:09.622189: Epoch 480
2026-09-01 06:21:09.623010: Current learning rate: 0.00555
2026-09-01 06:22:49.499753: train_loss -0.5328
2026-09-01 06:22:49.501012: val_loss -0.5626
2026-09-01 06:22:49.502007: Pseudo dice [np.float32(0.0773)]
2026-09-01 06:22:49.502910: Epoch time: 99.88 s
2026-09-01 06:22:50.397525: 
2026-09-01 06:22:50.398788: Epoch 481
2026-09-01 06:22:50.399719: Current learning rate: 0.00554
2026-09-01 06:24:30.077484: train_loss -0.5359
2026-09-01 06:24:30.078663: val_loss -0.5434
2026-09-01 06:24:30.079563: Pseudo dice [np.float32(0.0798)]
2026-09-01 06:24:30.080562: Epoch time: 99.68 s
2026-09-01 06:24:30.965319: 
2026-09-01 06:24:30.966469: Epoch 482
2026-09-01 06:24:30.967407: Current learning rate: 0.00553
2026-09-01 06:26:09.455353: train_loss -0.5385
2026-09-01 06:26:09.456906: val_loss -0.5482
2026-09-01 06:26:09.457928: Pseudo dice [np.float32(0.0949)]
2026-09-01 06:26:09.458811: Epoch time: 98.49 s
2026-09-01 06:26:10.344685: 
2026-09-01 06:26:10.346428: Epoch 483
2026-09-01 06:26:10.347561: Current learning rate: 0.00552
2026-09-01 06:27:49.065629: train_loss -0.5399
2026-09-01 06:27:49.067238: val_loss -0.5278
2026-09-01 06:27:49.068428: Pseudo dice [np.float32(0.0484)]
2026-09-01 06:27:49.069365: Epoch time: 98.72 s
2026-09-01 06:27:50.070682: 
2026-09-01 06:27:50.072223: Epoch 484
2026-09-01 06:27:50.073139: Current learning rate: 0.00551
2026-09-01 06:29:29.116865: train_loss -0.5262
2026-09-01 06:29:29.118226: val_loss -0.5398
2026-09-01 06:29:29.119352: Pseudo dice [np.float32(0.0627)]
2026-09-01 06:29:29.120273: Epoch time: 99.05 s
2026-09-01 06:29:30.006309: 
2026-09-01 06:29:30.007519: Epoch 485
2026-09-01 06:29:30.008533: Current learning rate: 0.0055
2026-09-01 06:31:14.842175: train_loss -0.5215
2026-09-01 06:31:14.846938: val_loss -0.5487
2026-09-01 06:31:14.848153: Pseudo dice [np.float32(0.0549)]
2026-09-01 06:31:14.849165: Epoch time: 104.84 s
2026-09-01 06:31:16.227991: 
2026-09-01 06:31:16.234173: Epoch 486
2026-09-01 06:31:16.235375: Current learning rate: 0.00549
2026-09-01 06:32:55.967875: train_loss -0.523
2026-09-01 06:32:55.969603: val_loss -0.5521
2026-09-01 06:32:55.970577: Pseudo dice [np.float32(0.0697)]
2026-09-01 06:32:55.971645: Epoch time: 99.74 s
2026-09-01 06:32:56.851992: 
2026-09-01 06:32:56.853418: Epoch 487
2026-09-01 06:32:56.854252: Current learning rate: 0.00548
2026-09-01 06:34:36.698233: train_loss -0.5306
2026-09-01 06:34:36.700179: val_loss -0.5654
2026-09-01 06:34:36.701038: Pseudo dice [np.float32(0.0794)]
2026-09-01 06:34:36.701836: Epoch time: 99.85 s
2026-09-01 06:34:37.580581: 
2026-09-01 06:34:37.581979: Epoch 488
2026-09-01 06:34:37.582762: Current learning rate: 0.00547
2026-09-01 06:36:15.985900: train_loss -0.5372
2026-09-01 06:36:15.987377: val_loss -0.536
2026-09-01 06:36:15.988333: Pseudo dice [np.float32(0.04)]
2026-09-01 06:36:15.989373: Epoch time: 98.41 s
2026-09-01 06:36:16.879985: 
2026-09-01 06:36:16.881454: Epoch 489
2026-09-01 06:36:16.882425: Current learning rate: 0.00546
2026-09-01 06:37:56.565811: train_loss -0.5344
2026-09-01 06:37:56.566934: val_loss -0.5576
2026-09-01 06:37:56.567906: Pseudo dice [np.float32(0.1285)]
2026-09-01 06:37:56.568774: Epoch time: 99.69 s
2026-09-01 06:37:57.446039: 
2026-09-01 06:37:57.447193: Epoch 490
2026-09-01 06:37:57.448055: Current learning rate: 0.00546
2026-09-01 06:39:36.325351: train_loss -0.5252
2026-09-01 06:39:36.330815: val_loss -0.547
2026-09-01 06:39:36.354065: Pseudo dice [np.float32(0.0495)]
2026-09-01 06:39:36.355260: Epoch time: 98.88 s
2026-09-01 06:39:37.335486: 
2026-09-01 06:39:37.336717: Epoch 491
2026-09-01 06:39:37.337729: Current learning rate: 0.00545
2026-09-01 06:41:15.431557: train_loss -0.5375
2026-09-01 06:41:15.432937: val_loss -0.5436
2026-09-01 06:41:15.433854: Pseudo dice [np.float32(0.0976)]
2026-09-01 06:41:15.434691: Epoch time: 98.1 s
2026-09-01 06:41:16.318334: 
2026-09-01 06:41:16.319896: Epoch 492
2026-09-01 06:41:16.320930: Current learning rate: 0.00544
2026-09-01 06:42:55.802139: train_loss -0.5217
2026-09-01 06:42:55.803668: val_loss -0.5503
2026-09-01 06:42:55.804589: Pseudo dice [np.float32(0.0958)]
2026-09-01 06:42:55.805578: Epoch time: 99.49 s
2026-09-01 06:42:56.708741: 
2026-09-01 06:42:56.710068: Epoch 493
2026-09-01 06:42:56.711078: Current learning rate: 0.00543
2026-09-01 06:44:35.307772: train_loss -0.5338
2026-09-01 06:44:35.309102: val_loss -0.5474
2026-09-01 06:44:35.310016: Pseudo dice [np.float32(0.1836)]
2026-09-01 06:44:35.310882: Epoch time: 98.6 s
2026-09-01 06:44:36.200533: 
2026-09-01 06:44:36.201886: Epoch 494
2026-09-01 06:44:36.202817: Current learning rate: 0.00542
2026-09-01 06:46:15.468959: train_loss -0.5359
2026-09-01 06:46:15.470510: val_loss -0.5374
2026-09-01 06:46:15.471569: Pseudo dice [np.float32(0.0663)]
2026-09-01 06:46:15.472484: Epoch time: 99.27 s
2026-09-01 06:46:16.370605: 
2026-09-01 06:46:16.371985: Epoch 495
2026-09-01 06:46:16.372874: Current learning rate: 0.00541
2026-09-01 06:47:55.002270: train_loss -0.5314
2026-09-01 06:47:55.003278: val_loss -0.5439
2026-09-01 06:47:55.004299: Pseudo dice [np.float32(0.0808)]
2026-09-01 06:47:55.005193: Epoch time: 98.63 s
2026-09-01 06:47:55.885230: 
2026-09-01 06:47:55.886286: Epoch 496
2026-09-01 06:47:55.887107: Current learning rate: 0.0054
2026-09-01 06:49:35.476128: train_loss -0.5402
2026-09-01 06:49:35.477633: val_loss -0.5502
2026-09-01 06:49:35.478811: Pseudo dice [np.float32(0.0812)]
2026-09-01 06:49:35.479775: Epoch time: 99.59 s
2026-09-01 06:49:36.364509: 
2026-09-01 06:49:36.366090: Epoch 497
2026-09-01 06:49:36.367001: Current learning rate: 0.00539
2026-09-01 06:51:15.576456: train_loss -0.5274
2026-09-01 06:51:15.577880: val_loss -0.5704
2026-09-01 06:51:15.579027: Pseudo dice [np.float32(0.1117)]
2026-09-01 06:51:15.579843: Epoch time: 99.21 s
2026-09-01 06:51:16.468722: 
2026-09-01 06:51:16.470208: Epoch 498
2026-09-01 06:51:16.471107: Current learning rate: 0.00538
2026-09-01 06:52:54.012260: train_loss -0.5393
2026-09-01 06:52:54.013462: val_loss -0.5195
2026-09-01 06:52:54.014537: Pseudo dice [np.float32(0.105)]
2026-09-01 06:52:54.015311: Epoch time: 97.55 s
2026-09-01 06:52:54.896308: 
2026-09-01 06:52:54.897665: Epoch 499
2026-09-01 06:52:54.898549: Current learning rate: 0.00537
2026-09-01 06:54:32.931041: train_loss -0.5337
2026-09-01 06:54:32.932404: val_loss -0.532
2026-09-01 06:54:32.933642: Pseudo dice [np.float32(0.0796)]
2026-09-01 06:54:32.934652: Epoch time: 98.04 s
2026-09-01 06:54:34.916602: 
2026-09-01 06:54:34.918141: Epoch 500
2026-09-01 06:54:34.919054: Current learning rate: 0.00536
2026-09-01 06:56:13.176786: train_loss -0.528
2026-09-01 06:56:13.178655: val_loss -0.5627
2026-09-01 06:56:13.179992: Pseudo dice [np.float32(0.0895)]
2026-09-01 06:56:13.181071: Epoch time: 98.26 s
2026-09-01 06:56:14.062537: 
2026-09-01 06:56:14.063745: Epoch 501
2026-09-01 06:56:14.064613: Current learning rate: 0.00535
2026-09-01 06:57:53.587251: train_loss -0.5239
2026-09-01 06:57:53.588644: val_loss -0.5515
2026-09-01 06:57:53.589756: Pseudo dice [np.float32(0.0692)]
2026-09-01 06:57:53.590625: Epoch time: 99.53 s
2026-09-01 06:57:54.486133: 
2026-09-01 06:57:54.487727: Epoch 502
2026-09-01 06:57:54.488553: Current learning rate: 0.00534
2026-09-01 06:59:33.282813: train_loss -0.5212
2026-09-01 06:59:33.283904: val_loss -0.5257
2026-09-01 06:59:33.284784: Pseudo dice [np.float32(0.0563)]
2026-09-01 06:59:33.285560: Epoch time: 98.8 s
2026-09-01 06:59:34.170895: 
2026-09-01 06:59:34.172470: Epoch 503
2026-09-01 06:59:34.173442: Current learning rate: 0.00533
2026-09-01 07:01:13.165026: train_loss -0.5474
2026-09-01 07:01:13.166419: val_loss -0.551
2026-09-01 07:01:13.167372: Pseudo dice [np.float32(0.0463)]
2026-09-01 07:01:13.168233: Epoch time: 99.0 s
2026-09-01 07:01:14.324696: 
2026-09-01 07:01:14.326019: Epoch 504
2026-09-01 07:01:14.326900: Current learning rate: 0.00532
2026-09-01 07:02:55.600458: train_loss -0.5425
2026-09-01 07:02:55.616099: val_loss -0.5324
2026-09-01 07:02:55.617644: Pseudo dice [np.float32(0.0785)]
2026-09-01 07:02:55.618770: Epoch time: 101.28 s
2026-09-01 07:02:56.781776: 
2026-09-01 07:02:56.783233: Epoch 505
2026-09-01 07:02:56.784034: Current learning rate: 0.00531
2026-09-01 07:04:34.598684: train_loss -0.5485
2026-09-01 07:04:34.600223: val_loss -0.5996
2026-09-01 07:04:34.601222: Pseudo dice [np.float32(0.1749)]
2026-09-01 07:04:34.602234: Epoch time: 97.82 s
2026-09-01 07:04:35.495370: 
2026-09-01 07:04:35.496771: Epoch 506
2026-09-01 07:04:35.497575: Current learning rate: 0.0053
2026-09-01 07:06:16.382732: train_loss -0.5472
2026-09-01 07:06:16.393686: val_loss -0.5838
2026-09-01 07:06:16.394890: Pseudo dice [np.float32(0.1791)]
2026-09-01 07:06:16.395921: Epoch time: 100.89 s
2026-09-01 07:06:17.542557: 
2026-09-01 07:06:17.548970: Epoch 507
2026-09-01 07:06:17.550198: Current learning rate: 0.00529
2026-09-01 07:07:57.304090: train_loss -0.5459
2026-09-01 07:07:57.305588: val_loss -0.5614
2026-09-01 07:07:57.306696: Pseudo dice [np.float32(0.0833)]
2026-09-01 07:07:57.307580: Epoch time: 99.76 s
2026-09-01 07:07:59.021598: 
2026-09-01 07:07:59.030221: Epoch 508
2026-09-01 07:07:59.031536: Current learning rate: 0.00528
2026-09-01 07:09:36.889418: train_loss -0.5501
2026-09-01 07:09:36.890581: val_loss -0.5912
2026-09-01 07:09:36.891502: Pseudo dice [np.float32(0.1749)]
2026-09-01 07:09:36.892359: Epoch time: 97.87 s
2026-09-01 07:09:37.783926: 
2026-09-01 07:09:37.785346: Epoch 509
2026-09-01 07:09:37.786279: Current learning rate: 0.00527
2026-09-01 07:11:17.120900: train_loss -0.5361
2026-09-01 07:11:17.126689: val_loss -0.5611
2026-09-01 07:11:17.127694: Pseudo dice [np.float32(0.1075)]
2026-09-01 07:11:17.128817: Epoch time: 99.34 s
2026-09-01 07:11:18.151323: 
2026-09-01 07:11:18.153122: Epoch 510
2026-09-01 07:11:18.154021: Current learning rate: 0.00526
2026-09-01 07:12:57.474336: train_loss -0.5351
2026-09-01 07:12:57.475810: val_loss -0.5023
2026-09-01 07:12:57.476787: Pseudo dice [np.float32(0.1885)]
2026-09-01 07:12:57.477654: Epoch time: 99.33 s
2026-09-01 07:12:58.357919: 
2026-09-01 07:12:58.359075: Epoch 511
2026-09-01 07:12:58.359861: Current learning rate: 0.00525
2026-09-01 07:14:36.028402: train_loss -0.5333
2026-09-01 07:14:36.029654: val_loss -0.5422
2026-09-01 07:14:36.030601: Pseudo dice [np.float32(0.0721)]
2026-09-01 07:14:36.031644: Epoch time: 97.67 s
2026-09-01 07:14:36.919292: 
2026-09-01 07:14:36.920462: Epoch 512
2026-09-01 07:14:36.921220: Current learning rate: 0.00524
2026-09-01 07:16:16.705996: train_loss -0.5374
2026-09-01 07:16:16.707617: val_loss -0.5499
2026-09-01 07:16:16.708608: Pseudo dice [np.float32(0.1003)]
2026-09-01 07:16:16.709522: Epoch time: 99.79 s
2026-09-01 07:16:17.593850: 
2026-09-01 07:16:17.595210: Epoch 513
2026-09-01 07:16:17.596102: Current learning rate: 0.00523
2026-09-01 07:17:55.599814: train_loss -0.5464
2026-09-01 07:17:55.601300: val_loss -0.5195
2026-09-01 07:17:55.602459: Pseudo dice [np.float32(0.0766)]
2026-09-01 07:17:55.603370: Epoch time: 98.01 s
2026-09-01 07:17:56.487406: 
2026-09-01 07:17:56.488951: Epoch 514
2026-09-01 07:17:56.489993: Current learning rate: 0.00522
2026-09-01 07:19:35.762834: train_loss -0.5397
2026-09-01 07:19:35.764563: val_loss -0.5341
2026-09-01 07:19:35.765626: Pseudo dice [np.float32(0.0743)]
2026-09-01 07:19:35.766715: Epoch time: 99.28 s
2026-09-01 07:19:36.684615: 
2026-09-01 07:19:36.686033: Epoch 515
2026-09-01 07:19:36.686957: Current learning rate: 0.00521
2026-09-01 07:21:20.487720: train_loss -0.5357
2026-09-01 07:21:20.489254: val_loss -0.5442
2026-09-01 07:21:20.490102: Pseudo dice [np.float32(0.1471)]
2026-09-01 07:21:20.491016: Epoch time: 103.81 s
2026-09-01 07:21:21.391941: 
2026-09-01 07:21:21.393342: Epoch 516
2026-09-01 07:21:21.394104: Current learning rate: 0.0052
2026-09-01 07:23:00.420663: train_loss -0.543
2026-09-01 07:23:00.422494: val_loss -0.5615
2026-09-01 07:23:00.423473: Pseudo dice [np.float32(0.0633)]
2026-09-01 07:23:00.424442: Epoch time: 99.03 s
2026-09-01 07:23:01.324725: 
2026-09-01 07:23:01.326515: Epoch 517
2026-09-01 07:23:01.327490: Current learning rate: 0.00519
2026-09-01 07:24:40.963817: train_loss -0.527
2026-09-01 07:24:40.965352: val_loss -0.5247
2026-09-01 07:24:40.966655: Pseudo dice [np.float32(0.0455)]
2026-09-01 07:24:40.967515: Epoch time: 99.64 s
2026-09-01 07:24:41.870375: 
2026-09-01 07:24:41.871932: Epoch 518
2026-09-01 07:24:41.872823: Current learning rate: 0.00518
2026-09-01 07:26:21.178671: train_loss -0.5191
2026-09-01 07:26:21.182461: val_loss -0.537
2026-09-01 07:26:21.187033: Pseudo dice [np.float32(0.0708)]
2026-09-01 07:26:21.188368: Epoch time: 99.31 s
2026-09-01 07:26:22.084685: 
2026-09-01 07:26:22.086254: Epoch 519
2026-09-01 07:26:22.087408: Current learning rate: 0.00518
2026-09-01 07:28:00.487797: train_loss -0.5354
2026-09-01 07:28:00.489629: val_loss -0.5555
2026-09-01 07:28:00.490580: Pseudo dice [np.float32(0.1219)]
2026-09-01 07:28:00.491405: Epoch time: 98.4 s
2026-09-01 07:28:01.401220: 
2026-09-01 07:28:01.402552: Epoch 520
2026-09-01 07:28:01.403611: Current learning rate: 0.00517
2026-09-01 07:29:40.208339: train_loss -0.5374
2026-09-01 07:29:40.210690: val_loss -0.5718
2026-09-01 07:29:40.211711: Pseudo dice [np.float32(0.1025)]
2026-09-01 07:29:40.212596: Epoch time: 98.81 s
2026-09-01 07:29:41.119237: 
2026-09-01 07:29:41.120658: Epoch 521
2026-09-01 07:29:41.121841: Current learning rate: 0.00516
2026-09-01 07:31:28.434366: train_loss -0.5384
2026-09-01 07:31:28.448299: val_loss -0.5035
2026-09-01 07:31:28.449388: Pseudo dice [np.float32(0.0983)]
2026-09-01 07:31:28.450258: Epoch time: 107.32 s
2026-09-01 07:31:29.524529: 
2026-09-01 07:31:29.526147: Epoch 522
2026-09-01 07:31:29.527262: Current learning rate: 0.00515
2026-09-01 07:33:10.160626: train_loss -0.5579
2026-09-01 07:33:10.162248: val_loss -0.5364
2026-09-01 07:33:10.163552: Pseudo dice [np.float32(0.1231)]
2026-09-01 07:33:10.164584: Epoch time: 100.64 s
2026-09-01 07:33:11.356205: 
2026-09-01 07:33:11.359800: Epoch 523
2026-09-01 07:33:11.366550: Current learning rate: 0.00514
2026-09-01 07:34:50.386525: train_loss -0.5459
2026-09-01 07:34:50.424047: val_loss -0.5556
2026-09-01 07:34:50.425404: Pseudo dice [np.float32(0.141)]
2026-09-01 07:34:50.426661: Epoch time: 99.03 s
2026-09-01 07:34:51.509708: 
2026-09-01 07:34:51.511122: Epoch 524
2026-09-01 07:34:51.512080: Current learning rate: 0.00513
2026-09-01 07:36:34.112490: train_loss -0.548
2026-09-01 07:36:34.120748: val_loss -0.5666
2026-09-01 07:36:34.122204: Pseudo dice [np.float32(0.0998)]
2026-09-01 07:36:34.123156: Epoch time: 102.61 s
2026-09-01 07:36:35.599355: 
2026-09-01 07:36:35.601190: Epoch 525
2026-09-01 07:36:35.602384: Current learning rate: 0.00512
2026-09-01 07:38:13.802110: train_loss -0.5406
2026-09-01 07:38:13.803463: val_loss -0.5555
2026-09-01 07:38:13.804588: Pseudo dice [np.float32(0.1794)]
2026-09-01 07:38:13.805488: Epoch time: 98.21 s
2026-09-01 07:38:14.701445: 
2026-09-01 07:38:14.703132: Epoch 526
2026-09-01 07:38:14.704132: Current learning rate: 0.00511
2026-09-01 07:39:52.474397: train_loss -0.5595
2026-09-01 07:39:52.475676: val_loss -0.5652
2026-09-01 07:39:52.476510: Pseudo dice [np.float32(0.2128)]
2026-09-01 07:39:52.477351: Epoch time: 97.78 s
2026-09-01 07:39:53.371982: 
2026-09-01 07:39:53.373353: Epoch 527
2026-09-01 07:39:53.374287: Current learning rate: 0.0051
2026-09-01 07:41:32.275180: train_loss -0.5474
2026-09-01 07:41:32.276489: val_loss -0.5245
2026-09-01 07:41:32.277596: Pseudo dice [np.float32(0.1721)]
2026-09-01 07:41:32.278653: Epoch time: 98.91 s
2026-09-01 07:41:32.279523: Yayy! New best EMA pseudo Dice: 0.1264999955892563
2026-09-01 07:41:34.575359: 
2026-09-01 07:41:34.576781: Epoch 528
2026-09-01 07:41:34.577891: Current learning rate: 0.00509
2026-09-01 07:43:14.448198: train_loss -0.5272
2026-09-01 07:43:14.449822: val_loss -0.545
2026-09-01 07:43:14.453128: Pseudo dice [np.float32(0.0819)]
2026-09-01 07:43:14.453978: Epoch time: 99.88 s
2026-09-01 07:43:15.601593: 
2026-09-01 07:43:15.602697: Epoch 529
2026-09-01 07:43:15.603521: Current learning rate: 0.00508
2026-09-01 07:44:54.390014: train_loss -0.5469
2026-09-01 07:44:54.391350: val_loss -0.5329
2026-09-01 07:44:54.392260: Pseudo dice [np.float32(0.1361)]
2026-09-01 07:44:54.393054: Epoch time: 98.79 s
2026-09-01 07:44:55.292453: 
2026-09-01 07:44:55.293643: Epoch 530
2026-09-01 07:44:55.294850: Current learning rate: 0.00507
2026-09-01 07:46:32.372040: train_loss -0.5383
2026-09-01 07:46:32.373547: val_loss -0.5329
2026-09-01 07:46:32.374548: Pseudo dice [np.float32(0.134)]
2026-09-01 07:46:32.375517: Epoch time: 97.08 s
2026-09-01 07:46:33.269150: 
2026-09-01 07:46:33.270658: Epoch 531
2026-09-01 07:46:33.271650: Current learning rate: 0.00506
2026-09-01 07:48:10.263869: train_loss -0.5204
2026-09-01 07:48:10.265063: val_loss -0.5497
2026-09-01 07:48:10.265954: Pseudo dice [np.float32(0.1074)]
2026-09-01 07:48:10.266733: Epoch time: 97.0 s
2026-09-01 07:48:11.152353: 
2026-09-01 07:48:11.153690: Epoch 532
2026-09-01 07:48:11.154505: Current learning rate: 0.00505
2026-09-01 07:49:49.698986: train_loss -0.5406
2026-09-01 07:49:49.700272: val_loss -0.5362
2026-09-01 07:49:49.701369: Pseudo dice [np.float32(0.0913)]
2026-09-01 07:49:49.702117: Epoch time: 98.55 s
2026-09-01 07:49:50.591248: 
2026-09-01 07:49:50.592431: Epoch 533
2026-09-01 07:49:50.593239: Current learning rate: 0.00504
2026-09-01 07:51:29.184652: train_loss -0.5246
2026-09-01 07:51:29.185972: val_loss -0.5609
2026-09-01 07:51:29.186918: Pseudo dice [np.float32(0.1113)]
2026-09-01 07:51:29.187867: Epoch time: 98.6 s
2026-09-01 07:51:30.372980: 
2026-09-01 07:51:30.374314: Epoch 534
2026-09-01 07:51:30.375277: Current learning rate: 0.00503
2026-09-01 07:53:10.039663: train_loss -0.5343
2026-09-01 07:53:10.040886: val_loss -0.5266
2026-09-01 07:53:10.041880: Pseudo dice [np.float32(0.1058)]
2026-09-01 07:53:10.042703: Epoch time: 99.67 s
2026-09-01 07:53:10.934524: 
2026-09-01 07:53:10.935747: Epoch 535
2026-09-01 07:53:10.936548: Current learning rate: 0.00502
2026-09-01 07:54:49.271580: train_loss -0.5443
2026-09-01 07:54:49.272952: val_loss -0.5598
2026-09-01 07:54:49.273831: Pseudo dice [np.float32(0.1225)]
2026-09-01 07:54:49.274624: Epoch time: 98.34 s
2026-09-01 07:54:50.164322: 
2026-09-01 07:54:50.165511: Epoch 536
2026-09-01 07:54:50.166425: Current learning rate: 0.00501
2026-09-01 07:56:30.104528: train_loss -0.5369
2026-09-01 07:56:30.109299: val_loss -0.5977
2026-09-01 07:56:30.115022: Pseudo dice [np.float32(0.1471)]
2026-09-01 07:56:30.116106: Epoch time: 99.94 s
2026-09-01 07:56:31.049252: 
2026-09-01 07:56:31.050589: Epoch 537
2026-09-01 07:56:31.051468: Current learning rate: 0.005
2026-09-01 07:58:12.049180: train_loss -0.5316
2026-09-01 07:58:12.067885: val_loss -0.5536
2026-09-01 07:58:12.069022: Pseudo dice [np.float32(0.1225)]
2026-09-01 07:58:12.070028: Epoch time: 101.0 s
2026-09-01 07:58:13.094672: 
2026-09-01 07:58:13.095899: Epoch 538
2026-09-01 07:58:13.096753: Current learning rate: 0.00499
2026-09-01 07:59:53.332125: train_loss -0.5406
2026-09-01 07:59:53.333887: val_loss -0.5779
2026-09-01 07:59:53.335172: Pseudo dice [np.float32(0.1741)]
2026-09-01 07:59:53.336126: Epoch time: 100.24 s
2026-09-01 07:59:54.437177: 
2026-09-01 07:59:54.438786: Epoch 539
2026-09-01 07:59:54.439785: Current learning rate: 0.00498
2026-09-01 08:01:38.851140: train_loss -0.5378
2026-09-01 08:01:38.852767: val_loss -0.519
2026-09-01 08:01:38.858521: Pseudo dice [np.float32(0.0933)]
2026-09-01 08:01:38.861592: Epoch time: 104.42 s
2026-09-01 08:01:40.151033: 
2026-09-01 08:01:40.156856: Epoch 540
2026-09-01 08:01:40.158107: Current learning rate: 0.00497
2026-09-01 08:03:21.482354: train_loss -0.5262
2026-09-01 08:03:21.483549: val_loss -0.5357
2026-09-01 08:03:21.484451: Pseudo dice [np.float32(0.0635)]
2026-09-01 08:03:21.485308: Epoch time: 101.34 s
2026-09-01 08:03:22.376240: 
2026-09-01 08:03:22.377490: Epoch 541
2026-09-01 08:03:22.378258: Current learning rate: 0.00496
2026-09-01 08:05:08.002773: train_loss -0.5485
2026-09-01 08:05:08.004206: val_loss -0.5459
2026-09-01 08:05:08.005309: Pseudo dice [np.float32(0.065)]
2026-09-01 08:05:08.006304: Epoch time: 105.63 s
2026-09-01 08:05:08.993643: 
2026-09-01 08:05:08.995277: Epoch 542
2026-09-01 08:05:08.996135: Current learning rate: 0.00495
2026-09-01 08:06:48.151715: train_loss -0.5321
2026-09-01 08:06:48.157121: val_loss -0.5302
2026-09-01 08:06:48.158122: Pseudo dice [np.float32(0.0369)]
2026-09-01 08:06:48.158982: Epoch time: 99.16 s
2026-09-01 08:06:49.225132: 
2026-09-01 08:06:49.226820: Epoch 543
2026-09-01 08:06:49.228096: Current learning rate: 0.00494
2026-09-01 08:08:27.751599: train_loss -0.5266
2026-09-01 08:08:27.757095: val_loss -0.5456
2026-09-01 08:08:27.764523: Pseudo dice [np.float32(0.1077)]
2026-09-01 08:08:27.766169: Epoch time: 98.53 s
2026-09-01 08:08:28.809011: 
2026-09-01 08:08:28.810214: Epoch 544
2026-09-01 08:08:28.811063: Current learning rate: 0.00493
2026-09-01 08:10:08.633231: train_loss -0.526
2026-09-01 08:10:08.634652: val_loss -0.5175
2026-09-01 08:10:08.635575: Pseudo dice [np.float32(0.1145)]
2026-09-01 08:10:08.636456: Epoch time: 99.83 s
2026-09-01 08:10:09.614068: 
2026-09-01 08:10:09.615294: Epoch 545
2026-09-01 08:10:09.616157: Current learning rate: 0.00492
2026-09-01 08:11:49.743478: train_loss -0.5358
2026-09-01 08:11:49.744627: val_loss -0.4959
2026-09-01 08:11:49.745875: Pseudo dice [np.float32(0.208)]
2026-09-01 08:11:49.746762: Epoch time: 100.13 s
2026-09-01 08:11:50.855896: 
2026-09-01 08:11:50.857270: Epoch 546
2026-09-01 08:11:50.858138: Current learning rate: 0.00491
2026-09-01 08:13:36.239271: train_loss -0.5456
2026-09-01 08:13:36.240757: val_loss -0.5337
2026-09-01 08:13:36.241762: Pseudo dice [np.float32(0.1939)]
2026-09-01 08:13:36.242587: Epoch time: 105.39 s
2026-09-01 08:13:37.268797: 
2026-09-01 08:13:37.270342: Epoch 547
2026-09-01 08:13:37.271337: Current learning rate: 0.0049
2026-09-01 08:15:15.213160: train_loss -0.5403
2026-09-01 08:15:15.214508: val_loss -0.5495
2026-09-01 08:15:15.215653: Pseudo dice [np.float32(0.0616)]
2026-09-01 08:15:15.216595: Epoch time: 97.95 s
2026-09-01 08:15:16.111649: 
2026-09-01 08:15:16.113027: Epoch 548
2026-09-01 08:15:16.113888: Current learning rate: 0.00489
2026-09-01 08:16:55.229132: train_loss -0.5774
2026-09-01 08:16:55.230846: val_loss -0.564
2026-09-01 08:16:55.232057: Pseudo dice [np.float32(0.0844)]
2026-09-01 08:16:55.233048: Epoch time: 99.12 s
2026-09-01 08:16:56.146260: 
2026-09-01 08:16:56.147576: Epoch 549
2026-09-01 08:16:56.148404: Current learning rate: 0.00488
2026-09-01 08:18:35.064687: train_loss -0.5326
2026-09-01 08:18:35.065860: val_loss -0.5698
2026-09-01 08:18:35.066710: Pseudo dice [np.float32(0.0924)]
2026-09-01 08:18:35.067506: Epoch time: 98.92 s
2026-09-01 08:18:37.080106: 
2026-09-01 08:18:37.081355: Epoch 550
2026-09-01 08:18:37.082133: Current learning rate: 0.00487
2026-09-01 08:20:14.559052: train_loss -0.5427
2026-09-01 08:20:14.560402: val_loss -0.5549
2026-09-01 08:20:14.561431: Pseudo dice [np.float32(0.1147)]
2026-09-01 08:20:14.562336: Epoch time: 97.48 s
2026-09-01 08:20:15.449863: 
2026-09-01 08:20:15.451252: Epoch 551
2026-09-01 08:20:15.452165: Current learning rate: 0.00486
2026-09-01 08:21:54.714346: train_loss -0.5372
2026-09-01 08:21:54.716047: val_loss -0.5128
2026-09-01 08:21:54.717269: Pseudo dice [np.float32(0.1752)]
2026-09-01 08:21:54.718215: Epoch time: 99.27 s
2026-09-01 08:21:55.637262: 
2026-09-01 08:21:55.638373: Epoch 552
2026-09-01 08:21:55.639214: Current learning rate: 0.00485
2026-09-01 08:23:36.339620: train_loss -0.5232
2026-09-01 08:23:36.353598: val_loss -0.5241
2026-09-01 08:23:36.366993: Pseudo dice [np.float32(0.112)]
2026-09-01 08:23:36.368155: Epoch time: 100.7 s
2026-09-01 08:23:37.456283: 
2026-09-01 08:23:37.458291: Epoch 553
2026-09-01 08:23:37.460173: Current learning rate: 0.00484
2026-09-01 08:25:26.459642: train_loss -0.5449
2026-09-01 08:25:26.470536: val_loss -0.5623
2026-09-01 08:25:26.471647: Pseudo dice [np.float32(0.163)]
2026-09-01 08:25:26.472594: Epoch time: 109.01 s
2026-09-01 08:25:28.486372: 
2026-09-01 08:25:28.488135: Epoch 554
2026-09-01 08:25:28.489127: Current learning rate: 0.00484
2026-09-01 08:27:14.966161: train_loss -0.5491
2026-09-01 08:27:14.973484: val_loss -0.564
2026-09-01 08:27:14.974617: Pseudo dice [np.float32(0.0976)]
2026-09-01 08:27:14.975570: Epoch time: 106.48 s
2026-09-01 08:27:16.265040: 
2026-09-01 08:27:16.267006: Epoch 555
2026-09-01 08:27:16.267952: Current learning rate: 0.00483
2026-09-01 08:28:56.009000: train_loss -0.559
2026-09-01 08:28:56.010335: val_loss -0.582
2026-09-01 08:28:56.011306: Pseudo dice [np.float32(0.1378)]
2026-09-01 08:28:56.012334: Epoch time: 99.75 s
2026-09-01 08:28:56.909152: 
2026-09-01 08:28:56.910595: Epoch 556
2026-09-01 08:28:56.911546: Current learning rate: 0.00482
2026-09-01 08:30:35.034852: train_loss -0.5331
2026-09-01 08:30:35.036416: val_loss -0.6093
2026-09-01 08:30:35.037638: Pseudo dice [np.float32(0.0989)]
2026-09-01 08:30:35.038563: Epoch time: 98.13 s
2026-09-01 08:30:35.938768: 
2026-09-01 08:30:35.940135: Epoch 557
2026-09-01 08:30:35.941084: Current learning rate: 0.00481
2026-09-01 08:32:18.318537: train_loss -0.5599
2026-09-01 08:32:18.320188: val_loss -0.5257
2026-09-01 08:32:18.321290: Pseudo dice [np.float32(0.0812)]
2026-09-01 08:32:18.322613: Epoch time: 102.38 s
2026-09-01 08:32:19.382581: 
2026-09-01 08:32:19.383992: Epoch 558
2026-09-01 08:32:19.384882: Current learning rate: 0.0048
2026-09-01 08:33:58.609222: train_loss -0.5509
2026-09-01 08:33:58.610898: val_loss -0.551
2026-09-01 08:33:58.611813: Pseudo dice [np.float32(0.1081)]
2026-09-01 08:33:58.612597: Epoch time: 99.23 s
2026-09-01 08:33:59.502309: 
2026-09-01 08:33:59.503754: Epoch 559
2026-09-01 08:33:59.504678: Current learning rate: 0.00479
2026-09-01 08:35:39.042469: train_loss -0.5481
2026-09-01 08:35:39.049751: val_loss -0.5599
2026-09-01 08:35:39.051292: Pseudo dice [np.float32(0.0915)]
2026-09-01 08:35:39.052499: Epoch time: 99.54 s
2026-09-01 08:35:40.214050: 
2026-09-01 08:35:40.215378: Epoch 560
2026-09-01 08:35:40.216326: Current learning rate: 0.00478
2026-09-01 08:37:18.582768: train_loss -0.5328
2026-09-01 08:37:18.584023: val_loss -0.5675
2026-09-01 08:37:18.585054: Pseudo dice [np.float32(0.1474)]
2026-09-01 08:37:18.585955: Epoch time: 98.37 s
2026-09-01 08:37:19.472701: 
2026-09-01 08:37:19.473965: Epoch 561
2026-09-01 08:37:19.474836: Current learning rate: 0.00477
2026-09-01 08:38:57.429265: train_loss -0.5365
2026-09-01 08:38:57.430700: val_loss -0.5345
2026-09-01 08:38:57.431668: Pseudo dice [np.float32(0.0561)]
2026-09-01 08:38:57.432693: Epoch time: 97.96 s
2026-09-01 08:38:58.314844: 
2026-09-01 08:38:58.316187: Epoch 562
2026-09-01 08:38:58.317146: Current learning rate: 0.00476
2026-09-01 08:40:37.546783: train_loss -0.5271
2026-09-01 08:40:37.547929: val_loss -0.497
2026-09-01 08:40:37.548857: Pseudo dice [np.float32(0.0582)]
2026-09-01 08:40:37.549735: Epoch time: 99.23 s
2026-09-01 08:40:38.432583: 
2026-09-01 08:40:38.433850: Epoch 563
2026-09-01 08:40:38.434616: Current learning rate: 0.00475
2026-09-01 08:42:16.738349: train_loss -0.5321
2026-09-01 08:42:16.739546: val_loss -0.5037
2026-09-01 08:42:16.740787: Pseudo dice [np.float32(0.0905)]
2026-09-01 08:42:16.741952: Epoch time: 98.31 s
2026-09-01 08:42:17.905097: 
2026-09-01 08:42:17.906599: Epoch 564
2026-09-01 08:42:17.907577: Current learning rate: 0.00474
2026-09-01 08:43:57.395366: train_loss -0.5348
2026-09-01 08:43:57.396564: val_loss -0.5665
2026-09-01 08:43:57.397419: Pseudo dice [np.float32(0.1282)]
2026-09-01 08:43:57.398334: Epoch time: 99.49 s
2026-09-01 08:43:58.295166: 
2026-09-01 08:43:58.296513: Epoch 565
2026-09-01 08:43:58.297337: Current learning rate: 0.00473
2026-09-01 08:45:37.689037: train_loss -0.5372
2026-09-01 08:45:37.690442: val_loss -0.5629
2026-09-01 08:45:37.691339: Pseudo dice [np.float32(0.1107)]
2026-09-01 08:45:37.692161: Epoch time: 99.4 s
2026-09-01 08:45:38.584207: 
2026-09-01 08:45:38.585381: Epoch 566
2026-09-01 08:45:38.586266: Current learning rate: 0.00472
2026-09-01 08:47:17.166575: train_loss -0.5237
2026-09-01 08:47:17.168274: val_loss -0.5744
2026-09-01 08:47:17.169310: Pseudo dice [np.float32(0.1376)]
2026-09-01 08:47:17.170288: Epoch time: 98.58 s
2026-09-01 08:47:18.092709: 
2026-09-01 08:47:18.093982: Epoch 567
2026-09-01 08:47:18.094881: Current learning rate: 0.00471
2026-09-01 08:48:56.957899: train_loss -0.5443
2026-09-01 08:48:56.977276: val_loss -0.5362
2026-09-01 08:48:56.978355: Pseudo dice [np.float32(0.0969)]
2026-09-01 08:48:56.999195: Epoch time: 98.87 s
2026-09-01 08:48:58.024977: 
2026-09-01 08:48:58.026509: Epoch 568
2026-09-01 08:48:58.027510: Current learning rate: 0.0047
2026-09-01 08:50:37.762624: train_loss -0.5342
2026-09-01 08:50:37.764076: val_loss -0.5394
2026-09-01 08:50:37.765027: Pseudo dice [np.float32(0.1326)]
2026-09-01 08:50:37.765882: Epoch time: 99.74 s
2026-09-01 08:50:38.662333: 
2026-09-01 08:50:38.663833: Epoch 569
2026-09-01 08:50:38.664848: Current learning rate: 0.00469
2026-09-01 08:52:18.246550: train_loss -0.5423
2026-09-01 08:52:18.261974: val_loss -0.5555
2026-09-01 08:52:18.263118: Pseudo dice [np.float32(0.0477)]
2026-09-01 08:52:18.264059: Epoch time: 99.59 s
2026-09-01 08:52:19.348367: 
2026-09-01 08:52:19.349830: Epoch 570
2026-09-01 08:52:19.350851: Current learning rate: 0.00468
2026-09-01 08:54:00.061847: train_loss -0.5528
2026-09-01 08:54:00.069535: val_loss -0.5348
2026-09-01 08:54:00.070790: Pseudo dice [np.float32(0.1003)]
2026-09-01 08:54:00.071874: Epoch time: 100.72 s
2026-09-01 08:54:01.297011: 
2026-09-01 08:54:01.299172: Epoch 571
2026-09-01 08:54:01.300551: Current learning rate: 0.00467
2026-09-01 08:55:40.126346: train_loss -0.5427
2026-09-01 08:55:40.127672: val_loss -0.525
2026-09-01 08:55:40.128659: Pseudo dice [np.float32(0.0739)]
2026-09-01 08:55:40.129492: Epoch time: 98.83 s
2026-09-01 08:55:41.099108: 
2026-09-01 08:55:41.100477: Epoch 572
2026-09-01 08:55:41.101267: Current learning rate: 0.00466
2026-09-01 08:57:20.879928: train_loss -0.5393
2026-09-01 08:57:20.887047: val_loss -0.563
2026-09-01 08:57:20.888043: Pseudo dice [np.float32(0.1498)]
2026-09-01 08:57:20.889052: Epoch time: 99.78 s
2026-09-01 08:57:21.860181: 
2026-09-01 08:57:21.861665: Epoch 573
2026-09-01 08:57:21.862540: Current learning rate: 0.00465
2026-09-01 08:59:03.256440: train_loss -0.5488
2026-09-01 08:59:03.264006: val_loss -0.5537
2026-09-01 08:59:03.265193: Pseudo dice [np.float32(0.1089)]
2026-09-01 08:59:03.266321: Epoch time: 101.4 s
2026-09-01 08:59:04.703454: 
2026-09-01 08:59:04.708776: Epoch 574
2026-09-01 08:59:04.709937: Current learning rate: 0.00464
2026-09-01 09:00:44.197340: train_loss -0.5637
2026-09-01 09:00:44.198921: val_loss -0.5568
2026-09-01 09:00:44.200090: Pseudo dice [np.float32(0.2359)]
2026-09-01 09:00:44.201069: Epoch time: 99.5 s
2026-09-01 09:00:45.189069: 
2026-09-01 09:00:45.190550: Epoch 575
2026-09-01 09:00:45.191637: Current learning rate: 0.00463
2026-09-01 09:02:23.663208: train_loss -0.5606
2026-09-01 09:02:23.664479: val_loss -0.5827
2026-09-01 09:02:23.665377: Pseudo dice [np.float32(0.2061)]
2026-09-01 09:02:23.666219: Epoch time: 98.48 s
2026-09-01 09:02:23.667002: Yayy! New best EMA pseudo Dice: 0.12780000269412994
2026-09-01 09:02:25.795120: 
2026-09-01 09:02:25.796548: Epoch 576
2026-09-01 09:02:25.797555: Current learning rate: 0.00462
2026-09-01 09:04:05.511724: train_loss -0.5352
2026-09-01 09:04:05.515014: val_loss -0.5957
2026-09-01 09:04:05.519399: Pseudo dice [np.float32(0.1399)]
2026-09-01 09:04:05.520618: Epoch time: 99.72 s
2026-09-01 09:04:05.521547: Yayy! New best EMA pseudo Dice: 0.1289999932050705
2026-09-01 09:04:08.227849: 
2026-09-01 09:04:08.229583: Epoch 577
2026-09-01 09:04:08.230681: Current learning rate: 0.00461
2026-09-01 09:05:47.610741: train_loss -0.5329
2026-09-01 09:05:47.612313: val_loss -0.575
2026-09-01 09:05:47.613315: Pseudo dice [np.float32(0.2063)]
2026-09-01 09:05:47.614523: Epoch time: 99.39 s
2026-09-01 09:05:47.620127: Yayy! New best EMA pseudo Dice: 0.13680000603199005
2026-09-01 09:05:49.842677: 
2026-09-01 09:05:49.843973: Epoch 578
2026-09-01 09:05:49.845209: Current learning rate: 0.0046
2026-09-01 09:07:28.529154: train_loss -0.5182
2026-09-01 09:07:28.530459: val_loss -0.5455
2026-09-01 09:07:28.531416: Pseudo dice [np.float32(0.2038)]
2026-09-01 09:07:28.532244: Epoch time: 98.69 s
2026-09-01 09:07:28.533021: Yayy! New best EMA pseudo Dice: 0.14350000023841858
2026-09-01 09:07:30.670431: 
2026-09-01 09:07:30.671613: Epoch 579
2026-09-01 09:07:30.672469: Current learning rate: 0.00459
2026-09-01 09:09:09.638842: train_loss -0.5427
2026-09-01 09:09:09.640137: val_loss -0.5378
2026-09-01 09:09:09.640995: Pseudo dice [np.float32(0.1373)]
2026-09-01 09:09:09.641824: Epoch time: 98.97 s
2026-09-01 09:09:10.549912: 
2026-09-01 09:09:10.551128: Epoch 580
2026-09-01 09:09:10.552023: Current learning rate: 0.00458
2026-09-01 09:10:49.856450: train_loss -0.5505
2026-09-01 09:10:49.857724: val_loss -0.5692
2026-09-01 09:10:49.859186: Pseudo dice [np.float32(0.1603)]
2026-09-01 09:10:49.860091: Epoch time: 99.31 s
2026-09-01 09:10:49.861105: Yayy! New best EMA pseudo Dice: 0.1446000039577484
2026-09-01 09:10:51.998530: 
2026-09-01 09:10:51.999707: Epoch 581
2026-09-01 09:10:52.000525: Current learning rate: 0.00457
2026-09-01 09:12:31.136082: train_loss -0.5384
2026-09-01 09:12:31.138114: val_loss -0.501
2026-09-01 09:12:31.139049: Pseudo dice [np.float32(0.0211)]
2026-09-01 09:12:31.140016: Epoch time: 99.14 s
2026-09-01 09:12:32.087127: 
2026-09-01 09:12:32.088809: Epoch 582
2026-09-01 09:12:32.089840: Current learning rate: 0.00456
2026-09-01 09:14:09.989595: train_loss -0.5467
2026-09-01 09:14:09.990609: val_loss -0.5564
2026-09-01 09:14:09.991609: Pseudo dice [np.float32(0.0636)]
2026-09-01 09:14:09.992432: Epoch time: 97.91 s
2026-09-01 09:14:10.915119: 
2026-09-01 09:14:10.916716: Epoch 583
2026-09-01 09:14:10.917727: Current learning rate: 0.00455
2026-09-01 09:15:49.349640: train_loss -0.5558
2026-09-01 09:15:49.351063: val_loss -0.5654
2026-09-01 09:15:49.352134: Pseudo dice [np.float32(0.1489)]
2026-09-01 09:15:49.353112: Epoch time: 98.44 s
2026-09-01 09:15:50.257061: 
2026-09-01 09:15:50.258055: Epoch 584
2026-09-01 09:15:50.259066: Current learning rate: 0.00454
2026-09-01 09:17:29.579715: train_loss -0.5431
2026-09-01 09:17:29.585650: val_loss -0.5762
2026-09-01 09:17:29.586709: Pseudo dice [np.float32(0.2167)]
2026-09-01 09:17:29.587665: Epoch time: 99.33 s
2026-09-01 09:17:30.519195: 
2026-09-01 09:17:30.520711: Epoch 585
2026-09-01 09:17:30.521615: Current learning rate: 0.00453
2026-09-01 09:19:07.847256: train_loss -0.5657
2026-09-01 09:19:07.848619: val_loss -0.6139
2026-09-01 09:19:07.849666: Pseudo dice [np.float32(0.2262)]
2026-09-01 09:19:07.850557: Epoch time: 97.33 s
2026-09-01 09:19:07.851403: Yayy! New best EMA pseudo Dice: 0.14560000598430634
2026-09-01 09:19:10.061672: 
2026-09-01 09:19:10.063018: Epoch 586
2026-09-01 09:19:10.063950: Current learning rate: 0.00452
2026-09-01 09:21:01.660491: train_loss -0.5533
2026-09-01 09:21:01.675071: val_loss -0.5544
2026-09-01 09:21:01.676107: Pseudo dice [np.float32(0.0417)]
2026-09-01 09:21:01.677268: Epoch time: 111.6 s
2026-09-01 09:21:02.717227: 
2026-09-01 09:21:02.718841: Epoch 587
2026-09-01 09:21:02.719856: Current learning rate: 0.00451
2026-09-01 09:22:41.769738: train_loss -0.534
2026-09-01 09:22:41.777003: val_loss -0.5263
2026-09-01 09:22:41.778105: Pseudo dice [np.float32(0.1127)]
2026-09-01 09:22:41.779104: Epoch time: 99.05 s
2026-09-01 09:22:42.806313: 
2026-09-01 09:22:42.807648: Epoch 588
2026-09-01 09:22:42.808602: Current learning rate: 0.0045
2026-09-01 09:24:22.408169: train_loss -0.5438
2026-09-01 09:24:22.409452: val_loss -0.5387
2026-09-01 09:24:22.410757: Pseudo dice [np.float32(0.1539)]
2026-09-01 09:24:22.411879: Epoch time: 99.6 s
2026-09-01 09:24:23.322424: 
2026-09-01 09:24:23.323527: Epoch 589
2026-09-01 09:24:23.324413: Current learning rate: 0.00449
2026-09-01 09:26:01.728360: train_loss -0.5393
2026-09-01 09:26:01.729978: val_loss -0.5568
2026-09-01 09:26:01.730970: Pseudo dice [np.float32(0.1337)]
2026-09-01 09:26:01.731914: Epoch time: 98.41 s
2026-09-01 09:26:02.636241: 
2026-09-01 09:26:02.637365: Epoch 590
2026-09-01 09:26:02.638284: Current learning rate: 0.00448
2026-09-01 09:27:43.617377: train_loss -0.5407
2026-09-01 09:27:43.631472: val_loss -0.533
2026-09-01 09:27:43.632970: Pseudo dice [np.float32(0.1538)]
2026-09-01 09:27:43.633980: Epoch time: 100.98 s
2026-09-01 09:27:44.751744: 
2026-09-01 09:27:44.753178: Epoch 591
2026-09-01 09:27:44.754295: Current learning rate: 0.00447
2026-09-01 09:29:24.747514: train_loss -0.5496
2026-09-01 09:29:24.748881: val_loss -0.5811
2026-09-01 09:29:24.749740: Pseudo dice [np.float32(0.1788)]
2026-09-01 09:29:24.750497: Epoch time: 100.0 s
2026-09-01 09:29:25.889179: 
2026-09-01 09:29:25.890568: Epoch 592
2026-09-01 09:29:25.891352: Current learning rate: 0.00446
2026-09-01 09:31:06.320381: train_loss -0.5508
2026-09-01 09:31:06.324414: val_loss -0.5283
2026-09-01 09:31:06.325516: Pseudo dice [np.float32(0.0773)]
2026-09-01 09:31:06.326435: Epoch time: 100.43 s
2026-09-01 09:31:07.380723: 
2026-09-01 09:31:07.395277: Epoch 593
2026-09-01 09:31:07.396374: Current learning rate: 0.00445
2026-09-01 09:32:47.247962: train_loss -0.5439
2026-09-01 09:32:47.249339: val_loss -0.5213
2026-09-01 09:32:47.250182: Pseudo dice [np.float32(0.1039)]
2026-09-01 09:32:47.250961: Epoch time: 99.87 s
2026-09-01 09:32:48.160114: 
2026-09-01 09:32:48.161711: Epoch 594
2026-09-01 09:32:48.162603: Current learning rate: 0.00444
2026-09-01 09:34:28.349886: train_loss -0.5496
2026-09-01 09:34:28.351197: val_loss -0.5674
2026-09-01 09:34:28.352139: Pseudo dice [np.float32(0.1249)]
2026-09-01 09:34:28.352994: Epoch time: 100.19 s
2026-09-01 09:34:29.263765: 
2026-09-01 09:34:29.265359: Epoch 595
2026-09-01 09:34:29.266247: Current learning rate: 0.00443
2026-09-01 09:36:08.260962: train_loss -0.5505
2026-09-01 09:36:08.262051: val_loss -0.5778
2026-09-01 09:36:08.262990: Pseudo dice [np.float32(0.1397)]
2026-09-01 09:36:08.263891: Epoch time: 99.0 s
2026-09-01 09:36:09.173020: 
2026-09-01 09:36:09.174590: Epoch 596
2026-09-01 09:36:09.175668: Current learning rate: 0.00442
2026-09-01 09:37:48.633202: train_loss -0.5525
2026-09-01 09:37:48.634872: val_loss -0.5529
2026-09-01 09:37:48.636289: Pseudo dice [np.float32(0.1488)]
2026-09-01 09:37:48.637311: Epoch time: 99.46 s
2026-09-01 09:37:49.542539: 
2026-09-01 09:37:49.543934: Epoch 597
2026-09-01 09:37:49.544713: Current learning rate: 0.00441
2026-09-01 09:39:30.896311: train_loss -0.562
2026-09-01 09:39:30.911644: val_loss -0.5357
2026-09-01 09:39:30.912811: Pseudo dice [np.float32(0.1474)]
2026-09-01 09:39:30.913879: Epoch time: 101.36 s
2026-09-01 09:39:32.070637: 
2026-09-01 09:39:32.072037: Epoch 598
2026-09-01 09:39:32.072978: Current learning rate: 0.0044
2026-09-01 09:41:12.993223: train_loss -0.543
2026-09-01 09:41:13.009575: val_loss -0.5728
2026-09-01 09:41:13.011097: Pseudo dice [np.float32(0.1122)]
2026-09-01 09:41:13.012103: Epoch time: 100.93 s
2026-09-01 09:41:14.178861: 
2026-09-01 09:41:14.180286: Epoch 599
2026-09-01 09:41:14.181365: Current learning rate: 0.00439
2026-09-01 09:42:53.099851: train_loss -0.5308
2026-09-01 09:42:53.101408: val_loss -0.5428
2026-09-01 09:42:53.102373: Pseudo dice [np.float32(0.1085)]
2026-09-01 09:42:53.103240: Epoch time: 98.92 s
2026-09-01 09:42:55.113361: 
2026-09-01 09:42:55.114866: Epoch 600
2026-09-01 09:42:55.115752: Current learning rate: 0.00438
2026-09-01 09:44:32.905637: train_loss -0.5371
2026-09-01 09:44:32.907210: val_loss -0.5754
2026-09-01 09:44:32.908567: Pseudo dice [np.float32(0.0985)]
2026-09-01 09:44:32.909440: Epoch time: 97.79 s
2026-09-01 09:44:33.812071: 
2026-09-01 09:44:33.813459: Epoch 601
2026-09-01 09:44:33.814321: Current learning rate: 0.00437
2026-09-01 09:46:11.943301: train_loss -0.547
2026-09-01 09:46:11.944333: val_loss -0.5589
2026-09-01 09:46:11.945187: Pseudo dice [np.float32(0.1381)]
2026-09-01 09:46:11.946303: Epoch time: 98.13 s
2026-09-01 09:46:12.850624: 
2026-09-01 09:46:12.851779: Epoch 602
2026-09-01 09:46:12.852593: Current learning rate: 0.00436
2026-09-01 09:47:53.525542: train_loss -0.5718
2026-09-01 09:47:53.527072: val_loss -0.5607
2026-09-01 09:47:53.528144: Pseudo dice [np.float32(0.173)]
2026-09-01 09:47:53.528964: Epoch time: 100.68 s
2026-09-01 09:47:54.554357: 
2026-09-01 09:47:54.556003: Epoch 603
2026-09-01 09:47:54.556926: Current learning rate: 0.00435
2026-09-01 09:49:35.125460: train_loss -0.5509
2026-09-01 09:49:35.130559: val_loss -0.5301
2026-09-01 09:49:35.133489: Pseudo dice [np.float32(0.0738)]
2026-09-01 09:49:35.134507: Epoch time: 100.57 s
2026-09-01 09:49:36.082157: 
2026-09-01 09:49:36.083770: Epoch 604
2026-09-01 09:49:36.084649: Current learning rate: 0.00434
2026-09-01 09:51:17.601618: train_loss -0.5483
2026-09-01 09:51:17.603509: val_loss -0.5721
2026-09-01 09:51:17.604911: Pseudo dice [np.float32(0.1144)]
2026-09-01 09:51:17.606099: Epoch time: 101.52 s
2026-09-01 09:51:18.532000: 
2026-09-01 09:51:18.533403: Epoch 605
2026-09-01 09:51:18.534484: Current learning rate: 0.00433
2026-09-01 09:52:57.488201: train_loss -0.5622
2026-09-01 09:52:57.489557: val_loss -0.5254
2026-09-01 09:52:57.490623: Pseudo dice [np.float32(0.1599)]
2026-09-01 09:52:57.491437: Epoch time: 98.96 s
2026-09-01 09:52:58.406577: 
2026-09-01 09:52:58.407968: Epoch 606
2026-09-01 09:52:58.409074: Current learning rate: 0.00432
2026-09-01 09:54:36.559396: train_loss -0.5494
2026-09-01 09:54:36.575205: val_loss -0.561
2026-09-01 09:54:36.576137: Pseudo dice [np.float32(0.2228)]
2026-09-01 09:54:36.577027: Epoch time: 98.16 s
2026-09-01 09:54:37.480020: 
2026-09-01 09:54:37.481415: Epoch 607
2026-09-01 09:54:37.482443: Current learning rate: 0.00431
2026-09-01 09:56:19.587582: train_loss -0.5568
2026-09-01 09:56:19.601603: val_loss -0.5656
2026-09-01 09:56:19.602602: Pseudo dice [np.float32(0.1112)]
2026-09-01 09:56:19.603557: Epoch time: 102.11 s
2026-09-01 09:56:20.882847: 
2026-09-01 09:56:20.886798: Epoch 608
2026-09-01 09:56:20.887919: Current learning rate: 0.0043
2026-09-01 09:58:03.194656: train_loss -0.5575
2026-09-01 09:58:03.210529: val_loss -0.5836
2026-09-01 09:58:03.211835: Pseudo dice [np.float32(0.1485)]
2026-09-01 09:58:03.212798: Epoch time: 102.32 s
2026-09-01 09:58:04.371160: 
2026-09-01 09:58:04.372617: Epoch 609
2026-09-01 09:58:04.373652: Current learning rate: 0.00429
2026-09-01 09:59:43.415328: train_loss -0.5652
2026-09-01 09:59:43.416500: val_loss -0.5389
2026-09-01 09:59:43.417499: Pseudo dice [np.float32(0.1788)]
2026-09-01 09:59:43.418434: Epoch time: 99.05 s
2026-09-01 09:59:44.320029: 
2026-09-01 09:59:44.321073: Epoch 610
2026-09-01 09:59:44.321895: Current learning rate: 0.00429
2026-09-01 10:01:23.170048: train_loss -0.5232
2026-09-01 10:01:23.171464: val_loss -0.5215
2026-09-01 10:01:23.172510: Pseudo dice [np.float32(0.1438)]
2026-09-01 10:01:23.173433: Epoch time: 98.85 s
2026-09-01 10:01:24.323738: 
2026-09-01 10:01:24.324857: Epoch 611
2026-09-01 10:01:24.325878: Current learning rate: 0.00428
2026-09-01 10:03:02.414602: train_loss -0.553
2026-09-01 10:03:02.415908: val_loss -0.577
2026-09-01 10:03:02.417106: Pseudo dice [np.float32(0.094)]
2026-09-01 10:03:02.418083: Epoch time: 98.09 s
2026-09-01 10:03:03.322550: 
2026-09-01 10:03:03.323758: Epoch 612
2026-09-01 10:03:03.324714: Current learning rate: 0.00427
2026-09-01 10:04:42.017040: train_loss -0.5635
2026-09-01 10:04:42.019279: val_loss -0.5614
2026-09-01 10:04:42.020458: Pseudo dice [np.float32(0.0703)]
2026-09-01 10:04:42.021287: Epoch time: 98.69 s
2026-09-01 10:04:43.359483: 
2026-09-01 10:04:43.360844: Epoch 613
2026-09-01 10:04:43.361701: Current learning rate: 0.00426
2026-09-01 10:06:22.615667: train_loss -0.5358
2026-09-01 10:06:22.617193: val_loss -0.555
2026-09-01 10:06:22.618212: Pseudo dice [np.float32(0.1414)]
2026-09-01 10:06:22.619024: Epoch time: 99.26 s
2026-09-01 10:06:23.557111: 
2026-09-01 10:06:23.558959: Epoch 614
2026-09-01 10:06:23.559963: Current learning rate: 0.00425
2026-09-01 10:08:02.083306: train_loss -0.5589
2026-09-01 10:08:02.089480: val_loss -0.5746
2026-09-01 10:08:02.090726: Pseudo dice [np.float32(0.1049)]
2026-09-01 10:08:02.091656: Epoch time: 98.53 s
2026-09-01 10:08:03.109967: 
2026-09-01 10:08:03.111251: Epoch 615
2026-09-01 10:08:03.112308: Current learning rate: 0.00424
2026-09-01 10:09:57.669339: train_loss -0.5468
2026-09-01 10:09:57.673044: val_loss -0.5971
2026-09-01 10:09:57.674488: Pseudo dice [np.float32(0.2056)]
2026-09-01 10:09:57.675782: Epoch time: 114.56 s
2026-09-01 10:09:58.660896: 
2026-09-01 10:09:58.662395: Epoch 616
2026-09-01 10:09:58.663563: Current learning rate: 0.00423
2026-09-01 10:11:41.670883: train_loss -0.5673
2026-09-01 10:11:41.723045: val_loss -0.5611
2026-09-01 10:11:41.724023: Pseudo dice [np.float32(0.1827)]
2026-09-01 10:11:41.724906: Epoch time: 103.01 s
2026-09-01 10:11:42.669044: 
2026-09-01 10:11:42.671153: Epoch 617
2026-09-01 10:11:42.672224: Current learning rate: 0.00422
2026-09-01 10:13:21.526923: train_loss -0.5645
2026-09-01 10:13:21.534533: val_loss -0.5842
2026-09-01 10:13:21.535806: Pseudo dice [np.float32(0.1548)]
2026-09-01 10:13:21.536747: Epoch time: 98.86 s
2026-09-01 10:13:22.773664: 
2026-09-01 10:13:22.774994: Epoch 618
2026-09-01 10:13:22.775872: Current learning rate: 0.00421
2026-09-01 10:15:01.258974: train_loss -0.5404
2026-09-01 10:15:01.260556: val_loss -0.5388
2026-09-01 10:15:01.261473: Pseudo dice [np.float32(0.068)]
2026-09-01 10:15:01.262388: Epoch time: 98.49 s
2026-09-01 10:15:02.188578: 
2026-09-01 10:15:02.190106: Epoch 619
2026-09-01 10:15:02.191049: Current learning rate: 0.0042
2026-09-01 10:16:45.133979: train_loss -0.5334
2026-09-01 10:16:45.136539: val_loss -0.521
2026-09-01 10:16:45.137472: Pseudo dice [np.float32(0.1103)]
2026-09-01 10:16:45.138503: Epoch time: 102.95 s
2026-09-01 10:16:46.064185: 
2026-09-01 10:16:46.065548: Epoch 620
2026-09-01 10:16:46.066369: Current learning rate: 0.00419
2026-09-01 10:18:25.073104: train_loss -0.5674
2026-09-01 10:18:25.083616: val_loss -0.57
2026-09-01 10:18:25.084913: Pseudo dice [np.float32(0.1683)]
2026-09-01 10:18:25.086087: Epoch time: 99.01 s
2026-09-01 10:18:27.785488: 
2026-09-01 10:18:27.787021: Epoch 621
2026-09-01 10:18:27.787963: Current learning rate: 0.00418
2026-09-01 10:20:06.819822: train_loss -0.57
2026-09-01 10:20:06.821718: val_loss -0.594
2026-09-01 10:20:06.822701: Pseudo dice [np.float32(0.1874)]
2026-09-01 10:20:06.823753: Epoch time: 99.04 s
2026-09-01 10:20:07.744341: 
2026-09-01 10:20:07.745695: Epoch 622
2026-09-01 10:20:07.746484: Current learning rate: 0.00417
2026-09-01 10:21:50.611855: train_loss -0.5557
2026-09-01 10:21:50.645793: val_loss -0.5369
2026-09-01 10:21:50.647021: Pseudo dice [np.float32(0.1558)]
2026-09-01 10:21:50.647975: Epoch time: 102.87 s
2026-09-01 10:21:51.751440: 
2026-09-01 10:21:51.753011: Epoch 623
2026-09-01 10:21:51.753974: Current learning rate: 0.00416
2026-09-01 10:23:30.492539: train_loss -0.5664
2026-09-01 10:23:30.494371: val_loss -0.5986
2026-09-01 10:23:30.495409: Pseudo dice [np.float32(0.1971)]
2026-09-01 10:23:30.496430: Epoch time: 98.74 s
2026-09-01 10:23:30.497400: Yayy! New best EMA pseudo Dice: 0.14800000190734863
2026-09-01 10:23:32.778771: 
2026-09-01 10:23:32.780234: Epoch 624
2026-09-01 10:23:32.781172: Current learning rate: 0.00415
2026-09-01 10:25:11.930551: train_loss -0.5609
2026-09-01 10:25:11.931755: val_loss -0.5923
2026-09-01 10:25:11.934284: Pseudo dice [np.float32(0.1719)]
2026-09-01 10:25:11.935605: Epoch time: 99.15 s
2026-09-01 10:25:11.937245: Yayy! New best EMA pseudo Dice: 0.15039999783039093
2026-09-01 10:25:14.080502: 
2026-09-01 10:25:14.082104: Epoch 625
2026-09-01 10:25:14.082957: Current learning rate: 0.00414
2026-09-01 10:26:52.974275: train_loss -0.5278
2026-09-01 10:26:52.975988: val_loss -0.5355
2026-09-01 10:26:52.977003: Pseudo dice [np.float32(0.0847)]
2026-09-01 10:26:52.977806: Epoch time: 98.9 s
2026-09-01 10:26:53.905078: 
2026-09-01 10:26:53.906553: Epoch 626
2026-09-01 10:26:53.907503: Current learning rate: 0.00413
2026-09-01 10:28:32.752674: train_loss -0.5476
2026-09-01 10:28:32.754289: val_loss -0.5742
2026-09-01 10:28:32.755149: Pseudo dice [np.float32(0.0884)]
2026-09-01 10:28:32.755962: Epoch time: 98.85 s
2026-09-01 10:28:33.668072: 
2026-09-01 10:28:33.669405: Epoch 627
2026-09-01 10:28:33.670356: Current learning rate: 0.00412
2026-09-01 10:30:12.245459: train_loss -0.5493
2026-09-01 10:30:12.246518: val_loss -0.5713
2026-09-01 10:30:12.247582: Pseudo dice [np.float32(0.163)]
2026-09-01 10:30:12.248543: Epoch time: 98.58 s
2026-09-01 10:30:13.160789: 
2026-09-01 10:30:13.162094: Epoch 628
2026-09-01 10:30:13.162866: Current learning rate: 0.00411
2026-09-01 10:31:53.164773: train_loss -0.5631
2026-09-01 10:31:53.170104: val_loss -0.5535
2026-09-01 10:31:53.171218: Pseudo dice [np.float32(0.123)]
2026-09-01 10:31:53.172068: Epoch time: 100.01 s
2026-09-01 10:31:54.117212: 
2026-09-01 10:31:54.118378: Epoch 629
2026-09-01 10:31:54.119249: Current learning rate: 0.0041
2026-09-01 10:33:32.688774: train_loss -0.5512
2026-09-01 10:33:32.690524: val_loss -0.5489
2026-09-01 10:33:32.691975: Pseudo dice [np.float32(0.1071)]
2026-09-01 10:33:32.693121: Epoch time: 98.57 s
2026-09-01 10:33:33.615355: 
2026-09-01 10:33:33.616554: Epoch 630
2026-09-01 10:33:33.617399: Current learning rate: 0.00409
2026-09-01 10:35:14.167722: train_loss -0.548
2026-09-01 10:35:14.169021: val_loss -0.5707
2026-09-01 10:35:14.169917: Pseudo dice [np.float32(0.1671)]
2026-09-01 10:35:14.170867: Epoch time: 100.55 s
2026-09-01 10:35:15.088429: 
2026-09-01 10:35:15.089620: Epoch 631
2026-09-01 10:35:15.090497: Current learning rate: 0.00408
2026-09-01 10:36:54.162216: train_loss -0.5681
2026-09-01 10:36:54.163387: val_loss -0.5898
2026-09-01 10:36:54.165222: Pseudo dice [np.float32(0.2324)]
2026-09-01 10:36:54.166121: Epoch time: 99.08 s
2026-09-01 10:36:55.065056: 
2026-09-01 10:36:55.066123: Epoch 632
2026-09-01 10:36:55.067006: Current learning rate: 0.00407
2026-09-01 10:38:33.467555: train_loss -0.54
2026-09-01 10:38:33.468741: val_loss -0.5316
2026-09-01 10:38:33.469630: Pseudo dice [np.float32(0.1076)]
2026-09-01 10:38:33.470594: Epoch time: 98.41 s
2026-09-01 10:38:34.375383: 
2026-09-01 10:38:34.376547: Epoch 633
2026-09-01 10:38:34.377408: Current learning rate: 0.00406
2026-09-01 10:40:20.170482: train_loss -0.562
2026-09-01 10:40:20.189080: val_loss -0.5196
2026-09-01 10:40:20.196363: Pseudo dice [np.float32(0.1537)]
2026-09-01 10:40:20.197406: Epoch time: 105.8 s
2026-09-01 10:40:21.547835: 
2026-09-01 10:40:21.549156: Epoch 634
2026-09-01 10:40:21.550137: Current learning rate: 0.00405
2026-09-01 10:42:00.948622: train_loss -0.561
2026-09-01 10:42:00.949886: val_loss -0.5283
2026-09-01 10:42:00.950832: Pseudo dice [np.float32(0.0822)]
2026-09-01 10:42:00.951722: Epoch time: 99.4 s
2026-09-01 10:42:01.872343: 
2026-09-01 10:42:01.873532: Epoch 635
2026-09-01 10:42:01.874381: Current learning rate: 0.00404
2026-09-01 10:43:40.668182: train_loss -0.5498
2026-09-01 10:43:40.669605: val_loss -0.556
2026-09-01 10:43:40.670573: Pseudo dice [np.float32(0.0811)]
2026-09-01 10:43:40.671417: Epoch time: 98.8 s
2026-09-01 10:43:41.585207: 
2026-09-01 10:43:41.586564: Epoch 636
2026-09-01 10:43:41.587389: Current learning rate: 0.00403
2026-09-01 10:45:20.118301: train_loss -0.5385
2026-09-01 10:45:20.120208: val_loss -0.5548
2026-09-01 10:45:20.121435: Pseudo dice [np.float32(0.2158)]
2026-09-01 10:45:20.122558: Epoch time: 98.54 s
2026-09-01 10:45:21.031443: 
2026-09-01 10:45:21.032437: Epoch 637
2026-09-01 10:45:21.033244: Current learning rate: 0.00402
2026-09-01 10:47:01.443788: train_loss -0.5634
2026-09-01 10:47:01.447255: val_loss -0.5188
2026-09-01 10:47:01.450149: Pseudo dice [np.float32(0.0955)]
2026-09-01 10:47:01.451412: Epoch time: 100.41 s
2026-09-01 10:47:02.397356: 
2026-09-01 10:47:02.399016: Epoch 638
2026-09-01 10:47:02.399978: Current learning rate: 0.00401
2026-09-01 10:48:41.767520: train_loss -0.5326
2026-09-01 10:48:41.768959: val_loss -0.5954
2026-09-01 10:48:41.770013: Pseudo dice [np.float32(0.2025)]
2026-09-01 10:48:41.770988: Epoch time: 99.37 s
2026-09-01 10:48:43.036913: 
2026-09-01 10:48:43.038282: Epoch 639
2026-09-01 10:48:43.039284: Current learning rate: 0.004
2026-09-01 10:50:21.106438: train_loss -0.5509
2026-09-01 10:50:21.120535: val_loss -0.5397
2026-09-01 10:50:21.121566: Pseudo dice [np.float32(0.1029)]
2026-09-01 10:50:21.122537: Epoch time: 98.07 s
2026-09-01 10:50:22.527604: 
2026-09-01 10:50:22.528987: Epoch 640
2026-09-01 10:50:22.529878: Current learning rate: 0.00399
2026-09-01 10:52:00.687645: train_loss -0.5507
2026-09-01 10:52:00.688997: val_loss -0.5828
2026-09-01 10:52:00.689927: Pseudo dice [np.float32(0.1748)]
2026-09-01 10:52:00.690735: Epoch time: 98.16 s
2026-09-01 10:52:01.600225: 
2026-09-01 10:52:01.601741: Epoch 641
2026-09-01 10:52:01.602707: Current learning rate: 0.00398
2026-09-01 10:53:41.844507: train_loss -0.5404
2026-09-01 10:53:41.845919: val_loss -0.5467
2026-09-01 10:53:41.846823: Pseudo dice [np.float32(0.1058)]
2026-09-01 10:53:41.847630: Epoch time: 100.25 s
2026-09-01 10:53:42.764672: 
2026-09-01 10:53:42.765831: Epoch 642
2026-09-01 10:53:42.766750: Current learning rate: 0.00397
2026-09-01 10:55:22.593289: train_loss -0.5625
2026-09-01 10:55:22.595207: val_loss -0.4554
2026-09-01 10:55:22.596509: Pseudo dice [np.float32(0.1402)]
2026-09-01 10:55:22.602267: Epoch time: 99.83 s
2026-09-01 10:55:23.669857: 
2026-09-01 10:55:23.671364: Epoch 643
2026-09-01 10:55:23.672317: Current learning rate: 0.00396
2026-09-01 10:57:02.730299: train_loss -0.5596
2026-09-01 10:57:02.731646: val_loss -0.5545
2026-09-01 10:57:02.732593: Pseudo dice [np.float32(0.3057)]
2026-09-01 10:57:02.733508: Epoch time: 99.06 s
2026-09-01 10:57:02.734328: Yayy! New best EMA pseudo Dice: 0.1559000015258789
2026-09-01 10:57:05.114373: 
2026-09-01 10:57:05.115718: Epoch 644
2026-09-01 10:57:05.116471: Current learning rate: 0.00395
2026-09-01 10:58:50.917808: train_loss -0.5544
2026-09-01 10:58:50.922884: val_loss -0.5478
2026-09-01 10:58:50.925843: Pseudo dice [np.float32(0.0915)]
2026-09-01 10:58:50.926750: Epoch time: 105.81 s
2026-09-01 10:58:52.062625: 
2026-09-01 10:58:52.074746: Epoch 645
2026-09-01 10:58:52.075996: Current learning rate: 0.00394
2026-09-01 11:00:30.421443: train_loss -0.5342
2026-09-01 11:00:30.423153: val_loss -0.5538
2026-09-01 11:00:30.424232: Pseudo dice [np.float32(0.1483)]
2026-09-01 11:00:30.425184: Epoch time: 98.37 s
2026-09-01 11:00:31.345980: 
2026-09-01 11:00:31.347321: Epoch 646
2026-09-01 11:00:31.348252: Current learning rate: 0.00393
2026-09-01 11:02:10.147913: train_loss -0.5598
2026-09-01 11:02:10.149594: val_loss -0.5316
2026-09-01 11:02:10.150803: Pseudo dice [np.float32(0.1068)]
2026-09-01 11:02:10.151711: Epoch time: 98.8 s
2026-09-01 11:02:11.061142: 
2026-09-01 11:02:11.062402: Epoch 647
2026-09-01 11:02:11.063223: Current learning rate: 0.00392
2026-09-01 11:03:50.297905: train_loss -0.5498
2026-09-01 11:03:50.299440: val_loss -0.5831
2026-09-01 11:03:50.300837: Pseudo dice [np.float32(0.1009)]
2026-09-01 11:03:50.301662: Epoch time: 99.24 s
2026-09-01 11:03:51.217190: 
2026-09-01 11:03:51.218804: Epoch 648
2026-09-01 11:03:51.219629: Current learning rate: 0.00391
2026-09-01 11:05:30.198416: train_loss -0.563
2026-09-01 11:05:30.199996: val_loss -0.5713
2026-09-01 11:05:30.200952: Pseudo dice [np.float32(0.2052)]
2026-09-01 11:05:30.201797: Epoch time: 98.98 s
2026-09-01 11:05:31.127655: 
2026-09-01 11:05:31.129048: Epoch 649
2026-09-01 11:05:31.129915: Current learning rate: 0.0039
2026-09-01 11:07:12.232321: train_loss -0.5624
2026-09-01 11:07:12.235838: val_loss -0.5971
2026-09-01 11:07:12.239145: Pseudo dice [np.float32(0.188)]
2026-09-01 11:07:12.240316: Epoch time: 101.11 s
2026-09-01 11:07:14.561592: 
2026-09-01 11:07:14.562713: Epoch 650
2026-09-01 11:07:14.563773: Current learning rate: 0.00389
2026-09-01 11:08:54.449121: train_loss -0.5621
2026-09-01 11:08:54.477365: val_loss -0.5898
2026-09-01 11:08:54.482681: Pseudo dice [np.float32(0.29)]
2026-09-01 11:08:54.484132: Epoch time: 99.89 s
2026-09-01 11:08:54.485265: Yayy! New best EMA pseudo Dice: 0.16509999334812164
2026-09-01 11:08:56.973686: 
2026-09-01 11:08:56.974729: Epoch 651
2026-09-01 11:08:56.975546: Current learning rate: 0.00388
2026-09-01 11:10:35.544638: train_loss -0.5631
2026-09-01 11:10:35.545956: val_loss -0.5839
2026-09-01 11:10:35.547004: Pseudo dice [np.float32(0.1222)]
2026-09-01 11:10:35.547947: Epoch time: 98.57 s
2026-09-01 11:10:36.623595: 
2026-09-01 11:10:36.624884: Epoch 652
2026-09-01 11:10:36.625821: Current learning rate: 0.00387
2026-09-01 11:12:15.026874: train_loss -0.567
2026-09-01 11:12:15.030735: val_loss -0.6128
2026-09-01 11:12:15.031788: Pseudo dice [np.float32(0.2583)]
2026-09-01 11:12:15.032807: Epoch time: 98.41 s
2026-09-01 11:12:15.033882: Yayy! New best EMA pseudo Dice: 0.17059999704360962
2026-09-01 11:12:17.219105: 
2026-09-01 11:12:17.220291: Epoch 653
2026-09-01 11:12:17.221212: Current learning rate: 0.00386
2026-09-01 11:13:56.564581: train_loss -0.5651
2026-09-01 11:13:56.565960: val_loss -0.5463
2026-09-01 11:13:56.566872: Pseudo dice [np.float32(0.1459)]
2026-09-01 11:13:56.567751: Epoch time: 99.35 s
2026-09-01 11:13:57.487551: 
2026-09-01 11:13:57.489204: Epoch 654
2026-09-01 11:13:57.490170: Current learning rate: 0.00385
2026-09-01 11:15:36.044652: train_loss -0.5421
2026-09-01 11:15:36.059098: val_loss -0.575
2026-09-01 11:15:36.060403: Pseudo dice [np.float32(0.1115)]
2026-09-01 11:15:36.061438: Epoch time: 98.56 s
2026-09-01 11:15:37.100046: 
2026-09-01 11:15:37.101389: Epoch 655
2026-09-01 11:15:37.102342: Current learning rate: 0.00384
2026-09-01 11:17:15.733801: train_loss -0.5402
2026-09-01 11:17:15.735117: val_loss -0.5787
2026-09-01 11:17:15.736196: Pseudo dice [np.float32(0.147)]
2026-09-01 11:17:15.737074: Epoch time: 98.64 s
2026-09-01 11:17:16.654019: 
2026-09-01 11:17:16.655183: Epoch 656
2026-09-01 11:17:16.656206: Current learning rate: 0.00383
2026-09-01 11:18:55.014239: train_loss -0.5444
2026-09-01 11:18:55.015280: val_loss -0.5465
2026-09-01 11:18:55.016156: Pseudo dice [np.float32(0.2081)]
2026-09-01 11:18:55.016902: Epoch time: 98.36 s
2026-09-01 11:18:55.936560: 
2026-09-01 11:18:55.938037: Epoch 657
2026-09-01 11:18:55.938838: Current learning rate: 0.00382
2026-09-01 11:20:34.348871: train_loss -0.537
2026-09-01 11:20:34.350005: val_loss -0.5479
2026-09-01 11:20:34.351012: Pseudo dice [np.float32(0.0517)]
2026-09-01 11:20:34.351971: Epoch time: 98.41 s
2026-09-01 11:20:35.501036: 
2026-09-01 11:20:35.502240: Epoch 658
2026-09-01 11:20:35.503059: Current learning rate: 0.00381
2026-09-01 11:22:24.645836: train_loss -0.5237
2026-09-01 11:22:24.647274: val_loss -0.6027
2026-09-01 11:22:24.648287: Pseudo dice [np.float32(0.1917)]
2026-09-01 11:22:24.649192: Epoch time: 109.15 s
2026-09-01 11:22:25.705088: 
2026-09-01 11:22:25.706412: Epoch 659
2026-09-01 11:22:25.707390: Current learning rate: 0.0038
2026-09-01 11:24:06.138913: train_loss -0.5343
2026-09-01 11:24:06.158645: val_loss -0.575
2026-09-01 11:24:06.160330: Pseudo dice [np.float32(0.1185)]
2026-09-01 11:24:06.161269: Epoch time: 100.44 s
2026-09-01 11:24:07.355423: 
2026-09-01 11:24:07.357233: Epoch 660
2026-09-01 11:24:07.358269: Current learning rate: 0.00379
2026-09-01 11:25:45.959792: train_loss -0.5341
2026-09-01 11:25:45.961366: val_loss -0.6054
2026-09-01 11:25:45.962373: Pseudo dice [np.float32(0.2068)]
2026-09-01 11:25:45.963268: Epoch time: 98.61 s
2026-09-01 11:25:46.917069: 
2026-09-01 11:25:46.918649: Epoch 661
2026-09-01 11:25:46.919994: Current learning rate: 0.00378
2026-09-01 11:27:24.558256: train_loss -0.554
2026-09-01 11:27:24.560645: val_loss -0.5488
2026-09-01 11:27:24.561952: Pseudo dice [np.float32(0.1752)]
2026-09-01 11:27:24.562860: Epoch time: 97.65 s
2026-09-01 11:27:25.495004: 
2026-09-01 11:27:25.496426: Epoch 662
2026-09-01 11:27:25.497869: Current learning rate: 0.00377
2026-09-01 11:29:03.842606: train_loss -0.557
2026-09-01 11:29:03.844435: val_loss -0.5764
2026-09-01 11:29:03.845778: Pseudo dice [np.float32(0.122)]
2026-09-01 11:29:03.846872: Epoch time: 98.35 s
2026-09-01 11:29:04.751190: 
2026-09-01 11:29:04.752643: Epoch 663
2026-09-01 11:29:04.753687: Current learning rate: 0.00376
2026-09-01 11:30:42.996104: train_loss -0.5547
2026-09-01 11:30:42.997339: val_loss -0.5749
2026-09-01 11:30:42.998384: Pseudo dice [np.float32(0.2004)]
2026-09-01 11:30:42.999378: Epoch time: 98.25 s
2026-09-01 11:30:43.915929: 
2026-09-01 11:30:43.917064: Epoch 664
2026-09-01 11:30:43.917982: Current learning rate: 0.00375
2026-09-01 11:32:23.030546: train_loss -0.5807
2026-09-01 11:32:23.032238: val_loss -0.5415
2026-09-01 11:32:23.033191: Pseudo dice [np.float32(0.2165)]
2026-09-01 11:32:23.034107: Epoch time: 99.12 s
2026-09-01 11:32:23.975925: 
2026-09-01 11:32:23.977176: Epoch 665
2026-09-01 11:32:23.977993: Current learning rate: 0.00374
2026-09-01 11:34:02.100032: train_loss -0.5588
2026-09-01 11:34:02.106514: val_loss -0.5998
2026-09-01 11:34:02.107585: Pseudo dice [np.float32(0.2341)]
2026-09-01 11:34:02.108495: Epoch time: 98.13 s
2026-09-01 11:34:02.109389: Yayy! New best EMA pseudo Dice: 0.1736000031232834
2026-09-01 11:34:04.393402: 
2026-09-01 11:34:04.394871: Epoch 666
2026-09-01 11:34:04.395790: Current learning rate: 0.00373
2026-09-01 11:35:41.937823: train_loss -0.5968
2026-09-01 11:35:41.939592: val_loss -0.5733
2026-09-01 11:35:41.940585: Pseudo dice [np.float32(0.1075)]
2026-09-01 11:35:41.941414: Epoch time: 97.55 s
2026-09-01 11:35:44.129146: 
2026-09-01 11:35:44.130700: Epoch 667
2026-09-01 11:35:44.131651: Current learning rate: 0.00372
2026-09-01 11:37:22.838057: train_loss -0.5464
2026-09-01 11:37:22.839177: val_loss -0.5553
2026-09-01 11:37:22.840032: Pseudo dice [np.float32(0.101)]
2026-09-01 11:37:22.840858: Epoch time: 98.71 s
2026-09-01 11:37:23.764513: 
2026-09-01 11:37:23.765667: Epoch 668
2026-09-01 11:37:23.766523: Current learning rate: 0.00371
2026-09-01 11:39:02.876882: train_loss -0.5544
2026-09-01 11:39:02.878202: val_loss -0.5954
2026-09-01 11:39:02.879107: Pseudo dice [np.float32(0.1941)]
2026-09-01 11:39:02.879936: Epoch time: 99.11 s
2026-09-01 11:39:03.802977: 
2026-09-01 11:39:03.804331: Epoch 669
2026-09-01 11:39:03.805162: Current learning rate: 0.0037
2026-09-01 11:40:44.217828: train_loss -0.5656
2026-09-01 11:40:44.222831: val_loss -0.5474
2026-09-01 11:40:44.224080: Pseudo dice [np.float32(0.2161)]
2026-09-01 11:40:44.225257: Epoch time: 100.42 s
2026-09-01 11:40:45.182317: 
2026-09-01 11:40:45.183662: Epoch 670
2026-09-01 11:40:45.184714: Current learning rate: 0.00369
2026-09-01 11:42:24.005087: train_loss -0.5513
2026-09-01 11:42:24.006365: val_loss -0.5946
2026-09-01 11:42:24.007315: Pseudo dice [np.float32(0.1414)]
2026-09-01 11:42:24.008168: Epoch time: 98.83 s
2026-09-01 11:42:24.971050: 
2026-09-01 11:42:24.972132: Epoch 671
2026-09-01 11:42:24.972969: Current learning rate: 0.00368
2026-09-01 11:44:03.409588: train_loss -0.5476
2026-09-01 11:44:03.411062: val_loss -0.5567
2026-09-01 11:44:03.411968: Pseudo dice [np.float32(0.0824)]
2026-09-01 11:44:03.413021: Epoch time: 98.44 s
2026-09-01 11:44:04.355333: 
2026-09-01 11:44:04.356759: Epoch 672
2026-09-01 11:44:04.357796: Current learning rate: 0.00367
2026-09-01 11:45:43.810454: train_loss -0.5334
2026-09-01 11:45:43.811681: val_loss -0.5477
2026-09-01 11:45:43.812901: Pseudo dice [np.float32(0.2009)]
2026-09-01 11:45:43.813668: Epoch time: 99.46 s
2026-09-01 11:45:44.746811: 
2026-09-01 11:45:44.748074: Epoch 673
2026-09-01 11:45:44.748901: Current learning rate: 0.00366
2026-09-01 11:47:23.881824: train_loss -0.5576
2026-09-01 11:47:23.884514: val_loss -0.5746
2026-09-01 11:47:23.885760: Pseudo dice [np.float32(0.0695)]
2026-09-01 11:47:23.886718: Epoch time: 99.14 s
2026-09-01 11:47:25.031642: 
2026-09-01 11:47:25.033006: Epoch 674
2026-09-01 11:47:25.033831: Current learning rate: 0.00365
2026-09-01 11:49:04.530509: train_loss -0.5543
2026-09-01 11:49:04.532024: val_loss -0.5696
2026-09-01 11:49:04.533100: Pseudo dice [np.float32(0.2209)]
2026-09-01 11:49:04.533993: Epoch time: 99.5 s
2026-09-01 11:49:05.471577: 
2026-09-01 11:49:05.472834: Epoch 675
2026-09-01 11:49:05.473770: Current learning rate: 0.00364
2026-09-01 11:50:43.911240: train_loss -0.5245
2026-09-01 11:50:43.912705: val_loss -0.5348
2026-09-01 11:50:43.913902: Pseudo dice [np.float32(0.1176)]
2026-09-01 11:50:43.914779: Epoch time: 98.44 s
2026-09-01 11:50:44.837019: 
2026-09-01 11:50:44.838600: Epoch 676
2026-09-01 11:50:44.839530: Current learning rate: 0.00363
2026-09-01 11:52:24.487375: train_loss -0.5426
2026-09-01 11:52:24.493496: val_loss -0.5608
2026-09-01 11:52:24.494877: Pseudo dice [np.float32(0.0835)]
2026-09-01 11:52:24.495806: Epoch time: 99.65 s
2026-09-01 11:52:25.452996: 
2026-09-01 11:52:25.454716: Epoch 677
2026-09-01 11:52:25.455531: Current learning rate: 0.00362
2026-09-01 11:54:05.901389: train_loss -0.5508
2026-09-01 11:54:05.902483: val_loss -0.5568
2026-09-01 11:54:05.903418: Pseudo dice [np.float32(0.0825)]
2026-09-01 11:54:05.904232: Epoch time: 100.45 s
2026-09-01 11:54:06.835913: 
2026-09-01 11:54:06.837424: Epoch 678
2026-09-01 11:54:06.838408: Current learning rate: 0.00361
2026-09-01 11:55:47.055650: train_loss -0.5546
2026-09-01 11:55:47.059332: val_loss -0.6372
2026-09-01 11:55:47.060686: Pseudo dice [np.float32(0.2912)]
2026-09-01 11:55:47.061810: Epoch time: 100.22 s
2026-09-01 11:55:48.007123: 
2026-09-01 11:55:48.008348: Epoch 679
2026-09-01 11:55:48.009162: Current learning rate: 0.0036
2026-09-01 11:57:28.176304: train_loss -0.5787
2026-09-01 11:57:28.205170: val_loss -0.611
2026-09-01 11:57:28.248423: Pseudo dice [np.float32(0.3252)]
2026-09-01 11:57:28.249511: Epoch time: 100.17 s
2026-09-01 11:57:29.598149: 
2026-09-01 11:57:29.599415: Epoch 680
2026-09-01 11:57:29.600297: Current learning rate: 0.00359
2026-09-01 11:59:08.971175: train_loss -0.5966
2026-09-01 11:59:08.972840: val_loss -0.5835
2026-09-01 11:59:08.973994: Pseudo dice [np.float32(0.2808)]
2026-09-01 11:59:08.975266: Epoch time: 99.38 s
2026-09-01 11:59:08.976423: Yayy! New best EMA pseudo Dice: 0.1842000037431717
2026-09-01 11:59:11.123048: 
2026-09-01 11:59:11.124345: Epoch 681
2026-09-01 11:59:11.125127: Current learning rate: 0.00358
2026-09-01 12:00:48.501051: train_loss -0.5792
2026-09-01 12:00:48.502266: val_loss -0.5969
2026-09-01 12:00:48.503174: Pseudo dice [np.float32(0.0769)]
2026-09-01 12:00:48.503972: Epoch time: 97.38 s
2026-09-01 12:00:49.424419: 
2026-09-01 12:00:49.425733: Epoch 682
2026-09-01 12:00:49.426713: Current learning rate: 0.00357
2026-09-01 12:02:27.918785: train_loss -0.566
2026-09-01 12:02:27.920415: val_loss -0.5972
2026-09-01 12:02:27.921391: Pseudo dice [np.float32(0.2274)]
2026-09-01 12:02:27.922323: Epoch time: 98.5 s
2026-09-01 12:02:28.928398: 
2026-09-01 12:02:28.929697: Epoch 683
2026-09-01 12:02:28.930548: Current learning rate: 0.00356
2026-09-01 12:04:06.056006: train_loss -0.5693
2026-09-01 12:04:06.057281: val_loss -0.5788
2026-09-01 12:04:06.058252: Pseudo dice [np.float32(0.2083)]
2026-09-01 12:04:06.059161: Epoch time: 97.13 s
2026-09-01 12:04:06.964344: 
2026-09-01 12:04:06.965744: Epoch 684
2026-09-01 12:04:06.966528: Current learning rate: 0.00355
2026-09-01 12:05:44.264994: train_loss -0.5756
2026-09-01 12:05:44.266177: val_loss -0.5853
2026-09-01 12:05:44.267034: Pseudo dice [np.float32(0.2195)]
2026-09-01 12:05:44.267889: Epoch time: 97.3 s
2026-09-01 12:05:44.268643: Yayy! New best EMA pseudo Dice: 0.18559999763965607
2026-09-01 12:05:46.558152: 
2026-09-01 12:05:46.559263: Epoch 685
2026-09-01 12:05:46.560163: Current learning rate: 0.00354
2026-09-01 12:07:25.394391: train_loss -0.5982
2026-09-01 12:07:25.395916: val_loss -0.6175
2026-09-01 12:07:25.396855: Pseudo dice [np.float32(0.1509)]
2026-09-01 12:07:25.397638: Epoch time: 98.84 s
2026-09-01 12:07:26.303503: 
2026-09-01 12:07:26.304661: Epoch 686
2026-09-01 12:07:26.305430: Current learning rate: 0.00353
2026-09-01 12:09:04.840481: train_loss -0.5857
2026-09-01 12:09:04.841800: val_loss -0.5432
2026-09-01 12:09:04.843026: Pseudo dice [np.float32(0.1334)]
2026-09-01 12:09:04.844135: Epoch time: 98.54 s
2026-09-01 12:09:05.754070: 
2026-09-01 12:09:05.755250: Epoch 687
2026-09-01 12:09:05.756177: Current learning rate: 0.00352
2026-09-01 12:10:44.989571: train_loss -0.5591
2026-09-01 12:10:44.991085: val_loss -0.5853
2026-09-01 12:10:44.992100: Pseudo dice [np.float32(0.2761)]
2026-09-01 12:10:44.993044: Epoch time: 99.24 s
2026-09-01 12:10:44.993953: Yayy! New best EMA pseudo Dice: 0.18709999322891235
2026-09-01 12:10:47.232032: 
2026-09-01 12:10:47.233377: Epoch 688
2026-09-01 12:10:47.234214: Current learning rate: 0.00351
2026-09-01 12:12:29.247349: train_loss -0.5505
2026-09-01 12:12:29.249692: val_loss -0.5465
2026-09-01 12:12:29.254418: Pseudo dice [np.float32(0.1351)]
2026-09-01 12:12:29.255313: Epoch time: 102.02 s
2026-09-01 12:12:30.207958: 
2026-09-01 12:12:30.209232: Epoch 689
2026-09-01 12:12:30.210203: Current learning rate: 0.0035
2026-09-01 12:14:11.789146: train_loss -0.5395
2026-09-01 12:14:11.796280: val_loss -0.5701
2026-09-01 12:14:11.797538: Pseudo dice [np.float32(0.1189)]
2026-09-01 12:14:11.798639: Epoch time: 101.58 s
2026-09-01 12:14:12.980608: 
2026-09-01 12:14:12.982273: Epoch 690
2026-09-01 12:14:12.983289: Current learning rate: 0.00349
2026-09-01 12:15:55.479294: train_loss -0.5759
2026-09-01 12:15:55.482760: val_loss -0.5859
2026-09-01 12:15:55.484046: Pseudo dice [np.float32(0.1827)]
2026-09-01 12:15:55.485368: Epoch time: 102.5 s
2026-09-01 12:15:56.811789: 
2026-09-01 12:15:56.813472: Epoch 691
2026-09-01 12:15:56.814571: Current learning rate: 0.00348
2026-09-01 12:17:35.558474: train_loss -0.5597
2026-09-01 12:17:35.559917: val_loss -0.5738
2026-09-01 12:17:35.561154: Pseudo dice [np.float32(0.1809)]
2026-09-01 12:17:35.562009: Epoch time: 98.75 s
2026-09-01 12:17:36.489252: 
2026-09-01 12:17:36.490393: Epoch 692
2026-09-01 12:17:36.491307: Current learning rate: 0.00346
2026-09-01 12:19:14.209990: train_loss -0.5861
2026-09-01 12:19:14.211131: val_loss -0.5256
2026-09-01 12:19:14.212200: Pseudo dice [np.float32(0.3164)]
2026-09-01 12:19:14.213258: Epoch time: 97.72 s
2026-09-01 12:19:14.214056: Yayy! New best EMA pseudo Dice: 0.1907999962568283
2026-09-01 12:19:16.394738: 
2026-09-01 12:19:16.396355: Epoch 693
2026-09-01 12:19:16.397236: Current learning rate: 0.00345
2026-09-01 12:20:54.986173: train_loss -0.5687
2026-09-01 12:20:54.987262: val_loss -0.5478
2026-09-01 12:20:54.988110: Pseudo dice [np.float32(0.0769)]
2026-09-01 12:20:54.988954: Epoch time: 98.59 s
2026-09-01 12:20:55.903425: 
2026-09-01 12:20:55.904684: Epoch 694
2026-09-01 12:20:55.905473: Current learning rate: 0.00344
2026-09-01 12:22:36.086336: train_loss -0.5552
2026-09-01 12:22:36.087493: val_loss -0.6321
2026-09-01 12:22:36.088482: Pseudo dice [np.float32(0.3379)]
2026-09-01 12:22:36.089286: Epoch time: 100.19 s
2026-09-01 12:22:36.090033: Yayy! New best EMA pseudo Dice: 0.19519999623298645
2026-09-01 12:22:38.302298: 
2026-09-01 12:22:38.303531: Epoch 695
2026-09-01 12:22:38.304399: Current learning rate: 0.00343
2026-09-01 12:24:16.835566: train_loss -0.5827
2026-09-01 12:24:16.837245: val_loss -0.6163
2026-09-01 12:24:16.838359: Pseudo dice [np.float32(0.2129)]
2026-09-01 12:24:16.839233: Epoch time: 98.54 s
2026-09-01 12:24:16.840036: Yayy! New best EMA pseudo Dice: 0.19699999690055847
2026-09-01 12:24:19.009122: 
2026-09-01 12:24:19.010542: Epoch 696
2026-09-01 12:24:19.011464: Current learning rate: 0.00342
2026-09-01 12:25:56.591767: train_loss -0.5694
2026-09-01 12:25:56.593024: val_loss -0.6092
2026-09-01 12:25:56.593988: Pseudo dice [np.float32(0.1849)]
2026-09-01 12:25:56.595122: Epoch time: 97.59 s
2026-09-01 12:25:57.515755: 
2026-09-01 12:25:57.517335: Epoch 697
2026-09-01 12:25:57.518349: Current learning rate: 0.00341
2026-09-01 12:27:36.842589: train_loss -0.5805
2026-09-01 12:27:36.843754: val_loss -0.59
2026-09-01 12:27:36.844723: Pseudo dice [np.float32(0.2784)]
2026-09-01 12:27:36.845634: Epoch time: 99.33 s
2026-09-01 12:27:36.846524: Yayy! New best EMA pseudo Dice: 0.20399999618530273
2026-09-01 12:27:39.008851: 
2026-09-01 12:27:39.010018: Epoch 698
2026-09-01 12:27:39.010802: Current learning rate: 0.0034
2026-09-01 12:29:18.849335: train_loss -0.5761
2026-09-01 12:29:18.850576: val_loss -0.5577
2026-09-01 12:29:18.851570: Pseudo dice [np.float32(0.1512)]
2026-09-01 12:29:18.852712: Epoch time: 99.84 s
2026-09-01 12:29:19.778673: 
2026-09-01 12:29:19.779836: Epoch 699
2026-09-01 12:29:19.780616: Current learning rate: 0.00339
2026-09-01 12:31:06.803383: train_loss -0.5802
2026-09-01 12:31:06.805040: val_loss -0.6328
2026-09-01 12:31:06.806154: Pseudo dice [np.float32(0.2919)]
2026-09-01 12:31:06.807140: Epoch time: 107.03 s
2026-09-01 12:31:07.937800: Yayy! New best EMA pseudo Dice: 0.20810000598430634
2026-09-01 12:31:10.115415: 
2026-09-01 12:31:10.116811: Epoch 700
2026-09-01 12:31:10.117798: Current learning rate: 0.00338
2026-09-01 12:32:51.873351: train_loss -0.5827
2026-09-01 12:32:51.879307: val_loss -0.5614
2026-09-01 12:32:51.881375: Pseudo dice [np.float32(0.1374)]
2026-09-01 12:32:51.884032: Epoch time: 101.76 s
2026-09-01 12:32:52.942068: 
2026-09-01 12:32:52.943364: Epoch 701
2026-09-01 12:32:52.944279: Current learning rate: 0.00337
2026-09-01 12:34:31.586225: train_loss -0.559
2026-09-01 12:34:31.587725: val_loss -0.6102
2026-09-01 12:34:31.588958: Pseudo dice [np.float32(0.1275)]
2026-09-01 12:34:31.590242: Epoch time: 98.65 s
2026-09-01 12:34:32.748527: 
2026-09-01 12:34:32.749665: Epoch 702
2026-09-01 12:34:32.750439: Current learning rate: 0.00336
2026-09-01 12:36:12.161900: train_loss -0.5761
2026-09-01 12:36:12.163093: val_loss -0.5485
2026-09-01 12:36:12.164067: Pseudo dice [np.float32(0.3261)]
2026-09-01 12:36:12.164899: Epoch time: 99.42 s
2026-09-01 12:36:13.082149: 
2026-09-01 12:36:13.083580: Epoch 703
2026-09-01 12:36:13.084505: Current learning rate: 0.00335
2026-09-01 12:37:50.550664: train_loss -0.5606
2026-09-01 12:37:50.551787: val_loss -0.5373
2026-09-01 12:37:50.552709: Pseudo dice [np.float32(0.0928)]
2026-09-01 12:37:50.553590: Epoch time: 97.47 s
2026-09-01 12:37:51.480711: 
2026-09-01 12:37:51.481988: Epoch 704
2026-09-01 12:37:51.482800: Current learning rate: 0.00334
2026-09-01 12:39:30.662897: train_loss -0.572
2026-09-01 12:39:30.664394: val_loss -0.5763
2026-09-01 12:39:30.665396: Pseudo dice [np.float32(0.1818)]
2026-09-01 12:39:30.666248: Epoch time: 99.18 s
2026-09-01 12:39:31.600769: 
2026-09-01 12:39:31.602028: Epoch 705
2026-09-01 12:39:31.602841: Current learning rate: 0.00333
2026-09-01 12:41:11.517145: train_loss -0.5694
2026-09-01 12:41:11.518366: val_loss -0.6134
2026-09-01 12:41:11.519361: Pseudo dice [np.float32(0.1451)]
2026-09-01 12:41:11.520391: Epoch time: 99.92 s
2026-09-01 12:41:12.433870: 
2026-09-01 12:41:12.435421: Epoch 706
2026-09-01 12:41:12.436355: Current learning rate: 0.00332
2026-09-01 12:42:50.781628: train_loss -0.552
2026-09-01 12:42:50.783092: val_loss -0.6271
2026-09-01 12:42:50.784098: Pseudo dice [np.float32(0.1265)]
2026-09-01 12:42:50.784885: Epoch time: 98.35 s
2026-09-01 12:42:51.712350: 
2026-09-01 12:42:51.713872: Epoch 707
2026-09-01 12:42:51.714771: Current learning rate: 0.00331
2026-09-01 12:44:29.727433: train_loss -0.5631
2026-09-01 12:44:29.728880: val_loss -0.621
2026-09-01 12:44:29.730108: Pseudo dice [np.float32(0.1776)]
2026-09-01 12:44:29.731201: Epoch time: 98.02 s
2026-09-01 12:44:30.656959: 
2026-09-01 12:44:30.658288: Epoch 708
2026-09-01 12:44:30.659126: Current learning rate: 0.0033
2026-09-01 12:46:12.005573: train_loss -0.5735
2026-09-01 12:46:12.007169: val_loss -0.6382
2026-09-01 12:46:12.008221: Pseudo dice [np.float32(0.3496)]
2026-09-01 12:46:12.009101: Epoch time: 101.35 s
2026-09-01 12:46:13.131850: 
2026-09-01 12:46:13.132933: Epoch 709
2026-09-01 12:46:13.133732: Current learning rate: 0.00329
2026-09-01 12:47:51.133835: train_loss -0.5605
2026-09-01 12:47:51.135350: val_loss -0.6343
2026-09-01 12:47:51.136264: Pseudo dice [np.float32(0.2431)]
2026-09-01 12:47:51.137058: Epoch time: 98.0 s
2026-09-01 12:47:52.060077: 
2026-09-01 12:47:52.061567: Epoch 710
2026-09-01 12:47:52.062358: Current learning rate: 0.00328
2026-09-01 12:49:31.222050: train_loss -0.5734
2026-09-01 12:49:31.223297: val_loss -0.6035
2026-09-01 12:49:31.224257: Pseudo dice [np.float32(0.2408)]
2026-09-01 12:49:31.225216: Epoch time: 99.16 s
2026-09-01 12:49:32.140090: 
2026-09-01 12:49:32.141460: Epoch 711
2026-09-01 12:49:32.142308: Current learning rate: 0.00327
2026-09-01 12:51:10.863770: train_loss -0.5775
2026-09-01 12:51:10.865233: val_loss -0.6088
2026-09-01 12:51:10.866356: Pseudo dice [np.float32(0.284)]
2026-09-01 12:51:10.867378: Epoch time: 98.73 s
2026-09-01 12:51:10.868170: Yayy! New best EMA pseudo Dice: 0.21490000188350677
2026-09-01 12:51:14.830036: 
2026-09-01 12:51:14.833001: Epoch 712
2026-09-01 12:51:14.834718: Current learning rate: 0.00326
2026-09-01 12:52:54.222645: train_loss -0.5709
2026-09-01 12:52:54.223655: val_loss -0.6121
2026-09-01 12:52:54.224584: Pseudo dice [np.float32(0.1416)]
2026-09-01 12:52:54.225417: Epoch time: 99.4 s
2026-09-01 12:52:55.144404: 
2026-09-01 12:52:55.145557: Epoch 713
2026-09-01 12:52:55.146412: Current learning rate: 0.00325
2026-09-01 12:54:33.114448: train_loss -0.5645
2026-09-01 12:54:33.116038: val_loss -0.5238
2026-09-01 12:54:33.117040: Pseudo dice [np.float32(0.0856)]
2026-09-01 12:54:33.117935: Epoch time: 97.97 s
2026-09-01 12:54:34.124436: 
2026-09-01 12:54:34.125773: Epoch 714
2026-09-01 12:54:34.126582: Current learning rate: 0.00324
2026-09-01 12:56:16.458700: train_loss -0.5648
2026-09-01 12:56:16.460089: val_loss -0.5568
2026-09-01 12:56:16.461300: Pseudo dice [np.float32(0.1736)]
2026-09-01 12:56:16.462496: Epoch time: 102.34 s
2026-09-01 12:56:17.666197: 
2026-09-01 12:56:17.667569: Epoch 715
2026-09-01 12:56:17.668639: Current learning rate: 0.00323
2026-09-01 12:58:02.352666: train_loss -0.5951
2026-09-01 12:58:02.353839: val_loss -0.5929
2026-09-01 12:58:02.354705: Pseudo dice [np.float32(0.1802)]
2026-09-01 12:58:02.355620: Epoch time: 104.69 s
2026-09-01 12:58:03.268035: 
2026-09-01 12:58:03.269276: Epoch 716
2026-09-01 12:58:03.270034: Current learning rate: 0.00322
2026-09-01 12:59:42.350744: train_loss -0.5605
2026-09-01 12:59:42.352185: val_loss -0.6344
2026-09-01 12:59:42.353348: Pseudo dice [np.float32(0.2998)]
2026-09-01 12:59:42.354472: Epoch time: 99.08 s
2026-09-01 12:59:43.276257: 
2026-09-01 12:59:43.277443: Epoch 717
2026-09-01 12:59:43.278327: Current learning rate: 0.00321
2026-09-01 13:01:22.669590: train_loss -0.5751
2026-09-01 13:01:22.670967: val_loss -0.5584
2026-09-01 13:01:22.671955: Pseudo dice [np.float32(0.23)]
2026-09-01 13:01:22.672915: Epoch time: 99.4 s
2026-09-01 13:01:23.582164: 
2026-09-01 13:01:23.583454: Epoch 718
2026-09-01 13:01:23.584404: Current learning rate: 0.0032
2026-09-01 13:03:01.551059: train_loss -0.5979
2026-09-01 13:03:01.552619: val_loss -0.5812
2026-09-01 13:03:01.553612: Pseudo dice [np.float32(0.1445)]
2026-09-01 13:03:01.554583: Epoch time: 97.97 s
2026-09-01 13:03:02.492264: 
2026-09-01 13:03:02.493462: Epoch 719
2026-09-01 13:03:02.494283: Current learning rate: 0.00319
2026-09-01 13:04:40.676904: train_loss -0.5513
2026-09-01 13:04:40.678442: val_loss -0.5905
2026-09-01 13:04:40.679302: Pseudo dice [np.float32(0.1352)]
2026-09-01 13:04:40.680219: Epoch time: 98.19 s
2026-09-01 13:04:41.630586: 
2026-09-01 13:04:41.631955: Epoch 720
2026-09-01 13:04:41.632779: Current learning rate: 0.00318
2026-09-01 13:06:20.801025: train_loss -0.5706
2026-09-01 13:06:20.802228: val_loss -0.5792
2026-09-01 13:06:20.803295: Pseudo dice [np.float32(0.1227)]
2026-09-01 13:06:20.804234: Epoch time: 99.17 s
2026-09-01 13:06:21.963154: 
2026-09-01 13:06:21.964605: Epoch 721
2026-09-01 13:06:21.965775: Current learning rate: 0.00317
2026-09-01 13:08:00.429546: train_loss -0.5826
2026-09-01 13:08:00.430656: val_loss -0.5728
2026-09-01 13:08:00.431541: Pseudo dice [np.float32(0.1541)]
2026-09-01 13:08:00.432389: Epoch time: 98.47 s
2026-09-01 13:08:01.557345: 
2026-09-01 13:08:01.558811: Epoch 722
2026-09-01 13:08:01.559640: Current learning rate: 0.00316
2026-09-01 13:09:41.386978: train_loss -0.5546
2026-09-01 13:09:41.393920: val_loss -0.5629
2026-09-01 13:09:41.395281: Pseudo dice [np.float32(0.1042)]
2026-09-01 13:09:41.405276: Epoch time: 99.83 s
2026-09-01 13:09:42.523910: 
2026-09-01 13:09:42.525315: Epoch 723
2026-09-01 13:09:42.526123: Current learning rate: 0.00315
2026-09-01 13:11:20.941667: train_loss -0.5718
2026-09-01 13:11:20.943043: val_loss -0.5666
2026-09-01 13:11:20.944013: Pseudo dice [np.float32(0.1041)]
2026-09-01 13:11:20.944854: Epoch time: 98.42 s
2026-09-01 13:11:21.878999: 
2026-09-01 13:11:21.880228: Epoch 724
2026-09-01 13:11:21.881167: Current learning rate: 0.00314
2026-09-01 13:13:01.219107: train_loss -0.5766
2026-09-01 13:13:01.220299: val_loss -0.5819
2026-09-01 13:13:01.221725: Pseudo dice [np.float32(0.1409)]
2026-09-01 13:13:01.222740: Epoch time: 99.34 s
2026-09-01 13:13:02.153237: 
2026-09-01 13:13:02.154569: Epoch 725
2026-09-01 13:13:02.155438: Current learning rate: 0.00313
2026-09-01 13:14:40.631790: train_loss -0.5768
2026-09-01 13:14:40.633440: val_loss -0.559
2026-09-01 13:14:40.634534: Pseudo dice [np.float32(0.1869)]
2026-09-01 13:14:40.635681: Epoch time: 98.48 s
2026-09-01 13:14:41.567102: 
2026-09-01 13:14:41.568581: Epoch 726
2026-09-01 13:14:41.569413: Current learning rate: 0.00312
2026-09-01 13:16:22.811741: train_loss -0.6099
2026-09-01 13:16:22.818440: val_loss -0.5867
2026-09-01 13:16:22.820286: Pseudo dice [np.float32(0.1695)]
2026-09-01 13:16:22.822201: Epoch time: 101.25 s
2026-09-01 13:16:24.248279: 
2026-09-01 13:16:24.253457: Epoch 727
2026-09-01 13:16:24.254780: Current learning rate: 0.00311
2026-09-01 13:18:01.913140: train_loss -0.5803
2026-09-01 13:18:01.914220: val_loss -0.6164
2026-09-01 13:18:01.915055: Pseudo dice [np.float32(0.3122)]
2026-09-01 13:18:01.915834: Epoch time: 97.67 s
2026-09-01 13:18:02.828966: 
2026-09-01 13:18:02.830301: Epoch 728
2026-09-01 13:18:02.831097: Current learning rate: 0.0031
2026-09-01 13:19:40.552918: train_loss -0.5895
2026-09-01 13:19:40.554101: val_loss -0.5804
2026-09-01 13:19:40.555030: Pseudo dice [np.float32(0.1497)]
2026-09-01 13:19:40.556132: Epoch time: 97.73 s
2026-09-01 13:19:41.485631: 
2026-09-01 13:19:41.487077: Epoch 729
2026-09-01 13:19:41.488044: Current learning rate: 0.00309
2026-09-01 13:21:18.945682: train_loss -0.5699
2026-09-01 13:21:18.947188: val_loss -0.6128
2026-09-01 13:21:18.948169: Pseudo dice [np.float32(0.2095)]
2026-09-01 13:21:18.948979: Epoch time: 97.46 s
2026-09-01 13:21:20.014261: 
2026-09-01 13:21:20.015608: Epoch 730
2026-09-01 13:21:20.016389: Current learning rate: 0.00308
2026-09-01 13:23:00.736678: train_loss -0.5731
2026-09-01 13:23:00.738000: val_loss -0.5895
2026-09-01 13:23:00.738971: Pseudo dice [np.float32(0.1989)]
2026-09-01 13:23:00.739831: Epoch time: 100.73 s
2026-09-01 13:23:02.198255: 
2026-09-01 13:23:02.204725: Epoch 731
2026-09-01 13:23:02.206076: Current learning rate: 0.00307
2026-09-01 13:24:51.358191: train_loss -0.5583
2026-09-01 13:24:51.359799: val_loss -0.6085
2026-09-01 13:24:51.360898: Pseudo dice [np.float32(0.3025)]
2026-09-01 13:24:51.361881: Epoch time: 109.16 s
2026-09-01 13:24:52.731076: 
2026-09-01 13:24:52.735677: Epoch 732
2026-09-01 13:24:52.736872: Current learning rate: 0.00306
2026-09-01 13:26:41.917952: train_loss -0.5906
2026-09-01 13:26:41.925572: val_loss -0.5981
2026-09-01 13:26:41.927107: Pseudo dice [np.float32(0.3422)]
2026-09-01 13:26:41.928264: Epoch time: 109.19 s
2026-09-01 13:26:43.142056: 
2026-09-01 13:26:43.143291: Epoch 733
2026-09-01 13:26:43.144510: Current learning rate: 0.00305
2026-09-01 13:28:22.503747: train_loss -0.57
2026-09-01 13:28:22.523388: val_loss -0.6227
2026-09-01 13:28:22.524816: Pseudo dice [np.float32(0.2423)]
2026-09-01 13:28:22.525863: Epoch time: 99.36 s
2026-09-01 13:28:23.511669: 
2026-09-01 13:28:23.512830: Epoch 734
2026-09-01 13:28:23.513621: Current learning rate: 0.00304
2026-09-01 13:30:02.432927: train_loss -0.5821
2026-09-01 13:30:02.434291: val_loss -0.5561
2026-09-01 13:30:02.435192: Pseudo dice [np.float32(0.1764)]
2026-09-01 13:30:02.436081: Epoch time: 98.92 s
2026-09-01 13:30:03.390980: 
2026-09-01 13:30:03.392434: Epoch 735
2026-09-01 13:30:03.393398: Current learning rate: 0.00303
2026-09-01 13:31:42.565278: train_loss -0.5864
2026-09-01 13:31:42.566687: val_loss -0.6123
2026-09-01 13:31:42.567791: Pseudo dice [np.float32(0.2966)]
2026-09-01 13:31:42.573052: Epoch time: 99.18 s
2026-09-01 13:31:42.574012: Yayy! New best EMA pseudo Dice: 0.218299999833107
2026-09-01 13:31:44.780635: 
2026-09-01 13:31:44.781896: Epoch 736
2026-09-01 13:31:44.782660: Current learning rate: 0.00302
2026-09-01 13:33:22.865337: train_loss -0.5952
2026-09-01 13:33:22.867306: val_loss -0.5845
2026-09-01 13:33:22.868666: Pseudo dice [np.float32(0.1729)]
2026-09-01 13:33:22.869649: Epoch time: 98.09 s
2026-09-01 13:33:23.807626: 
2026-09-01 13:33:23.808889: Epoch 737
2026-09-01 13:33:23.809881: Current learning rate: 0.00301
2026-09-01 13:35:02.473637: train_loss -0.5675
2026-09-01 13:35:02.475104: val_loss -0.6032
2026-09-01 13:35:02.476059: Pseudo dice [np.float32(0.2112)]
2026-09-01 13:35:02.476852: Epoch time: 98.67 s
2026-09-01 13:35:03.411907: 
2026-09-01 13:35:03.413035: Epoch 738
2026-09-01 13:35:03.413890: Current learning rate: 0.003
2026-09-01 13:36:43.316900: train_loss -0.5903
2026-09-01 13:36:43.318296: val_loss -0.6046
2026-09-01 13:36:43.319309: Pseudo dice [np.float32(0.2377)]
2026-09-01 13:36:43.320349: Epoch time: 99.91 s
2026-09-01 13:36:44.259908: 
2026-09-01 13:36:44.261014: Epoch 739
2026-09-01 13:36:44.261865: Current learning rate: 0.00299
2026-09-01 13:38:24.490500: train_loss -0.5962
2026-09-01 13:38:24.492515: val_loss -0.5791
2026-09-01 13:38:24.493830: Pseudo dice [np.float32(0.2025)]
2026-09-01 13:38:24.495595: Epoch time: 100.23 s
2026-09-01 13:38:25.699046: 
2026-09-01 13:38:25.713063: Epoch 740
2026-09-01 13:38:25.714367: Current learning rate: 0.00297
2026-09-01 13:40:03.725357: train_loss -0.5975
2026-09-01 13:40:03.726963: val_loss -0.573
2026-09-01 13:40:03.728028: Pseudo dice [np.float32(0.1989)]
2026-09-01 13:40:03.729047: Epoch time: 98.03 s
2026-09-01 13:40:04.875256: 
2026-09-01 13:40:04.876433: Epoch 741
2026-09-01 13:40:04.877273: Current learning rate: 0.00296
2026-09-01 13:41:44.382479: train_loss -0.567
2026-09-01 13:41:44.386456: val_loss -0.5936
2026-09-01 13:41:44.390554: Pseudo dice [np.float32(0.099)]
2026-09-01 13:41:44.392339: Epoch time: 99.51 s
2026-09-01 13:41:45.515402: 
2026-09-01 13:41:45.516720: Epoch 742
2026-09-01 13:41:45.517581: Current learning rate: 0.00295
2026-09-01 13:43:24.069296: train_loss -0.5836
2026-09-01 13:43:24.070530: val_loss -0.5854
2026-09-01 13:43:24.071412: Pseudo dice [np.float32(0.3154)]
2026-09-01 13:43:24.072280: Epoch time: 98.56 s
2026-09-01 13:43:24.993153: 
2026-09-01 13:43:24.994683: Epoch 743
2026-09-01 13:43:24.995604: Current learning rate: 0.00294
2026-09-01 13:45:02.595358: train_loss -0.5897
2026-09-01 13:45:02.596735: val_loss -0.6262
2026-09-01 13:45:02.597658: Pseudo dice [np.float32(0.2074)]
2026-09-01 13:45:02.598578: Epoch time: 97.6 s
2026-09-01 13:45:03.536992: 
2026-09-01 13:45:03.538303: Epoch 744
2026-09-01 13:45:03.539166: Current learning rate: 0.00293
2026-09-01 13:46:42.381290: train_loss -0.5924
2026-09-01 13:46:42.382316: val_loss -0.6458
2026-09-01 13:46:42.383180: Pseudo dice [np.float32(0.3681)]
2026-09-01 13:46:42.384027: Epoch time: 98.85 s
2026-09-01 13:46:42.384920: Yayy! New best EMA pseudo Dice: 0.2280000001192093
2026-09-01 13:46:44.575382: 
2026-09-01 13:46:44.576643: Epoch 745
2026-09-01 13:46:44.577467: Current learning rate: 0.00292
2026-09-01 13:48:22.851775: train_loss -0.5796
2026-09-01 13:48:22.853011: val_loss -0.6323
2026-09-01 13:48:22.853960: Pseudo dice [np.float32(0.2109)]
2026-09-01 13:48:22.854872: Epoch time: 98.28 s
2026-09-01 13:48:23.772449: 
2026-09-01 13:48:23.773734: Epoch 746
2026-09-01 13:48:23.774536: Current learning rate: 0.00291
2026-09-01 13:50:01.393335: train_loss -0.6145
2026-09-01 13:50:01.394609: val_loss -0.5952
2026-09-01 13:50:01.395471: Pseudo dice [np.float32(0.1117)]
2026-09-01 13:50:01.396256: Epoch time: 97.62 s
2026-09-01 13:50:02.325583: 
2026-09-01 13:50:02.326725: Epoch 747
2026-09-01 13:50:02.327493: Current learning rate: 0.0029
2026-09-01 13:51:41.621033: train_loss -0.6017
2026-09-01 13:51:41.622372: val_loss -0.5919
2026-09-01 13:51:41.623335: Pseudo dice [np.float32(0.2833)]
2026-09-01 13:51:41.624375: Epoch time: 99.3 s
2026-09-01 13:51:42.596362: 
2026-09-01 13:51:42.597611: Epoch 748
2026-09-01 13:51:42.598399: Current learning rate: 0.00289
2026-09-01 13:53:23.611728: train_loss -0.5931
2026-09-01 13:53:23.615949: val_loss -0.5516
2026-09-01 13:53:23.617461: Pseudo dice [np.float32(0.269)]
2026-09-01 13:53:23.618518: Epoch time: 101.02 s
2026-09-01 13:53:24.884174: 
2026-09-01 13:53:24.885829: Epoch 749
2026-09-01 13:53:24.886793: Current learning rate: 0.00288
2026-09-01 13:55:05.398050: train_loss -0.5749
2026-09-01 13:55:05.404703: val_loss -0.6116
2026-09-01 13:55:05.406060: Pseudo dice [np.float32(0.2643)]
2026-09-01 13:55:05.407099: Epoch time: 100.52 s
2026-09-01 13:55:07.202215: Yayy! New best EMA pseudo Dice: 0.23019999265670776
2026-09-01 13:55:09.652553: 
2026-09-01 13:55:09.653892: Epoch 750
2026-09-01 13:55:09.654795: Current learning rate: 0.00287
2026-09-01 13:56:49.424208: train_loss -0.5845
2026-09-01 13:56:49.425767: val_loss -0.6072
2026-09-01 13:56:49.427085: Pseudo dice [np.float32(0.1342)]
2026-09-01 13:56:49.428257: Epoch time: 99.77 s
2026-09-01 13:56:50.386724: 
2026-09-01 13:56:50.388330: Epoch 751
2026-09-01 13:56:50.389273: Current learning rate: 0.00286
2026-09-01 13:58:33.742759: train_loss -0.593
2026-09-01 13:58:33.756592: val_loss -0.5799
2026-09-01 13:58:33.758842: Pseudo dice [np.float32(0.2289)]
2026-09-01 13:58:33.760228: Epoch time: 103.36 s
2026-09-01 13:58:34.991763: 
2026-09-01 13:58:34.993094: Epoch 752
2026-09-01 13:58:34.993967: Current learning rate: 0.00285
2026-09-01 14:00:14.205312: train_loss -0.5847
2026-09-01 14:00:14.206929: val_loss -0.5678
2026-09-01 14:00:14.208020: Pseudo dice [np.float32(0.1003)]
2026-09-01 14:00:14.209002: Epoch time: 99.22 s
2026-09-01 14:00:15.139525: 
2026-09-01 14:00:15.140811: Epoch 753
2026-09-01 14:00:15.141622: Current learning rate: 0.00284
2026-09-01 14:01:52.905556: train_loss -0.5767
2026-09-01 14:01:52.907119: val_loss -0.5894
2026-09-01 14:01:52.907986: Pseudo dice [np.float32(0.1941)]
2026-09-01 14:01:52.908741: Epoch time: 97.77 s
2026-09-01 14:01:53.908210: 
2026-09-01 14:01:53.909644: Epoch 754
2026-09-01 14:01:53.910513: Current learning rate: 0.00283
2026-09-01 14:03:32.618615: train_loss -0.5781
2026-09-01 14:03:32.619717: val_loss -0.5576
2026-09-01 14:03:32.620599: Pseudo dice [np.float32(0.3941)]
2026-09-01 14:03:32.621647: Epoch time: 98.71 s
2026-09-01 14:03:33.563644: 
2026-09-01 14:03:33.565077: Epoch 755
2026-09-01 14:03:33.565882: Current learning rate: 0.00282
2026-09-01 14:05:12.633300: train_loss -0.5785
2026-09-01 14:05:12.635178: val_loss -0.5432
2026-09-01 14:05:12.636235: Pseudo dice [np.float32(0.3183)]
2026-09-01 14:05:12.637204: Epoch time: 99.07 s
2026-09-01 14:05:12.638156: Yayy! New best EMA pseudo Dice: 0.23559999465942383
2026-09-01 14:05:14.960217: 
2026-09-01 14:05:14.961494: Epoch 756
2026-09-01 14:05:14.962258: Current learning rate: 0.00281
2026-09-01 14:06:52.454652: train_loss -0.5849
2026-09-01 14:06:52.455995: val_loss -0.5407
2026-09-01 14:06:52.456855: Pseudo dice [np.float32(0.2715)]
2026-09-01 14:06:52.457634: Epoch time: 97.5 s
2026-09-01 14:06:52.458428: Yayy! New best EMA pseudo Dice: 0.23919999599456787
2026-09-01 14:06:54.648781: 
2026-09-01 14:06:54.650178: Epoch 757
2026-09-01 14:06:54.651032: Current learning rate: 0.0028
2026-09-01 14:08:31.931901: train_loss -0.5973
2026-09-01 14:08:31.933157: val_loss -0.6542
2026-09-01 14:08:31.934221: Pseudo dice [np.float32(0.485)]
2026-09-01 14:08:31.935134: Epoch time: 97.29 s
2026-09-01 14:08:31.935978: Yayy! New best EMA pseudo Dice: 0.2637999951839447
2026-09-01 14:08:34.151782: 
2026-09-01 14:08:34.153008: Epoch 758
2026-09-01 14:08:34.153757: Current learning rate: 0.00279
2026-09-01 14:10:18.292995: train_loss -0.6043
2026-09-01 14:10:18.296052: val_loss -0.5685
2026-09-01 14:10:18.297163: Pseudo dice [np.float32(0.3723)]
2026-09-01 14:10:18.298334: Epoch time: 104.14 s
2026-09-01 14:10:18.302006: Yayy! New best EMA pseudo Dice: 0.27459999918937683
2026-09-01 14:10:20.578569: 
2026-09-01 14:10:20.579787: Epoch 759
2026-09-01 14:10:20.580579: Current learning rate: 0.00278
2026-09-01 14:11:58.610750: train_loss -0.5697
2026-09-01 14:11:58.612104: val_loss -0.5784
2026-09-01 14:11:58.613227: Pseudo dice [np.float32(0.2317)]
2026-09-01 14:11:58.614130: Epoch time: 98.03 s
2026-09-01 14:11:59.607263: 
2026-09-01 14:11:59.608548: Epoch 760
2026-09-01 14:11:59.609329: Current learning rate: 0.00277
2026-09-01 14:13:38.883515: train_loss -0.5848
2026-09-01 14:13:38.884783: val_loss -0.6144
2026-09-01 14:13:38.885854: Pseudo dice [np.float32(0.1015)]
2026-09-01 14:13:38.886825: Epoch time: 99.28 s
2026-09-01 14:13:39.801041: 
2026-09-01 14:13:39.802170: Epoch 761
2026-09-01 14:13:39.803044: Current learning rate: 0.00276
2026-09-01 14:15:20.323314: train_loss -0.5694
2026-09-01 14:15:20.324844: val_loss -0.6157
2026-09-01 14:15:20.326900: Pseudo dice [np.float32(0.2338)]
2026-09-01 14:15:20.328106: Epoch time: 100.52 s
2026-09-01 14:15:21.247283: 
2026-09-01 14:15:21.249111: Epoch 762
2026-09-01 14:15:21.250374: Current learning rate: 0.00275
2026-09-01 14:17:00.629381: train_loss -0.636
2026-09-01 14:17:00.634413: val_loss -0.5344
2026-09-01 14:17:00.635642: Pseudo dice [np.float32(0.4265)]
2026-09-01 14:17:00.636662: Epoch time: 99.39 s
2026-09-01 14:17:01.598916: 
2026-09-01 14:17:01.600174: Epoch 763
2026-09-01 14:17:01.601068: Current learning rate: 0.00274
2026-09-01 14:18:41.062215: train_loss -0.58
2026-09-01 14:18:41.077713: val_loss -0.5687
2026-09-01 14:18:41.078830: Pseudo dice [np.float32(0.4279)]
2026-09-01 14:18:41.079708: Epoch time: 99.47 s
2026-09-01 14:18:41.080526: Yayy! New best EMA pseudo Dice: 0.2849000096321106
2026-09-01 14:18:43.315080: 
2026-09-01 14:18:43.316157: Epoch 764
2026-09-01 14:18:43.317050: Current learning rate: 0.00273
2026-09-01 14:20:23.203915: train_loss -0.5581
2026-09-01 14:20:23.216219: val_loss -0.5613
2026-09-01 14:20:23.217757: Pseudo dice [np.float32(0.1081)]
2026-09-01 14:20:23.219746: Epoch time: 99.89 s
2026-09-01 14:20:24.468002: 
2026-09-01 14:20:24.469342: Epoch 765
2026-09-01 14:20:24.470442: Current learning rate: 0.00272
2026-09-01 14:22:04.595084: train_loss -0.5946
2026-09-01 14:22:04.597780: val_loss -0.5191
2026-09-01 14:22:04.599380: Pseudo dice [np.float32(0.2016)]
2026-09-01 14:22:04.603020: Epoch time: 100.13 s
2026-09-01 14:22:05.708746: 
2026-09-01 14:22:05.710171: Epoch 766
2026-09-01 14:22:05.711196: Current learning rate: 0.00271
2026-09-01 14:23:44.379685: train_loss -0.5644
2026-09-01 14:23:44.380876: val_loss -0.6099
2026-09-01 14:23:44.381790: Pseudo dice [np.float32(0.1413)]
2026-09-01 14:23:44.382955: Epoch time: 98.67 s
2026-09-01 14:23:45.292849: 
2026-09-01 14:23:45.293787: Epoch 767
2026-09-01 14:23:45.294536: Current learning rate: 0.0027
2026-09-01 14:25:22.777833: train_loss -0.6017
2026-09-01 14:25:22.779464: val_loss -0.6122
2026-09-01 14:25:22.780621: Pseudo dice [np.float32(0.4335)]
2026-09-01 14:25:22.781616: Epoch time: 97.49 s
2026-09-01 14:25:23.699470: 
2026-09-01 14:25:23.700552: Epoch 768
2026-09-01 14:25:23.701371: Current learning rate: 0.00268
2026-09-01 14:27:01.838710: train_loss -0.6056
2026-09-01 14:27:01.839808: val_loss -0.5738
2026-09-01 14:27:01.840813: Pseudo dice [np.float32(0.2187)]
2026-09-01 14:27:01.841742: Epoch time: 98.14 s
2026-09-01 14:27:02.939398: 
2026-09-01 14:27:02.940774: Epoch 769
2026-09-01 14:27:02.941610: Current learning rate: 0.00267
2026-09-01 14:28:44.039903: train_loss -0.6173
2026-09-01 14:28:44.043332: val_loss -0.5517
2026-09-01 14:28:44.044569: Pseudo dice [np.float32(0.1749)]
2026-09-01 14:28:44.045417: Epoch time: 101.1 s
2026-09-01 14:28:45.360552: 
2026-09-01 14:28:45.364150: Epoch 770
2026-09-01 14:28:45.365314: Current learning rate: 0.00266
2026-09-01 14:30:24.989764: train_loss -0.6051
2026-09-01 14:30:24.991356: val_loss -0.5783
2026-09-01 14:30:24.992204: Pseudo dice [np.float32(0.1727)]
2026-09-01 14:30:24.994664: Epoch time: 99.64 s
2026-09-01 14:30:25.908202: 
2026-09-01 14:30:25.909319: Epoch 771
2026-09-01 14:30:25.910160: Current learning rate: 0.00265
2026-09-01 14:32:11.634155: train_loss -0.5877
2026-09-01 14:32:11.639782: val_loss -0.6028
2026-09-01 14:32:11.641060: Pseudo dice [np.float32(0.3583)]
2026-09-01 14:32:11.642391: Epoch time: 105.73 s
2026-09-01 14:32:12.878140: 
2026-09-01 14:32:12.879597: Epoch 772
2026-09-01 14:32:12.880636: Current learning rate: 0.00264
2026-09-01 14:33:55.024870: train_loss -0.5977
2026-09-01 14:33:55.033016: val_loss -0.6124
2026-09-01 14:33:55.034885: Pseudo dice [np.float32(0.2477)]
2026-09-01 14:33:55.036077: Epoch time: 102.15 s
2026-09-01 14:33:56.007630: 
2026-09-01 14:33:56.008753: Epoch 773
2026-09-01 14:33:56.009782: Current learning rate: 0.00263
2026-09-01 14:35:42.025540: train_loss -0.6126
2026-09-01 14:35:42.027057: val_loss -0.5631
2026-09-01 14:35:42.029995: Pseudo dice [np.float32(0.249)]
2026-09-01 14:35:42.031185: Epoch time: 106.02 s
2026-09-01 14:35:43.392400: 
2026-09-01 14:35:43.397454: Epoch 774
2026-09-01 14:35:43.398640: Current learning rate: 0.00262
2026-09-01 14:37:32.858295: train_loss -0.581
2026-09-01 14:37:32.859688: val_loss -0.5745
2026-09-01 14:37:32.860854: Pseudo dice [np.float32(0.2685)]
2026-09-01 14:37:32.862031: Epoch time: 109.47 s
2026-09-01 14:37:33.879712: 
2026-09-01 14:37:33.880986: Epoch 775
2026-09-01 14:37:33.881840: Current learning rate: 0.00261
2026-09-01 14:39:11.813530: train_loss -0.6019
2026-09-01 14:39:11.814912: val_loss -0.5624
2026-09-01 14:39:11.815958: Pseudo dice [np.float32(0.4343)]
2026-09-01 14:39:11.817285: Epoch time: 97.94 s
2026-09-01 14:39:12.734848: 
2026-09-01 14:39:12.735958: Epoch 776
2026-09-01 14:39:12.736962: Current learning rate: 0.0026
2026-09-01 14:40:52.356750: train_loss -0.5952
2026-09-01 14:40:52.358516: val_loss -0.6234
2026-09-01 14:40:52.359539: Pseudo dice [np.float32(0.5049)]
2026-09-01 14:40:52.360603: Epoch time: 99.62 s
2026-09-01 14:40:52.361458: Yayy! New best EMA pseudo Dice: 0.29739999771118164
2026-09-01 14:40:55.118438: 
2026-09-01 14:40:55.120057: Epoch 777
2026-09-01 14:40:55.120938: Current learning rate: 0.00259
2026-09-01 14:42:33.843502: train_loss -0.6085
2026-09-01 14:42:33.844574: val_loss -0.5943
2026-09-01 14:42:33.845515: Pseudo dice [np.float32(0.4062)]
2026-09-01 14:42:33.846506: Epoch time: 98.73 s
2026-09-01 14:42:33.847327: Yayy! New best EMA pseudo Dice: 0.30820000171661377
2026-09-01 14:42:36.156523: 
2026-09-01 14:42:36.157835: Epoch 778
2026-09-01 14:42:36.158674: Current learning rate: 0.00258
2026-09-01 14:44:14.547872: train_loss -0.5889
2026-09-01 14:44:14.549430: val_loss -0.5857
2026-09-01 14:44:14.550408: Pseudo dice [np.float32(0.1931)]
2026-09-01 14:44:14.551337: Epoch time: 98.39 s
2026-09-01 14:44:15.474950: 
2026-09-01 14:44:15.476349: Epoch 779
2026-09-01 14:44:15.477321: Current learning rate: 0.00257
2026-09-01 14:45:55.716428: train_loss -0.6059
2026-09-01 14:45:55.717835: val_loss -0.5982
2026-09-01 14:45:55.718779: Pseudo dice [np.float32(0.2693)]
2026-09-01 14:45:55.719750: Epoch time: 100.24 s
2026-09-01 14:45:56.681314: 
2026-09-01 14:45:56.682678: Epoch 780
2026-09-01 14:45:56.683774: Current learning rate: 0.00256
2026-09-01 14:47:35.749334: train_loss -0.5902
2026-09-01 14:47:35.750568: val_loss -0.6425
2026-09-01 14:47:35.751909: Pseudo dice [np.float32(0.3513)]
2026-09-01 14:47:35.752748: Epoch time: 99.07 s
2026-09-01 14:47:36.667773: 
2026-09-01 14:47:36.668993: Epoch 781
2026-09-01 14:47:36.669775: Current learning rate: 0.00255
2026-09-01 14:49:16.030994: train_loss -0.5868
2026-09-01 14:49:16.032380: val_loss -0.6609
2026-09-01 14:49:16.033512: Pseudo dice [np.float32(0.3738)]
2026-09-01 14:49:16.034424: Epoch time: 99.37 s
2026-09-01 14:49:16.939650: 
2026-09-01 14:49:16.940976: Epoch 782
2026-09-01 14:49:16.941733: Current learning rate: 0.00254
2026-09-01 14:50:56.304032: train_loss -0.5897
2026-09-01 14:50:56.305470: val_loss -0.6146
2026-09-01 14:50:56.306577: Pseudo dice [np.float32(0.1005)]
2026-09-01 14:50:56.307769: Epoch time: 99.37 s
2026-09-01 14:50:57.228840: 
2026-09-01 14:50:57.230043: Epoch 783
2026-09-01 14:50:57.230913: Current learning rate: 0.00253
2026-09-01 14:52:35.687921: train_loss -0.592
2026-09-01 14:52:35.689168: val_loss -0.5689
2026-09-01 14:52:35.690197: Pseudo dice [np.float32(0.1923)]
2026-09-01 14:52:35.691148: Epoch time: 98.46 s
2026-09-01 14:52:36.618433: 
2026-09-01 14:52:36.619635: Epoch 784
2026-09-01 14:52:36.620472: Current learning rate: 0.00252
2026-09-01 14:54:14.414499: train_loss -0.607
2026-09-01 14:54:14.417539: val_loss -0.6617
2026-09-01 14:54:14.421222: Pseudo dice [np.float32(0.3657)]
2026-09-01 14:54:14.422132: Epoch time: 97.8 s
2026-09-01 14:54:15.338819: 
2026-09-01 14:54:15.340147: Epoch 785
2026-09-01 14:54:15.341204: Current learning rate: 0.00251
2026-09-01 14:55:53.535567: train_loss -0.5623
2026-09-01 14:55:53.536868: val_loss -0.619
2026-09-01 14:55:53.537902: Pseudo dice [np.float32(0.1551)]
2026-09-01 14:55:53.538838: Epoch time: 98.2 s
2026-09-01 14:55:54.668433: 
2026-09-01 14:55:54.669785: Epoch 786
2026-09-01 14:55:54.670562: Current learning rate: 0.0025
2026-09-01 14:57:34.382153: train_loss -0.5808
2026-09-01 14:57:34.383193: val_loss -0.5784
2026-09-01 14:57:34.384175: Pseudo dice [np.float32(0.1954)]
2026-09-01 14:57:34.385014: Epoch time: 99.72 s
2026-09-01 14:57:35.315681: 
2026-09-01 14:57:35.317020: Epoch 787
2026-09-01 14:57:35.317961: Current learning rate: 0.00249
2026-09-01 14:59:12.820920: train_loss -0.5976
2026-09-01 14:59:12.822263: val_loss -0.6627
2026-09-01 14:59:12.823157: Pseudo dice [np.float32(0.3029)]
2026-09-01 14:59:12.824037: Epoch time: 97.51 s
2026-09-01 14:59:13.744049: 
2026-09-01 14:59:13.745251: Epoch 788
2026-09-01 14:59:13.746225: Current learning rate: 0.00248
2026-09-01 15:00:54.147751: train_loss -0.5892
2026-09-01 15:00:54.150969: val_loss -0.5726
2026-09-01 15:00:54.153950: Pseudo dice [np.float32(0.344)]
2026-09-01 15:00:54.154880: Epoch time: 100.41 s
2026-09-01 15:00:55.490700: 
2026-09-01 15:00:55.492731: Epoch 789
2026-09-01 15:00:55.500492: Current learning rate: 0.00247
2026-09-01 15:02:35.331609: train_loss -0.6063
2026-09-01 15:02:35.333012: val_loss -0.6206
2026-09-01 15:02:35.333859: Pseudo dice [np.float32(0.3482)]
2026-09-01 15:02:35.334756: Epoch time: 99.84 s
2026-09-01 15:02:36.264331: 
2026-09-01 15:02:36.265640: Epoch 790
2026-09-01 15:02:36.266513: Current learning rate: 0.00245
2026-09-01 15:04:14.943858: train_loss -0.6019
2026-09-01 15:04:14.945431: val_loss -0.6319
2026-09-01 15:04:14.946316: Pseudo dice [np.float32(0.3602)]
2026-09-01 15:04:14.947151: Epoch time: 98.68 s
2026-09-01 15:04:15.865788: 
2026-09-01 15:04:15.867107: Epoch 791
2026-09-01 15:04:15.867977: Current learning rate: 0.00244
2026-09-01 15:05:55.556794: train_loss -0.589
2026-09-01 15:05:55.558313: val_loss -0.6354
2026-09-01 15:05:55.559281: Pseudo dice [np.float32(0.3269)]
2026-09-01 15:05:55.560149: Epoch time: 99.69 s
2026-09-01 15:05:56.464596: 
2026-09-01 15:05:56.465786: Epoch 792
2026-09-01 15:05:56.466616: Current learning rate: 0.00243
2026-09-01 15:07:34.354838: train_loss -0.5958
2026-09-01 15:07:34.356165: val_loss -0.6219
2026-09-01 15:07:34.357054: Pseudo dice [np.float32(0.2961)]
2026-09-01 15:07:34.357890: Epoch time: 97.89 s
2026-09-01 15:07:35.279386: 
2026-09-01 15:07:35.280936: Epoch 793
2026-09-01 15:07:35.281823: Current learning rate: 0.00242
2026-09-01 15:09:12.671186: train_loss -0.6075
2026-09-01 15:09:12.672316: val_loss -0.5907
2026-09-01 15:09:12.673476: Pseudo dice [np.float32(0.4255)]
2026-09-01 15:09:12.674343: Epoch time: 97.39 s
2026-09-01 15:09:13.592975: 
2026-09-01 15:09:13.594065: Epoch 794
2026-09-01 15:09:13.594917: Current learning rate: 0.00241
2026-09-01 15:10:52.104129: train_loss -0.6072
2026-09-01 15:10:52.105233: val_loss -0.6044
2026-09-01 15:10:52.106520: Pseudo dice [np.float32(0.4626)]
2026-09-01 15:10:52.107370: Epoch time: 98.51 s
2026-09-01 15:10:52.108200: Yayy! New best EMA pseudo Dice: 0.32350000739097595
2026-09-01 15:10:54.490839: 
2026-09-01 15:10:54.492255: Epoch 795
2026-09-01 15:10:54.493059: Current learning rate: 0.0024
2026-09-01 15:12:33.084682: train_loss -0.5914
2026-09-01 15:12:33.085919: val_loss -0.5855
2026-09-01 15:12:33.087261: Pseudo dice [np.float32(0.338)]
2026-09-01 15:12:33.088254: Epoch time: 98.6 s
2026-09-01 15:12:33.089208: Yayy! New best EMA pseudo Dice: 0.3249000012874603
2026-09-01 15:12:35.528214: 
2026-09-01 15:12:35.529691: Epoch 796
2026-09-01 15:12:35.530665: Current learning rate: 0.00239
2026-09-01 15:14:14.629179: train_loss -0.6289
2026-09-01 15:14:14.630645: val_loss -0.5927
2026-09-01 15:14:14.631725: Pseudo dice [np.float32(0.2624)]
2026-09-01 15:14:14.632741: Epoch time: 99.1 s
2026-09-01 15:14:15.556366: 
2026-09-01 15:14:15.557756: Epoch 797
2026-09-01 15:14:15.558684: Current learning rate: 0.00238
2026-09-01 15:15:53.272280: train_loss -0.6133
2026-09-01 15:15:53.273755: val_loss -0.5955
2026-09-01 15:15:53.274744: Pseudo dice [np.float32(0.2056)]
2026-09-01 15:15:53.275823: Epoch time: 97.72 s
2026-09-01 15:15:54.209584: 
2026-09-01 15:15:54.210818: Epoch 798
2026-09-01 15:15:54.211841: Current learning rate: 0.00237
2026-09-01 15:17:33.110403: train_loss -0.6235
2026-09-01 15:17:33.111862: val_loss -0.6225
2026-09-01 15:17:33.112774: Pseudo dice [np.float32(0.6097)]
2026-09-01 15:17:33.113615: Epoch time: 98.9 s
2026-09-01 15:17:33.114397: Yayy! New best EMA pseudo Dice: 0.3375999927520752
2026-09-01 15:17:35.266076: 
2026-09-01 15:17:35.267138: Epoch 799
2026-09-01 15:17:35.268102: Current learning rate: 0.00236
2026-09-01 15:19:14.883151: train_loss -0.571
2026-09-01 15:19:14.906336: val_loss -0.5492
2026-09-01 15:19:14.908042: Pseudo dice [np.float32(0.0517)]
2026-09-01 15:19:14.909463: Epoch time: 99.62 s
2026-09-01 15:19:16.962890: 
2026-09-01 15:19:16.964145: Epoch 800
2026-09-01 15:19:16.965049: Current learning rate: 0.00235
2026-09-01 15:20:54.832864: train_loss -0.5925
2026-09-01 15:20:54.833999: val_loss -0.5814
2026-09-01 15:20:54.835104: Pseudo dice [np.float32(0.2252)]
2026-09-01 15:20:54.836065: Epoch time: 97.87 s
2026-09-01 15:20:55.767094: 
2026-09-01 15:20:55.768693: Epoch 801
2026-09-01 15:20:55.769910: Current learning rate: 0.00234
2026-09-01 15:22:33.960879: train_loss -0.605
2026-09-01 15:22:33.963531: val_loss -0.5799
2026-09-01 15:22:33.964572: Pseudo dice [np.float32(0.1013)]
2026-09-01 15:22:33.965538: Epoch time: 98.2 s
2026-09-01 15:22:34.875877: 
2026-09-01 15:22:34.877340: Epoch 802
2026-09-01 15:22:34.878399: Current learning rate: 0.00233
2026-09-01 15:24:18.891006: train_loss -0.6152
2026-09-01 15:24:18.893383: val_loss -0.5997
2026-09-01 15:24:18.894632: Pseudo dice [np.float32(0.311)]
2026-09-01 15:24:18.895808: Epoch time: 104.02 s
2026-09-01 15:24:19.998406: 
2026-09-01 15:24:20.000160: Epoch 803
2026-09-01 15:24:20.001299: Current learning rate: 0.00232
2026-09-01 15:25:59.513361: train_loss -0.6027
2026-09-01 15:25:59.521391: val_loss -0.595
2026-09-01 15:25:59.523151: Pseudo dice [np.float32(0.3841)]
2026-09-01 15:25:59.524307: Epoch time: 99.52 s
2026-09-01 15:26:00.492040: 
2026-09-01 15:26:00.493303: Epoch 804
2026-09-01 15:26:00.494198: Current learning rate: 0.00231
2026-09-01 15:27:38.552166: train_loss -0.5631
2026-09-01 15:27:38.553932: val_loss -0.6253
2026-09-01 15:27:38.554838: Pseudo dice [np.float32(0.2566)]
2026-09-01 15:27:38.555640: Epoch time: 98.06 s
2026-09-01 15:27:39.557821: 
2026-09-01 15:27:39.559088: Epoch 805
2026-09-01 15:27:39.559940: Current learning rate: 0.0023
2026-09-01 15:29:18.401217: train_loss -0.5933
2026-09-01 15:29:18.402998: val_loss -0.5841
2026-09-01 15:29:18.404384: Pseudo dice [np.float32(0.3004)]
2026-09-01 15:29:18.405933: Epoch time: 98.85 s
2026-09-01 15:29:19.398376: 
2026-09-01 15:29:19.399638: Epoch 806
2026-09-01 15:29:19.400524: Current learning rate: 0.00229
2026-09-01 15:30:59.611857: train_loss -0.6133
2026-09-01 15:30:59.613351: val_loss -0.5298
2026-09-01 15:30:59.614420: Pseudo dice [np.float32(0.2271)]
2026-09-01 15:30:59.615479: Epoch time: 100.22 s
2026-09-01 15:31:00.558635: 
2026-09-01 15:31:00.559827: Epoch 807
2026-09-01 15:31:00.560723: Current learning rate: 0.00228
2026-09-01 15:32:44.319481: train_loss -0.6162
2026-09-01 15:32:44.320843: val_loss -0.6367
2026-09-01 15:32:44.321871: Pseudo dice [np.float32(0.372)]
2026-09-01 15:32:44.322801: Epoch time: 103.76 s
2026-09-01 15:32:45.756759: 
2026-09-01 15:32:45.758418: Epoch 808
2026-09-01 15:32:45.759788: Current learning rate: 0.00226
2026-09-01 15:34:28.913740: train_loss -0.6023
2026-09-01 15:34:28.914955: val_loss -0.5624
2026-09-01 15:34:28.916339: Pseudo dice [np.float32(0.3578)]
2026-09-01 15:34:28.917206: Epoch time: 103.16 s
2026-09-01 15:34:29.835972: 
2026-09-01 15:34:29.837321: Epoch 809
2026-09-01 15:34:29.838270: Current learning rate: 0.00225
2026-09-01 15:36:08.435369: train_loss -0.5955
2026-09-01 15:36:08.436563: val_loss -0.6189
2026-09-01 15:36:08.437457: Pseudo dice [np.float32(0.2016)]
2026-09-01 15:36:08.438440: Epoch time: 98.6 s
2026-09-01 15:36:09.378760: 
2026-09-01 15:36:09.380002: Epoch 810
2026-09-01 15:36:09.380955: Current learning rate: 0.00224
2026-09-01 15:37:48.851629: train_loss -0.6154
2026-09-01 15:37:48.852931: val_loss -0.6465
2026-09-01 15:37:48.853951: Pseudo dice [np.float32(0.2527)]
2026-09-01 15:37:48.854934: Epoch time: 99.48 s
2026-09-01 15:37:49.771638: 
2026-09-01 15:37:49.772886: Epoch 811
2026-09-01 15:37:49.773887: Current learning rate: 0.00223
2026-09-01 15:39:26.961697: train_loss -0.609
2026-09-01 15:39:26.962967: val_loss -0.6764
2026-09-01 15:39:26.963986: Pseudo dice [np.float32(0.6715)]
2026-09-01 15:39:26.964858: Epoch time: 97.19 s
2026-09-01 15:39:27.886688: 
2026-09-01 15:39:27.887814: Epoch 812
2026-09-01 15:39:27.888626: Current learning rate: 0.00222
2026-09-01 15:41:07.632587: train_loss -0.5861
2026-09-01 15:41:07.634363: val_loss -0.6736
2026-09-01 15:41:07.635700: Pseudo dice [np.float32(0.2433)]
2026-09-01 15:41:07.636900: Epoch time: 99.75 s
2026-09-01 15:41:08.588974: 
2026-09-01 15:41:08.590155: Epoch 813
2026-09-01 15:41:08.591075: Current learning rate: 0.00221
2026-09-01 15:42:46.717598: train_loss -0.6104
2026-09-01 15:42:46.718958: val_loss -0.6106
2026-09-01 15:42:46.719930: Pseudo dice [np.float32(0.4461)]
2026-09-01 15:42:46.720750: Epoch time: 98.13 s
2026-09-01 15:42:47.864995: 
2026-09-01 15:42:47.866260: Epoch 814
2026-09-01 15:42:47.867233: Current learning rate: 0.0022
2026-09-01 15:44:29.014574: train_loss -0.6206
2026-09-01 15:44:29.016955: val_loss -0.6208
2026-09-01 15:44:29.018252: Pseudo dice [np.float32(0.3009)]
2026-09-01 15:44:29.019313: Epoch time: 101.15 s
2026-09-01 15:44:30.061344: 
2026-09-01 15:44:30.062467: Epoch 815
2026-09-01 15:44:30.063580: Current learning rate: 0.00219
2026-09-01 15:46:10.336339: train_loss -0.6155
2026-09-01 15:46:10.337813: val_loss -0.644
2026-09-01 15:46:10.339134: Pseudo dice [np.float32(0.4435)]
2026-09-01 15:46:10.340272: Epoch time: 100.28 s
2026-09-01 15:46:10.344182: Yayy! New best EMA pseudo Dice: 0.3384000062942505
2026-09-01 15:46:12.789836: 
2026-09-01 15:46:12.791149: Epoch 816
2026-09-01 15:46:12.791974: Current learning rate: 0.00218
2026-09-01 15:47:59.958992: train_loss -0.6229
2026-09-01 15:47:59.966078: val_loss -0.6408
2026-09-01 15:47:59.967727: Pseudo dice [np.float32(0.5573)]
2026-09-01 15:47:59.969090: Epoch time: 107.17 s
2026-09-01 15:47:59.972977: Yayy! New best EMA pseudo Dice: 0.3603000044822693
2026-09-01 15:48:02.275090: 
2026-09-01 15:48:02.276504: Epoch 817
2026-09-01 15:48:02.277556: Current learning rate: 0.00217
2026-09-01 15:49:43.032750: train_loss -0.6033
2026-09-01 15:49:43.040234: val_loss -0.6071
2026-09-01 15:49:43.041860: Pseudo dice [np.float32(0.4478)]
2026-09-01 15:49:43.043104: Epoch time: 100.76 s
2026-09-01 15:49:43.044215: Yayy! New best EMA pseudo Dice: 0.36899998784065247
2026-09-01 15:49:45.488106: 
2026-09-01 15:49:45.490144: Epoch 818
2026-09-01 15:49:45.491306: Current learning rate: 0.00216
2026-09-01 15:51:26.178126: train_loss -0.6353
2026-09-01 15:51:26.179539: val_loss -0.6556
2026-09-01 15:51:26.180542: Pseudo dice [np.float32(0.455)]
2026-09-01 15:51:26.181610: Epoch time: 100.69 s
2026-09-01 15:51:26.182544: Yayy! New best EMA pseudo Dice: 0.3776000142097473
2026-09-01 15:51:28.333806: 
2026-09-01 15:51:28.335246: Epoch 819
2026-09-01 15:51:28.336228: Current learning rate: 0.00215
2026-09-01 15:53:06.547439: train_loss -0.632
2026-09-01 15:53:06.548764: val_loss -0.6699
2026-09-01 15:53:06.549714: Pseudo dice [np.float32(0.4272)]
2026-09-01 15:53:06.550593: Epoch time: 98.22 s
2026-09-01 15:53:06.551413: Yayy! New best EMA pseudo Dice: 0.38260000944137573
2026-09-01 15:53:08.676999: 
2026-09-01 15:53:08.678467: Epoch 820
2026-09-01 15:53:08.679291: Current learning rate: 0.00214
2026-09-01 15:54:49.779402: train_loss -0.6195
2026-09-01 15:54:49.780788: val_loss -0.6234
2026-09-01 15:54:49.781962: Pseudo dice [np.float32(0.4477)]
2026-09-01 15:54:49.796623: Epoch time: 101.11 s
2026-09-01 15:54:49.797833: Yayy! New best EMA pseudo Dice: 0.38909998536109924
2026-09-01 15:54:52.583369: 
2026-09-01 15:54:52.584794: Epoch 821
2026-09-01 15:54:52.585865: Current learning rate: 0.00213
2026-09-01 15:56:32.320013: train_loss -0.5996
2026-09-01 15:56:32.336068: val_loss -0.5755
2026-09-01 15:56:32.337322: Pseudo dice [np.float32(0.3493)]
2026-09-01 15:56:32.338441: Epoch time: 99.74 s
2026-09-01 15:56:33.335854: 
2026-09-01 15:56:33.337461: Epoch 822
2026-09-01 15:56:33.338423: Current learning rate: 0.00212
2026-09-01 15:58:15.755950: train_loss -0.624
2026-09-01 15:58:15.757198: val_loss -0.6475
2026-09-01 15:58:15.758350: Pseudo dice [np.float32(0.4405)]
2026-09-01 15:58:15.759209: Epoch time: 102.42 s
2026-09-01 15:58:15.760170: Yayy! New best EMA pseudo Dice: 0.39070001244544983
2026-09-01 15:58:18.151669: 
2026-09-01 15:58:18.152984: Epoch 823
2026-09-01 15:58:18.153833: Current learning rate: 0.0021
2026-09-01 15:59:57.571136: train_loss -0.642
2026-09-01 15:59:57.573014: val_loss -0.615
2026-09-01 15:59:57.574535: Pseudo dice [np.float32(0.4735)]
2026-09-01 15:59:57.575592: Epoch time: 99.42 s
2026-09-01 15:59:57.576773: Yayy! New best EMA pseudo Dice: 0.39899998903274536
2026-09-01 16:00:00.136412: 
2026-09-01 16:00:00.137660: Epoch 824
2026-09-01 16:00:00.138523: Current learning rate: 0.00209
2026-09-01 16:01:38.584383: train_loss -0.6403
2026-09-01 16:01:38.586382: val_loss -0.6781
2026-09-01 16:01:38.587603: Pseudo dice [np.float32(0.4756)]
2026-09-01 16:01:38.588851: Epoch time: 98.45 s
2026-09-01 16:01:38.590021: Yayy! New best EMA pseudo Dice: 0.4065999984741211
2026-09-01 16:01:41.098968: 
2026-09-01 16:01:41.100126: Epoch 825
2026-09-01 16:01:41.100971: Current learning rate: 0.00208
2026-09-01 16:03:19.657825: train_loss -0.6289
2026-09-01 16:03:19.659034: val_loss -0.6855
2026-09-01 16:03:19.660100: Pseudo dice [np.float32(0.4503)]
2026-09-01 16:03:19.661161: Epoch time: 98.56 s
2026-09-01 16:03:19.662125: Yayy! New best EMA pseudo Dice: 0.41100001335144043
2026-09-01 16:03:21.772092: 
2026-09-01 16:03:21.773505: Epoch 826
2026-09-01 16:03:21.774517: Current learning rate: 0.00207
2026-09-01 16:05:00.784130: train_loss -0.6301
2026-09-01 16:05:00.785580: val_loss -0.5769
2026-09-01 16:05:00.786770: Pseudo dice [np.float32(0.4467)]
2026-09-01 16:05:00.787619: Epoch time: 99.01 s
2026-09-01 16:05:00.788453: Yayy! New best EMA pseudo Dice: 0.4146000146865845
2026-09-01 16:05:02.902406: 
2026-09-01 16:05:02.903878: Epoch 827
2026-09-01 16:05:02.905002: Current learning rate: 0.00206
2026-09-01 16:06:42.441921: train_loss -0.6463
2026-09-01 16:06:42.449077: val_loss -0.5996
2026-09-01 16:06:42.452040: Pseudo dice [np.float32(0.3512)]
2026-09-01 16:06:42.452886: Epoch time: 99.54 s
2026-09-01 16:06:43.541354: 
2026-09-01 16:06:43.542773: Epoch 828
2026-09-01 16:06:43.543800: Current learning rate: 0.00205
2026-09-01 16:08:23.367412: train_loss -0.6469
2026-09-01 16:08:23.369178: val_loss -0.6283
2026-09-01 16:08:23.370396: Pseudo dice [np.float32(0.3622)]
2026-09-01 16:08:23.371344: Epoch time: 99.83 s
2026-09-01 16:08:24.593212: 
2026-09-01 16:08:24.594458: Epoch 829
2026-09-01 16:08:24.595308: Current learning rate: 0.00204
2026-09-01 16:10:06.561407: train_loss -0.6329
2026-09-01 16:10:06.566401: val_loss -0.6517
2026-09-01 16:10:06.568976: Pseudo dice [np.float32(0.3374)]
2026-09-01 16:10:06.570069: Epoch time: 101.97 s
2026-09-01 16:10:07.577123: 
2026-09-01 16:10:07.578458: Epoch 830
2026-09-01 16:10:07.579460: Current learning rate: 0.00203
2026-09-01 16:11:47.505521: train_loss -0.6111
2026-09-01 16:11:47.506805: val_loss -0.6896
2026-09-01 16:11:47.507838: Pseudo dice [np.float32(0.5067)]
2026-09-01 16:11:47.508762: Epoch time: 99.93 s
2026-09-01 16:11:48.441600: 
2026-09-01 16:11:48.443163: Epoch 831
2026-09-01 16:11:48.444483: Current learning rate: 0.00202
2026-09-01 16:13:26.499965: train_loss -0.6285
2026-09-01 16:13:26.501083: val_loss -0.5991
2026-09-01 16:13:26.501951: Pseudo dice [np.float32(0.4649)]
2026-09-01 16:13:26.502777: Epoch time: 98.06 s
2026-09-01 16:13:27.414828: 
2026-09-01 16:13:27.415905: Epoch 832
2026-09-01 16:13:27.416905: Current learning rate: 0.00201
2026-09-01 16:15:07.086514: train_loss -0.6474
2026-09-01 16:15:07.096400: val_loss -0.639
2026-09-01 16:15:07.099572: Pseudo dice [np.float32(0.4425)]
2026-09-01 16:15:07.100672: Epoch time: 99.67 s
2026-09-01 16:15:07.101673: Yayy! New best EMA pseudo Dice: 0.4165000021457672
2026-09-01 16:15:09.353621: 
2026-09-01 16:15:09.354908: Epoch 833
2026-09-01 16:15:09.355940: Current learning rate: 0.002
2026-09-01 16:16:48.302422: train_loss -0.6022
2026-09-01 16:16:48.303653: val_loss -0.6365
2026-09-01 16:16:48.304613: Pseudo dice [np.float32(0.3838)]
2026-09-01 16:16:48.305621: Epoch time: 98.95 s
2026-09-01 16:16:49.191381: 
2026-09-01 16:16:49.192654: Epoch 834
2026-09-01 16:16:49.193594: Current learning rate: 0.00199
2026-09-01 16:18:25.993440: train_loss -0.5996
2026-09-01 16:18:25.994504: val_loss -0.6259
2026-09-01 16:18:25.995427: Pseudo dice [np.float32(0.5205)]
2026-09-01 16:18:25.996352: Epoch time: 96.8 s
2026-09-01 16:18:25.997343: Yayy! New best EMA pseudo Dice: 0.42399999499320984
2026-09-01 16:18:28.093684: 
2026-09-01 16:18:28.094910: Epoch 835
2026-09-01 16:18:28.095803: Current learning rate: 0.00198
2026-09-01 16:20:07.172925: train_loss -0.6245
2026-09-01 16:20:07.174418: val_loss -0.6503
2026-09-01 16:20:07.175429: Pseudo dice [np.float32(0.3138)]
2026-09-01 16:20:07.176309: Epoch time: 99.08 s
2026-09-01 16:20:08.084445: 
2026-09-01 16:20:08.085493: Epoch 836
2026-09-01 16:20:08.086353: Current learning rate: 0.00196
2026-09-01 16:21:47.175965: train_loss -0.6039
2026-09-01 16:21:47.177017: val_loss -0.6612
2026-09-01 16:21:47.178073: Pseudo dice [np.float32(0.5575)]
2026-09-01 16:21:47.179102: Epoch time: 99.09 s
2026-09-01 16:21:47.179984: Yayy! New best EMA pseudo Dice: 0.42739999294281006
2026-09-01 16:21:49.322847: 
2026-09-01 16:21:49.324030: Epoch 837
2026-09-01 16:21:49.324909: Current learning rate: 0.00195
2026-09-01 16:23:26.395606: train_loss -0.608
2026-09-01 16:23:26.396793: val_loss -0.6351
2026-09-01 16:23:26.398100: Pseudo dice [np.float32(0.4036)]
2026-09-01 16:23:26.399100: Epoch time: 97.08 s
2026-09-01 16:23:28.715764: 
2026-09-01 16:23:28.717023: Epoch 838
2026-09-01 16:23:28.717887: Current learning rate: 0.00194
2026-09-01 16:25:08.401749: train_loss -0.6329
2026-09-01 16:25:08.427548: val_loss -0.5459
2026-09-01 16:25:08.428617: Pseudo dice [np.float32(0.2239)]
2026-09-01 16:25:08.429584: Epoch time: 99.69 s
2026-09-01 16:25:09.319312: 
2026-09-01 16:25:09.320564: Epoch 839
2026-09-01 16:25:09.321348: Current learning rate: 0.00193
2026-09-01 16:26:47.006839: train_loss -0.6211
2026-09-01 16:26:47.008485: val_loss -0.6425
2026-09-01 16:26:47.009619: Pseudo dice [np.float32(0.4586)]
2026-09-01 16:26:47.010557: Epoch time: 97.69 s
2026-09-01 16:26:47.904542: 
2026-09-01 16:26:47.905774: Epoch 840
2026-09-01 16:26:47.906650: Current learning rate: 0.00192
2026-09-01 16:28:26.550025: train_loss -0.6055
2026-09-01 16:28:26.551178: val_loss -0.6125
2026-09-01 16:28:26.552156: Pseudo dice [np.float32(0.2432)]
2026-09-01 16:28:26.553001: Epoch time: 98.65 s
2026-09-01 16:28:27.444376: 
2026-09-01 16:28:27.445728: Epoch 841
2026-09-01 16:28:27.446722: Current learning rate: 0.00191
2026-09-01 16:30:06.810830: train_loss -0.6308
2026-09-01 16:30:06.812108: val_loss -0.6182
2026-09-01 16:30:06.813139: Pseudo dice [np.float32(0.2562)]
2026-09-01 16:30:06.814179: Epoch time: 99.37 s
2026-09-01 16:30:07.720823: 
2026-09-01 16:30:07.722001: Epoch 842
2026-09-01 16:30:07.722735: Current learning rate: 0.0019
2026-09-01 16:31:47.787877: train_loss -0.6108
2026-09-01 16:31:47.789537: val_loss -0.6247
2026-09-01 16:31:47.790856: Pseudo dice [np.float32(0.3881)]
2026-09-01 16:31:47.791897: Epoch time: 100.07 s
2026-09-01 16:31:48.711131: 
2026-09-01 16:31:48.712165: Epoch 843
2026-09-01 16:31:48.713080: Current learning rate: 0.00189
2026-09-01 16:33:25.924905: train_loss -0.6326
2026-09-01 16:33:25.925935: val_loss -0.6471
2026-09-01 16:33:25.926847: Pseudo dice [np.float32(0.443)]
2026-09-01 16:33:25.927773: Epoch time: 97.22 s
2026-09-01 16:33:26.825827: 
2026-09-01 16:33:26.827127: Epoch 844
2026-09-01 16:33:26.827996: Current learning rate: 0.00188
2026-09-01 16:35:04.467902: train_loss -0.629
2026-09-01 16:35:04.469463: val_loss -0.6322
2026-09-01 16:35:04.470759: Pseudo dice [np.float32(0.4188)]
2026-09-01 16:35:04.471697: Epoch time: 97.64 s
2026-09-01 16:35:05.457452: 
2026-09-01 16:35:05.458531: Epoch 845
2026-09-01 16:35:05.459325: Current learning rate: 0.00187
2026-09-01 16:36:44.324189: train_loss -0.6399
2026-09-01 16:36:44.325541: val_loss -0.6442
2026-09-01 16:36:44.326493: Pseudo dice [np.float32(0.5414)]
2026-09-01 16:36:44.327387: Epoch time: 98.87 s
2026-09-01 16:36:45.231184: 
2026-09-01 16:36:45.232444: Epoch 846
2026-09-01 16:36:45.233324: Current learning rate: 0.00186
2026-09-01 16:38:24.181005: train_loss -0.6042
2026-09-01 16:38:24.182364: val_loss -0.6563
2026-09-01 16:38:24.183461: Pseudo dice [np.float32(0.3435)]
2026-09-01 16:38:24.184489: Epoch time: 98.95 s
2026-09-01 16:38:25.212065: 
2026-09-01 16:38:25.213507: Epoch 847
2026-09-01 16:38:25.214538: Current learning rate: 0.00185
2026-09-01 16:40:04.523297: train_loss -0.6344
2026-09-01 16:40:04.524600: val_loss -0.6285
2026-09-01 16:40:04.525699: Pseudo dice [np.float32(0.4742)]
2026-09-01 16:40:04.526576: Epoch time: 99.31 s
2026-09-01 16:40:05.420642: 
2026-09-01 16:40:05.422035: Epoch 848
2026-09-01 16:40:05.423312: Current learning rate: 0.00184
2026-09-01 16:41:43.268507: train_loss -0.6076
2026-09-01 16:41:43.286033: val_loss -0.5984
2026-09-01 16:41:43.287107: Pseudo dice [np.float32(0.2652)]
2026-09-01 16:41:43.288170: Epoch time: 97.85 s
2026-09-01 16:41:44.201705: 
2026-09-01 16:41:44.203295: Epoch 849
2026-09-01 16:41:44.204383: Current learning rate: 0.00182
2026-09-01 16:43:21.152844: train_loss -0.6379
2026-09-01 16:43:21.154232: val_loss -0.5715
2026-09-01 16:43:21.155223: Pseudo dice [np.float32(0.3586)]
2026-09-01 16:43:21.156149: Epoch time: 96.95 s
2026-09-01 16:43:23.251320: 
2026-09-01 16:43:23.252588: Epoch 850
2026-09-01 16:43:23.253634: Current learning rate: 0.00181
2026-09-01 16:45:02.709607: train_loss -0.6379
2026-09-01 16:45:02.710772: val_loss -0.6585
2026-09-01 16:45:02.711769: Pseudo dice [np.float32(0.3974)]
2026-09-01 16:45:02.712867: Epoch time: 99.46 s
2026-09-01 16:45:03.597215: 
2026-09-01 16:45:03.598371: Epoch 851
2026-09-01 16:45:03.599228: Current learning rate: 0.0018
2026-09-01 16:46:41.884421: train_loss -0.6201
2026-09-01 16:46:41.885553: val_loss -0.638
2026-09-01 16:46:41.886669: Pseudo dice [np.float32(0.4212)]
2026-09-01 16:46:41.887836: Epoch time: 98.29 s
2026-09-01 16:46:42.775445: 
2026-09-01 16:46:42.776623: Epoch 852
2026-09-01 16:46:42.777466: Current learning rate: 0.00179
2026-09-01 16:48:21.333926: train_loss -0.6281
2026-09-01 16:48:21.341406: val_loss -0.6914
2026-09-01 16:48:21.342474: Pseudo dice [np.float32(0.5371)]
2026-09-01 16:48:21.346234: Epoch time: 98.56 s
2026-09-01 16:48:22.454561: 
2026-09-01 16:48:22.455836: Epoch 853
2026-09-01 16:48:22.456881: Current learning rate: 0.00178
2026-09-01 16:50:00.146605: train_loss -0.6148
2026-09-01 16:50:00.147833: val_loss -0.6536
2026-09-01 16:50:00.148868: Pseudo dice [np.float32(0.2709)]
2026-09-01 16:50:00.149997: Epoch time: 97.69 s
2026-09-01 16:50:01.037590: 
2026-09-01 16:50:01.038839: Epoch 854
2026-09-01 16:50:01.039845: Current learning rate: 0.00177
2026-09-01 16:51:41.139429: train_loss -0.619
2026-09-01 16:51:41.140749: val_loss -0.6332
2026-09-01 16:51:41.152075: Pseudo dice [np.float32(0.3616)]
2026-09-01 16:51:41.164204: Epoch time: 100.1 s
2026-09-01 16:51:42.271731: 
2026-09-01 16:51:42.273039: Epoch 855
2026-09-01 16:51:42.274058: Current learning rate: 0.00176
2026-09-01 16:53:20.820496: train_loss -0.645
2026-09-01 16:53:20.833495: val_loss -0.603
2026-09-01 16:53:20.834572: Pseudo dice [np.float32(0.2429)]
2026-09-01 16:53:20.835719: Epoch time: 98.55 s
2026-09-01 16:53:21.884650: 
2026-09-01 16:53:21.886023: Epoch 856
2026-09-01 16:53:21.887022: Current learning rate: 0.00175
2026-09-01 16:55:00.879954: train_loss -0.6225
2026-09-01 16:55:00.881814: val_loss -0.6099
2026-09-01 16:55:00.883191: Pseudo dice [np.float32(0.3864)]
2026-09-01 16:55:00.884354: Epoch time: 99.0 s
2026-09-01 16:55:01.843503: 
2026-09-01 16:55:01.844668: Epoch 857
2026-09-01 16:55:01.845649: Current learning rate: 0.00174
2026-09-01 16:56:41.189876: train_loss -0.6483
2026-09-01 16:56:41.191061: val_loss -0.5979
2026-09-01 16:56:41.192021: Pseudo dice [np.float32(0.573)]
2026-09-01 16:56:41.193006: Epoch time: 99.35 s
2026-09-01 16:56:42.313739: 
2026-09-01 16:56:42.314862: Epoch 858
2026-09-01 16:56:42.315843: Current learning rate: 0.00173
2026-09-01 16:58:20.330844: train_loss -0.6324
2026-09-01 16:58:20.332236: val_loss -0.6784
2026-09-01 16:58:20.333368: Pseudo dice [np.float32(0.538)]
2026-09-01 16:58:20.334200: Epoch time: 98.02 s
2026-09-01 16:58:21.222065: 
2026-09-01 16:58:21.223469: Epoch 859
2026-09-01 16:58:21.224321: Current learning rate: 0.00172
2026-09-01 16:59:58.767111: train_loss -0.6414
2026-09-01 16:59:58.768672: val_loss -0.6674
2026-09-01 16:59:58.769573: Pseudo dice [np.float32(0.381)]
2026-09-01 16:59:58.770399: Epoch time: 97.55 s
2026-09-01 16:59:59.663542: 
2026-09-01 16:59:59.664711: Epoch 860
2026-09-01 16:59:59.665659: Current learning rate: 0.0017
2026-09-01 17:01:38.419210: train_loss -0.6212
2026-09-01 17:01:38.420265: val_loss -0.6124
2026-09-01 17:01:38.421140: Pseudo dice [np.float32(0.2431)]
2026-09-01 17:01:38.421930: Epoch time: 98.76 s
2026-09-01 17:01:39.312871: 
2026-09-01 17:01:39.314193: Epoch 861
2026-09-01 17:01:39.315060: Current learning rate: 0.00169
2026-09-01 17:03:17.912585: train_loss -0.6288
2026-09-01 17:03:17.914002: val_loss -0.6243
2026-09-01 17:03:17.915229: Pseudo dice [np.float32(0.3252)]
2026-09-01 17:03:17.916190: Epoch time: 98.6 s
2026-09-01 17:03:18.829959: 
2026-09-01 17:03:18.831237: Epoch 862
2026-09-01 17:03:18.832104: Current learning rate: 0.00168
2026-09-01 17:05:00.367040: train_loss -0.6091
2026-09-01 17:05:00.368472: val_loss -0.5875
2026-09-01 17:05:00.369502: Pseudo dice [np.float32(0.2238)]
2026-09-01 17:05:00.370569: Epoch time: 101.54 s
2026-09-01 17:05:01.351067: 
2026-09-01 17:05:01.352533: Epoch 863
2026-09-01 17:05:01.353443: Current learning rate: 0.00167
2026-09-01 17:06:40.008635: train_loss -0.6426
2026-09-01 17:06:40.014743: val_loss -0.6366
2026-09-01 17:06:40.016365: Pseudo dice [np.float32(0.467)]
2026-09-01 17:06:40.017257: Epoch time: 98.66 s
2026-09-01 17:06:40.986249: 
2026-09-01 17:06:40.987405: Epoch 864
2026-09-01 17:06:40.988267: Current learning rate: 0.00166
2026-09-01 17:08:19.827671: train_loss -0.6216
2026-09-01 17:08:19.828880: val_loss -0.6141
2026-09-01 17:08:19.830031: Pseudo dice [np.float32(0.5348)]
2026-09-01 17:08:19.830956: Epoch time: 98.84 s
2026-09-01 17:08:20.719165: 
2026-09-01 17:08:20.720805: Epoch 865
2026-09-01 17:08:20.721837: Current learning rate: 0.00165
2026-09-01 17:10:01.553817: train_loss -0.6588
2026-09-01 17:10:01.571597: val_loss -0.6437
2026-09-01 17:10:01.572798: Pseudo dice [np.float32(0.5924)]
2026-09-01 17:10:01.573935: Epoch time: 100.84 s
2026-09-01 17:10:02.896641: 
2026-09-01 17:10:02.899173: Epoch 866
2026-09-01 17:10:02.900199: Current learning rate: 0.00164
2026-09-01 17:11:41.243623: train_loss -0.6377
2026-09-01 17:11:41.245053: val_loss -0.6408
2026-09-01 17:11:41.246260: Pseudo dice [np.float32(0.496)]
2026-09-01 17:11:41.247082: Epoch time: 98.35 s
2026-09-01 17:11:42.132001: 
2026-09-01 17:11:42.133164: Epoch 867
2026-09-01 17:11:42.133995: Current learning rate: 0.00163
2026-09-01 17:13:21.074320: train_loss -0.644
2026-09-01 17:13:21.080626: val_loss -0.6168
2026-09-01 17:13:21.082177: Pseudo dice [np.float32(0.3163)]
2026-09-01 17:13:21.083374: Epoch time: 98.94 s
2026-09-01 17:13:21.988227: 
2026-09-01 17:13:21.989524: Epoch 868
2026-09-01 17:13:21.990380: Current learning rate: 0.00162
2026-09-01 17:15:00.691536: train_loss -0.6521
2026-09-01 17:15:00.692710: val_loss -0.6253
2026-09-01 17:15:00.693742: Pseudo dice [np.float32(0.4774)]
2026-09-01 17:15:00.694671: Epoch time: 98.71 s
2026-09-01 17:15:01.829067: 
2026-09-01 17:15:01.830144: Epoch 869
2026-09-01 17:15:01.831024: Current learning rate: 0.00161
2026-09-01 17:16:43.003734: train_loss -0.6393
2026-09-01 17:16:43.005293: val_loss -0.6045
2026-09-01 17:16:43.006377: Pseudo dice [np.float32(0.4075)]
2026-09-01 17:16:43.007489: Epoch time: 101.18 s
2026-09-01 17:16:44.117996: 
2026-09-01 17:16:44.119766: Epoch 870
2026-09-01 17:16:44.121120: Current learning rate: 0.00159
2026-09-01 17:18:28.269656: train_loss -0.5948
2026-09-01 17:18:28.274660: val_loss -0.5647
2026-09-01 17:18:28.280315: Pseudo dice [np.float32(0.1467)]
2026-09-01 17:18:28.281744: Epoch time: 104.15 s
2026-09-01 17:18:29.309186: 
2026-09-01 17:18:29.310387: Epoch 871
2026-09-01 17:18:29.311295: Current learning rate: 0.00158
2026-09-01 17:20:08.213408: train_loss -0.5987
2026-09-01 17:20:08.214476: val_loss -0.6292
2026-09-01 17:20:08.215578: Pseudo dice [np.float32(0.5177)]
2026-09-01 17:20:08.216434: Epoch time: 98.91 s
2026-09-01 17:20:09.101595: 
2026-09-01 17:20:09.102786: Epoch 872
2026-09-01 17:20:09.103681: Current learning rate: 0.00157
2026-09-01 17:21:47.734385: train_loss -0.6547
2026-09-01 17:21:47.739749: val_loss -0.698
2026-09-01 17:21:47.742863: Pseudo dice [np.float32(0.5327)]
2026-09-01 17:21:47.743738: Epoch time: 98.64 s
2026-09-01 17:21:48.671917: 
2026-09-01 17:21:48.673274: Epoch 873
2026-09-01 17:21:48.674206: Current learning rate: 0.00156
2026-09-01 17:23:31.740887: train_loss -0.6488
2026-09-01 17:23:31.742010: val_loss -0.6186
2026-09-01 17:23:31.743064: Pseudo dice [np.float32(0.5104)]
2026-09-01 17:23:31.743922: Epoch time: 103.07 s
2026-09-01 17:23:32.640676: 
2026-09-01 17:23:32.641905: Epoch 874
2026-09-01 17:23:32.642796: Current learning rate: 0.00155
2026-09-01 17:25:13.887001: train_loss -0.6628
2026-09-01 17:25:13.891897: val_loss -0.6789
2026-09-01 17:25:13.895064: Pseudo dice [np.float32(0.563)]
2026-09-01 17:25:13.896443: Epoch time: 101.25 s
2026-09-01 17:25:13.897487: Yayy! New best EMA pseudo Dice: 0.4390000104904175
2026-09-01 17:25:16.587035: 
2026-09-01 17:25:16.588385: Epoch 875
2026-09-01 17:25:16.589690: Current learning rate: 0.00154
2026-09-01 17:26:55.892462: train_loss -0.623
2026-09-01 17:26:55.893867: val_loss -0.6235
2026-09-01 17:26:55.894937: Pseudo dice [np.float32(0.7177)]
2026-09-01 17:26:55.895902: Epoch time: 99.31 s
2026-09-01 17:26:55.896931: Yayy! New best EMA pseudo Dice: 0.4668999910354614
2026-09-01 17:26:58.045315: 
2026-09-01 17:26:58.046296: Epoch 876
2026-09-01 17:26:58.047085: Current learning rate: 0.00153
2026-09-01 17:28:36.759689: train_loss -0.657
2026-09-01 17:28:36.760924: val_loss -0.6533
2026-09-01 17:28:36.761870: Pseudo dice [np.float32(0.5162)]
2026-09-01 17:28:36.762740: Epoch time: 98.72 s
2026-09-01 17:28:36.763610: Yayy! New best EMA pseudo Dice: 0.4717999994754791
2026-09-01 17:28:38.871112: 
2026-09-01 17:28:38.872219: Epoch 877
2026-09-01 17:28:38.873168: Current learning rate: 0.00152
2026-09-01 17:30:16.124264: train_loss -0.6453
2026-09-01 17:30:16.125253: val_loss -0.607
2026-09-01 17:30:16.126308: Pseudo dice [np.float32(0.4971)]
2026-09-01 17:30:16.127202: Epoch time: 97.26 s
2026-09-01 17:30:16.127964: Yayy! New best EMA pseudo Dice: 0.47429999709129333
2026-09-01 17:30:19.942646: 
2026-09-01 17:30:19.943935: Epoch 878
2026-09-01 17:30:19.944955: Current learning rate: 0.00151
2026-09-01 17:31:59.318004: train_loss -0.6603
2026-09-01 17:31:59.319189: val_loss -0.6105
2026-09-01 17:31:59.320468: Pseudo dice [np.float32(0.5495)]
2026-09-01 17:31:59.321369: Epoch time: 99.38 s
2026-09-01 17:31:59.322294: Yayy! New best EMA pseudo Dice: 0.48190000653266907
2026-09-01 17:32:01.455221: 
2026-09-01 17:32:01.456511: Epoch 879
2026-09-01 17:32:01.457406: Current learning rate: 0.00149
2026-09-01 17:33:42.532326: train_loss -0.6634
2026-09-01 17:33:42.550910: val_loss -0.6429
2026-09-01 17:33:42.552421: Pseudo dice [np.float32(0.6008)]
2026-09-01 17:33:42.553497: Epoch time: 101.08 s
2026-09-01 17:33:42.554578: Yayy! New best EMA pseudo Dice: 0.49380001425743103
2026-09-01 17:33:45.142330: 
2026-09-01 17:33:45.143759: Epoch 880
2026-09-01 17:33:45.144553: Current learning rate: 0.00148
2026-09-01 17:35:24.487267: train_loss -0.649
2026-09-01 17:35:24.488479: val_loss -0.6118
2026-09-01 17:35:24.489743: Pseudo dice [np.float32(0.3989)]
2026-09-01 17:35:24.490725: Epoch time: 99.35 s
2026-09-01 17:35:25.384185: 
2026-09-01 17:35:25.385362: Epoch 881
2026-09-01 17:35:25.386229: Current learning rate: 0.00147
2026-09-01 17:37:04.246130: train_loss -0.6277
2026-09-01 17:37:04.247220: val_loss -0.6375
2026-09-01 17:37:04.248143: Pseudo dice [np.float32(0.5171)]
2026-09-01 17:37:04.249045: Epoch time: 98.86 s
2026-09-01 17:37:05.141118: 
2026-09-01 17:37:05.142503: Epoch 882
2026-09-01 17:37:05.143403: Current learning rate: 0.00146
2026-09-01 17:38:43.105689: train_loss -0.6426
2026-09-01 17:38:43.107027: val_loss -0.5892
2026-09-01 17:38:43.108349: Pseudo dice [np.float32(0.4659)]
2026-09-01 17:38:43.109293: Epoch time: 97.97 s
2026-09-01 17:38:44.063875: 
2026-09-01 17:38:44.065001: Epoch 883
2026-09-01 17:38:44.065939: Current learning rate: 0.00145
2026-09-01 17:40:23.065620: train_loss -0.6606
2026-09-01 17:40:23.067002: val_loss -0.6268
2026-09-01 17:40:23.069014: Pseudo dice [np.float32(0.5177)]
2026-09-01 17:40:23.073754: Epoch time: 99.0 s
2026-09-01 17:40:23.989349: 
2026-09-01 17:40:23.990374: Epoch 884
2026-09-01 17:40:23.991182: Current learning rate: 0.00144
2026-09-01 17:42:03.009732: train_loss -0.6398
2026-09-01 17:42:03.010748: val_loss -0.6013
2026-09-01 17:42:03.011750: Pseudo dice [np.float32(0.2858)]
2026-09-01 17:42:03.012553: Epoch time: 99.02 s
2026-09-01 17:42:03.898264: 
2026-09-01 17:42:03.899539: Epoch 885
2026-09-01 17:42:03.900372: Current learning rate: 0.00143
2026-09-01 17:43:43.129353: train_loss -0.6281
2026-09-01 17:43:43.138883: val_loss -0.6864
2026-09-01 17:43:43.143535: Pseudo dice [np.float32(0.5581)]
2026-09-01 17:43:43.144470: Epoch time: 99.23 s
2026-09-01 17:43:44.198270: 
2026-09-01 17:43:44.199299: Epoch 886
2026-09-01 17:43:44.200228: Current learning rate: 0.00142
2026-09-01 17:45:23.948812: train_loss -0.6406
2026-09-01 17:45:23.950456: val_loss -0.681
2026-09-01 17:45:23.951552: Pseudo dice [np.float32(0.5406)]
2026-09-01 17:45:23.952491: Epoch time: 99.75 s
2026-09-01 17:45:24.858921: 
2026-09-01 17:45:24.860121: Epoch 887
2026-09-01 17:45:24.860982: Current learning rate: 0.00141
2026-09-01 17:47:03.421801: train_loss -0.6452
2026-09-01 17:47:03.423055: val_loss -0.629
2026-09-01 17:47:03.424250: Pseudo dice [np.float32(0.3348)]
2026-09-01 17:47:03.425266: Epoch time: 98.57 s
2026-09-01 17:47:04.317512: 
2026-09-01 17:47:04.318646: Epoch 888
2026-09-01 17:47:04.319496: Current learning rate: 0.00139
2026-09-01 17:48:43.605545: train_loss -0.6457
2026-09-01 17:48:43.606672: val_loss -0.6298
2026-09-01 17:48:43.607634: Pseudo dice [np.float32(0.4028)]
2026-09-01 17:48:43.608543: Epoch time: 99.29 s
2026-09-01 17:48:44.500292: 
2026-09-01 17:48:44.501406: Epoch 889
2026-09-01 17:48:44.502302: Current learning rate: 0.00138
2026-09-01 17:50:24.290026: train_loss -0.663
2026-09-01 17:50:24.291003: val_loss -0.6828
2026-09-01 17:50:24.292032: Pseudo dice [np.float32(0.7374)]
2026-09-01 17:50:24.292989: Epoch time: 99.79 s
2026-09-01 17:50:25.173277: 
2026-09-01 17:50:25.174444: Epoch 890
2026-09-01 17:50:25.175334: Current learning rate: 0.00137
2026-09-01 17:52:10.378054: train_loss -0.6348
2026-09-01 17:52:10.379818: val_loss -0.6828
2026-09-01 17:52:10.381352: Pseudo dice [np.float32(0.5789)]
2026-09-01 17:52:10.382519: Epoch time: 105.21 s
2026-09-01 17:52:10.383616: Yayy! New best EMA pseudo Dice: 0.4986000061035156
2026-09-01 17:52:12.997551: 
2026-09-01 17:52:12.999197: Epoch 891
2026-09-01 17:52:13.000080: Current learning rate: 0.00136
2026-09-01 17:53:52.326313: train_loss -0.6274
2026-09-01 17:53:52.345776: val_loss -0.6181
2026-09-01 17:53:52.347537: Pseudo dice [np.float32(0.4617)]
2026-09-01 17:53:52.349237: Epoch time: 99.33 s
2026-09-01 17:53:53.577180: 
2026-09-01 17:53:53.579203: Epoch 892
2026-09-01 17:53:53.580787: Current learning rate: 0.00135
2026-09-01 17:55:33.168597: train_loss -0.6449
2026-09-01 17:55:33.183312: val_loss -0.6036
2026-09-01 17:55:33.191546: Pseudo dice [np.float32(0.4489)]
2026-09-01 17:55:33.194262: Epoch time: 99.59 s
2026-09-01 17:55:34.219982: 
2026-09-01 17:55:34.221378: Epoch 893
2026-09-01 17:55:34.222315: Current learning rate: 0.00134
2026-09-01 17:57:24.203476: train_loss -0.6611
2026-09-01 17:57:24.209159: val_loss -0.686
2026-09-01 17:57:24.210887: Pseudo dice [np.float32(0.5811)]
2026-09-01 17:57:24.211953: Epoch time: 109.99 s
2026-09-01 17:57:24.212843: Yayy! New best EMA pseudo Dice: 0.49939998984336853
2026-09-01 17:57:26.567779: 
2026-09-01 17:57:26.569346: Epoch 894
2026-09-01 17:57:26.570290: Current learning rate: 0.00133
2026-09-01 17:59:05.710277: train_loss -0.639
2026-09-01 17:59:05.713254: val_loss -0.6403
2026-09-01 17:59:05.718094: Pseudo dice [np.float32(0.5525)]
2026-09-01 17:59:05.719098: Epoch time: 99.15 s
2026-09-01 17:59:05.720143: Yayy! New best EMA pseudo Dice: 0.5047000050544739
2026-09-01 17:59:07.901370: 
2026-09-01 17:59:07.902910: Epoch 895
2026-09-01 17:59:07.903853: Current learning rate: 0.00132
2026-09-01 18:00:47.250275: train_loss -0.6434
2026-09-01 18:00:47.251687: val_loss -0.6101
2026-09-01 18:00:47.252986: Pseudo dice [np.float32(0.5739)]
2026-09-01 18:00:47.254231: Epoch time: 99.35 s
2026-09-01 18:00:47.255223: Yayy! New best EMA pseudo Dice: 0.5116000175476074
2026-09-01 18:00:49.596802: 
2026-09-01 18:00:49.598021: Epoch 896
2026-09-01 18:00:49.599246: Current learning rate: 0.0013
2026-09-01 18:02:28.958457: train_loss -0.6343
2026-09-01 18:02:28.960323: val_loss -0.6373
2026-09-01 18:02:28.961611: Pseudo dice [np.float32(0.5772)]
2026-09-01 18:02:28.962767: Epoch time: 99.36 s
2026-09-01 18:02:28.963950: Yayy! New best EMA pseudo Dice: 0.5181999802589417
2026-09-01 18:02:31.128161: 
2026-09-01 18:02:31.129326: Epoch 897
2026-09-01 18:02:31.130112: Current learning rate: 0.00129
2026-09-01 18:04:10.542240: train_loss -0.6732
2026-09-01 18:04:10.543801: val_loss -0.6203
2026-09-01 18:04:10.544845: Pseudo dice [np.float32(0.5808)]
2026-09-01 18:04:10.545751: Epoch time: 99.42 s
2026-09-01 18:04:10.546737: Yayy! New best EMA pseudo Dice: 0.524399995803833
2026-09-01 18:04:12.696339: 
2026-09-01 18:04:12.697762: Epoch 898
2026-09-01 18:04:12.698583: Current learning rate: 0.00128
2026-09-01 18:05:52.270245: train_loss -0.6551
2026-09-01 18:05:52.271651: val_loss -0.6611
2026-09-01 18:05:52.272773: Pseudo dice [np.float32(0.6374)]
2026-09-01 18:05:52.273694: Epoch time: 99.58 s
2026-09-01 18:05:52.274799: Yayy! New best EMA pseudo Dice: 0.5357000231742859
2026-09-01 18:05:54.432550: 
2026-09-01 18:05:54.434057: Epoch 899
2026-09-01 18:05:54.435022: Current learning rate: 0.00127
2026-09-01 18:07:32.619844: train_loss -0.6728
2026-09-01 18:07:32.621386: val_loss -0.6193
2026-09-01 18:07:32.622704: Pseudo dice [np.float32(0.6076)]
2026-09-01 18:07:32.623630: Epoch time: 98.19 s
2026-09-01 18:07:33.697431: Yayy! New best EMA pseudo Dice: 0.542900025844574
2026-09-01 18:07:35.790669: 
2026-09-01 18:07:35.792054: Epoch 900
2026-09-01 18:07:35.792967: Current learning rate: 0.00126
2026-09-01 18:09:15.518597: train_loss -0.6475
2026-09-01 18:09:15.519899: val_loss -0.6729
2026-09-01 18:09:15.521020: Pseudo dice [np.float32(0.6503)]
2026-09-01 18:09:15.521872: Epoch time: 99.73 s
2026-09-01 18:09:15.525247: Yayy! New best EMA pseudo Dice: 0.5536999702453613
2026-09-01 18:09:17.714429: 
2026-09-01 18:09:17.716242: Epoch 901
2026-09-01 18:09:17.717122: Current learning rate: 0.00125
2026-09-01 18:10:59.689645: train_loss -0.6212
2026-09-01 18:10:59.696167: val_loss -0.615
2026-09-01 18:10:59.697471: Pseudo dice [np.float32(0.6842)]
2026-09-01 18:10:59.698462: Epoch time: 101.98 s
2026-09-01 18:10:59.699371: Yayy! New best EMA pseudo Dice: 0.5666999816894531
2026-09-01 18:11:02.044878: 
2026-09-01 18:11:02.046086: Epoch 902
2026-09-01 18:11:02.047227: Current learning rate: 0.00124
2026-09-01 18:12:45.074806: train_loss -0.6572
2026-09-01 18:12:45.092032: val_loss -0.6518
2026-09-01 18:12:45.093328: Pseudo dice [np.float32(0.549)]
2026-09-01 18:12:45.094590: Epoch time: 103.03 s
2026-09-01 18:12:46.033271: 
2026-09-01 18:12:46.034634: Epoch 903
2026-09-01 18:12:46.035538: Current learning rate: 0.00122
2026-09-01 18:14:25.623543: train_loss -0.6496
2026-09-01 18:14:25.624679: val_loss -0.585
2026-09-01 18:14:25.625591: Pseudo dice [np.float32(0.5052)]
2026-09-01 18:14:25.626479: Epoch time: 99.59 s
2026-09-01 18:14:26.758453: 
2026-09-01 18:14:26.759526: Epoch 904
2026-09-01 18:14:26.760311: Current learning rate: 0.00121
2026-09-01 18:16:06.370845: train_loss -0.6426
2026-09-01 18:16:06.372351: val_loss -0.6186
2026-09-01 18:16:06.373465: Pseudo dice [np.float32(0.5441)]
2026-09-01 18:16:06.374475: Epoch time: 99.61 s
2026-09-01 18:16:07.453951: 
2026-09-01 18:16:07.455197: Epoch 905
2026-09-01 18:16:07.456047: Current learning rate: 0.0012
2026-09-01 18:17:44.850901: train_loss -0.6441
2026-09-01 18:17:44.852482: val_loss -0.6761
2026-09-01 18:17:44.853506: Pseudo dice [np.float32(0.5695)]
2026-09-01 18:17:44.854638: Epoch time: 97.4 s
2026-09-01 18:17:45.735551: 
2026-09-01 18:17:45.736854: Epoch 906
2026-09-01 18:17:45.737855: Current learning rate: 0.00119
2026-09-01 18:19:32.886726: train_loss -0.6245
2026-09-01 18:19:32.895823: val_loss -0.6127
2026-09-01 18:19:32.901086: Pseudo dice [np.float32(0.425)]
2026-09-01 18:19:32.902307: Epoch time: 107.15 s
2026-09-01 18:19:34.059445: 
2026-09-01 18:19:34.062789: Epoch 907
2026-09-01 18:19:34.063740: Current learning rate: 0.00118
2026-09-01 18:21:12.629118: train_loss -0.6465
2026-09-01 18:21:12.633466: val_loss -0.6238
2026-09-01 18:21:12.636772: Pseudo dice [np.float32(0.4805)]
2026-09-01 18:21:12.637933: Epoch time: 98.57 s
2026-09-01 18:21:13.564647: 
2026-09-01 18:21:13.566271: Epoch 908
2026-09-01 18:21:13.567342: Current learning rate: 0.00117
2026-09-01 18:23:06.529615: train_loss -0.6576
2026-09-01 18:23:06.540839: val_loss -0.6582
2026-09-01 18:23:06.544115: Pseudo dice [np.float32(0.4127)]
2026-09-01 18:23:06.545403: Epoch time: 112.97 s
2026-09-01 18:23:07.646605: 
2026-09-01 18:23:07.648053: Epoch 909
2026-09-01 18:23:07.648993: Current learning rate: 0.00116
2026-09-01 18:24:45.533437: train_loss -0.6421
2026-09-01 18:24:45.534829: val_loss -0.6203
2026-09-01 18:24:45.535878: Pseudo dice [np.float32(0.5065)]
2026-09-01 18:24:45.536952: Epoch time: 97.89 s
2026-09-01 18:24:46.421556: 
2026-09-01 18:24:46.422797: Epoch 910
2026-09-01 18:24:46.423694: Current learning rate: 0.00115
2026-09-01 18:26:25.168034: train_loss -0.6271
2026-09-01 18:26:25.169419: val_loss -0.6428
2026-09-01 18:26:25.170437: Pseudo dice [np.float32(0.5075)]
2026-09-01 18:26:25.171544: Epoch time: 98.75 s
2026-09-01 18:26:26.055136: 
2026-09-01 18:26:26.056353: Epoch 911
2026-09-01 18:26:26.057249: Current learning rate: 0.00113
2026-09-01 18:28:04.713295: train_loss -0.6232
2026-09-01 18:28:04.714483: val_loss -0.6588
2026-09-01 18:28:04.715468: Pseudo dice [np.float32(0.4843)]
2026-09-01 18:28:04.716518: Epoch time: 98.66 s
2026-09-01 18:28:05.607899: 
2026-09-01 18:28:05.609267: Epoch 912
2026-09-01 18:28:05.610181: Current learning rate: 0.00112
2026-09-01 18:29:44.711591: train_loss -0.6321
2026-09-01 18:29:44.712772: val_loss -0.6452
2026-09-01 18:29:44.714097: Pseudo dice [np.float32(0.5826)]
2026-09-01 18:29:44.715113: Epoch time: 99.11 s
2026-09-01 18:29:45.606746: 
2026-09-01 18:29:45.607823: Epoch 913
2026-09-01 18:29:45.608751: Current learning rate: 0.00111
2026-09-01 18:31:24.455816: train_loss -0.658
2026-09-01 18:31:24.457180: val_loss -0.5978
2026-09-01 18:31:24.458565: Pseudo dice [np.float32(0.5103)]
2026-09-01 18:31:24.459618: Epoch time: 98.85 s
2026-09-01 18:31:25.589212: 
2026-09-01 18:31:25.590489: Epoch 914
2026-09-01 18:31:25.591347: Current learning rate: 0.0011
2026-09-01 18:33:09.736466: train_loss -0.6428
2026-09-01 18:33:09.741194: val_loss -0.6452
2026-09-01 18:33:09.747997: Pseudo dice [np.float32(0.6304)]
2026-09-01 18:33:09.749788: Epoch time: 104.15 s
2026-09-01 18:33:10.969624: 
2026-09-01 18:33:10.971779: Epoch 915
2026-09-01 18:33:10.973486: Current learning rate: 0.00109
2026-09-01 18:34:54.431335: train_loss -0.6588
2026-09-01 18:34:54.434965: val_loss -0.6439
2026-09-01 18:34:54.436221: Pseudo dice [np.float32(0.6795)]
2026-09-01 18:34:54.437375: Epoch time: 103.47 s
2026-09-01 18:34:55.632932: 
2026-09-01 18:34:55.640637: Epoch 916
2026-09-01 18:34:55.641629: Current learning rate: 0.00108
2026-09-01 18:36:35.304872: train_loss -0.6498
2026-09-01 18:36:35.306154: val_loss -0.6518
2026-09-01 18:36:35.307199: Pseudo dice [np.float32(0.5955)]
2026-09-01 18:36:35.307994: Epoch time: 99.68 s
2026-09-01 18:36:36.201455: 
2026-09-01 18:36:36.202994: Epoch 917
2026-09-01 18:36:36.204031: Current learning rate: 0.00106
2026-09-01 18:38:15.902576: train_loss -0.6242
2026-09-01 18:38:15.903915: val_loss -0.6268
2026-09-01 18:38:15.905086: Pseudo dice [np.float32(0.6096)]
2026-09-01 18:38:15.906067: Epoch time: 99.7 s
2026-09-01 18:38:16.795415: 
2026-09-01 18:38:16.796753: Epoch 918
2026-09-01 18:38:16.797688: Current learning rate: 0.00105
2026-09-01 18:39:53.929931: train_loss -0.6603
2026-09-01 18:39:53.931650: val_loss -0.61
2026-09-01 18:39:53.932627: Pseudo dice [np.float32(0.4113)]
2026-09-01 18:39:53.933538: Epoch time: 97.14 s
2026-09-01 18:39:54.840445: 
2026-09-01 18:39:54.842111: Epoch 919
2026-09-01 18:39:54.843235: Current learning rate: 0.00104
2026-09-01 18:41:32.514780: train_loss -0.6658
2026-09-01 18:41:32.516209: val_loss -0.6893
2026-09-01 18:41:32.517224: Pseudo dice [np.float32(0.4658)]
2026-09-01 18:41:32.518120: Epoch time: 97.68 s
2026-09-01 18:41:33.427718: 
2026-09-01 18:41:33.428982: Epoch 920
2026-09-01 18:41:33.429981: Current learning rate: 0.00103
2026-09-01 18:43:11.092907: train_loss -0.6382
2026-09-01 18:43:11.094312: val_loss -0.6403
2026-09-01 18:43:11.095563: Pseudo dice [np.float32(0.42)]
2026-09-01 18:43:11.096464: Epoch time: 97.67 s
2026-09-01 18:43:11.988397: 
2026-09-01 18:43:11.989510: Epoch 921
2026-09-01 18:43:11.990489: Current learning rate: 0.00102
2026-09-01 18:44:50.329927: train_loss -0.6471
2026-09-01 18:44:50.335896: val_loss -0.6279
2026-09-01 18:44:50.337234: Pseudo dice [np.float32(0.5435)]
2026-09-01 18:44:50.338187: Epoch time: 98.34 s
2026-09-01 18:44:51.246333: 
2026-09-01 18:44:51.247894: Epoch 922
2026-09-01 18:44:51.248863: Current learning rate: 0.00101
2026-09-01 18:46:29.595399: train_loss -0.6491
2026-09-01 18:46:29.596586: val_loss -0.7059
2026-09-01 18:46:29.597569: Pseudo dice [np.float32(0.5993)]
2026-09-01 18:46:29.598368: Epoch time: 98.35 s
2026-09-01 18:46:30.494849: 
2026-09-01 18:46:30.496151: Epoch 923
2026-09-01 18:46:30.497162: Current learning rate: 0.001
2026-09-01 18:48:07.887501: train_loss -0.6704
2026-09-01 18:48:07.893391: val_loss -0.7663
2026-09-01 18:48:07.894402: Pseudo dice [np.float32(0.6999)]
2026-09-01 18:48:07.895559: Epoch time: 97.39 s
2026-09-01 18:48:10.643225: 
2026-09-01 18:48:10.644399: Epoch 924
2026-09-01 18:48:10.645346: Current learning rate: 0.00098
2026-09-01 18:49:48.414010: train_loss -0.6728
2026-09-01 18:49:48.415320: val_loss -0.6704
2026-09-01 18:49:48.416363: Pseudo dice [np.float32(0.6041)]
2026-09-01 18:49:48.417308: Epoch time: 97.77 s
2026-09-01 18:49:49.573692: 
2026-09-01 18:49:49.575113: Epoch 925
2026-09-01 18:49:49.576032: Current learning rate: 0.00097
2026-09-01 18:51:38.228466: train_loss -0.6847
2026-09-01 18:51:38.230719: val_loss -0.6888
2026-09-01 18:51:38.233069: Pseudo dice [np.float32(0.6374)]
2026-09-01 18:51:38.234650: Epoch time: 108.66 s
2026-09-01 18:51:39.459265: 
2026-09-01 18:51:39.472559: Epoch 926
2026-09-01 18:51:39.473675: Current learning rate: 0.00096
2026-09-01 18:53:19.335230: train_loss -0.6674
2026-09-01 18:53:19.341210: val_loss -0.6618
2026-09-01 18:53:19.342391: Pseudo dice [np.float32(0.6039)]
2026-09-01 18:53:19.343398: Epoch time: 99.88 s
2026-09-01 18:53:19.344174: Yayy! New best EMA pseudo Dice: 0.5680000185966492
2026-09-01 18:53:21.877553: 
2026-09-01 18:53:21.878877: Epoch 927
2026-09-01 18:53:21.879723: Current learning rate: 0.00095
2026-09-01 18:55:01.897156: train_loss -0.6911
2026-09-01 18:55:01.902104: val_loss -0.664
2026-09-01 18:55:01.918583: Pseudo dice [np.float32(0.6465)]
2026-09-01 18:55:01.919674: Epoch time: 100.02 s
2026-09-01 18:55:01.920520: Yayy! New best EMA pseudo Dice: 0.5759000182151794
2026-09-01 18:55:04.201865: 
2026-09-01 18:55:04.203140: Epoch 928
2026-09-01 18:55:04.204290: Current learning rate: 0.00094
2026-09-01 18:56:48.337344: train_loss -0.6489
2026-09-01 18:56:48.347192: val_loss -0.6321
2026-09-01 18:56:48.348982: Pseudo dice [np.float32(0.6146)]
2026-09-01 18:56:48.350413: Epoch time: 104.14 s
2026-09-01 18:56:48.351787: Yayy! New best EMA pseudo Dice: 0.579800009727478
2026-09-01 18:56:50.632579: 
2026-09-01 18:56:50.633750: Epoch 929
2026-09-01 18:56:50.634615: Current learning rate: 0.00092
2026-09-01 18:58:29.605015: train_loss -0.6438
2026-09-01 18:58:29.609763: val_loss -0.6383
2026-09-01 18:58:29.611044: Pseudo dice [np.float32(0.3981)]
2026-09-01 18:58:29.612155: Epoch time: 98.97 s
2026-09-01 18:58:30.821659: 
2026-09-01 18:58:30.822901: Epoch 930
2026-09-01 18:58:30.823855: Current learning rate: 0.00091
2026-09-01 19:00:12.170350: train_loss -0.6882
2026-09-01 19:00:12.184283: val_loss -0.6471
2026-09-01 19:00:12.187217: Pseudo dice [np.float32(0.2864)]
2026-09-01 19:00:12.188354: Epoch time: 101.35 s
2026-09-01 19:00:13.190405: 
2026-09-01 19:00:13.192523: Epoch 931
2026-09-01 19:00:13.197470: Current learning rate: 0.0009
2026-09-01 19:01:56.316256: train_loss -0.6912
2026-09-01 19:01:56.317400: val_loss -0.644
2026-09-01 19:01:56.318367: Pseudo dice [np.float32(0.6557)]
2026-09-01 19:01:56.319318: Epoch time: 103.13 s
2026-09-01 19:01:57.308872: 
2026-09-01 19:01:57.310002: Epoch 932
2026-09-01 19:01:57.310799: Current learning rate: 0.00089
2026-09-01 19:03:35.465259: train_loss -0.6822
2026-09-01 19:03:35.466376: val_loss -0.6938
2026-09-01 19:03:35.475215: Pseudo dice [np.float32(0.5189)]
2026-09-01 19:03:35.476147: Epoch time: 98.16 s
2026-09-01 19:03:36.643551: 
2026-09-01 19:03:36.644931: Epoch 933
2026-09-01 19:03:36.645968: Current learning rate: 0.00088
2026-09-01 19:05:16.018791: train_loss -0.6717
2026-09-01 19:05:16.020841: val_loss -0.5817
2026-09-01 19:05:16.021853: Pseudo dice [np.float32(0.5338)]
2026-09-01 19:05:16.023021: Epoch time: 99.38 s
2026-09-01 19:05:16.901410: 
2026-09-01 19:05:16.902623: Epoch 934
2026-09-01 19:05:16.903511: Current learning rate: 0.00087
2026-09-01 19:06:54.820663: train_loss -0.6797
2026-09-01 19:06:54.821904: val_loss -0.6633
2026-09-01 19:06:54.822985: Pseudo dice [np.float32(0.5413)]
2026-09-01 19:06:54.823924: Epoch time: 97.92 s
2026-09-01 19:06:55.711678: 
2026-09-01 19:06:55.713061: Epoch 935
2026-09-01 19:06:55.714004: Current learning rate: 0.00085
2026-09-01 19:08:33.607559: train_loss -0.6595
2026-09-01 19:08:33.609416: val_loss -0.6297
2026-09-01 19:08:33.610484: Pseudo dice [np.float32(0.3522)]
2026-09-01 19:08:33.611391: Epoch time: 97.9 s
2026-09-01 19:08:34.504350: 
2026-09-01 19:08:34.505592: Epoch 936
2026-09-01 19:08:34.506498: Current learning rate: 0.00084
2026-09-01 19:10:13.738830: train_loss -0.6943
2026-09-01 19:10:13.740222: val_loss -0.6627
2026-09-01 19:10:13.741327: Pseudo dice [np.float32(0.4613)]
2026-09-01 19:10:13.742493: Epoch time: 99.24 s
2026-09-01 19:10:14.623708: 
2026-09-01 19:10:14.624723: Epoch 937
2026-09-01 19:10:14.625531: Current learning rate: 0.00083
2026-09-01 19:11:52.209028: train_loss -0.6733
2026-09-01 19:11:52.210837: val_loss -0.6628
2026-09-01 19:11:52.212103: Pseudo dice [np.float32(0.5265)]
2026-09-01 19:11:52.213065: Epoch time: 97.59 s
2026-09-01 19:11:53.098397: 
2026-09-01 19:11:53.099645: Epoch 938
2026-09-01 19:11:53.100547: Current learning rate: 0.00082
2026-09-01 19:13:31.825000: train_loss -0.6763
2026-09-01 19:13:31.826127: val_loss -0.5764
2026-09-01 19:13:31.827233: Pseudo dice [np.float32(0.59)]
2026-09-01 19:13:31.828301: Epoch time: 98.73 s
2026-09-01 19:13:32.711736: 
2026-09-01 19:13:32.712946: Epoch 939
2026-09-01 19:13:32.713879: Current learning rate: 0.00081
2026-09-01 19:15:12.391537: train_loss -0.6846
2026-09-01 19:15:12.393128: val_loss -0.6652
2026-09-01 19:15:12.394474: Pseudo dice [np.float32(0.6152)]
2026-09-01 19:15:12.395475: Epoch time: 99.68 s
2026-09-01 19:15:13.536366: 
2026-09-01 19:15:13.542198: Epoch 940
2026-09-01 19:15:13.543298: Current learning rate: 0.00079
2026-09-01 19:16:53.641358: train_loss -0.6677
2026-09-01 19:16:53.642756: val_loss -0.6004
2026-09-01 19:16:53.644880: Pseudo dice [np.float32(0.5839)]
2026-09-01 19:16:53.645799: Epoch time: 100.11 s
2026-09-01 19:16:54.539363: 
2026-09-01 19:16:54.540675: Epoch 941
2026-09-01 19:16:54.541606: Current learning rate: 0.00078
2026-09-01 19:18:33.828891: train_loss -0.675
2026-09-01 19:18:33.830517: val_loss -0.6225
2026-09-01 19:18:33.831901: Pseudo dice [np.float32(0.6335)]
2026-09-01 19:18:33.832894: Epoch time: 99.29 s
2026-09-01 19:18:34.732803: 
2026-09-01 19:18:34.734212: Epoch 942
2026-09-01 19:18:34.735082: Current learning rate: 0.00077
2026-09-01 19:20:14.405890: train_loss -0.6882
2026-09-01 19:20:14.407166: val_loss -0.5889
2026-09-01 19:20:14.408087: Pseudo dice [np.float32(0.6123)]
2026-09-01 19:20:14.408988: Epoch time: 99.68 s
2026-09-01 19:20:15.305383: 
2026-09-01 19:20:15.306863: Epoch 943
2026-09-01 19:20:15.307848: Current learning rate: 0.00076
2026-09-01 19:21:58.210107: train_loss -0.6681
2026-09-01 19:21:58.215338: val_loss -0.5943
2026-09-01 19:21:58.218379: Pseudo dice [np.float32(0.6513)]
2026-09-01 19:21:58.219408: Epoch time: 102.91 s
2026-09-01 19:21:59.965754: 
2026-09-01 19:21:59.970805: Epoch 944
2026-09-01 19:21:59.972117: Current learning rate: 0.00075
2026-09-01 19:23:38.114040: train_loss -0.6966
2026-09-01 19:23:38.115154: val_loss -0.613
2026-09-01 19:23:38.116181: Pseudo dice [np.float32(0.5302)]
2026-09-01 19:23:38.117036: Epoch time: 98.15 s
2026-09-01 19:23:39.011989: 
2026-09-01 19:23:39.013287: Epoch 945
2026-09-01 19:23:39.014293: Current learning rate: 0.00074
2026-09-01 19:25:17.078683: train_loss -0.6814
2026-09-01 19:25:17.079739: val_loss -0.6645
2026-09-01 19:25:17.080727: Pseudo dice [np.float32(0.4204)]
2026-09-01 19:25:17.081573: Epoch time: 98.07 s
2026-09-01 19:25:17.978516: 
2026-09-01 19:25:17.980987: Epoch 946
2026-09-01 19:25:17.982146: Current learning rate: 0.00072
2026-09-01 19:26:58.408709: train_loss -0.6685
2026-09-01 19:26:58.410052: val_loss -0.705
2026-09-01 19:26:58.411303: Pseudo dice [np.float32(0.6792)]
2026-09-01 19:26:58.412360: Epoch time: 100.43 s
2026-09-01 19:26:59.330786: 
2026-09-01 19:26:59.331983: Epoch 947
2026-09-01 19:26:59.332939: Current learning rate: 0.00071
2026-09-01 19:28:38.412525: train_loss -0.6839
2026-09-01 19:28:38.413965: val_loss -0.679
2026-09-01 19:28:38.415002: Pseudo dice [np.float32(0.6564)]
2026-09-01 19:28:38.415881: Epoch time: 99.08 s
2026-09-01 19:28:39.294647: 
2026-09-01 19:28:39.295770: Epoch 948
2026-09-01 19:28:39.296653: Current learning rate: 0.0007
2026-09-01 19:30:18.103931: train_loss -0.6776
2026-09-01 19:30:18.105006: val_loss -0.6699
2026-09-01 19:30:18.105999: Pseudo dice [np.float32(0.6167)]
2026-09-01 19:30:18.107022: Epoch time: 98.81 s
2026-09-01 19:30:18.989890: 
2026-09-01 19:30:18.990968: Epoch 949
2026-09-01 19:30:18.991867: Current learning rate: 0.00069
2026-09-01 19:31:56.076220: train_loss -0.6865
2026-09-01 19:31:56.077471: val_loss -0.6476
2026-09-01 19:31:56.078594: Pseudo dice [np.float32(0.6553)]
2026-09-01 19:31:56.079635: Epoch time: 97.09 s
2026-09-01 19:31:57.159265: Yayy! New best EMA pseudo Dice: 0.5827000141143799
2026-09-01 19:31:59.454424: 
2026-09-01 19:31:59.455512: Epoch 950
2026-09-01 19:31:59.456470: Current learning rate: 0.00067
2026-09-01 19:33:37.574386: train_loss -0.6904
2026-09-01 19:33:37.576313: val_loss -0.6942
2026-09-01 19:33:37.577327: Pseudo dice [np.float32(0.6754)]
2026-09-01 19:33:37.578160: Epoch time: 98.12 s
2026-09-01 19:33:37.579131: Yayy! New best EMA pseudo Dice: 0.5920000076293945
2026-09-01 19:33:39.548961: 
2026-09-01 19:33:39.550263: Epoch 951
2026-09-01 19:33:39.551209: Current learning rate: 0.00066
2026-09-01 19:35:18.116880: train_loss -0.6749
2026-09-01 19:35:18.118034: val_loss -0.6475
2026-09-01 19:35:18.118958: Pseudo dice [np.float32(0.5728)]
2026-09-01 19:35:18.119980: Epoch time: 98.57 s
2026-09-01 19:35:19.041444: 
2026-09-01 19:35:19.042476: Epoch 952
2026-09-01 19:35:19.043239: Current learning rate: 0.00065
2026-09-01 19:36:58.736587: train_loss -0.6779
2026-09-01 19:36:58.738043: val_loss -0.6724
2026-09-01 19:36:58.739435: Pseudo dice [np.float32(0.6502)]
2026-09-01 19:36:58.740572: Epoch time: 99.7 s
2026-09-01 19:36:58.741486: Yayy! New best EMA pseudo Dice: 0.5960999727249146
2026-09-01 19:37:01.714037: 
2026-09-01 19:37:01.715211: Epoch 953
2026-09-01 19:37:01.716069: Current learning rate: 0.00064
2026-09-01 19:38:40.634068: train_loss -0.6563
2026-09-01 19:38:40.635714: val_loss -0.6836
2026-09-01 19:38:40.636900: Pseudo dice [np.float32(0.7746)]
2026-09-01 19:38:40.637840: Epoch time: 98.92 s
2026-09-01 19:38:40.638665: Yayy! New best EMA pseudo Dice: 0.6139000058174133
2026-09-01 19:38:42.761211: 
2026-09-01 19:38:42.762361: Epoch 954
2026-09-01 19:38:42.763255: Current learning rate: 0.00063
2026-09-01 19:40:20.533270: train_loss -0.7196
2026-09-01 19:40:20.534510: val_loss -0.6435
2026-09-01 19:40:20.535499: Pseudo dice [np.float32(0.6426)]
2026-09-01 19:40:20.536372: Epoch time: 97.77 s
2026-09-01 19:40:20.537150: Yayy! New best EMA pseudo Dice: 0.6168000102043152
2026-09-01 19:40:22.702020: 
2026-09-01 19:40:22.703330: Epoch 955
2026-09-01 19:40:22.704244: Current learning rate: 0.00061
2026-09-01 19:42:01.865914: train_loss -0.6985
2026-09-01 19:42:01.867660: val_loss -0.6689
2026-09-01 19:42:01.868882: Pseudo dice [np.float32(0.5766)]
2026-09-01 19:42:01.869811: Epoch time: 99.17 s
2026-09-01 19:42:02.773665: 
2026-09-01 19:42:02.775159: Epoch 956
2026-09-01 19:42:02.776193: Current learning rate: 0.0006
2026-09-01 19:43:46.430563: train_loss -0.6789
2026-09-01 19:43:46.431920: val_loss -0.7092
2026-09-01 19:43:46.433364: Pseudo dice [np.float32(0.5428)]
2026-09-01 19:43:46.434319: Epoch time: 103.66 s
2026-09-01 19:43:47.349799: 
2026-09-01 19:43:47.351159: Epoch 957
2026-09-01 19:43:47.352053: Current learning rate: 0.00059
2026-09-01 19:45:27.923095: train_loss -0.6639
2026-09-01 19:45:27.930792: val_loss -0.656
2026-09-01 19:45:27.932815: Pseudo dice [np.float32(0.625)]
2026-09-01 19:45:27.933985: Epoch time: 100.58 s
2026-09-01 19:45:29.161648: 
2026-09-01 19:45:29.165446: Epoch 958
2026-09-01 19:45:29.166697: Current learning rate: 0.00058
2026-09-01 19:47:24.280309: train_loss -0.6716
2026-09-01 19:47:24.291016: val_loss -0.6184
2026-09-01 19:47:24.292304: Pseudo dice [np.float32(0.6606)]
2026-09-01 19:47:24.293393: Epoch time: 115.13 s
2026-09-01 19:47:25.593346: 
2026-09-01 19:47:25.596670: Epoch 959
2026-09-01 19:47:25.600066: Current learning rate: 0.00056
2026-09-01 19:49:04.834465: train_loss -0.7004
2026-09-01 19:49:04.835619: val_loss -0.661
2026-09-01 19:49:04.836509: Pseudo dice [np.float32(0.6779)]
2026-09-01 19:49:04.837399: Epoch time: 99.24 s
2026-09-01 19:49:04.838182: Yayy! New best EMA pseudo Dice: 0.6194999814033508
2026-09-01 19:49:07.018103: 
2026-09-01 19:49:07.019370: Epoch 960
2026-09-01 19:49:07.020195: Current learning rate: 0.00055
2026-09-01 19:50:46.173599: train_loss -0.7064
2026-09-01 19:50:46.174959: val_loss -0.6962
2026-09-01 19:50:46.175984: Pseudo dice [np.float32(0.7059)]
2026-09-01 19:50:46.177179: Epoch time: 99.16 s
2026-09-01 19:50:46.178120: Yayy! New best EMA pseudo Dice: 0.6280999779701233
2026-09-01 19:50:48.574767: 
2026-09-01 19:50:48.576056: Epoch 961
2026-09-01 19:50:48.576973: Current learning rate: 0.00054
2026-09-01 19:52:26.481779: train_loss -0.6843
2026-09-01 19:52:26.482926: val_loss -0.6551
2026-09-01 19:52:26.483952: Pseudo dice [np.float32(0.5873)]
2026-09-01 19:52:26.484748: Epoch time: 97.91 s
2026-09-01 19:52:27.383657: 
2026-09-01 19:52:27.384895: Epoch 962
2026-09-01 19:52:27.385934: Current learning rate: 0.00053
2026-09-01 19:54:05.704779: train_loss -0.6711
2026-09-01 19:54:05.706363: val_loss -0.6506
2026-09-01 19:54:05.707423: Pseudo dice [np.float32(0.65)]
2026-09-01 19:54:05.708505: Epoch time: 98.32 s
2026-09-01 19:54:06.607549: 
2026-09-01 19:54:06.608574: Epoch 963
2026-09-01 19:54:06.609409: Current learning rate: 0.00051
2026-09-01 19:55:44.135568: train_loss -0.6913
2026-09-01 19:55:44.136796: val_loss -0.6132
2026-09-01 19:55:44.137856: Pseudo dice [np.float32(0.6344)]
2026-09-01 19:55:44.138792: Epoch time: 97.53 s
2026-09-01 19:55:45.028996: 
2026-09-01 19:55:45.030143: Epoch 964
2026-09-01 19:55:45.030989: Current learning rate: 0.0005
2026-09-01 19:57:24.073767: train_loss -0.7117
2026-09-01 19:57:24.075364: val_loss -0.6805
2026-09-01 19:57:24.076427: Pseudo dice [np.float32(0.728)]
2026-09-01 19:57:24.077434: Epoch time: 99.05 s
2026-09-01 19:57:24.078252: Yayy! New best EMA pseudo Dice: 0.637499988079071
2026-09-01 19:57:26.240768: 
2026-09-01 19:57:26.241826: Epoch 965
2026-09-01 19:57:26.242718: Current learning rate: 0.00049
2026-09-01 19:59:04.989581: train_loss -0.6693
2026-09-01 19:59:04.991108: val_loss -0.6644
2026-09-01 19:59:04.992303: Pseudo dice [np.float32(0.6542)]
2026-09-01 19:59:04.993350: Epoch time: 98.75 s
2026-09-01 19:59:04.994269: Yayy! New best EMA pseudo Dice: 0.6391000151634216
2026-09-01 19:59:07.166726: 
2026-09-01 19:59:07.167749: Epoch 966
2026-09-01 19:59:07.168641: Current learning rate: 0.00048
2026-09-01 20:00:46.766625: train_loss -0.6942
2026-09-01 20:00:46.768523: val_loss -0.6789
2026-09-01 20:00:46.769756: Pseudo dice [np.float32(0.6525)]
2026-09-01 20:00:46.770675: Epoch time: 99.6 s
2026-09-01 20:00:46.771541: Yayy! New best EMA pseudo Dice: 0.640500009059906
2026-09-01 20:00:48.728614: 
2026-09-01 20:00:48.729682: Epoch 967
2026-09-01 20:00:48.730587: Current learning rate: 0.00046
2026-09-01 20:02:27.271627: train_loss -0.6931
2026-09-01 20:02:27.284634: val_loss -0.6745
2026-09-01 20:02:27.285777: Pseudo dice [np.float32(0.726)]
2026-09-01 20:02:27.286859: Epoch time: 98.55 s
2026-09-01 20:02:27.287912: Yayy! New best EMA pseudo Dice: 0.6489999890327454
2026-09-01 20:02:29.491068: 
2026-09-01 20:02:29.492422: Epoch 968
2026-09-01 20:02:29.493270: Current learning rate: 0.00045
2026-09-01 20:04:08.694749: train_loss -0.7244
2026-09-01 20:04:08.695853: val_loss -0.6148
2026-09-01 20:04:08.696973: Pseudo dice [np.float32(0.7386)]
2026-09-01 20:04:08.697789: Epoch time: 99.21 s
2026-09-01 20:04:08.698855: Yayy! New best EMA pseudo Dice: 0.6579999923706055
2026-09-01 20:04:11.115742: 
2026-09-01 20:04:11.116801: Epoch 969
2026-09-01 20:04:11.117645: Current learning rate: 0.00044
2026-09-01 20:05:49.401731: train_loss -0.6992
2026-09-01 20:05:49.402860: val_loss -0.6146
2026-09-01 20:05:49.403976: Pseudo dice [np.float32(0.71)]
2026-09-01 20:05:49.405009: Epoch time: 98.29 s
2026-09-01 20:05:49.405800: Yayy! New best EMA pseudo Dice: 0.6632000207901001
2026-09-01 20:05:51.548378: 
2026-09-01 20:05:51.549654: Epoch 970
2026-09-01 20:05:51.550468: Current learning rate: 0.00043
2026-09-01 20:07:28.935080: train_loss -0.6701
2026-09-01 20:07:28.936563: val_loss -0.6314
2026-09-01 20:07:28.938697: Pseudo dice [np.float32(0.6595)]
2026-09-01 20:07:28.939821: Epoch time: 97.39 s
2026-09-01 20:07:29.842894: 
2026-09-01 20:07:29.844071: Epoch 971
2026-09-01 20:07:29.844878: Current learning rate: 0.00041
2026-09-01 20:09:07.790187: train_loss -0.6912
2026-09-01 20:09:07.791273: val_loss -0.6674
2026-09-01 20:09:07.792324: Pseudo dice [np.float32(0.6812)]
2026-09-01 20:09:07.793243: Epoch time: 97.95 s
2026-09-01 20:09:07.794064: Yayy! New best EMA pseudo Dice: 0.6646999716758728
2026-09-01 20:09:09.965237: 
2026-09-01 20:09:09.966357: Epoch 972
2026-09-01 20:09:09.967186: Current learning rate: 0.0004
2026-09-01 20:10:50.183262: train_loss -0.6754
2026-09-01 20:10:50.185091: val_loss -0.5801
2026-09-01 20:10:50.185981: Pseudo dice [np.float32(0.6373)]
2026-09-01 20:10:50.186875: Epoch time: 100.22 s
2026-09-01 20:10:51.104042: 
2026-09-01 20:10:51.105393: Epoch 973
2026-09-01 20:10:51.106245: Current learning rate: 0.00039
2026-09-01 20:12:29.568556: train_loss -0.7134
2026-09-01 20:12:29.569921: val_loss -0.6348
2026-09-01 20:12:29.570920: Pseudo dice [np.float32(0.6964)]
2026-09-01 20:12:29.571795: Epoch time: 98.47 s
2026-09-01 20:12:29.572621: Yayy! New best EMA pseudo Dice: 0.6654000282287598
2026-09-01 20:12:31.745720: 
2026-09-01 20:12:31.747027: Epoch 974
2026-09-01 20:12:31.747903: Current learning rate: 0.00037
2026-09-01 20:14:09.416579: train_loss -0.7103
2026-09-01 20:14:09.417869: val_loss -0.6454
2026-09-01 20:14:09.419099: Pseudo dice [np.float32(0.5862)]
2026-09-01 20:14:09.420038: Epoch time: 97.67 s
2026-09-01 20:14:10.328326: 
2026-09-01 20:14:10.329750: Epoch 975
2026-09-01 20:14:10.330604: Current learning rate: 0.00036
2026-09-01 20:15:50.087980: train_loss -0.7083
2026-09-01 20:15:50.089097: val_loss -0.6923
2026-09-01 20:15:50.090375: Pseudo dice [np.float32(0.6512)]
2026-09-01 20:15:50.091313: Epoch time: 99.76 s
2026-09-01 20:15:51.092424: 
2026-09-01 20:15:51.093993: Epoch 976
2026-09-01 20:15:51.094846: Current learning rate: 0.00035
2026-09-01 20:17:28.565640: train_loss -0.7031
2026-09-01 20:17:28.566755: val_loss -0.6176
2026-09-01 20:17:28.568002: Pseudo dice [np.float32(0.6451)]
2026-09-01 20:17:28.568921: Epoch time: 97.48 s
2026-09-01 20:17:29.465937: 
2026-09-01 20:17:29.467004: Epoch 977
2026-09-01 20:17:29.467738: Current learning rate: 0.00034
2026-09-01 20:19:07.949962: train_loss -0.7166
2026-09-01 20:19:07.951347: val_loss -0.6568
2026-09-01 20:19:07.952352: Pseudo dice [np.float32(0.6343)]
2026-09-01 20:19:07.953265: Epoch time: 98.49 s
2026-09-01 20:19:09.078259: 
2026-09-01 20:19:09.079496: Epoch 978
2026-09-01 20:19:09.080286: Current learning rate: 0.00032
2026-09-01 20:20:46.778921: train_loss -0.7207
2026-09-01 20:20:46.780384: val_loss -0.6708
2026-09-01 20:20:46.781394: Pseudo dice [np.float32(0.6794)]
2026-09-01 20:20:46.782428: Epoch time: 97.7 s
2026-09-01 20:20:47.683835: 
2026-09-01 20:20:47.685511: Epoch 979
2026-09-01 20:20:47.686381: Current learning rate: 0.00031
2026-09-01 20:22:26.131607: train_loss -0.6892
2026-09-01 20:22:26.132657: val_loss -0.6495
2026-09-01 20:22:26.133524: Pseudo dice [np.float32(0.6676)]
2026-09-01 20:22:26.134402: Epoch time: 98.45 s
2026-09-01 20:22:27.030307: 
2026-09-01 20:22:27.031610: Epoch 980
2026-09-01 20:22:27.032489: Current learning rate: 0.0003
2026-09-01 20:24:06.284128: train_loss -0.6946
2026-09-01 20:24:06.285090: val_loss -0.6235
2026-09-01 20:24:06.286184: Pseudo dice [np.float32(0.722)]
2026-09-01 20:24:06.287178: Epoch time: 99.26 s
2026-09-01 20:24:07.181487: 
2026-09-01 20:24:07.182900: Epoch 981
2026-09-01 20:24:07.183797: Current learning rate: 0.00028
2026-09-01 20:25:47.606355: train_loss -0.7142
2026-09-01 20:25:47.609804: val_loss -0.7134
2026-09-01 20:25:47.612775: Pseudo dice [np.float32(0.6954)]
2026-09-01 20:25:47.613659: Epoch time: 100.43 s
2026-09-01 20:25:47.614457: Yayy! New best EMA pseudo Dice: 0.6668999791145325
2026-09-01 20:25:49.849496: 
2026-09-01 20:25:49.850662: Epoch 982
2026-09-01 20:25:49.851566: Current learning rate: 0.00027
2026-09-01 20:27:29.549853: train_loss -0.6767
2026-09-01 20:27:29.551044: val_loss -0.578
2026-09-01 20:27:29.552199: Pseudo dice [np.float32(0.6346)]
2026-09-01 20:27:29.553084: Epoch time: 99.7 s
2026-09-01 20:27:30.452656: 
2026-09-01 20:27:30.453825: Epoch 983
2026-09-01 20:27:30.454644: Current learning rate: 0.00026
2026-09-01 20:29:11.561998: train_loss -0.6975
2026-09-01 20:29:11.563539: val_loss -0.6956
2026-09-01 20:29:11.564645: Pseudo dice [np.float32(0.7003)]
2026-09-01 20:29:11.565704: Epoch time: 101.11 s
2026-09-01 20:29:11.566582: Yayy! New best EMA pseudo Dice: 0.6672999858856201
2026-09-01 20:29:13.810549: 
2026-09-01 20:29:13.811822: Epoch 984
2026-09-01 20:29:13.812665: Current learning rate: 0.00024
2026-09-01 20:30:52.515985: train_loss -0.717
2026-09-01 20:30:52.517081: val_loss -0.6575
2026-09-01 20:30:52.518025: Pseudo dice [np.float32(0.6881)]
2026-09-01 20:30:52.518912: Epoch time: 98.71 s
2026-09-01 20:30:52.519687: Yayy! New best EMA pseudo Dice: 0.6693999767303467
2026-09-01 20:30:54.952409: 
2026-09-01 20:30:54.953368: Epoch 985
2026-09-01 20:30:54.954268: Current learning rate: 0.00023
2026-09-01 20:32:33.703595: train_loss -0.7024
2026-09-01 20:32:33.708604: val_loss -0.6718
2026-09-01 20:32:33.709561: Pseudo dice [np.float32(0.7193)]
2026-09-01 20:32:33.710571: Epoch time: 98.75 s
2026-09-01 20:32:33.712381: Yayy! New best EMA pseudo Dice: 0.6743999719619751
2026-09-01 20:32:36.613328: 
2026-09-01 20:32:36.614501: Epoch 986
2026-09-01 20:32:36.615436: Current learning rate: 0.00021
2026-09-01 20:34:15.417990: train_loss -0.7085
2026-09-01 20:34:15.419770: val_loss -0.6371
2026-09-01 20:34:15.420761: Pseudo dice [np.float32(0.7046)]
2026-09-01 20:34:15.421813: Epoch time: 98.81 s
2026-09-01 20:34:15.422684: Yayy! New best EMA pseudo Dice: 0.6773999929428101
2026-09-01 20:34:17.342621: 
2026-09-01 20:34:17.343749: Epoch 987
2026-09-01 20:34:17.344580: Current learning rate: 0.0002
2026-09-01 20:35:55.068856: train_loss -0.7259
2026-09-01 20:35:55.070178: val_loss -0.6462
2026-09-01 20:35:55.071168: Pseudo dice [np.float32(0.6716)]
2026-09-01 20:35:55.071972: Epoch time: 97.73 s
2026-09-01 20:35:55.978937: 
2026-09-01 20:35:55.980288: Epoch 988
2026-09-01 20:35:55.981194: Current learning rate: 0.00019
2026-09-01 20:37:33.718295: train_loss -0.6961
2026-09-01 20:37:33.720222: val_loss -0.7004
2026-09-01 20:37:33.721336: Pseudo dice [np.float32(0.7025)]
2026-09-01 20:37:33.722136: Epoch time: 97.74 s
2026-09-01 20:37:33.722967: Yayy! New best EMA pseudo Dice: 0.6794000267982483
2026-09-01 20:37:35.665771: 
2026-09-01 20:37:35.667042: Epoch 989
2026-09-01 20:37:35.668007: Current learning rate: 0.00017
2026-09-01 20:39:14.577217: train_loss -0.714
2026-09-01 20:39:14.579193: val_loss -0.6785
2026-09-01 20:39:14.580155: Pseudo dice [np.float32(0.6969)]
2026-09-01 20:39:14.581024: Epoch time: 98.91 s
2026-09-01 20:39:14.581861: Yayy! New best EMA pseudo Dice: 0.6811000108718872
2026-09-01 20:39:16.796332: 
2026-09-01 20:39:16.797427: Epoch 990
2026-09-01 20:39:16.798357: Current learning rate: 0.00016
2026-09-01 20:40:55.523011: train_loss -0.6911
2026-09-01 20:40:55.525343: val_loss -0.6369
2026-09-01 20:40:55.526352: Pseudo dice [np.float32(0.6985)]
2026-09-01 20:40:55.527336: Epoch time: 98.73 s
2026-09-01 20:40:55.528183: Yayy! New best EMA pseudo Dice: 0.6829000115394592
2026-09-01 20:40:57.715929: 
2026-09-01 20:40:57.717411: Epoch 991
2026-09-01 20:40:57.718473: Current learning rate: 0.00014
2026-09-01 20:42:35.421151: train_loss -0.6865
2026-09-01 20:42:35.423688: val_loss -0.6962
2026-09-01 20:42:35.424878: Pseudo dice [np.float32(0.7449)]
2026-09-01 20:42:35.426000: Epoch time: 97.71 s
2026-09-01 20:42:35.426920: Yayy! New best EMA pseudo Dice: 0.6891000270843506
2026-09-01 20:42:37.350430: 
2026-09-01 20:42:37.351756: Epoch 992
2026-09-01 20:42:37.352712: Current learning rate: 0.00013
2026-09-01 20:44:15.188287: train_loss -0.7036
2026-09-01 20:44:15.189505: val_loss -0.5891
2026-09-01 20:44:15.190565: Pseudo dice [np.float32(0.5951)]
2026-09-01 20:44:15.191405: Epoch time: 97.84 s
2026-09-01 20:44:16.093246: 
2026-09-01 20:44:16.094444: Epoch 993
2026-09-01 20:44:16.095443: Current learning rate: 0.00011
2026-09-01 20:45:59.299644: train_loss -0.6966
2026-09-01 20:45:59.343084: val_loss -0.5959
2026-09-01 20:45:59.344216: Pseudo dice [np.float32(0.6508)]
2026-09-01 20:45:59.345185: Epoch time: 103.21 s
2026-09-01 20:46:00.872548: 
2026-09-01 20:46:00.885334: Epoch 994
2026-09-01 20:46:00.886418: Current learning rate: 0.0001
2026-09-01 20:47:39.594191: train_loss -0.6999
2026-09-01 20:47:39.596519: val_loss -0.6522
2026-09-01 20:47:39.597596: Pseudo dice [np.float32(0.6911)]
2026-09-01 20:47:39.598564: Epoch time: 98.73 s
2026-09-01 20:47:40.537985: 
2026-09-01 20:47:40.539366: Epoch 995
2026-09-01 20:47:40.540290: Current learning rate: 8e-05
2026-09-01 20:49:19.422232: train_loss -0.7095
2026-09-01 20:49:19.423306: val_loss -0.6434
2026-09-01 20:49:19.424176: Pseudo dice [np.float32(0.7128)]
2026-09-01 20:49:19.425174: Epoch time: 98.89 s
2026-09-01 20:49:20.331047: 
2026-09-01 20:49:20.332191: Epoch 996
2026-09-01 20:49:20.332997: Current learning rate: 7e-05
2026-09-01 20:51:00.201026: train_loss -0.7061
2026-09-01 20:51:00.202341: val_loss -0.687
2026-09-01 20:51:00.203438: Pseudo dice [np.float32(0.6084)]
2026-09-01 20:51:00.204403: Epoch time: 99.87 s
2026-09-01 20:51:01.133282: 
2026-09-01 20:51:01.134462: Epoch 997
2026-09-01 20:51:01.135290: Current learning rate: 5e-05
2026-09-01 20:52:40.303071: train_loss -0.6897
2026-09-01 20:52:40.304158: val_loss -0.6934
2026-09-01 20:52:40.305128: Pseudo dice [np.float32(0.7253)]
2026-09-01 20:52:40.306009: Epoch time: 99.17 s
2026-09-01 20:52:41.206997: 
2026-09-01 20:52:41.208075: Epoch 998
2026-09-01 20:52:41.208968: Current learning rate: 4e-05
2026-09-01 20:54:23.142271: train_loss -0.718
2026-09-01 20:54:23.151196: val_loss -0.6892
2026-09-01 20:54:23.152623: Pseudo dice [np.float32(0.7113)]
2026-09-01 20:54:23.153814: Epoch time: 101.93 s
2026-09-01 20:54:24.383274: 
2026-09-01 20:54:24.384958: Epoch 999
2026-09-01 20:54:24.386009: Current learning rate: 2e-05
2026-09-01 20:56:03.624959: train_loss -0.696
2026-09-01 20:56:03.626357: val_loss -0.6908
2026-09-01 20:56:03.627390: Pseudo dice [np.float32(0.6613)]
2026-09-01 20:56:03.628320: Epoch time: 99.24 s
2026-09-01 20:56:15.329652: Training done.
2026-09-01 20:56:15.476219: Using splits from existing split file: /scratch/abdul7/TopAneu/experiments/02_rsna_self_pipeline/nnUNet_preprocessed/Dataset305_TopAneuAneurysmROI/splits_final.json
2026-09-01 20:56:15.496162: The split file contains 5 splits.
2026-09-01 20:56:15.496961: Desired fold for training: 1
2026-09-01 20:56:15.497612: This split has 333 training and 84 validation cases.
2026-09-01 20:56:15.498640: predicting topaneu_center1_mr_017
2026-09-01 20:56:15.628511: topaneu_center1_mr_017, shape torch.Size([2, 128, 241, 256]), rank 0
2026-09-01 20:56:18.971828: predicting topaneu_center1_mr_018
2026-09-01 20:56:19.027241: topaneu_center1_mr_018, shape torch.Size([2, 122, 253, 256]), rank 0
2026-09-01 20:56:19.537010: predicting topaneu_center1_mr_033
2026-09-01 20:56:19.584286: topaneu_center1_mr_033, shape torch.Size([2, 109, 243, 256]), rank 0
2026-09-01 20:56:20.088241: predicting topaneu_center1_mr_056
2026-09-01 20:56:20.144224: topaneu_center1_mr_056, shape torch.Size([2, 128, 249, 256]), rank 0
2026-09-01 20:56:20.650351: predicting topaneu_center1_mr_061
2026-09-01 20:56:20.706346: topaneu_center1_mr_061, shape torch.Size([2, 128, 256, 256]), rank 0
2026-09-01 20:56:21.203777: predicting topaneu_center1_mr_076
2026-09-01 20:56:21.257999: topaneu_center1_mr_076, shape torch.Size([2, 122, 251, 256]), rank 0
2026-09-01 20:56:21.761664: predicting topaneu_center1_mr_150
2026-09-01 20:56:21.810319: topaneu_center1_mr_150, shape torch.Size([2, 118, 256, 256]), rank 0
2026-09-01 20:56:22.312577: predicting topaneu_center1_mr_177
2026-09-01 20:56:22.367364: topaneu_center1_mr_177, shape torch.Size([2, 128, 245, 256]), rank 0
2026-09-01 20:56:22.863370: predicting topaneu_center1_mr_211
2026-09-01 20:56:22.917367: topaneu_center1_mr_211, shape torch.Size([2, 128, 251, 256]), rank 0
2026-09-01 20:56:23.413115: predicting topaneu_center1_mr_221
2026-09-01 20:56:23.466213: topaneu_center1_mr_221, shape torch.Size([2, 122, 256, 256]), rank 0
2026-09-01 21:00:01.283818: predicting topaneu_center1_mr_251
2026-09-01 21:00:01.342829: topaneu_center1_mr_251, shape torch.Size([2, 122, 255, 256]), rank 0
2026-09-01 21:00:01.908572: predicting topaneu_center1_mr_264
2026-09-01 21:00:01.963272: topaneu_center1_mr_264, shape torch.Size([2, 128, 256, 256]), rank 0
2026-09-01 21:00:02.459238: predicting topaneu_center1_mr_282
2026-09-01 21:00:02.516483: topaneu_center1_mr_282, shape torch.Size([2, 128, 249, 256]), rank 0
2026-09-01 21:00:03.026093: predicting topaneu_center1_mr_298
2026-09-01 21:00:03.079781: topaneu_center1_mr_298, shape torch.Size([2, 118, 256, 256]), rank 0
2026-09-01 21:00:03.584080: predicting topaneu_center1_mr_334
2026-09-01 21:00:03.641690: topaneu_center1_mr_334, shape torch.Size([2, 125, 256, 256]), rank 0
2026-09-01 21:00:04.153357: predicting topaneu_center1_mr_350
2026-09-01 21:00:04.203993: topaneu_center1_mr_350, shape torch.Size([2, 118, 241, 256]), rank 0
2026-09-01 21:00:04.708358: predicting topaneu_center1_mr_365
2026-09-01 21:00:04.761621: topaneu_center1_mr_365, shape torch.Size([2, 124, 256, 256]), rank 0
2026-09-01 21:00:05.268457: predicting topaneu_center1_mr_428
2026-09-01 21:00:05.321097: topaneu_center1_mr_428, shape torch.Size([2, 128, 240, 256]), rank 0
2026-09-01 21:00:05.829088: predicting topaneu_center1_mr_439
2026-09-01 21:00:05.884311: topaneu_center1_mr_439, shape torch.Size([2, 128, 256, 256]), rank 0
2026-09-01 21:00:06.380437: predicting topaneu_center1_mr_443
2026-09-01 21:00:06.427726: topaneu_center1_mr_443, shape torch.Size([2, 109, 244, 254]), rank 0
2026-09-01 21:00:06.932720: predicting topaneu_center1_mr_522
2026-09-01 21:00:06.987937: topaneu_center1_mr_522, shape torch.Size([2, 128, 251, 256]), rank 0
2026-09-01 21:00:07.494514: predicting topaneu_center1_mr_525
2026-09-01 21:00:07.546345: topaneu_center1_mr_525, shape torch.Size([2, 123, 239, 256]), rank 0
2026-09-01 21:00:08.052843: predicting topaneu_center1_mr_538
2026-09-01 21:00:08.105114: topaneu_center1_mr_538, shape torch.Size([2, 123, 245, 256]), rank 0
2026-09-01 21:00:08.612662: predicting topaneu_center1_mr_581
2026-09-01 21:00:08.669176: topaneu_center1_mr_581, shape torch.Size([2, 128, 245, 256]), rank 0
2026-09-01 21:00:09.175147: predicting topaneu_center1_mr_585
2026-09-01 21:00:09.227022: topaneu_center1_mr_585, shape torch.Size([2, 128, 237, 256]), rank 0
2026-09-01 21:00:09.733220: predicting topaneu_center1_mr_586
2026-09-01 21:00:09.787284: topaneu_center1_mr_586, shape torch.Size([2, 127, 241, 256]), rank 0
2026-09-01 21:00:10.292815: predicting topaneu_center1_mr_615
2026-09-01 21:00:10.346608: topaneu_center1_mr_615, shape torch.Size([2, 128, 239, 256]), rank 0
2026-09-01 21:00:10.851914: predicting topaneu_center1_mr_697
2026-09-01 21:00:10.905960: topaneu_center1_mr_697, shape torch.Size([2, 126, 245, 256]), rank 0
2026-09-01 21:00:11.412618: predicting topaneu_center1_mr_740
2026-09-01 21:00:11.467777: topaneu_center1_mr_740, shape torch.Size([2, 127, 249, 256]), rank 0
2026-09-01 21:00:11.975016: predicting topaneu_center1_mr_770
2026-09-01 21:00:12.029939: topaneu_center1_mr_770, shape torch.Size([2, 128, 248, 256]), rank 0
2026-09-01 21:00:12.537886: predicting topaneu_center1_mr_788
2026-09-01 21:00:12.592037: topaneu_center1_mr_788, shape torch.Size([2, 121, 249, 256]), rank 0
2026-09-01 21:00:13.099075: predicting topaneu_center1_mr_789
2026-09-01 21:00:13.151152: topaneu_center1_mr_789, shape torch.Size([2, 123, 252, 256]), rank 0
2026-09-01 21:00:13.657033: predicting topaneu_center1_mr_795
2026-09-01 21:00:13.710332: topaneu_center1_mr_795, shape torch.Size([2, 128, 239, 256]), rank 0
2026-09-01 21:00:14.216634: predicting topaneu_center1_mr_800
2026-09-01 21:00:14.272195: topaneu_center1_mr_800, shape torch.Size([2, 128, 256, 256]), rank 0
2026-09-01 21:00:14.767752: predicting topaneu_center1_mr_877
2026-09-01 21:00:14.819554: topaneu_center1_mr_877, shape torch.Size([2, 124, 249, 256]), rank 0
2026-09-01 21:00:15.330505: predicting topaneu_center1_mr_892
2026-09-01 21:00:15.383705: topaneu_center1_mr_892, shape torch.Size([2, 119, 256, 256]), rank 0
2026-09-01 21:00:15.890081: predicting topaneu_center1_mr_902
2026-09-01 21:00:15.946684: topaneu_center1_mr_902, shape torch.Size([2, 128, 251, 256]), rank 0
2026-09-01 21:00:16.454057: predicting topaneu_center1_mr_910
2026-09-01 21:00:16.508038: topaneu_center1_mr_910, shape torch.Size([2, 121, 256, 256]), rank 0
2026-09-01 21:00:17.014243: predicting topaneu_center1_mr_911
2026-09-01 21:00:17.067570: topaneu_center1_mr_911, shape torch.Size([2, 127, 248, 256]), rank 0
2026-09-01 21:00:17.574479: predicting topaneu_center1_mr_921
2026-09-01 21:00:17.628895: topaneu_center1_mr_921, shape torch.Size([2, 128, 238, 256]), rank 0
2026-09-01 21:00:18.134086: predicting topaneu_center1_mr_939
2026-09-01 21:00:18.184652: topaneu_center1_mr_939, shape torch.Size([2, 123, 233, 256]), rank 0
2026-09-01 21:00:18.703351: predicting topaneu_center2_ct_108
2026-09-01 21:00:18.757979: topaneu_center2_ct_108, shape torch.Size([2, 121, 256, 256]), rank 0
2026-09-01 21:00:19.264207: predicting topaneu_center2_ct_112
2026-09-01 21:00:19.314473: topaneu_center2_ct_112, shape torch.Size([2, 114, 256, 256]), rank 0
2026-09-01 21:00:19.820175: predicting topaneu_center2_ct_118
2026-09-01 21:00:19.876349: topaneu_center2_ct_118, shape torch.Size([2, 128, 256, 256]), rank 0
2026-09-01 21:00:20.372877: predicting topaneu_center2_ct_119
2026-09-01 21:00:20.424377: topaneu_center2_ct_119, shape torch.Size([2, 128, 256, 256]), rank 0
2026-09-01 21:00:20.919608: predicting topaneu_center2_ct_125
2026-09-01 21:00:20.972796: topaneu_center2_ct_125, shape torch.Size([2, 118, 256, 256]), rank 0
2026-09-01 21:00:21.479086: predicting topaneu_center2_ct_130
2026-09-01 21:00:21.536407: topaneu_center2_ct_130, shape torch.Size([2, 128, 256, 256]), rank 0
2026-09-01 21:00:22.033399: predicting topaneu_center2_ct_137
2026-09-01 21:00:22.091141: topaneu_center2_ct_137, shape torch.Size([2, 128, 256, 256]), rank 0
2026-09-01 21:00:22.587163: predicting topaneu_center2_ct_150
2026-09-01 21:00:22.638263: topaneu_center2_ct_150, shape torch.Size([2, 128, 256, 256]), rank 0
2026-09-01 21:00:23.134472: predicting topaneu_center2_ct_184
2026-09-01 21:00:23.189580: topaneu_center2_ct_184, shape torch.Size([2, 128, 256, 256]), rank 0
2026-09-01 21:00:23.685726: predicting topaneu_center2_ct_197
2026-09-01 21:00:23.729123: topaneu_center2_ct_197, shape torch.Size([2, 117, 256, 256]), rank 0
2026-09-01 21:00:24.236952: predicting topaneu_center2_mr_010
2026-09-01 21:00:24.281131: topaneu_center2_mr_010, shape torch.Size([2, 96, 249, 256]), rank 0
2026-09-01 21:00:24.784211: predicting topaneu_center2_mr_018
2026-09-01 21:00:24.842285: topaneu_center2_mr_018, shape torch.Size([2, 127, 256, 256]), rank 0
2026-09-01 21:00:25.348823: predicting topaneu_center2_mr_049
2026-09-01 21:00:25.399717: topaneu_center2_mr_049, shape torch.Size([2, 115, 243, 256]), rank 0
2026-09-01 21:00:25.904709: predicting topaneu_center2_mr_077
2026-09-01 21:00:25.962211: topaneu_center2_mr_077, shape torch.Size([2, 128, 253, 256]), rank 0
2026-09-01 21:00:26.468736: predicting topaneu_center2_mr_079
2026-09-01 21:00:26.521471: topaneu_center2_mr_079, shape torch.Size([2, 119, 251, 256]), rank 0
2026-09-01 21:00:27.027392: predicting topaneu_center4_ct_008_1
2026-09-01 21:00:27.084625: topaneu_center4_ct_008_1, shape torch.Size([2, 128, 256, 256]), rank 0
2026-09-01 21:00:27.581909: predicting topaneu_center4_ct_008_2
2026-09-01 21:00:27.639398: topaneu_center4_ct_008_2, shape torch.Size([2, 128, 256, 256]), rank 0
2026-09-01 21:00:28.134912: predicting topaneu_center4_ct_012
2026-09-01 21:00:28.185759: topaneu_center4_ct_012, shape torch.Size([2, 125, 256, 256]), rank 0
2026-09-01 21:00:28.692685: predicting topaneu_center4_ct_041
2026-09-01 21:00:28.744503: topaneu_center4_ct_041, shape torch.Size([2, 128, 256, 256]), rank 0
2026-09-01 21:00:29.244125: predicting topaneu_center4_ct_042_2
2026-09-01 21:00:29.296457: topaneu_center4_ct_042_2, shape torch.Size([2, 128, 256, 256]), rank 0
2026-09-01 21:00:29.792274: predicting topaneu_center4_ct_051_1
2026-09-01 21:00:29.847022: topaneu_center4_ct_051_1, shape torch.Size([2, 126, 256, 256]), rank 0
2026-09-01 21:00:30.354117: predicting topaneu_center4_ct_059
2026-09-01 21:00:30.405992: topaneu_center4_ct_059, shape torch.Size([2, 128, 256, 256]), rank 0
2026-09-01 21:00:30.902383: predicting topaneu_center4_ct_074
2026-09-01 21:00:30.953822: topaneu_center4_ct_074, shape torch.Size([2, 128, 256, 256]), rank 0
2026-09-01 21:00:31.449342: predicting topaneu_center4_ct_093
2026-09-01 21:00:31.507030: topaneu_center4_ct_093, shape torch.Size([2, 128, 256, 256]), rank 0
2026-09-01 21:00:32.002514: predicting topaneu_center4_ct_097
2026-09-01 21:00:32.055338: topaneu_center4_ct_097, shape torch.Size([2, 126, 256, 256]), rank 0
2026-09-01 21:00:32.564582: predicting topaneu_center4_ct_101
2026-09-01 21:00:32.615558: topaneu_center4_ct_101, shape torch.Size([2, 125, 256, 256]), rank 0
2026-09-01 21:00:33.122494: predicting topaneu_center4_ct_103
2026-09-01 21:00:33.179879: topaneu_center4_ct_103, shape torch.Size([2, 128, 256, 256]), rank 0
2026-09-01 21:00:33.675400: predicting topaneu_center4_ct_140
2026-09-01 21:00:33.729889: topaneu_center4_ct_140, shape torch.Size([2, 125, 256, 256]), rank 0
2026-09-01 21:00:34.238976: predicting topaneu_center5_mr_011
2026-09-01 21:00:34.309201: topaneu_center5_mr_011, shape torch.Size([2, 101, 256, 256]), rank 0
2026-09-01 21:00:34.812371: predicting topaneu_center5_mr_022
2026-09-01 21:00:34.881647: topaneu_center5_mr_022, shape torch.Size([2, 101, 252, 256]), rank 0
2026-09-01 21:00:35.386669: predicting topaneu_center5_mr_068
2026-09-01 21:00:35.419538: topaneu_center5_mr_068, shape torch.Size([2, 75, 256, 234]), rank 0
2026-09-01 21:00:35.918692: predicting topaneu_center5_mr_079
2026-09-01 21:00:35.953046: topaneu_center5_mr_079, shape torch.Size([2, 75, 256, 236]), rank 0
2026-09-01 21:00:36.451065: predicting topaneu_center5_mr_082
2026-09-01 21:00:36.484100: topaneu_center5_mr_082, shape torch.Size([2, 75, 256, 256]), rank 0
2026-09-01 21:00:36.984912: predicting topaneu_center5_mr_457
2026-09-01 21:00:37.032888: topaneu_center5_mr_457, shape torch.Size([2, 105, 256, 256]), rank 0
2026-09-01 21:00:37.536619: predicting topaneu_center5_mr_459
2026-09-01 21:00:37.586127: topaneu_center5_mr_459, shape torch.Size([2, 108, 256, 256]), rank 0
2026-09-01 21:00:38.091973: predicting topaneu_center5_mr_469
2026-09-01 21:00:38.139865: topaneu_center5_mr_469, shape torch.Size([2, 105, 256, 256]), rank 0
2026-09-01 21:00:38.645544: predicting topaneu_center5_mr_474
2026-09-01 21:00:38.702178: topaneu_center5_mr_474, shape torch.Size([2, 123, 256, 256]), rank 0
2026-09-01 21:00:39.207780: predicting topaneu_center5_mr_475
2026-09-01 21:00:39.255497: topaneu_center5_mr_475, shape torch.Size([2, 105, 256, 256]), rank 0
2026-09-01 21:00:39.759712: predicting topaneu_center5_mr_476
2026-09-01 21:00:39.814408: topaneu_center5_mr_476, shape torch.Size([2, 124, 247, 256]), rank 0
2026-09-01 21:00:40.319783: predicting topaneu_center5_mr_479
2026-09-01 21:00:40.373852: topaneu_center5_mr_479, shape torch.Size([2, 126, 249, 256]), rank 0
2026-09-01 21:00:40.880652: predicting topaneu_center5_mr_481
2026-09-01 21:00:40.933661: topaneu_center5_mr_481, shape torch.Size([2, 120, 247, 256]), rank 0
2026-09-01 21:00:41.440185: predicting topaneu_center5_mr_489
2026-09-01 21:00:41.494676: topaneu_center5_mr_489, shape torch.Size([2, 126, 256, 256]), rank 0
2026-09-01 21:00:42.002776: predicting topaneu_center5_mr_491
2026-09-01 21:00:42.055691: topaneu_center5_mr_491, shape torch.Size([2, 117, 244, 256]), rank 0
2026-09-01 21:00:50.142657: Validation complete
2026-09-01 21:00:50.143664: Mean Validation Dice:  0.4416742517632917
============================================================
TopAneu ROI aneurysm segmentation fold 1 COMPLETE
End: Tue Sep  1 21:00:55 EDT 2026
============================================================
