============================================================
TopAneu Task 2 (v3): ROI-cropped, vessel-conditioned aneurysm seg training
2-channel input (raw image + Model-2 vessel mask), cropped to the same
128x256x256 box final_roi.py uses for the classifier.
Job ID:       2171738
Array ID:     2
Node:         ng10704
Start:        Mon Aug 31 16:30:49 EDT 2026
============================================================
==============================================
TopAneu RSNA Pipeline Environment
==============================================
TOPANEU_ROOT        = /home/abdul7/projects/def-punithak/abdul7/TopAneu
EXP_ROOT            = /home/abdul7/projects/def-punithak/abdul7/TopAneu/experiments/02_rsna_self_pipeline
CODE_ROOT           = /home/abdul7/projects/def-punithak/abdul7/TopAneu/experiments/02_rsna_self_pipeline/code
TOPANEU_DATA        = /home/abdul7/projects/def-punithak/abdul7/TopAneu/data

SCRATCH_ROOT        = /scratch/abdul7/TopAneu/experiments/02_rsna_self_pipeline
nnUNet_raw          = /scratch/abdul7/TopAneu/experiments/02_rsna_self_pipeline/nnUNet_raw
nnUNet_preprocessed = /scratch/abdul7/TopAneu/experiments/02_rsna_self_pipeline/nnUNet_preprocessed
nnUNet_results      = /scratch/abdul7/TopAneu/experiments/02_rsna_self_pipeline/nnUNet_results
LOG_ROOT            = /home/abdul7/projects/def-punithak/abdul7/TopAneu/experiments/02_rsna_self_pipeline/logs

Python:
/home/abdul7/projects/def-punithak/abdul7/TopAneu/venv/bin/python

nnUNet:
/home/abdul7/projects/def-punithak/abdul7/TopAneu/venv/bin/nnUNetv2_train

Scratch:
Filesystem                                   Size  Used Avail Use% Mounted on
10.82.48.7@o2ib1:10.82.48.8@o2ib1:/lustre07   19T  491G   19T   3% /scratch
==============================================
Dataset:      Dataset305_TopAneuAneurysmROI (binary, 2-channel)
Fold:         2
Trainer:      RSNA2025Trainer_moreDAv6_1_SkeletonRecallTverskyBeta07
CPUs:         8
Memory:       131072 MB
============================================================
GPU information:
Mon Aug 31 16:30:50 2026       
+-----------------------------------------------------------------------------------------+
| NVIDIA-SMI 580.159.04             Driver Version: 580.159.04     CUDA Version: 13.0     |
+-----------------------------------------+------------------------+----------------------+
| GPU  Name                 Persistence-M | Bus-Id          Disp.A | Volatile Uncorr. ECC |
| Fan  Temp   Perf          Pwr:Usage/Cap |           Memory-Usage | GPU-Util  Compute M. |
|                                         |                        |               MIG M. |
|=========================================+========================+======================|
|   0  NVIDIA A100-SXM4-40GB          Off |   00000000:81:00.0 Off |                    0 |
| N/A   33C    P0             56W /  400W |       0MiB /  40960MiB |      0%      Default |
|                                         |                        |             Disabled |
+-----------------------------------------+------------------------+----------------------+

+-----------------------------------------------------------------------------------------+
| Processes:                                                                              |
|  GPU   GI   CI              PID   Type   Process name                        GPU Memory |
|        ID   ID                                                               Usage      |
|=========================================================================================|
|  No running processes found                                                             |
+-----------------------------------------------------------------------------------------+
============================================================
Starting nnU-Net training (5-fold CV, binary aneurysm/background;
per-location assignment is handled downstream by job 7's classifier)
============================================================
Using device: cuda:0

#######################################################################
Please cite the following paper when using nnU-Net:
Isensee, F., Jaeger, P. F., Kohl, S. A., Petersen, J., & Maier-Hein, K. H. (2021). nnU-Net: a self-configuring method for deep learning-based biomedical image segmentation. Nature methods, 18(2), 203-211.
#######################################################################

2026-08-31 16:35:24.246681: do_dummy_2d_data_aug: False
2026-08-31 16:35:24.273372: Using splits from existing split file: /scratch/abdul7/TopAneu/experiments/02_rsna_self_pipeline/nnUNet_preprocessed/Dataset305_TopAneuAneurysmROI/splits_final.json
2026-08-31 16:35:24.295856: The split file contains 5 splits.
2026-08-31 16:35:24.296968: Desired fold for training: 2
2026-08-31 16:35:24.297634: This split has 334 training and 83 validation cases.
using pin_memory on device 0
using pin_memory on device 0

This is the configuration used by this training:
Configuration name: 3d_fullres
 {'data_identifier': 'nnUNetPlans_3d_fullres', 'preprocessor_name': 'DefaultPreprocessor', 'batch_size': 1, 'patch_size': [128, 256, 256], 'median_image_size_in_voxels': [124.0, 255.0, 256.0], 'spacing': [0.8, 0.45, 0.44], 'normalization_schemes': ['ZScoreNormalization', 'ZScoreNormalization'], 'use_mask_for_norm': [False, False], 'resampling_fn_data': 'resample_data_or_seg_to_shape', 'resampling_fn_seg': 'resample_data_or_seg_to_shape', 'resampling_fn_data_kwargs': {'is_seg': False, 'order': 3, 'order_z': 0, 'force_separate_z': None}, 'resampling_fn_seg_kwargs': {'is_seg': True, 'order': 1, 'order_z': 0, 'force_separate_z': None}, 'resampling_fn_probabilities': 'resample_data_or_seg_to_shape', 'resampling_fn_probabilities_kwargs': {'is_seg': False, 'order': 1, 'order_z': 0, 'force_separate_z': None}, 'architecture': {'network_class_name': 'dynamic_network_architectures.architectures.unet.ResidualEncoderUNet', 'arch_kwargs': {'n_stages': 6, 'features_per_stage': [32, 64, 128, 256, 320, 320], 'conv_op': 'torch.nn.modules.conv.Conv3d', 'kernel_sizes': [[3, 3, 3], [3, 3, 3], [3, 3, 3], [3, 3, 3], [3, 3, 3], [3, 3, 3]], 'strides': [[1, 1, 1], [2, 2, 2], [2, 2, 2], [2, 2, 2], [2, 2, 2], [1, 2, 2]], 'n_blocks_per_stage': [1, 3, 4, 6, 6, 6], 'n_conv_per_stage_decoder': [1, 1, 1, 1, 1], 'conv_bias': True, 'norm_op': 'torch.nn.modules.instancenorm.InstanceNorm3d', 'norm_op_kwargs': {'eps': 1e-05, 'affine': True}, 'dropout_op': None, 'dropout_op_kwargs': None, 'nonlin': 'torch.nn.LeakyReLU', 'nonlin_kwargs': {'inplace': True}}, '_kw_requires_import': ['conv_op', 'norm_op', 'dropout_op', 'nonlin']}, 'batch_dice': False} 

These are the global plan.json settings:
 {'dataset_name': 'Dataset305_TopAneuAneurysmROI', 'plans_name': 'nnUNetResEncUNetMPlans', 'original_median_spacing_after_transp': [0.800000011920929, 0.44999998807907104, 0.4399999976158142], 'original_median_shape_after_transp': [124, 255, 256], 'image_reader_writer': 'SimpleITKIO', 'transpose_forward': [0, 1, 2], 'transpose_backward': [0, 1, 2], 'experiment_planner_used': 'nnUNetPlannerResEncM', 'label_manager': 'LabelManager', 'foreground_intensity_properties_per_channel': {'0': {'max': 4155.77001953125, 'mean': 470.3991138618101, 'median': 292.0281066894531, 'min': -386.4390563964844, 'percentile_00_5': 46.90664291381836, 'percentile_99_5': 2604.7490234375, 'std': 519.2215429488149}, '1': {'max': 1.0, 'mean': 0.7333612123903916, 'median': 1.0, 'min': 0.0, 'percentile_00_5': 0.0, 'percentile_99_5': 1.0, 'std': 0.44220192734958375}}} 

2026-08-31 16:35:30.690308: Unable to plot network architecture:
2026-08-31 16:35:30.691481: No module named 'hiddenlayer'
2026-08-31 16:35:30.924756: 
2026-08-31 16:35:30.929373: Epoch 0
2026-08-31 16:35:30.930588: Current learning rate: 0.01
2026-08-31 16:47:58.966702: train_loss -0.375
2026-08-31 16:47:58.967728: val_loss -0.4455
2026-08-31 16:47:58.968670: Pseudo dice [np.float32(0.0091)]
2026-08-31 16:47:58.969565: Epoch time: 748.04 s
2026-08-31 16:47:58.970241: Yayy! New best EMA pseudo Dice: 0.009100000374019146
2026-08-31 16:48:01.369848: 
2026-08-31 16:48:01.371089: Epoch 1
2026-08-31 16:48:01.371859: Current learning rate: 0.00999
2026-08-31 16:54:54.204964: train_loss -0.451
2026-08-31 16:54:54.206297: val_loss -0.4692
2026-08-31 16:54:54.207153: Pseudo dice [np.float32(0.0051)]
2026-08-31 16:54:54.207921: Epoch time: 412.84 s
2026-08-31 16:54:55.037583: 
2026-08-31 16:54:55.038696: Epoch 2
2026-08-31 16:54:55.039432: Current learning rate: 0.00998
2026-08-31 17:02:07.748730: train_loss -0.4565
2026-08-31 17:02:07.750023: val_loss -0.4771
2026-08-31 17:02:07.751118: Pseudo dice [np.float32(0.0072)]
2026-08-31 17:02:07.751887: Epoch time: 432.71 s
2026-08-31 17:02:08.702263: 
2026-08-31 17:02:08.703489: Epoch 3
2026-08-31 17:02:08.704314: Current learning rate: 0.00997
2026-08-31 17:06:43.929896: train_loss -0.4535
2026-08-31 17:06:43.930689: val_loss -0.4791
2026-08-31 17:06:43.931509: Pseudo dice [np.float32(0.0078)]
2026-08-31 17:06:43.932224: Epoch time: 275.23 s
2026-08-31 17:06:44.759499: 
2026-08-31 17:06:44.760455: Epoch 4
2026-08-31 17:06:44.761173: Current learning rate: 0.00996
2026-08-31 17:09:50.125144: train_loss -0.4571
2026-08-31 17:09:50.126561: val_loss -0.4602
2026-08-31 17:09:50.127493: Pseudo dice [np.float32(0.0038)]
2026-08-31 17:09:50.128363: Epoch time: 185.37 s
2026-08-31 17:09:51.898787: 
2026-08-31 17:09:51.901575: Epoch 5
2026-08-31 17:09:51.905602: Current learning rate: 0.00995
2026-08-31 17:13:56.887548: train_loss -0.4846
2026-08-31 17:13:56.888617: val_loss -0.4818
2026-08-31 17:13:56.889601: Pseudo dice [np.float32(0.016)]
2026-08-31 17:13:56.890419: Epoch time: 244.99 s
2026-08-31 17:13:57.717947: 
2026-08-31 17:13:57.719391: Epoch 6
2026-08-31 17:13:57.720213: Current learning rate: 0.00995
2026-08-31 17:15:37.620136: train_loss -0.4476
2026-08-31 17:15:37.621130: val_loss -0.4953
2026-08-31 17:15:37.621991: Pseudo dice [np.float32(0.0181)]
2026-08-31 17:15:37.622773: Epoch time: 99.91 s
2026-08-31 17:15:37.623544: Yayy! New best EMA pseudo Dice: 0.009700000286102295
2026-08-31 17:15:39.699722: 
2026-08-31 17:15:39.700831: Epoch 7
2026-08-31 17:15:39.701570: Current learning rate: 0.00994
2026-08-31 17:18:37.558149: train_loss -0.46
2026-08-31 17:18:37.559204: val_loss -0.479
2026-08-31 17:18:37.560094: Pseudo dice [np.float32(0.0049)]
2026-08-31 17:18:37.560854: Epoch time: 177.86 s
2026-08-31 17:18:38.465100: 
2026-08-31 17:18:38.466280: Epoch 8
2026-08-31 17:18:38.467052: Current learning rate: 0.00993
2026-08-31 17:21:54.185617: train_loss -0.4537
2026-08-31 17:21:54.187222: val_loss -0.4719
2026-08-31 17:21:54.188323: Pseudo dice [np.float32(0.0093)]
2026-08-31 17:21:54.189156: Epoch time: 195.72 s
2026-08-31 17:21:55.043494: 
2026-08-31 17:21:55.044487: Epoch 9
2026-08-31 17:21:55.045179: Current learning rate: 0.00992
2026-08-31 17:25:36.810775: train_loss -0.4461
2026-08-31 17:25:36.814571: val_loss -0.4863
2026-08-31 17:25:36.815564: Pseudo dice [np.float32(0.0104)]
2026-08-31 17:25:36.816242: Epoch time: 221.77 s
2026-08-31 17:25:37.711217: 
2026-08-31 17:25:37.712195: Epoch 10
2026-08-31 17:25:37.712995: Current learning rate: 0.00991
2026-08-31 17:30:02.953566: train_loss -0.4659
2026-08-31 17:30:02.954818: val_loss -0.4737
2026-08-31 17:30:02.955702: Pseudo dice [np.float32(0.0043)]
2026-08-31 17:30:02.956408: Epoch time: 265.24 s
2026-08-31 17:30:04.160834: 
2026-08-31 17:30:04.162192: Epoch 11
2026-08-31 17:30:04.163087: Current learning rate: 0.0099
2026-08-31 17:32:25.396970: train_loss -0.4626
2026-08-31 17:32:25.397935: val_loss -0.5031
2026-08-31 17:32:25.398727: Pseudo dice [np.float32(0.018)]
2026-08-31 17:32:25.399398: Epoch time: 141.24 s
2026-08-31 17:32:25.400099: Yayy! New best EMA pseudo Dice: 0.009800000116229057
2026-08-31 17:32:27.217700: 
2026-08-31 17:32:27.218817: Epoch 12
2026-08-31 17:32:27.219455: Current learning rate: 0.00989
2026-08-31 17:34:31.175383: train_loss -0.4712
2026-08-31 17:34:31.176640: val_loss -0.4805
2026-08-31 17:34:31.177398: Pseudo dice [np.float32(0.0075)]
2026-08-31 17:34:31.178140: Epoch time: 123.96 s
2026-08-31 17:34:32.026909: 
2026-08-31 17:34:32.028112: Epoch 13
2026-08-31 17:34:32.028862: Current learning rate: 0.00988
2026-08-31 17:36:16.110368: train_loss -0.4606
2026-08-31 17:36:16.112117: val_loss -0.5011
2026-08-31 17:36:16.112941: Pseudo dice [np.float32(0.0052)]
2026-08-31 17:36:16.113699: Epoch time: 104.09 s
2026-08-31 17:36:16.979458: 
2026-08-31 17:36:16.980464: Epoch 14
2026-08-31 17:36:16.981108: Current learning rate: 0.00987
2026-08-31 17:38:30.718890: train_loss -0.4653
2026-08-31 17:38:30.720056: val_loss -0.4951
2026-08-31 17:38:30.721015: Pseudo dice [np.float32(0.0028)]
2026-08-31 17:38:30.721674: Epoch time: 133.74 s
2026-08-31 17:38:31.584209: 
2026-08-31 17:38:31.585635: Epoch 15
2026-08-31 17:38:31.586342: Current learning rate: 0.00986
2026-08-31 17:40:27.444104: train_loss -0.4638
2026-08-31 17:40:27.445450: val_loss -0.4772
2026-08-31 17:40:27.446417: Pseudo dice [np.float32(0.003)]
2026-08-31 17:40:27.447163: Epoch time: 115.86 s
2026-08-31 17:40:28.359941: 
2026-08-31 17:40:28.361174: Epoch 16
2026-08-31 17:40:28.361915: Current learning rate: 0.00986
2026-08-31 17:42:09.782750: train_loss -0.4806
2026-08-31 17:42:09.785085: val_loss -0.4849
2026-08-31 17:42:09.788246: Pseudo dice [np.float32(0.0129)]
2026-08-31 17:42:09.794215: Epoch time: 101.43 s
2026-08-31 17:42:10.919862: 
2026-08-31 17:42:10.921139: Epoch 17
2026-08-31 17:42:10.921847: Current learning rate: 0.00985
2026-08-31 17:43:52.465530: train_loss -0.465
2026-08-31 17:43:52.466587: val_loss -0.4959
2026-08-31 17:43:52.467757: Pseudo dice [np.float32(0.0081)]
2026-08-31 17:43:52.468631: Epoch time: 101.55 s
2026-08-31 17:43:53.407177: 
2026-08-31 17:43:53.408543: Epoch 18
2026-08-31 17:43:53.409303: Current learning rate: 0.00984
2026-08-31 17:45:33.261938: train_loss -0.4635
2026-08-31 17:45:33.262944: val_loss -0.4749
2026-08-31 17:45:33.263696: Pseudo dice [np.float32(0.016)]
2026-08-31 17:45:33.264464: Epoch time: 99.86 s
2026-08-31 17:45:34.130423: 
2026-08-31 17:45:34.131593: Epoch 19
2026-08-31 17:45:34.132293: Current learning rate: 0.00983
2026-08-31 17:47:14.195818: train_loss -0.4692
2026-08-31 17:47:14.228526: val_loss -0.4981
2026-08-31 17:47:14.229483: Pseudo dice [np.float32(0.0206)]
2026-08-31 17:47:14.230418: Epoch time: 100.07 s
2026-08-31 17:47:14.231272: Yayy! New best EMA pseudo Dice: 0.010300000198185444
2026-08-31 17:47:17.461194: 
2026-08-31 17:47:17.462427: Epoch 20
2026-08-31 17:47:17.463165: Current learning rate: 0.00982
2026-08-31 17:48:57.442109: train_loss -0.4763
2026-08-31 17:48:57.443156: val_loss -0.4806
2026-08-31 17:48:57.444292: Pseudo dice [np.float32(0.0058)]
2026-08-31 17:48:57.445272: Epoch time: 99.98 s
2026-08-31 17:48:59.108459: 
2026-08-31 17:48:59.109396: Epoch 21
2026-08-31 17:48:59.110118: Current learning rate: 0.00981
2026-08-31 17:50:44.626480: train_loss -0.4703
2026-08-31 17:50:44.633165: val_loss -0.4978
2026-08-31 17:50:44.635315: Pseudo dice [np.float32(0.0065)]
2026-08-31 17:50:44.637547: Epoch time: 105.52 s
2026-08-31 17:50:46.358109: 
2026-08-31 17:50:46.368774: Epoch 22
2026-08-31 17:50:46.369717: Current learning rate: 0.0098
2026-08-31 17:52:27.762163: train_loss -0.4758
2026-08-31 17:52:27.763461: val_loss -0.4923
2026-08-31 17:52:27.766631: Pseudo dice [np.float32(0.0176)]
2026-08-31 17:52:27.767552: Epoch time: 101.41 s
2026-08-31 17:52:27.768293: Yayy! New best EMA pseudo Dice: 0.010300000198185444
2026-08-31 17:52:29.879608: 
2026-08-31 17:52:29.880963: Epoch 23
2026-08-31 17:52:29.881632: Current learning rate: 0.00979
2026-08-31 17:54:10.527241: train_loss -0.4799
2026-08-31 17:54:10.528651: val_loss -0.5067
2026-08-31 17:54:10.529613: Pseudo dice [np.float32(0.0201)]
2026-08-31 17:54:10.530629: Epoch time: 100.65 s
2026-08-31 17:54:10.531470: Yayy! New best EMA pseudo Dice: 0.011300000362098217
2026-08-31 17:54:14.654193: 
2026-08-31 17:54:14.655340: Epoch 24
2026-08-31 17:54:14.656211: Current learning rate: 0.00978
2026-08-31 17:55:54.334884: train_loss -0.4892
2026-08-31 17:55:54.338174: val_loss -0.5055
2026-08-31 17:55:54.339739: Pseudo dice [np.float32(0.013)]
2026-08-31 17:55:54.340835: Epoch time: 99.68 s
2026-08-31 17:55:54.342942: Yayy! New best EMA pseudo Dice: 0.011500000022351742
2026-08-31 17:55:56.425247: 
2026-08-31 17:55:56.426458: Epoch 25
2026-08-31 17:55:56.427204: Current learning rate: 0.00977
2026-08-31 17:57:34.987157: train_loss -0.4869
2026-08-31 17:57:34.988008: val_loss -0.4988
2026-08-31 17:57:34.988713: Pseudo dice [np.float32(0.0203)]
2026-08-31 17:57:34.989700: Epoch time: 98.56 s
2026-08-31 17:57:34.990484: Yayy! New best EMA pseudo Dice: 0.012400000356137753
2026-08-31 17:57:37.174626: 
2026-08-31 17:57:37.175852: Epoch 26
2026-08-31 17:57:37.176805: Current learning rate: 0.00977
2026-08-31 17:59:17.546008: train_loss -0.4824
2026-08-31 17:59:17.547241: val_loss -0.4954
2026-08-31 17:59:17.548309: Pseudo dice [np.float32(0.0194)]
2026-08-31 17:59:17.549030: Epoch time: 100.37 s
2026-08-31 17:59:17.549845: Yayy! New best EMA pseudo Dice: 0.013100000098347664
2026-08-31 17:59:19.624509: 
2026-08-31 17:59:19.625800: Epoch 27
2026-08-31 17:59:19.626548: Current learning rate: 0.00976
2026-08-31 18:01:01.710788: train_loss -0.4893
2026-08-31 18:01:01.715299: val_loss -0.4895
2026-08-31 18:01:01.717696: Pseudo dice [np.float32(0.0064)]
2026-08-31 18:01:01.718562: Epoch time: 102.09 s
2026-08-31 18:01:02.778462: 
2026-08-31 18:01:02.779815: Epoch 28
2026-08-31 18:01:02.780776: Current learning rate: 0.00975
2026-08-31 18:02:43.303662: train_loss -0.4765
2026-08-31 18:02:43.304528: val_loss -0.5043
2026-08-31 18:02:43.305458: Pseudo dice [np.float32(0.013)]
2026-08-31 18:02:43.306169: Epoch time: 100.53 s
2026-08-31 18:02:44.168617: 
2026-08-31 18:02:44.169859: Epoch 29
2026-08-31 18:02:44.170573: Current learning rate: 0.00974
2026-08-31 18:04:23.354087: train_loss -0.4773
2026-08-31 18:04:23.355381: val_loss -0.4858
2026-08-31 18:04:23.356925: Pseudo dice [np.float32(0.0081)]
2026-08-31 18:04:23.360734: Epoch time: 99.19 s
2026-08-31 18:04:24.590137: 
2026-08-31 18:04:24.591498: Epoch 30
2026-08-31 18:04:24.592419: Current learning rate: 0.00973
2026-08-31 18:06:02.941091: train_loss -0.4757
2026-08-31 18:06:02.941981: val_loss -0.499
2026-08-31 18:06:02.942796: Pseudo dice [np.float32(0.014)]
2026-08-31 18:06:02.943475: Epoch time: 98.35 s
2026-08-31 18:06:03.798940: 
2026-08-31 18:06:03.800001: Epoch 31
2026-08-31 18:06:03.800738: Current learning rate: 0.00972
2026-08-31 18:07:43.926047: train_loss -0.4839
2026-08-31 18:07:43.927120: val_loss -0.5027
2026-08-31 18:07:43.928048: Pseudo dice [np.float32(0.0223)]
2026-08-31 18:07:43.929090: Epoch time: 100.13 s
2026-08-31 18:07:43.929927: Yayy! New best EMA pseudo Dice: 0.013199999928474426
2026-08-31 18:07:46.343711: 
2026-08-31 18:07:46.345094: Epoch 32
2026-08-31 18:07:46.345845: Current learning rate: 0.00971
2026-08-31 18:09:26.627314: train_loss -0.4711
2026-08-31 18:09:26.628525: val_loss -0.4646
2026-08-31 18:09:26.629351: Pseudo dice [np.float32(0.0074)]
2026-08-31 18:09:26.630085: Epoch time: 100.29 s
2026-08-31 18:09:27.509100: 
2026-08-31 18:09:27.510168: Epoch 33
2026-08-31 18:09:27.511028: Current learning rate: 0.0097
2026-08-31 18:11:33.480799: train_loss -0.471
2026-08-31 18:11:33.481991: val_loss -0.4871
2026-08-31 18:11:33.483071: Pseudo dice [np.float32(0.0067)]
2026-08-31 18:11:33.484105: Epoch time: 125.97 s
2026-08-31 18:11:34.361387: 
2026-08-31 18:11:34.362624: Epoch 34
2026-08-31 18:11:34.363383: Current learning rate: 0.00969
2026-08-31 18:13:12.436799: train_loss -0.4689
2026-08-31 18:13:12.437988: val_loss -0.4511
2026-08-31 18:13:12.438886: Pseudo dice [np.float32(0.0053)]
2026-08-31 18:13:12.439693: Epoch time: 98.08 s
2026-08-31 18:13:13.315424: 
2026-08-31 18:13:13.316645: Epoch 35
2026-08-31 18:13:13.317394: Current learning rate: 0.00968
2026-08-31 18:14:54.418318: train_loss -0.4728
2026-08-31 18:14:54.419330: val_loss -0.5107
2026-08-31 18:14:54.420277: Pseudo dice [np.float32(0.0181)]
2026-08-31 18:14:54.421174: Epoch time: 101.11 s
2026-08-31 18:14:55.289081: 
2026-08-31 18:14:55.290324: Epoch 36
2026-08-31 18:14:55.291102: Current learning rate: 0.00968
2026-08-31 18:16:34.954741: train_loss -0.4789
2026-08-31 18:16:34.955898: val_loss -0.4912
2026-08-31 18:16:34.956843: Pseudo dice [np.float32(0.0077)]
2026-08-31 18:16:34.957547: Epoch time: 99.67 s
2026-08-31 18:16:35.833334: 
2026-08-31 18:16:35.834539: Epoch 37
2026-08-31 18:16:35.835280: Current learning rate: 0.00967
2026-08-31 18:18:20.689126: train_loss -0.4791
2026-08-31 18:18:20.696396: val_loss -0.4715
2026-08-31 18:18:20.702564: Pseudo dice [np.float32(0.0135)]
2026-08-31 18:18:20.703699: Epoch time: 104.86 s
2026-08-31 18:18:21.959599: 
2026-08-31 18:18:21.960665: Epoch 38
2026-08-31 18:18:21.961400: Current learning rate: 0.00966
2026-08-31 18:20:01.398993: train_loss -0.4831
2026-08-31 18:20:01.399925: val_loss -0.4896
2026-08-31 18:20:01.400908: Pseudo dice [np.float32(0.0068)]
2026-08-31 18:20:01.401612: Epoch time: 99.44 s
2026-08-31 18:20:02.270352: 
2026-08-31 18:20:02.271433: Epoch 39
2026-08-31 18:20:02.272122: Current learning rate: 0.00965
2026-08-31 18:21:42.171806: train_loss -0.4894
2026-08-31 18:21:42.172596: val_loss -0.5084
2026-08-31 18:21:42.173405: Pseudo dice [np.float32(0.0214)]
2026-08-31 18:21:42.174239: Epoch time: 99.9 s
2026-08-31 18:21:43.306300: 
2026-08-31 18:21:43.307587: Epoch 40
2026-08-31 18:21:43.308365: Current learning rate: 0.00964
2026-08-31 18:23:23.225742: train_loss -0.4969
2026-08-31 18:23:23.226726: val_loss -0.4854
2026-08-31 18:23:23.227637: Pseudo dice [np.float32(0.036)]
2026-08-31 18:23:23.228472: Epoch time: 99.92 s
2026-08-31 18:23:23.229120: Yayy! New best EMA pseudo Dice: 0.014700000174343586
2026-08-31 18:23:25.319906: 
2026-08-31 18:23:25.321411: Epoch 41
2026-08-31 18:23:25.322402: Current learning rate: 0.00963
2026-08-31 18:25:34.734800: train_loss -0.4769
2026-08-31 18:25:34.736631: val_loss -0.4938
2026-08-31 18:25:34.737514: Pseudo dice [np.float32(0.0131)]
2026-08-31 18:25:34.738427: Epoch time: 129.42 s
2026-08-31 18:25:35.619161: 
2026-08-31 18:25:35.620272: Epoch 42
2026-08-31 18:25:35.620957: Current learning rate: 0.00962
2026-08-31 18:27:15.933682: train_loss -0.4733
2026-08-31 18:27:15.934808: val_loss -0.5038
2026-08-31 18:27:15.935835: Pseudo dice [np.float32(0.0026)]
2026-08-31 18:27:15.936647: Epoch time: 100.32 s
2026-08-31 18:27:16.793870: 
2026-08-31 18:27:16.794954: Epoch 43
2026-08-31 18:27:16.795657: Current learning rate: 0.00961
2026-08-31 18:29:25.583367: train_loss -0.4864
2026-08-31 18:29:25.586179: val_loss -0.4792
2026-08-31 18:29:25.590810: Pseudo dice [np.float32(0.0189)]
2026-08-31 18:29:25.604189: Epoch time: 128.79 s
2026-08-31 18:29:26.484463: 
2026-08-31 18:29:26.485486: Epoch 44
2026-08-31 18:29:26.486245: Current learning rate: 0.0096
2026-08-31 18:31:11.431546: train_loss -0.4842
2026-08-31 18:31:11.432732: val_loss -0.4773
2026-08-31 18:31:11.433706: Pseudo dice [np.float32(0.0148)]
2026-08-31 18:31:11.434520: Epoch time: 104.95 s
2026-08-31 18:31:12.309319: 
2026-08-31 18:31:12.310693: Epoch 45
2026-08-31 18:31:12.311538: Current learning rate: 0.00959
2026-08-31 18:34:23.119850: train_loss -0.5006
2026-08-31 18:34:23.124809: val_loss -0.4884
2026-08-31 18:34:23.125847: Pseudo dice [np.float32(0.0139)]
2026-08-31 18:34:23.126651: Epoch time: 190.81 s
2026-08-31 18:34:24.052354: 
2026-08-31 18:34:24.053540: Epoch 46
2026-08-31 18:34:24.054187: Current learning rate: 0.00959
2026-08-31 18:36:26.161291: train_loss -0.4946
2026-08-31 18:36:26.162330: val_loss -0.4804
2026-08-31 18:36:26.163355: Pseudo dice [np.float32(0.0181)]
2026-08-31 18:36:26.164177: Epoch time: 122.11 s
2026-08-31 18:36:27.018003: 
2026-08-31 18:36:27.019042: Epoch 47
2026-08-31 18:36:27.019940: Current learning rate: 0.00958
2026-08-31 18:38:09.422215: train_loss -0.484
2026-08-31 18:38:09.425089: val_loss -0.4943
2026-08-31 18:38:09.429353: Pseudo dice [np.float32(0.0059)]
2026-08-31 18:38:09.430378: Epoch time: 102.41 s
2026-08-31 18:38:10.523906: 
2026-08-31 18:38:10.524879: Epoch 48
2026-08-31 18:38:10.525603: Current learning rate: 0.00957
2026-08-31 18:39:52.194488: train_loss -0.4979
2026-08-31 18:39:52.195364: val_loss -0.5032
2026-08-31 18:39:52.196496: Pseudo dice [np.float32(0.0172)]
2026-08-31 18:39:52.197229: Epoch time: 101.67 s
2026-08-31 18:39:53.216303: 
2026-08-31 18:39:53.217790: Epoch 49
2026-08-31 18:39:53.218587: Current learning rate: 0.00956
2026-08-31 18:41:34.354973: train_loss -0.4923
2026-08-31 18:41:34.374438: val_loss -0.5001
2026-08-31 18:41:34.375477: Pseudo dice [np.float32(0.0173)]
2026-08-31 18:41:34.376347: Epoch time: 101.14 s
2026-08-31 18:41:37.003364: 
2026-08-31 18:41:37.004977: Epoch 50
2026-08-31 18:41:37.005989: Current learning rate: 0.00955
2026-08-31 18:43:17.718616: train_loss -0.4887
2026-08-31 18:43:17.725410: val_loss -0.4899
2026-08-31 18:43:17.727774: Pseudo dice [np.float32(0.0065)]
2026-08-31 18:43:17.728706: Epoch time: 100.72 s
2026-08-31 18:43:19.621755: 
2026-08-31 18:43:19.624271: Epoch 51
2026-08-31 18:43:19.625079: Current learning rate: 0.00954
2026-08-31 18:45:00.198247: train_loss -0.4978
2026-08-31 18:45:00.199599: val_loss -0.495
2026-08-31 18:45:00.200324: Pseudo dice [np.float32(0.0105)]
2026-08-31 18:45:00.200974: Epoch time: 100.58 s
2026-08-31 18:45:01.067394: 
2026-08-31 18:45:01.068636: Epoch 52
2026-08-31 18:45:01.069417: Current learning rate: 0.00953
2026-08-31 18:46:47.171630: train_loss -0.492
2026-08-31 18:46:47.175622: val_loss -0.5058
2026-08-31 18:46:47.181637: Pseudo dice [np.float32(0.013)]
2026-08-31 18:46:47.182952: Epoch time: 106.1 s
2026-08-31 18:46:48.562993: 
2026-08-31 18:46:48.564371: Epoch 53
2026-08-31 18:46:48.565200: Current learning rate: 0.00952
2026-08-31 18:48:28.501982: train_loss -0.496
2026-08-31 18:48:28.503113: val_loss -0.504
2026-08-31 18:48:28.503972: Pseudo dice [np.float32(0.0207)]
2026-08-31 18:48:28.504656: Epoch time: 99.94 s
2026-08-31 18:48:29.359431: 
2026-08-31 18:48:29.360567: Epoch 54
2026-08-31 18:48:29.361258: Current learning rate: 0.00951
2026-08-31 18:50:11.453604: train_loss -0.4819
2026-08-31 18:50:11.454616: val_loss -0.5107
2026-08-31 18:50:11.455635: Pseudo dice [np.float32(0.0245)]
2026-08-31 18:50:11.456365: Epoch time: 102.1 s
2026-08-31 18:50:11.457198: Yayy! New best EMA pseudo Dice: 0.014999999664723873
2026-08-31 18:50:13.657834: 
2026-08-31 18:50:13.659079: Epoch 55
2026-08-31 18:50:13.659764: Current learning rate: 0.0095
2026-08-31 18:53:06.043146: train_loss -0.4925
2026-08-31 18:53:06.044647: val_loss -0.4729
2026-08-31 18:53:06.045538: Pseudo dice [np.float32(0.0065)]
2026-08-31 18:53:06.046259: Epoch time: 172.39 s
2026-08-31 18:53:06.912834: 
2026-08-31 18:53:06.914186: Epoch 56
2026-08-31 18:53:06.915164: Current learning rate: 0.00949
2026-08-31 18:54:47.840745: train_loss -0.4817
2026-08-31 18:54:47.841814: val_loss -0.511
2026-08-31 18:54:47.842714: Pseudo dice [np.float32(0.0123)]
2026-08-31 18:54:47.843504: Epoch time: 100.93 s
2026-08-31 18:54:48.778048: 
2026-08-31 18:54:48.779227: Epoch 57
2026-08-31 18:54:48.779902: Current learning rate: 0.00949
2026-08-31 18:56:27.516524: train_loss -0.4694
2026-08-31 18:56:27.517670: val_loss -0.5079
2026-08-31 18:56:27.518497: Pseudo dice [np.float32(0.0061)]
2026-08-31 18:56:27.519419: Epoch time: 98.74 s
2026-08-31 18:56:28.378568: 
2026-08-31 18:56:28.379749: Epoch 58
2026-08-31 18:56:28.380411: Current learning rate: 0.00948
2026-08-31 18:58:09.132823: train_loss -0.4806
2026-08-31 18:58:09.133830: val_loss -0.5106
2026-08-31 18:58:09.134645: Pseudo dice [np.float32(0.0179)]
2026-08-31 18:58:09.135389: Epoch time: 100.76 s
2026-08-31 18:58:09.997045: 
2026-08-31 18:58:09.998167: Epoch 59
2026-08-31 18:58:09.998830: Current learning rate: 0.00947
2026-08-31 18:59:52.067370: train_loss -0.4853
2026-08-31 18:59:52.068506: val_loss -0.4893
2026-08-31 18:59:52.069321: Pseudo dice [np.float32(0.0057)]
2026-08-31 18:59:52.070418: Epoch time: 102.07 s
2026-08-31 18:59:53.499253: 
2026-08-31 18:59:53.500482: Epoch 60
2026-08-31 18:59:53.501280: Current learning rate: 0.00946
2026-08-31 19:01:33.685233: train_loss -0.4941
2026-08-31 19:01:33.686474: val_loss -0.5088
2026-08-31 19:01:33.687464: Pseudo dice [np.float32(0.0035)]
2026-08-31 19:01:33.688435: Epoch time: 100.19 s
2026-08-31 19:01:34.642617: 
2026-08-31 19:01:34.643739: Epoch 61
2026-08-31 19:01:34.644459: Current learning rate: 0.00945
2026-08-31 19:03:14.697332: train_loss -0.4868
2026-08-31 19:03:14.698367: val_loss -0.5085
2026-08-31 19:03:14.699264: Pseudo dice [np.float32(0.0249)]
2026-08-31 19:03:14.699998: Epoch time: 100.06 s
2026-08-31 19:03:15.555965: 
2026-08-31 19:03:15.557105: Epoch 62
2026-08-31 19:03:15.557840: Current learning rate: 0.00944
2026-08-31 19:04:54.145593: train_loss -0.4952
2026-08-31 19:04:54.146570: val_loss -0.5033
2026-08-31 19:04:54.147365: Pseudo dice [np.float32(0.0061)]
2026-08-31 19:04:54.148294: Epoch time: 98.59 s
2026-08-31 19:04:54.996957: 
2026-08-31 19:04:54.998748: Epoch 63
2026-08-31 19:04:54.999924: Current learning rate: 0.00943
2026-08-31 19:06:35.306270: train_loss -0.4848
2026-08-31 19:06:35.308127: val_loss -0.5046
2026-08-31 19:06:35.311647: Pseudo dice [np.float32(0.0034)]
2026-08-31 19:06:35.327510: Epoch time: 100.31 s
2026-08-31 19:06:36.305708: 
2026-08-31 19:06:36.306850: Epoch 64
2026-08-31 19:06:36.307552: Current learning rate: 0.00942
2026-08-31 19:08:16.637393: train_loss -0.4903
2026-08-31 19:08:16.638658: val_loss -0.5018
2026-08-31 19:08:16.639619: Pseudo dice [np.float32(0.0121)]
2026-08-31 19:08:16.640635: Epoch time: 100.33 s
2026-08-31 19:08:17.524202: 
2026-08-31 19:08:17.525199: Epoch 65
2026-08-31 19:08:17.526026: Current learning rate: 0.00941
2026-08-31 19:09:57.551611: train_loss -0.4963
2026-08-31 19:09:57.552706: val_loss -0.5028
2026-08-31 19:09:57.553517: Pseudo dice [np.float32(0.0206)]
2026-08-31 19:09:57.554246: Epoch time: 100.03 s
2026-08-31 19:09:58.439639: 
2026-08-31 19:09:58.440825: Epoch 66
2026-08-31 19:09:58.441598: Current learning rate: 0.0094
2026-08-31 19:11:38.611409: train_loss -0.4774
2026-08-31 19:11:38.612449: val_loss -0.494
2026-08-31 19:11:38.613204: Pseudo dice [np.float32(0.0051)]
2026-08-31 19:11:38.613847: Epoch time: 100.17 s
2026-08-31 19:11:39.483156: 
2026-08-31 19:11:39.484356: Epoch 67
2026-08-31 19:11:39.485155: Current learning rate: 0.00939
2026-08-31 19:13:18.700515: train_loss -0.4817
2026-08-31 19:13:18.701469: val_loss -0.5067
2026-08-31 19:13:18.702251: Pseudo dice [np.float32(0.0181)]
2026-08-31 19:13:18.703293: Epoch time: 99.22 s
2026-08-31 19:13:19.590180: 
2026-08-31 19:13:19.591518: Epoch 68
2026-08-31 19:13:19.592360: Current learning rate: 0.00939
2026-08-31 19:14:59.077001: train_loss -0.4844
2026-08-31 19:14:59.078099: val_loss -0.4956
2026-08-31 19:14:59.078848: Pseudo dice [np.float32(0.0212)]
2026-08-31 19:14:59.079476: Epoch time: 99.49 s
2026-08-31 19:14:59.949202: 
2026-08-31 19:14:59.950462: Epoch 69
2026-08-31 19:14:59.951239: Current learning rate: 0.00938
2026-08-31 19:16:39.838805: train_loss -0.4888
2026-08-31 19:16:39.852771: val_loss -0.5015
2026-08-31 19:16:39.853833: Pseudo dice [np.float32(0.0193)]
2026-08-31 19:16:39.854898: Epoch time: 99.89 s
2026-08-31 19:16:42.233024: 
2026-08-31 19:16:42.234290: Epoch 70
2026-08-31 19:16:42.235153: Current learning rate: 0.00937
2026-08-31 19:18:23.559811: train_loss -0.4941
2026-08-31 19:18:23.560904: val_loss -0.5049
2026-08-31 19:18:23.561788: Pseudo dice [np.float32(0.0232)]
2026-08-31 19:18:23.562480: Epoch time: 101.33 s
2026-08-31 19:18:24.430668: 
2026-08-31 19:18:24.431796: Epoch 71
2026-08-31 19:18:24.432537: Current learning rate: 0.00936
2026-08-31 19:20:03.211968: train_loss -0.4921
2026-08-31 19:20:03.212986: val_loss -0.5126
2026-08-31 19:20:03.213772: Pseudo dice [np.float32(0.0072)]
2026-08-31 19:20:03.214511: Epoch time: 98.78 s
2026-08-31 19:20:04.077251: 
2026-08-31 19:20:04.078287: Epoch 72
2026-08-31 19:20:04.079006: Current learning rate: 0.00935
2026-08-31 19:21:43.820243: train_loss -0.4936
2026-08-31 19:21:43.821252: val_loss -0.508
2026-08-31 19:21:43.822201: Pseudo dice [np.float32(0.0094)]
2026-08-31 19:21:43.823042: Epoch time: 99.75 s
2026-08-31 19:21:44.990277: 
2026-08-31 19:21:44.991369: Epoch 73
2026-08-31 19:21:44.992042: Current learning rate: 0.00934
2026-08-31 19:23:42.526331: train_loss -0.4973
2026-08-31 19:23:42.527458: val_loss -0.4997
2026-08-31 19:23:42.528449: Pseudo dice [np.float32(0.0374)]
2026-08-31 19:23:42.529263: Epoch time: 117.54 s
2026-08-31 19:23:42.530018: Yayy! New best EMA pseudo Dice: 0.01600000075995922
2026-08-31 19:23:44.565997: 
2026-08-31 19:23:44.567240: Epoch 74
2026-08-31 19:23:44.567983: Current learning rate: 0.00933
2026-08-31 19:25:46.234485: train_loss -0.4776
2026-08-31 19:25:46.238967: val_loss -0.5013
2026-08-31 19:25:46.240028: Pseudo dice [np.float32(0.019)]
2026-08-31 19:25:46.240799: Epoch time: 121.67 s
2026-08-31 19:25:46.241511: Yayy! New best EMA pseudo Dice: 0.016300000250339508
2026-08-31 19:25:48.468295: 
2026-08-31 19:25:48.469403: Epoch 75
2026-08-31 19:25:48.470205: Current learning rate: 0.00932
2026-08-31 19:27:47.047980: train_loss -0.4968
2026-08-31 19:27:47.048802: val_loss -0.4842
2026-08-31 19:27:47.049509: Pseudo dice [np.float32(0.0165)]
2026-08-31 19:27:47.050181: Epoch time: 118.58 s
2026-08-31 19:27:47.050814: Yayy! New best EMA pseudo Dice: 0.016300000250339508
2026-08-31 19:27:49.137910: 
2026-08-31 19:27:49.139115: Epoch 76
2026-08-31 19:27:49.139895: Current learning rate: 0.00931
2026-08-31 19:29:28.722587: train_loss -0.4977
2026-08-31 19:29:28.723832: val_loss -0.5159
2026-08-31 19:29:28.724946: Pseudo dice [np.float32(0.0178)]
2026-08-31 19:29:28.726070: Epoch time: 99.59 s
2026-08-31 19:29:28.726850: Yayy! New best EMA pseudo Dice: 0.016499999910593033
2026-08-31 19:29:30.933926: 
2026-08-31 19:29:30.935634: Epoch 77
2026-08-31 19:29:30.936460: Current learning rate: 0.0093
2026-08-31 19:31:12.304654: train_loss -0.4959
2026-08-31 19:31:12.305600: val_loss -0.5092
2026-08-31 19:31:12.317137: Pseudo dice [np.float32(0.022)]
2026-08-31 19:31:12.317796: Epoch time: 101.37 s
2026-08-31 19:31:12.318408: Yayy! New best EMA pseudo Dice: 0.017000000923871994
2026-08-31 19:31:14.554111: 
2026-08-31 19:31:14.555249: Epoch 78
2026-08-31 19:31:14.555912: Current learning rate: 0.0093
2026-08-31 19:32:55.124531: train_loss -0.4987
2026-08-31 19:32:55.125589: val_loss -0.5107
2026-08-31 19:32:55.128930: Pseudo dice [np.float32(0.0234)]
2026-08-31 19:32:55.132116: Epoch time: 100.57 s
2026-08-31 19:32:55.133563: Yayy! New best EMA pseudo Dice: 0.01759999990463257
2026-08-31 19:32:57.512831: 
2026-08-31 19:32:57.514241: Epoch 79
2026-08-31 19:32:57.515020: Current learning rate: 0.00929
2026-08-31 19:34:37.629921: train_loss -0.4891
2026-08-31 19:34:37.630907: val_loss -0.4822
2026-08-31 19:34:37.631822: Pseudo dice [np.float32(0.0125)]
2026-08-31 19:34:37.632497: Epoch time: 100.12 s
2026-08-31 19:34:38.559835: 
2026-08-31 19:34:38.560984: Epoch 80
2026-08-31 19:34:38.561698: Current learning rate: 0.00928
2026-08-31 19:36:29.973520: train_loss -0.49
2026-08-31 19:36:29.977724: val_loss -0.4996
2026-08-31 19:36:29.978534: Pseudo dice [np.float32(0.0325)]
2026-08-31 19:36:29.979575: Epoch time: 111.42 s
2026-08-31 19:36:29.980307: Yayy! New best EMA pseudo Dice: 0.018699999898672104
2026-08-31 19:36:32.134904: 
2026-08-31 19:36:32.136229: Epoch 81
2026-08-31 19:36:32.137002: Current learning rate: 0.00927
2026-08-31 19:38:11.713903: train_loss -0.5024
2026-08-31 19:38:11.714893: val_loss -0.5085
2026-08-31 19:38:11.715677: Pseudo dice [np.float32(0.0211)]
2026-08-31 19:38:11.716505: Epoch time: 99.58 s
2026-08-31 19:38:11.717106: Yayy! New best EMA pseudo Dice: 0.01889999955892563
2026-08-31 19:38:13.795509: 
2026-08-31 19:38:13.796673: Epoch 82
2026-08-31 19:38:13.797418: Current learning rate: 0.00926
2026-08-31 19:39:53.138364: train_loss -0.481
2026-08-31 19:39:53.139399: val_loss -0.5055
2026-08-31 19:39:53.140208: Pseudo dice [np.float32(0.0153)]
2026-08-31 19:39:53.141025: Epoch time: 99.35 s
2026-08-31 19:39:53.998220: 
2026-08-31 19:39:53.999244: Epoch 83
2026-08-31 19:39:53.999941: Current learning rate: 0.00925
2026-08-31 19:41:33.209577: train_loss -0.4888
2026-08-31 19:41:33.210666: val_loss -0.5093
2026-08-31 19:41:33.216063: Pseudo dice [np.float32(0.0221)]
2026-08-31 19:41:33.217191: Epoch time: 99.21 s
2026-08-31 19:41:34.228283: 
2026-08-31 19:41:34.229475: Epoch 84
2026-08-31 19:41:34.230294: Current learning rate: 0.00924
2026-08-31 19:43:21.742230: train_loss -0.4958
2026-08-31 19:43:21.743459: val_loss -0.5174
2026-08-31 19:43:21.744468: Pseudo dice [np.float32(0.0239)]
2026-08-31 19:43:21.745304: Epoch time: 107.52 s
2026-08-31 19:43:21.746302: Yayy! New best EMA pseudo Dice: 0.01940000057220459
2026-08-31 19:43:24.245308: 
2026-08-31 19:43:24.246765: Epoch 85
2026-08-31 19:43:24.247608: Current learning rate: 0.00923
2026-08-31 19:45:13.979035: train_loss -0.4889
2026-08-31 19:45:13.980516: val_loss -0.4931
2026-08-31 19:45:13.981567: Pseudo dice [np.float32(0.0043)]
2026-08-31 19:45:13.982420: Epoch time: 109.74 s
2026-08-31 19:45:14.868876: 
2026-08-31 19:45:14.870146: Epoch 86
2026-08-31 19:45:14.870905: Current learning rate: 0.00922
2026-08-31 19:46:54.140945: train_loss -0.4899
2026-08-31 19:46:54.147507: val_loss -0.5076
2026-08-31 19:46:54.148557: Pseudo dice [np.float32(0.0208)]
2026-08-31 19:46:54.150033: Epoch time: 99.27 s
2026-08-31 19:46:55.257638: 
2026-08-31 19:46:55.258837: Epoch 87
2026-08-31 19:46:55.259576: Current learning rate: 0.00921
2026-08-31 19:48:35.098866: train_loss -0.4955
2026-08-31 19:48:35.100090: val_loss -0.5108
2026-08-31 19:48:35.101099: Pseudo dice [np.float32(0.0257)]
2026-08-31 19:48:35.101805: Epoch time: 99.84 s
2026-08-31 19:48:35.957714: 
2026-08-31 19:48:35.959017: Epoch 88
2026-08-31 19:48:35.959887: Current learning rate: 0.0092
2026-08-31 19:50:14.662500: train_loss -0.4856
2026-08-31 19:50:14.663681: val_loss -0.5058
2026-08-31 19:50:14.664446: Pseudo dice [np.float32(0.0207)]
2026-08-31 19:50:14.665210: Epoch time: 98.71 s
2026-08-31 19:50:15.554314: 
2026-08-31 19:50:15.555453: Epoch 89
2026-08-31 19:50:15.556296: Current learning rate: 0.0092
2026-08-31 19:51:57.154814: train_loss -0.4952
2026-08-31 19:51:57.168947: val_loss -0.5052
2026-08-31 19:51:57.169935: Pseudo dice [np.float32(0.0051)]
2026-08-31 19:51:57.170844: Epoch time: 101.6 s
2026-08-31 19:51:58.447945: 
2026-08-31 19:51:58.449103: Epoch 90
2026-08-31 19:51:58.449901: Current learning rate: 0.00919
2026-08-31 19:53:38.712267: train_loss -0.4926
2026-08-31 19:53:38.714286: val_loss -0.506
2026-08-31 19:53:38.715478: Pseudo dice [np.float32(0.0392)]
2026-08-31 19:53:38.716468: Epoch time: 100.27 s
2026-08-31 19:53:38.717356: Yayy! New best EMA pseudo Dice: 0.019899999722838402
2026-08-31 19:53:40.883349: 
2026-08-31 19:53:40.884596: Epoch 91
2026-08-31 19:53:40.885308: Current learning rate: 0.00918
2026-08-31 19:56:06.974913: train_loss -0.5053
2026-08-31 19:56:06.976067: val_loss -0.513
2026-08-31 19:56:06.976950: Pseudo dice [np.float32(0.0086)]
2026-08-31 19:56:06.977827: Epoch time: 146.09 s
2026-08-31 19:56:07.892843: 
2026-08-31 19:56:07.893967: Epoch 92
2026-08-31 19:56:07.894686: Current learning rate: 0.00917
2026-08-31 19:59:10.573836: train_loss -0.4945
2026-08-31 19:59:10.574670: val_loss -0.5103
2026-08-31 19:59:10.575446: Pseudo dice [np.float32(0.0095)]
2026-08-31 19:59:10.576223: Epoch time: 182.68 s
2026-08-31 19:59:11.421300: 
2026-08-31 19:59:11.422585: Epoch 93
2026-08-31 19:59:11.423313: Current learning rate: 0.00916
2026-08-31 20:03:25.032821: train_loss -0.4821
2026-08-31 20:03:25.033715: val_loss -0.5104
2026-08-31 20:03:25.034554: Pseudo dice [np.float32(0.0071)]
2026-08-31 20:03:25.035242: Epoch time: 253.61 s
2026-08-31 20:03:26.796072: 
2026-08-31 20:03:26.797245: Epoch 94
2026-08-31 20:03:26.798059: Current learning rate: 0.00915
2026-08-31 20:06:03.431951: train_loss -0.4885
2026-08-31 20:06:03.432738: val_loss -0.5195
2026-08-31 20:06:03.433477: Pseudo dice [np.float32(0.0336)]
2026-08-31 20:06:03.434075: Epoch time: 156.64 s
2026-08-31 20:06:04.284626: 
2026-08-31 20:06:04.285756: Epoch 95
2026-08-31 20:06:04.286449: Current learning rate: 0.00914
2026-08-31 20:07:42.877534: train_loss -0.4855
2026-08-31 20:07:42.879658: val_loss -0.4954
2026-08-31 20:07:42.880516: Pseudo dice [np.float32(0.0105)]
2026-08-31 20:07:42.881395: Epoch time: 98.6 s
2026-08-31 20:07:43.739390: 
2026-08-31 20:07:43.740390: Epoch 96
2026-08-31 20:07:43.741237: Current learning rate: 0.00913
2026-08-31 20:09:22.126364: train_loss -0.4984
2026-08-31 20:09:22.127433: val_loss -0.5149
2026-08-31 20:09:22.128322: Pseudo dice [np.float32(0.034)]
2026-08-31 20:09:22.129042: Epoch time: 98.39 s
2026-08-31 20:09:22.993681: 
2026-08-31 20:09:22.994758: Epoch 97
2026-08-31 20:09:22.995469: Current learning rate: 0.00912
2026-08-31 20:11:28.802231: train_loss -0.4921
2026-08-31 20:11:28.803138: val_loss -0.5067
2026-08-31 20:11:28.804154: Pseudo dice [np.float32(0.0062)]
2026-08-31 20:11:28.805005: Epoch time: 125.81 s
2026-08-31 20:11:29.844345: 
2026-08-31 20:11:29.845569: Epoch 98
2026-08-31 20:11:29.846482: Current learning rate: 0.00911
2026-08-31 20:13:14.507894: train_loss -0.4826
2026-08-31 20:13:14.508816: val_loss -0.5128
2026-08-31 20:13:14.509813: Pseudo dice [np.float32(0.0051)]
2026-08-31 20:13:14.510550: Epoch time: 104.67 s
2026-08-31 20:13:15.418375: 
2026-08-31 20:13:15.419421: Epoch 99
2026-08-31 20:13:15.420212: Current learning rate: 0.0091
2026-08-31 20:15:02.186487: train_loss -0.4999
2026-08-31 20:15:02.187930: val_loss -0.5003
2026-08-31 20:15:02.189066: Pseudo dice [np.float32(0.0063)]
2026-08-31 20:15:02.189978: Epoch time: 106.77 s
2026-08-31 20:15:04.317760: 
2026-08-31 20:15:04.319012: Epoch 100
2026-08-31 20:15:04.319848: Current learning rate: 0.0091
2026-08-31 20:16:43.885688: train_loss -0.4896
2026-08-31 20:16:43.886573: val_loss -0.5049
2026-08-31 20:16:43.887478: Pseudo dice [np.float32(0.0079)]
2026-08-31 20:16:43.888278: Epoch time: 99.57 s
2026-08-31 20:16:44.760701: 
2026-08-31 20:16:44.761694: Epoch 101
2026-08-31 20:16:44.762488: Current learning rate: 0.00909
2026-08-31 20:18:30.318079: train_loss -0.4809
2026-08-31 20:18:30.319093: val_loss -0.5096
2026-08-31 20:18:30.320052: Pseudo dice [np.float32(0.0062)]
2026-08-31 20:18:30.321054: Epoch time: 105.56 s
2026-08-31 20:18:31.182633: 
2026-08-31 20:18:31.183791: Epoch 102
2026-08-31 20:18:31.184545: Current learning rate: 0.00908
2026-08-31 20:20:23.379964: train_loss -0.4937
2026-08-31 20:20:23.381396: val_loss -0.5226
2026-08-31 20:20:23.382272: Pseudo dice [np.float32(0.015)]
2026-08-31 20:20:23.383308: Epoch time: 112.2 s
2026-08-31 20:20:24.263254: 
2026-08-31 20:20:24.264314: Epoch 103
2026-08-31 20:20:24.265078: Current learning rate: 0.00907
2026-08-31 20:22:06.863909: train_loss -0.4895
2026-08-31 20:22:06.864839: val_loss -0.5147
2026-08-31 20:22:06.865644: Pseudo dice [np.float32(0.0094)]
2026-08-31 20:22:06.866316: Epoch time: 102.6 s
2026-08-31 20:22:07.734736: 
2026-08-31 20:22:07.735603: Epoch 104
2026-08-31 20:22:07.736252: Current learning rate: 0.00906
2026-08-31 20:23:47.131982: train_loss -0.5004
2026-08-31 20:23:47.145915: val_loss -0.4942
2026-08-31 20:23:47.147149: Pseudo dice [np.float32(0.0167)]
2026-08-31 20:23:47.148132: Epoch time: 99.4 s
2026-08-31 20:23:48.091112: 
2026-08-31 20:23:48.092583: Epoch 105
2026-08-31 20:23:48.093500: Current learning rate: 0.00905
2026-08-31 20:25:27.226484: train_loss -0.4865
2026-08-31 20:25:27.228754: val_loss -0.5057
2026-08-31 20:25:27.229764: Pseudo dice [np.float32(0.0293)]
2026-08-31 20:25:27.230775: Epoch time: 99.14 s
2026-08-31 20:25:28.104072: 
2026-08-31 20:25:28.105146: Epoch 106
2026-08-31 20:25:28.106089: Current learning rate: 0.00904
2026-08-31 20:27:07.025128: train_loss -0.4906
2026-08-31 20:27:07.026228: val_loss -0.502
2026-08-31 20:27:07.027021: Pseudo dice [np.float32(0.0077)]
2026-08-31 20:27:07.027860: Epoch time: 98.92 s
2026-08-31 20:27:07.923943: 
2026-08-31 20:27:07.925259: Epoch 107
2026-08-31 20:27:07.926046: Current learning rate: 0.00903
2026-08-31 20:28:46.668929: train_loss -0.4897
2026-08-31 20:28:46.669742: val_loss -0.5125
2026-08-31 20:28:46.670678: Pseudo dice [np.float32(0.0094)]
2026-08-31 20:28:46.671593: Epoch time: 98.75 s
2026-08-31 20:28:47.779912: 
2026-08-31 20:28:47.781168: Epoch 108
2026-08-31 20:28:47.781898: Current learning rate: 0.00902
2026-08-31 20:32:14.512869: train_loss -0.4996
2026-08-31 20:32:14.513914: val_loss -0.508
2026-08-31 20:32:14.514878: Pseudo dice [np.float32(0.0162)]
2026-08-31 20:32:14.515773: Epoch time: 206.74 s
2026-08-31 20:32:15.441588: 
2026-08-31 20:32:15.442760: Epoch 109
2026-08-31 20:32:15.443630: Current learning rate: 0.00901
2026-08-31 20:34:02.496089: train_loss -0.4876
2026-08-31 20:34:02.496997: val_loss -0.5163
2026-08-31 20:34:02.497934: Pseudo dice [np.float32(0.0324)]
2026-08-31 20:34:02.498798: Epoch time: 107.06 s
2026-08-31 20:34:03.366332: 
2026-08-31 20:34:03.367475: Epoch 110
2026-08-31 20:34:03.368247: Current learning rate: 0.009
2026-08-31 20:35:46.639900: train_loss -0.505
2026-08-31 20:35:46.640915: val_loss -0.5164
2026-08-31 20:35:46.641906: Pseudo dice [np.float32(0.0063)]
2026-08-31 20:35:46.642832: Epoch time: 103.28 s
2026-08-31 20:35:47.577225: 
2026-08-31 20:35:47.578554: Epoch 111
2026-08-31 20:35:47.579371: Current learning rate: 0.009
2026-08-31 20:37:27.692878: train_loss -0.4928
2026-08-31 20:37:27.694385: val_loss -0.5306
2026-08-31 20:37:27.695378: Pseudo dice [np.float32(0.018)]
2026-08-31 20:37:27.696275: Epoch time: 100.12 s
2026-08-31 20:37:28.565598: 
2026-08-31 20:37:28.566576: Epoch 112
2026-08-31 20:37:28.567275: Current learning rate: 0.00899
2026-08-31 20:39:12.086452: train_loss -0.5014
2026-08-31 20:39:12.087327: val_loss -0.5298
2026-08-31 20:39:12.088173: Pseudo dice [np.float32(0.0206)]
2026-08-31 20:39:12.088798: Epoch time: 103.52 s
2026-08-31 20:39:12.949591: 
2026-08-31 20:39:12.950535: Epoch 113
2026-08-31 20:39:12.951284: Current learning rate: 0.00898
2026-08-31 20:40:53.251412: train_loss -0.4929
2026-08-31 20:40:53.254732: val_loss -0.5166
2026-08-31 20:40:53.276127: Pseudo dice [np.float32(0.0199)]
2026-08-31 20:40:53.277206: Epoch time: 100.3 s
2026-08-31 20:40:54.228635: 
2026-08-31 20:40:54.229884: Epoch 114
2026-08-31 20:40:54.230695: Current learning rate: 0.00897
2026-08-31 20:42:38.984759: train_loss -0.4854
2026-08-31 20:42:38.985539: val_loss -0.4937
2026-08-31 20:42:38.991415: Pseudo dice [np.float32(0.0082)]
2026-08-31 20:42:38.992236: Epoch time: 104.76 s
2026-08-31 20:42:39.879168: 
2026-08-31 20:42:39.880242: Epoch 115
2026-08-31 20:42:39.881015: Current learning rate: 0.00896
2026-08-31 20:44:19.027271: train_loss -0.5019
2026-08-31 20:44:19.028299: val_loss -0.4966
2026-08-31 20:44:19.029289: Pseudo dice [np.float32(0.0108)]
2026-08-31 20:44:19.030151: Epoch time: 99.15 s
2026-08-31 20:44:19.912047: 
2026-08-31 20:44:19.913075: Epoch 116
2026-08-31 20:44:19.913747: Current learning rate: 0.00895
2026-08-31 20:45:58.587968: train_loss -0.5112
2026-08-31 20:45:58.588971: val_loss -0.5255
2026-08-31 20:45:58.590000: Pseudo dice [np.float32(0.0076)]
2026-08-31 20:45:58.590926: Epoch time: 98.68 s
2026-08-31 20:45:59.479590: 
2026-08-31 20:45:59.480699: Epoch 117
2026-08-31 20:45:59.481421: Current learning rate: 0.00894
2026-08-31 20:47:39.114141: train_loss -0.4955
2026-08-31 20:47:39.115053: val_loss -0.5242
2026-08-31 20:47:39.115951: Pseudo dice [np.float32(0.0242)]
2026-08-31 20:47:39.116616: Epoch time: 99.64 s
2026-08-31 20:47:39.987416: 
2026-08-31 20:47:39.988389: Epoch 118
2026-08-31 20:47:39.989200: Current learning rate: 0.00893
2026-08-31 20:49:20.302610: train_loss -0.5056
2026-08-31 20:49:20.303633: val_loss -0.518
2026-08-31 20:49:20.304413: Pseudo dice [np.float32(0.0294)]
2026-08-31 20:49:20.305133: Epoch time: 100.32 s
2026-08-31 20:49:21.173821: 
2026-08-31 20:49:21.174844: Epoch 119
2026-08-31 20:49:21.175430: Current learning rate: 0.00892
2026-08-31 20:50:59.971337: train_loss -0.4984
2026-08-31 20:50:59.972907: val_loss -0.5092
2026-08-31 20:50:59.973852: Pseudo dice [np.float32(0.0286)]
2026-08-31 20:50:59.974736: Epoch time: 98.8 s
2026-08-31 20:51:00.852871: 
2026-08-31 20:51:00.854000: Epoch 120
2026-08-31 20:51:00.854728: Current learning rate: 0.00891
2026-08-31 20:52:39.868411: train_loss -0.4826
2026-08-31 20:52:39.869484: val_loss -0.5156
2026-08-31 20:52:39.870244: Pseudo dice [np.float32(0.0105)]
2026-08-31 20:52:39.870975: Epoch time: 99.02 s
2026-08-31 20:52:40.761336: 
2026-08-31 20:52:40.762381: Epoch 121
2026-08-31 20:52:40.763161: Current learning rate: 0.0089
2026-08-31 20:54:20.456736: train_loss -0.4837
2026-08-31 20:54:20.457562: val_loss -0.4971
2026-08-31 20:54:20.458490: Pseudo dice [np.float32(0.0202)]
2026-08-31 20:54:20.459197: Epoch time: 99.7 s
2026-08-31 20:54:21.344221: 
2026-08-31 20:54:21.345147: Epoch 122
2026-08-31 20:54:21.345788: Current learning rate: 0.00889
2026-08-31 20:55:59.822238: train_loss -0.5045
2026-08-31 20:55:59.823155: val_loss -0.5248
2026-08-31 20:55:59.824073: Pseudo dice [np.float32(0.0128)]
2026-08-31 20:55:59.824896: Epoch time: 98.48 s
2026-08-31 20:56:00.721258: 
2026-08-31 20:56:00.722432: Epoch 123
2026-08-31 20:56:00.723147: Current learning rate: 0.00889
2026-08-31 20:57:39.515164: train_loss -0.5067
2026-08-31 20:57:39.516260: val_loss -0.5131
2026-08-31 20:57:39.517278: Pseudo dice [np.float32(0.011)]
2026-08-31 20:57:39.518109: Epoch time: 98.8 s
2026-08-31 20:57:40.481488: 
2026-08-31 20:57:40.482670: Epoch 124
2026-08-31 20:57:40.483546: Current learning rate: 0.00888
2026-08-31 20:59:21.322702: train_loss -0.5055
2026-08-31 20:59:21.323838: val_loss -0.5134
2026-08-31 20:59:21.325370: Pseudo dice [np.float32(0.0189)]
2026-08-31 20:59:21.326578: Epoch time: 100.84 s
2026-08-31 20:59:22.203078: 
2026-08-31 20:59:22.204300: Epoch 125
2026-08-31 20:59:22.205059: Current learning rate: 0.00887
2026-08-31 21:01:01.105921: train_loss -0.5112
2026-08-31 21:01:01.107296: val_loss -0.5073
2026-08-31 21:01:01.108202: Pseudo dice [np.float32(0.0179)]
2026-08-31 21:01:01.109043: Epoch time: 98.91 s
2026-08-31 21:01:01.991406: 
2026-08-31 21:01:01.992515: Epoch 126
2026-08-31 21:01:01.993217: Current learning rate: 0.00886
2026-08-31 21:02:41.225184: train_loss -0.4982
2026-08-31 21:02:41.226395: val_loss -0.5111
2026-08-31 21:02:41.227449: Pseudo dice [np.float32(0.0052)]
2026-08-31 21:02:41.228485: Epoch time: 99.24 s
2026-08-31 21:02:42.123776: 
2026-08-31 21:02:42.125004: Epoch 127
2026-08-31 21:02:42.125917: Current learning rate: 0.00885
2026-08-31 21:04:21.141306: train_loss -0.4914
2026-08-31 21:04:21.142091: val_loss -0.5238
2026-08-31 21:04:21.142815: Pseudo dice [np.float32(0.0172)]
2026-08-31 21:04:21.143598: Epoch time: 99.02 s
2026-08-31 21:04:22.304012: 
2026-08-31 21:04:22.305085: Epoch 128
2026-08-31 21:04:22.305775: Current learning rate: 0.00884
2026-08-31 21:06:03.187892: train_loss -0.4887
2026-08-31 21:06:03.188812: val_loss -0.5209
2026-08-31 21:06:03.189629: Pseudo dice [np.float32(0.0133)]
2026-08-31 21:06:03.190364: Epoch time: 100.89 s
2026-08-31 21:06:04.095766: 
2026-08-31 21:06:04.097192: Epoch 129
2026-08-31 21:06:04.098156: Current learning rate: 0.00883
2026-08-31 21:07:43.979808: train_loss -0.4969
2026-08-31 21:07:43.980727: val_loss -0.5206
2026-08-31 21:07:43.981519: Pseudo dice [np.float32(0.012)]
2026-08-31 21:07:43.982212: Epoch time: 99.89 s
2026-08-31 21:07:44.951446: 
2026-08-31 21:07:44.952553: Epoch 130
2026-08-31 21:07:44.953314: Current learning rate: 0.00882
2026-08-31 21:09:24.029669: train_loss -0.5097
2026-08-31 21:09:24.030527: val_loss -0.5164
2026-08-31 21:09:24.031332: Pseudo dice [np.float32(0.0197)]
2026-08-31 21:09:24.032085: Epoch time: 99.08 s
2026-08-31 21:09:24.919383: 
2026-08-31 21:09:24.920545: Epoch 131
2026-08-31 21:09:24.921426: Current learning rate: 0.00881
2026-08-31 21:11:04.328389: train_loss -0.4865
2026-08-31 21:11:04.329454: val_loss -0.5132
2026-08-31 21:11:04.330234: Pseudo dice [np.float32(0.0036)]
2026-08-31 21:11:04.330886: Epoch time: 99.41 s
2026-08-31 21:11:05.220677: 
2026-08-31 21:11:05.221843: Epoch 132
2026-08-31 21:11:05.222478: Current learning rate: 0.0088
2026-08-31 21:12:44.085610: train_loss -0.5012
2026-08-31 21:12:44.086886: val_loss -0.5273
2026-08-31 21:12:44.088172: Pseudo dice [np.float32(0.0206)]
2026-08-31 21:12:44.089239: Epoch time: 98.87 s
2026-08-31 21:12:44.999073: 
2026-08-31 21:12:45.000168: Epoch 133
2026-08-31 21:12:45.000971: Current learning rate: 0.00879
2026-08-31 21:14:25.666114: train_loss -0.4976
2026-08-31 21:14:25.667272: val_loss -0.5052
2026-08-31 21:14:25.668303: Pseudo dice [np.float32(0.0078)]
2026-08-31 21:14:25.669232: Epoch time: 100.67 s
2026-08-31 21:14:26.545814: 
2026-08-31 21:14:26.547010: Epoch 134
2026-08-31 21:14:26.547842: Current learning rate: 0.00879
2026-08-31 21:16:05.296848: train_loss -0.4961
2026-08-31 21:16:05.298023: val_loss -0.5065
2026-08-31 21:16:05.299226: Pseudo dice [np.float32(0.0079)]
2026-08-31 21:16:05.300437: Epoch time: 98.75 s
2026-08-31 21:16:06.208667: 
2026-08-31 21:16:06.209990: Epoch 135
2026-08-31 21:16:06.211175: Current learning rate: 0.00878
2026-08-31 21:17:43.877556: train_loss -0.4916
2026-08-31 21:17:43.878629: val_loss -0.5053
2026-08-31 21:17:43.879650: Pseudo dice [np.float32(0.0165)]
2026-08-31 21:17:43.880575: Epoch time: 97.67 s
2026-08-31 21:17:44.767326: 
2026-08-31 21:17:44.768897: Epoch 136
2026-08-31 21:17:44.770002: Current learning rate: 0.00877
2026-08-31 21:19:28.379013: train_loss -0.5018
2026-08-31 21:19:28.380183: val_loss -0.5051
2026-08-31 21:19:28.381631: Pseudo dice [np.float32(0.033)]
2026-08-31 21:19:28.382746: Epoch time: 103.61 s
2026-08-31 21:19:29.271900: 
2026-08-31 21:19:29.273324: Epoch 137
2026-08-31 21:19:29.274416: Current learning rate: 0.00876
2026-08-31 21:21:09.095529: train_loss -0.4947
2026-08-31 21:21:09.096925: val_loss -0.5109
2026-08-31 21:21:09.098139: Pseudo dice [np.float32(0.013)]
2026-08-31 21:21:09.099439: Epoch time: 99.83 s
2026-08-31 21:21:10.267950: 
2026-08-31 21:21:10.269060: Epoch 138
2026-08-31 21:21:10.269907: Current learning rate: 0.00875
2026-08-31 21:22:48.761084: train_loss -0.4906
2026-08-31 21:22:48.762230: val_loss -0.4947
2026-08-31 21:22:48.763479: Pseudo dice [np.float32(0.0067)]
2026-08-31 21:22:48.764456: Epoch time: 98.5 s
2026-08-31 21:22:49.669926: 
2026-08-31 21:22:49.671467: Epoch 139
2026-08-31 21:22:49.672502: Current learning rate: 0.00874
2026-08-31 21:25:28.061041: train_loss -0.5063
2026-08-31 21:25:28.062010: val_loss -0.5157
2026-08-31 21:25:28.062939: Pseudo dice [np.float32(0.0169)]
2026-08-31 21:25:28.063739: Epoch time: 158.39 s
2026-08-31 21:25:28.965030: 
2026-08-31 21:25:28.966239: Epoch 140
2026-08-31 21:25:28.967098: Current learning rate: 0.00873
2026-08-31 21:27:28.410352: train_loss -0.4965
2026-08-31 21:27:28.414409: val_loss -0.52
2026-08-31 21:27:28.415678: Pseudo dice [np.float32(0.031)]
2026-08-31 21:27:28.417051: Epoch time: 119.45 s
2026-08-31 21:27:29.349327: 
2026-08-31 21:27:29.350743: Epoch 141
2026-08-31 21:27:29.351809: Current learning rate: 0.00872
2026-08-31 21:29:42.636122: train_loss -0.5027
2026-08-31 21:29:42.637304: val_loss -0.5199
2026-08-31 21:29:42.638528: Pseudo dice [np.float32(0.0113)]
2026-08-31 21:29:42.639652: Epoch time: 133.29 s
2026-08-31 21:29:43.549071: 
2026-08-31 21:29:43.550486: Epoch 142
2026-08-31 21:29:43.551566: Current learning rate: 0.00871
2026-08-31 21:31:30.564969: train_loss -0.5136
2026-08-31 21:31:30.566121: val_loss -0.514
2026-08-31 21:31:30.567182: Pseudo dice [np.float32(0.0247)]
2026-08-31 21:31:30.568141: Epoch time: 107.02 s
2026-08-31 21:31:31.473704: 
2026-08-31 21:31:31.475104: Epoch 143
2026-08-31 21:31:31.476105: Current learning rate: 0.0087
2026-08-31 21:33:21.703034: train_loss -0.4995
2026-08-31 21:33:21.708270: val_loss -0.52
2026-08-31 21:33:21.716774: Pseudo dice [np.float32(0.0259)]
2026-08-31 21:33:21.718209: Epoch time: 110.23 s
2026-08-31 21:33:23.300162: 
2026-08-31 21:33:23.305355: Epoch 144
2026-08-31 21:33:23.306541: Current learning rate: 0.00869
2026-08-31 21:35:03.797609: train_loss -0.5008
2026-08-31 21:35:03.798681: val_loss -0.5108
2026-08-31 21:35:03.799594: Pseudo dice [np.float32(0.0215)]
2026-08-31 21:35:03.800502: Epoch time: 100.5 s
2026-08-31 21:35:04.693440: 
2026-08-31 21:35:04.694816: Epoch 145
2026-08-31 21:35:04.695874: Current learning rate: 0.00868
2026-08-31 21:36:42.638141: train_loss -0.4964
2026-08-31 21:36:42.639563: val_loss -0.5167
2026-08-31 21:36:42.640711: Pseudo dice [np.float32(0.032)]
2026-08-31 21:36:42.641639: Epoch time: 97.95 s
2026-08-31 21:36:43.533186: 
2026-08-31 21:36:43.534408: Epoch 146
2026-08-31 21:36:43.535239: Current learning rate: 0.00868
2026-08-31 21:38:25.245215: train_loss -0.512
2026-08-31 21:38:25.263340: val_loss -0.5076
2026-08-31 21:38:25.264466: Pseudo dice [np.float32(0.0284)]
2026-08-31 21:38:25.265403: Epoch time: 101.71 s
2026-08-31 21:38:25.266288: Yayy! New best EMA pseudo Dice: 0.020400000736117363
2026-08-31 21:38:28.222232: 
2026-08-31 21:38:28.223648: Epoch 147
2026-08-31 21:38:28.224545: Current learning rate: 0.00867
2026-08-31 21:40:08.200855: train_loss -0.4902
2026-08-31 21:40:08.202141: val_loss -0.5104
2026-08-31 21:40:08.203354: Pseudo dice [np.float32(0.0346)]
2026-08-31 21:40:08.204487: Epoch time: 99.98 s
2026-08-31 21:40:08.205530: Yayy! New best EMA pseudo Dice: 0.021800000220537186
2026-08-31 21:40:10.681153: 
2026-08-31 21:40:10.682243: Epoch 148
2026-08-31 21:40:10.683122: Current learning rate: 0.00866
2026-08-31 21:41:51.602078: train_loss -0.4923
2026-08-31 21:41:51.607353: val_loss -0.5265
2026-08-31 21:41:51.610424: Pseudo dice [np.float32(0.0218)]
2026-08-31 21:41:51.611629: Epoch time: 100.92 s
2026-08-31 21:41:52.528997: 
2026-08-31 21:41:52.530311: Epoch 149
2026-08-31 21:41:52.531411: Current learning rate: 0.00865
2026-08-31 21:43:38.556318: train_loss -0.5033
2026-08-31 21:43:38.557566: val_loss -0.5209
2026-08-31 21:43:38.558776: Pseudo dice [np.float32(0.0297)]
2026-08-31 21:43:38.559919: Epoch time: 106.03 s
2026-08-31 21:43:39.626730: Yayy! New best EMA pseudo Dice: 0.022600000724196434
2026-08-31 21:43:41.720474: 
2026-08-31 21:43:41.721754: Epoch 150
2026-08-31 21:43:41.722886: Current learning rate: 0.00864
2026-08-31 21:45:19.708096: train_loss -0.5051
2026-08-31 21:45:19.709162: val_loss -0.5027
2026-08-31 21:45:19.710206: Pseudo dice [np.float32(0.0305)]
2026-08-31 21:45:19.711068: Epoch time: 97.99 s
2026-08-31 21:45:19.711896: Yayy! New best EMA pseudo Dice: 0.023399999365210533
2026-08-31 21:45:21.814872: 
2026-08-31 21:45:21.816126: Epoch 151
2026-08-31 21:45:21.817109: Current learning rate: 0.00863
2026-08-31 21:47:00.383126: train_loss -0.5054
2026-08-31 21:47:00.384610: val_loss -0.5111
2026-08-31 21:47:00.386262: Pseudo dice [np.float32(0.0269)]
2026-08-31 21:47:00.387622: Epoch time: 98.57 s
2026-08-31 21:47:00.388743: Yayy! New best EMA pseudo Dice: 0.023800000548362732
2026-08-31 21:47:02.500218: 
2026-08-31 21:47:02.501635: Epoch 152
2026-08-31 21:47:02.502718: Current learning rate: 0.00862
2026-08-31 21:48:43.062470: train_loss -0.5087
2026-08-31 21:48:43.067868: val_loss -0.5274
2026-08-31 21:48:43.070960: Pseudo dice [np.float32(0.0128)]
2026-08-31 21:48:43.072029: Epoch time: 100.56 s
2026-08-31 21:48:44.135043: 
2026-08-31 21:48:44.136449: Epoch 153
2026-08-31 21:48:44.137707: Current learning rate: 0.00861
2026-08-31 21:50:28.513014: train_loss -0.4972
2026-08-31 21:50:28.519752: val_loss -0.517
2026-08-31 21:50:28.522710: Pseudo dice [np.float32(0.0232)]
2026-08-31 21:50:28.523654: Epoch time: 104.38 s
2026-08-31 21:50:29.589328: 
2026-08-31 21:50:29.590495: Epoch 154
2026-08-31 21:50:29.591351: Current learning rate: 0.0086
2026-08-31 21:52:08.669264: train_loss -0.4959
2026-08-31 21:52:08.670860: val_loss -0.4664
2026-08-31 21:52:08.672285: Pseudo dice [np.float32(0.0051)]
2026-08-31 21:52:08.673542: Epoch time: 99.08 s
2026-08-31 21:52:09.570104: 
2026-08-31 21:52:09.571403: Epoch 155
2026-08-31 21:52:09.572348: Current learning rate: 0.00859
2026-08-31 21:53:48.231934: train_loss -0.4943
2026-08-31 21:53:48.233109: val_loss -0.5179
2026-08-31 21:53:48.234210: Pseudo dice [np.float32(0.0076)]
2026-08-31 21:53:48.235270: Epoch time: 98.66 s
2026-08-31 21:53:49.130528: 
2026-08-31 21:53:49.131889: Epoch 156
2026-08-31 21:53:49.132974: Current learning rate: 0.00858
2026-08-31 21:55:28.543860: train_loss -0.5092
2026-08-31 21:55:28.545662: val_loss -0.5154
2026-08-31 21:55:28.546829: Pseudo dice [np.float32(0.0185)]
2026-08-31 21:55:28.547880: Epoch time: 99.42 s
2026-08-31 21:55:29.457911: 
2026-08-31 21:55:29.459141: Epoch 157
2026-08-31 21:55:29.460062: Current learning rate: 0.00858
2026-08-31 21:57:07.347107: train_loss -0.5078
2026-08-31 21:57:07.348361: val_loss -0.5187
2026-08-31 21:57:07.349482: Pseudo dice [np.float32(0.0137)]
2026-08-31 21:57:07.350590: Epoch time: 97.89 s
2026-08-31 21:57:08.255984: 
2026-08-31 21:57:08.257360: Epoch 158
2026-08-31 21:57:08.258459: Current learning rate: 0.00857
2026-08-31 21:58:50.759631: train_loss -0.5032
2026-08-31 21:58:50.761408: val_loss -0.5089
2026-08-31 21:58:50.762907: Pseudo dice [np.float32(0.0154)]
2026-08-31 21:58:50.764057: Epoch time: 102.5 s
2026-08-31 21:58:52.520558: 
2026-08-31 21:58:52.522409: Epoch 159
2026-08-31 21:58:52.523567: Current learning rate: 0.00856
2026-08-31 22:00:31.225958: train_loss -0.5087
2026-08-31 22:00:31.227437: val_loss -0.511
2026-08-31 22:00:31.228566: Pseudo dice [np.float32(0.0174)]
2026-08-31 22:00:31.229565: Epoch time: 98.71 s
2026-08-31 22:00:32.170726: 
2026-08-31 22:00:32.172109: Epoch 160
2026-08-31 22:00:32.173188: Current learning rate: 0.00855
2026-08-31 22:02:13.092724: train_loss -0.5004
2026-08-31 22:02:13.094058: val_loss -0.515
2026-08-31 22:02:13.099294: Pseudo dice [np.float32(0.0124)]
2026-08-31 22:02:13.100524: Epoch time: 100.92 s
2026-08-31 22:02:14.126432: 
2026-08-31 22:02:14.127597: Epoch 161
2026-08-31 22:02:14.128542: Current learning rate: 0.00854
2026-08-31 22:04:01.308698: train_loss -0.5012
2026-08-31 22:04:01.310094: val_loss -0.5237
2026-08-31 22:04:01.311128: Pseudo dice [np.float32(0.0256)]
2026-08-31 22:04:01.312191: Epoch time: 107.18 s
2026-08-31 22:04:02.424376: 
2026-08-31 22:04:02.425668: Epoch 162
2026-08-31 22:04:02.426555: Current learning rate: 0.00853
2026-08-31 22:05:44.535457: train_loss -0.4925
2026-08-31 22:05:44.540740: val_loss -0.5231
2026-08-31 22:05:44.542140: Pseudo dice [np.float32(0.0297)]
2026-08-31 22:05:44.543281: Epoch time: 102.11 s
2026-08-31 22:05:45.804834: 
2026-08-31 22:05:45.806926: Epoch 163
2026-08-31 22:05:45.808172: Current learning rate: 0.00852
2026-08-31 22:07:25.376713: train_loss -0.5141
2026-08-31 22:07:25.378047: val_loss -0.5358
2026-08-31 22:07:25.379093: Pseudo dice [np.float32(0.0572)]
2026-08-31 22:07:25.380007: Epoch time: 99.57 s
2026-08-31 22:07:26.277555: 
2026-08-31 22:07:26.278907: Epoch 164
2026-08-31 22:07:26.280053: Current learning rate: 0.00851
2026-08-31 22:09:05.155663: train_loss -0.5116
2026-08-31 22:09:05.157265: val_loss -0.5242
2026-08-31 22:09:05.158363: Pseudo dice [np.float32(0.017)]
2026-08-31 22:09:05.162709: Epoch time: 98.88 s
2026-08-31 22:09:06.041946: 
2026-08-31 22:09:06.043480: Epoch 165
2026-08-31 22:09:06.044398: Current learning rate: 0.0085
2026-08-31 22:10:45.104161: train_loss -0.5134
2026-08-31 22:10:45.105475: val_loss -0.5376
2026-08-31 22:10:45.106453: Pseudo dice [np.float32(0.0606)]
2026-08-31 22:10:45.107450: Epoch time: 99.06 s
2026-08-31 22:10:45.108313: Yayy! New best EMA pseudo Dice: 0.026599999517202377
2026-08-31 22:10:47.520838: 
2026-08-31 22:10:47.522264: Epoch 166
2026-08-31 22:10:47.523393: Current learning rate: 0.00849
2026-08-31 22:12:26.331324: train_loss -0.5052
2026-08-31 22:12:26.332487: val_loss -0.514
2026-08-31 22:12:26.333575: Pseudo dice [np.float32(0.0115)]
2026-08-31 22:12:26.334554: Epoch time: 98.81 s
2026-08-31 22:12:27.220516: 
2026-08-31 22:12:27.221772: Epoch 167
2026-08-31 22:12:27.222688: Current learning rate: 0.00848
2026-08-31 22:14:08.515772: train_loss -0.5209
2026-08-31 22:14:08.517267: val_loss -0.5274
2026-08-31 22:14:08.518247: Pseudo dice [np.float32(0.018)]
2026-08-31 22:14:08.519165: Epoch time: 101.3 s
2026-08-31 22:14:09.403138: 
2026-08-31 22:14:09.404572: Epoch 168
2026-08-31 22:14:09.405472: Current learning rate: 0.00847
2026-08-31 22:15:49.650475: train_loss -0.5013
2026-08-31 22:15:49.670288: val_loss -0.5226
2026-08-31 22:15:49.672015: Pseudo dice [np.float32(0.0071)]
2026-08-31 22:15:49.673310: Epoch time: 100.25 s
2026-08-31 22:15:50.663174: 
2026-08-31 22:15:50.664758: Epoch 169
2026-08-31 22:15:50.665904: Current learning rate: 0.00847
2026-08-31 22:17:30.971956: train_loss -0.5138
2026-08-31 22:17:30.973534: val_loss -0.5165
2026-08-31 22:17:30.974549: Pseudo dice [np.float32(0.0166)]
2026-08-31 22:17:30.975475: Epoch time: 100.31 s
2026-08-31 22:17:31.879843: 
2026-08-31 22:17:31.881177: Epoch 170
2026-08-31 22:17:31.882129: Current learning rate: 0.00846
2026-08-31 22:19:12.193295: train_loss -0.4981
2026-08-31 22:19:12.194487: val_loss -0.5188
2026-08-31 22:19:12.195464: Pseudo dice [np.float32(0.038)]
2026-08-31 22:19:12.196556: Epoch time: 100.32 s
2026-08-31 22:19:13.093160: 
2026-08-31 22:19:13.094551: Epoch 171
2026-08-31 22:19:13.095415: Current learning rate: 0.00845
2026-08-31 22:20:53.020575: train_loss -0.5011
2026-08-31 22:20:53.021801: val_loss -0.5058
2026-08-31 22:20:53.022831: Pseudo dice [np.float32(0.0326)]
2026-08-31 22:20:53.023899: Epoch time: 99.93 s
2026-08-31 22:20:53.915238: 
2026-08-31 22:20:53.916422: Epoch 172
2026-08-31 22:20:53.917241: Current learning rate: 0.00844
2026-08-31 22:22:33.326531: train_loss -0.5151
2026-08-31 22:22:33.331573: val_loss -0.5205
2026-08-31 22:22:33.332858: Pseudo dice [np.float32(0.1101)]
2026-08-31 22:22:33.333935: Epoch time: 99.41 s
2026-08-31 22:22:33.334859: Yayy! New best EMA pseudo Dice: 0.03310000151395798
2026-08-31 22:22:35.508401: 
2026-08-31 22:22:35.509853: Epoch 173
2026-08-31 22:22:35.510894: Current learning rate: 0.00843
2026-08-31 22:24:17.641742: train_loss -0.5002
2026-08-31 22:24:17.643968: val_loss -0.528
2026-08-31 22:24:17.648093: Pseudo dice [np.float32(0.0147)]
2026-08-31 22:24:17.649295: Epoch time: 102.14 s
2026-08-31 22:24:18.638433: 
2026-08-31 22:24:18.639674: Epoch 174
2026-08-31 22:24:18.640512: Current learning rate: 0.00842
2026-08-31 22:25:59.274935: train_loss -0.5048
2026-08-31 22:25:59.276102: val_loss -0.5092
2026-08-31 22:25:59.277083: Pseudo dice [np.float32(0.0161)]
2026-08-31 22:25:59.278074: Epoch time: 100.64 s
2026-08-31 22:26:01.466912: 
2026-08-31 22:26:01.468278: Epoch 175
2026-08-31 22:26:01.469221: Current learning rate: 0.00841
2026-08-31 22:27:44.816940: train_loss -0.5037
2026-08-31 22:27:44.821547: val_loss -0.509
2026-08-31 22:27:44.822838: Pseudo dice [np.float32(0.0125)]
2026-08-31 22:27:44.823871: Epoch time: 103.35 s
2026-08-31 22:27:46.212231: 
2026-08-31 22:27:46.218911: Epoch 176
2026-08-31 22:27:46.220361: Current learning rate: 0.0084
2026-08-31 22:29:25.837383: train_loss -0.5173
2026-08-31 22:29:25.839025: val_loss -0.5338
2026-08-31 22:29:25.840016: Pseudo dice [np.float32(0.0941)]
2026-08-31 22:29:25.840991: Epoch time: 99.63 s
2026-08-31 22:29:25.841887: Yayy! New best EMA pseudo Dice: 0.03460000082850456
2026-08-31 22:29:28.115846: 
2026-08-31 22:29:28.117464: Epoch 177
2026-08-31 22:29:28.118707: Current learning rate: 0.00839
2026-08-31 22:31:07.043226: train_loss -0.5118
2026-08-31 22:31:07.044473: val_loss -0.5065
2026-08-31 22:31:07.045604: Pseudo dice [np.float32(0.0195)]
2026-08-31 22:31:07.046526: Epoch time: 98.93 s
2026-08-31 22:31:08.149146: 
2026-08-31 22:31:08.150737: Epoch 178
2026-08-31 22:31:08.151696: Current learning rate: 0.00838
2026-08-31 22:32:48.654825: train_loss -0.4977
2026-08-31 22:32:48.656102: val_loss -0.5179
2026-08-31 22:32:48.657302: Pseudo dice [np.float32(0.0135)]
2026-08-31 22:32:48.658444: Epoch time: 100.51 s
2026-08-31 22:32:49.545938: 
2026-08-31 22:32:49.547159: Epoch 179
2026-08-31 22:32:49.548134: Current learning rate: 0.00837
2026-08-31 22:34:28.693485: train_loss -0.5118
2026-08-31 22:34:28.694741: val_loss -0.5215
2026-08-31 22:34:28.695657: Pseudo dice [np.float32(0.0686)]
2026-08-31 22:34:28.696509: Epoch time: 99.15 s
2026-08-31 22:34:28.697412: Yayy! New best EMA pseudo Dice: 0.0348999984562397
2026-08-31 22:34:30.805434: 
2026-08-31 22:34:30.806837: Epoch 180
2026-08-31 22:34:30.807705: Current learning rate: 0.00836
2026-08-31 22:36:11.468240: train_loss -0.509
2026-08-31 22:36:11.469891: val_loss -0.5249
2026-08-31 22:36:11.471273: Pseudo dice [np.float32(0.0241)]
2026-08-31 22:36:11.472372: Epoch time: 100.67 s
2026-08-31 22:36:12.365355: 
2026-08-31 22:36:12.366819: Epoch 181
2026-08-31 22:36:12.367730: Current learning rate: 0.00836
2026-08-31 22:37:51.586512: train_loss -0.5023
2026-08-31 22:37:51.588267: val_loss -0.5084
2026-08-31 22:37:51.589806: Pseudo dice [np.float32(0.006)]
2026-08-31 22:37:51.597877: Epoch time: 99.22 s
2026-08-31 22:37:52.931152: 
2026-08-31 22:37:52.932529: Epoch 182
2026-08-31 22:37:52.933395: Current learning rate: 0.00835
2026-08-31 22:39:34.740072: train_loss -0.4858
2026-08-31 22:39:34.741591: val_loss -0.5042
2026-08-31 22:39:34.742858: Pseudo dice [np.float32(0.0131)]
2026-08-31 22:39:34.743938: Epoch time: 101.81 s
2026-08-31 22:39:35.624943: 
2026-08-31 22:39:35.626441: Epoch 183
2026-08-31 22:39:35.627346: Current learning rate: 0.00834
2026-08-31 22:41:15.579579: train_loss -0.5163
2026-08-31 22:41:15.580890: val_loss -0.5081
2026-08-31 22:41:15.581944: Pseudo dice [np.float32(0.0065)]
2026-08-31 22:41:15.582831: Epoch time: 99.96 s
2026-08-31 22:41:16.454876: 
2026-08-31 22:41:16.456319: Epoch 184
2026-08-31 22:41:16.457392: Current learning rate: 0.00833
2026-08-31 22:42:55.330898: train_loss -0.5036
2026-08-31 22:42:55.332624: val_loss -0.5236
2026-08-31 22:42:55.333754: Pseudo dice [np.float32(0.036)]
2026-08-31 22:42:55.334717: Epoch time: 98.88 s
2026-08-31 22:42:56.211329: 
2026-08-31 22:42:56.212370: Epoch 185
2026-08-31 22:42:56.213229: Current learning rate: 0.00832
2026-08-31 22:44:34.540390: train_loss -0.5099
2026-08-31 22:44:34.541640: val_loss -0.5193
2026-08-31 22:44:34.542869: Pseudo dice [np.float32(0.0297)]
2026-08-31 22:44:34.543901: Epoch time: 98.33 s
2026-08-31 22:44:35.430444: 
2026-08-31 22:44:35.432008: Epoch 186
2026-08-31 22:44:35.433036: Current learning rate: 0.00831
2026-08-31 22:46:13.740982: train_loss -0.513
2026-08-31 22:46:13.742513: val_loss -0.5029
2026-08-31 22:46:13.743530: Pseudo dice [np.float32(0.0197)]
2026-08-31 22:46:13.744454: Epoch time: 98.31 s
2026-08-31 22:46:14.623261: 
2026-08-31 22:46:14.624688: Epoch 187
2026-08-31 22:46:14.625542: Current learning rate: 0.0083
2026-08-31 22:47:53.777709: train_loss -0.4934
2026-08-31 22:47:53.778886: val_loss -0.5002
2026-08-31 22:47:53.779954: Pseudo dice [np.float32(0.0107)]
2026-08-31 22:47:53.780975: Epoch time: 99.16 s
2026-08-31 22:47:54.651381: 
2026-08-31 22:47:54.652835: Epoch 188
2026-08-31 22:47:54.653939: Current learning rate: 0.00829
2026-08-31 22:49:33.630914: train_loss -0.5104
2026-08-31 22:49:33.632036: val_loss -0.5286
2026-08-31 22:49:33.633095: Pseudo dice [np.float32(0.0288)]
2026-08-31 22:49:33.634105: Epoch time: 98.98 s
2026-08-31 22:49:34.503978: 
2026-08-31 22:49:34.505308: Epoch 189
2026-08-31 22:49:34.506203: Current learning rate: 0.00828
2026-08-31 22:51:14.632997: train_loss -0.5245
2026-08-31 22:51:14.634196: val_loss -0.525
2026-08-31 22:51:14.635256: Pseudo dice [np.float32(0.0512)]
2026-08-31 22:51:14.636192: Epoch time: 100.13 s
2026-08-31 22:51:15.514481: 
2026-08-31 22:51:15.516039: Epoch 190
2026-08-31 22:51:15.517022: Current learning rate: 0.00827
2026-08-31 22:52:53.900766: train_loss -0.5055
2026-08-31 22:52:53.901915: val_loss -0.5175
2026-08-31 22:52:53.902951: Pseudo dice [np.float32(0.0102)]
2026-08-31 22:52:53.904027: Epoch time: 98.39 s
2026-08-31 22:52:54.780653: 
2026-08-31 22:52:54.782102: Epoch 191
2026-08-31 22:52:54.783102: Current learning rate: 0.00826
2026-08-31 22:54:40.168031: train_loss -0.487
2026-08-31 22:54:40.185809: val_loss -0.52
2026-08-31 22:54:40.187215: Pseudo dice [np.float32(0.0295)]
2026-08-31 22:54:40.188517: Epoch time: 105.39 s
2026-08-31 22:54:41.176285: 
2026-08-31 22:54:41.177482: Epoch 192
2026-08-31 22:54:41.178389: Current learning rate: 0.00825
2026-08-31 22:56:27.671747: train_loss -0.5039
2026-08-31 22:56:27.680538: val_loss -0.5206
2026-08-31 22:56:27.682640: Pseudo dice [np.float32(0.0113)]
2026-08-31 22:56:27.684244: Epoch time: 106.5 s
2026-08-31 22:56:29.208144: 
2026-08-31 22:56:29.209344: Epoch 193
2026-08-31 22:56:29.210246: Current learning rate: 0.00824
2026-08-31 22:58:08.176447: train_loss -0.5089
2026-08-31 22:58:08.178798: val_loss -0.5401
2026-08-31 22:58:08.179881: Pseudo dice [np.float32(0.0513)]
2026-08-31 22:58:08.181000: Epoch time: 98.97 s
2026-08-31 22:58:09.332838: 
2026-08-31 22:58:09.334089: Epoch 194
2026-08-31 22:58:09.335113: Current learning rate: 0.00824
2026-08-31 22:59:50.502222: train_loss -0.5116
2026-08-31 22:59:50.517956: val_loss -0.517
2026-08-31 22:59:50.518999: Pseudo dice [np.float32(0.0336)]
2026-08-31 22:59:50.519965: Epoch time: 101.17 s
2026-08-31 22:59:51.454090: 
2026-08-31 22:59:51.455571: Epoch 195
2026-08-31 22:59:51.456596: Current learning rate: 0.00823
2026-08-31 23:01:30.277036: train_loss -0.5058
2026-08-31 23:01:30.325119: val_loss -0.5251
2026-08-31 23:01:30.326144: Pseudo dice [np.float32(0.0389)]
2026-08-31 23:01:30.327096: Epoch time: 98.83 s
2026-08-31 23:01:31.401176: 
2026-08-31 23:01:31.402668: Epoch 196
2026-08-31 23:01:31.403595: Current learning rate: 0.00822
2026-08-31 23:03:12.530608: train_loss -0.511
2026-08-31 23:03:12.531928: val_loss -0.5303
2026-08-31 23:03:12.532845: Pseudo dice [np.float32(0.04)]
2026-08-31 23:03:12.533706: Epoch time: 101.13 s
2026-08-31 23:03:13.419267: 
2026-08-31 23:03:13.420928: Epoch 197
2026-08-31 23:03:13.421993: Current learning rate: 0.00821
2026-08-31 23:04:51.590635: train_loss -0.5211
2026-08-31 23:04:51.593127: val_loss -0.5159
2026-08-31 23:04:51.594060: Pseudo dice [np.float32(0.0228)]
2026-08-31 23:04:51.594984: Epoch time: 98.17 s
2026-08-31 23:04:52.492976: 
2026-08-31 23:04:52.494252: Epoch 198
2026-08-31 23:04:52.495273: Current learning rate: 0.0082
2026-08-31 23:06:33.927544: train_loss -0.5194
2026-08-31 23:06:33.930365: val_loss -0.5158
2026-08-31 23:06:33.931324: Pseudo dice [np.float32(0.0168)]
2026-08-31 23:06:33.941373: Epoch time: 101.44 s
2026-08-31 23:06:35.153256: 
2026-08-31 23:06:35.154860: Epoch 199
2026-08-31 23:06:35.155890: Current learning rate: 0.00819
2026-08-31 23:08:15.234863: train_loss -0.5064
2026-08-31 23:08:15.237246: val_loss -0.5016
2026-08-31 23:08:15.238403: Pseudo dice [np.float32(0.009)]
2026-08-31 23:08:15.239288: Epoch time: 100.08 s
2026-08-31 23:08:17.549977: 
2026-08-31 23:08:17.551370: Epoch 200
2026-08-31 23:08:17.552270: Current learning rate: 0.00818
2026-08-31 23:09:58.552325: train_loss -0.5003
2026-08-31 23:09:58.554629: val_loss -0.5214
2026-08-31 23:09:58.555560: Pseudo dice [np.float32(0.0264)]
2026-08-31 23:09:58.556433: Epoch time: 101.01 s
2026-08-31 23:09:59.556447: 
2026-08-31 23:09:59.557690: Epoch 201
2026-08-31 23:09:59.558600: Current learning rate: 0.00817
2026-08-31 23:11:37.207632: train_loss -0.5265
2026-08-31 23:11:37.209305: val_loss -0.5221
2026-08-31 23:11:37.210302: Pseudo dice [np.float32(0.0149)]
2026-08-31 23:11:37.211480: Epoch time: 97.65 s
2026-08-31 23:11:38.127882: 
2026-08-31 23:11:38.129526: Epoch 202
2026-08-31 23:11:38.130475: Current learning rate: 0.00816
2026-08-31 23:13:16.951444: train_loss -0.519
2026-08-31 23:13:16.955825: val_loss -0.5112
2026-08-31 23:13:16.958985: Pseudo dice [np.float32(0.0329)]
2026-08-31 23:13:16.959912: Epoch time: 98.83 s
2026-08-31 23:13:17.931465: 
2026-08-31 23:13:17.932836: Epoch 203
2026-08-31 23:13:17.933944: Current learning rate: 0.00815
2026-08-31 23:14:58.881281: train_loss -0.5084
2026-08-31 23:14:58.882444: val_loss -0.5313
2026-08-31 23:14:58.883440: Pseudo dice [np.float32(0.0247)]
2026-08-31 23:14:58.884515: Epoch time: 100.95 s
2026-08-31 23:14:59.783067: 
2026-08-31 23:14:59.784840: Epoch 204
2026-08-31 23:14:59.785787: Current learning rate: 0.00814
2026-08-31 23:16:37.433383: train_loss -0.523
2026-08-31 23:16:37.434510: val_loss -0.5452
2026-08-31 23:16:37.435608: Pseudo dice [np.float32(0.0739)]
2026-08-31 23:16:37.436552: Epoch time: 97.65 s
2026-08-31 23:16:38.321625: 
2026-08-31 23:16:38.322966: Epoch 205
2026-08-31 23:16:38.324013: Current learning rate: 0.00813
2026-08-31 23:18:17.583883: train_loss -0.4873
2026-08-31 23:18:17.586083: val_loss -0.4873
2026-08-31 23:18:17.587003: Pseudo dice [np.float32(0.0132)]
2026-08-31 23:18:17.587900: Epoch time: 99.26 s
2026-08-31 23:18:18.456679: 
2026-08-31 23:18:18.458050: Epoch 206
2026-08-31 23:18:18.458860: Current learning rate: 0.00813
2026-08-31 23:19:57.663760: train_loss -0.4837
2026-08-31 23:19:57.664848: val_loss -0.5185
2026-08-31 23:19:57.665805: Pseudo dice [np.float32(0.0104)]
2026-08-31 23:19:57.668080: Epoch time: 99.21 s
2026-08-31 23:19:58.523922: 
2026-08-31 23:19:58.525300: Epoch 207
2026-08-31 23:19:58.526192: Current learning rate: 0.00812
2026-08-31 23:21:38.508518: train_loss -0.5103
2026-08-31 23:21:38.509624: val_loss -0.5158
2026-08-31 23:21:38.510828: Pseudo dice [np.float32(0.011)]
2026-08-31 23:21:38.511804: Epoch time: 99.99 s
2026-08-31 23:21:39.393312: 
2026-08-31 23:21:39.394668: Epoch 208
2026-08-31 23:21:39.395587: Current learning rate: 0.00811
2026-08-31 23:23:17.233225: train_loss -0.5047
2026-08-31 23:23:17.234491: val_loss -0.5377
2026-08-31 23:23:17.235375: Pseudo dice [np.float32(0.0218)]
2026-08-31 23:23:17.236262: Epoch time: 97.84 s
2026-08-31 23:23:18.098600: 
2026-08-31 23:23:18.100156: Epoch 209
2026-08-31 23:23:18.101080: Current learning rate: 0.0081
2026-08-31 23:24:56.363321: train_loss -0.5113
2026-08-31 23:24:56.364373: val_loss -0.5004
2026-08-31 23:24:56.365308: Pseudo dice [np.float32(0.0322)]
2026-08-31 23:24:56.366243: Epoch time: 98.27 s
2026-08-31 23:24:57.300337: 
2026-08-31 23:24:57.301620: Epoch 210
2026-08-31 23:24:57.302874: Current learning rate: 0.00809
2026-08-31 23:26:36.193866: train_loss -0.4981
2026-08-31 23:26:36.200353: val_loss -0.5173
2026-08-31 23:26:36.201977: Pseudo dice [np.float32(0.0129)]
2026-08-31 23:26:36.204291: Epoch time: 98.9 s
2026-08-31 23:26:37.091001: 
2026-08-31 23:26:37.092285: Epoch 211
2026-08-31 23:26:37.093153: Current learning rate: 0.00808
2026-08-31 23:28:16.141981: train_loss -0.5038
2026-08-31 23:28:16.143208: val_loss -0.4972
2026-08-31 23:28:16.144145: Pseudo dice [np.float32(0.0153)]
2026-08-31 23:28:16.145189: Epoch time: 99.05 s
2026-08-31 23:28:17.020787: 
2026-08-31 23:28:17.022388: Epoch 212
2026-08-31 23:28:17.023491: Current learning rate: 0.00807
2026-08-31 23:29:56.681479: train_loss -0.4975
2026-08-31 23:29:56.682810: val_loss -0.5205
2026-08-31 23:29:56.683927: Pseudo dice [np.float32(0.0249)]
2026-08-31 23:29:56.684888: Epoch time: 99.66 s
2026-08-31 23:29:57.625159: 
2026-08-31 23:29:57.626481: Epoch 213
2026-08-31 23:29:57.627349: Current learning rate: 0.00806
2026-08-31 23:31:38.358862: train_loss -0.5097
2026-08-31 23:31:38.360002: val_loss -0.5254
2026-08-31 23:31:38.361132: Pseudo dice [np.float32(0.0448)]
2026-08-31 23:31:38.362080: Epoch time: 100.74 s
2026-08-31 23:31:40.291583: 
2026-08-31 23:31:40.292744: Epoch 214
2026-08-31 23:31:40.293759: Current learning rate: 0.00805
2026-08-31 23:33:20.047615: train_loss -0.4971
2026-08-31 23:33:20.048960: val_loss -0.5189
2026-08-31 23:33:20.049990: Pseudo dice [np.float32(0.0307)]
2026-08-31 23:33:20.051056: Epoch time: 99.76 s
2026-08-31 23:33:20.917871: 
2026-08-31 23:33:20.919157: Epoch 215
2026-08-31 23:33:20.920075: Current learning rate: 0.00804
2026-08-31 23:35:01.442742: train_loss -0.5061
2026-08-31 23:35:01.443891: val_loss -0.5519
2026-08-31 23:35:01.445767: Pseudo dice [np.float32(0.0671)]
2026-08-31 23:35:01.447143: Epoch time: 100.53 s
2026-08-31 23:35:02.304366: 
2026-08-31 23:35:02.305628: Epoch 216
2026-08-31 23:35:02.306577: Current learning rate: 0.00803
2026-08-31 23:36:41.590036: train_loss -0.513
2026-08-31 23:36:41.591704: val_loss -0.5124
2026-08-31 23:36:41.592648: Pseudo dice [np.float32(0.0143)]
2026-08-31 23:36:41.593656: Epoch time: 99.29 s
2026-08-31 23:36:42.483947: 
2026-08-31 23:36:42.485232: Epoch 217
2026-08-31 23:36:42.486324: Current learning rate: 0.00802
2026-08-31 23:38:21.054814: train_loss -0.5168
2026-08-31 23:38:21.056375: val_loss -0.5329
2026-08-31 23:38:21.057544: Pseudo dice [np.float32(0.0381)]
2026-08-31 23:38:21.058436: Epoch time: 98.57 s
2026-08-31 23:38:21.941745: 
2026-08-31 23:38:21.943126: Epoch 218
2026-08-31 23:38:21.944049: Current learning rate: 0.00801
2026-08-31 23:40:04.111558: train_loss -0.5171
2026-08-31 23:40:04.125988: val_loss -0.5402
2026-08-31 23:40:04.127767: Pseudo dice [np.float32(0.0364)]
2026-08-31 23:40:04.129535: Epoch time: 102.17 s
2026-08-31 23:40:05.627416: 
2026-08-31 23:40:05.634536: Epoch 219
2026-08-31 23:40:05.635711: Current learning rate: 0.00801
2026-08-31 23:41:47.262477: train_loss -0.5115
2026-08-31 23:41:47.264118: val_loss -0.5272
2026-08-31 23:41:47.269521: Pseudo dice [np.float32(0.0592)]
2026-08-31 23:41:47.272584: Epoch time: 101.64 s
2026-08-31 23:41:48.437408: 
2026-08-31 23:41:48.438796: Epoch 220
2026-08-31 23:41:48.439729: Current learning rate: 0.008
2026-08-31 23:43:28.844524: train_loss -0.5119
2026-08-31 23:43:28.847027: val_loss -0.5198
2026-08-31 23:43:28.848057: Pseudo dice [np.float32(0.0861)]
2026-08-31 23:43:28.849493: Epoch time: 100.41 s
2026-08-31 23:43:28.850531: Yayy! New best EMA pseudo Dice: 0.038600001484155655
2026-08-31 23:43:31.280213: 
2026-08-31 23:43:31.281888: Epoch 221
2026-08-31 23:43:31.282885: Current learning rate: 0.00799
2026-08-31 23:45:09.311998: train_loss -0.5139
2026-08-31 23:45:09.313447: val_loss -0.5073
2026-08-31 23:45:09.314573: Pseudo dice [np.float32(0.0182)]
2026-08-31 23:45:09.315693: Epoch time: 98.03 s
2026-08-31 23:45:10.185423: 
2026-08-31 23:45:10.186724: Epoch 222
2026-08-31 23:45:10.187745: Current learning rate: 0.00798
2026-08-31 23:46:49.362972: train_loss -0.5141
2026-08-31 23:46:49.365866: val_loss -0.5047
2026-08-31 23:46:49.368288: Pseudo dice [np.float32(0.008)]
2026-08-31 23:46:49.370219: Epoch time: 99.18 s
2026-08-31 23:46:50.246456: 
2026-08-31 23:46:50.247849: Epoch 223
2026-08-31 23:46:50.248960: Current learning rate: 0.00797
2026-08-31 23:48:30.947823: train_loss -0.5233
2026-08-31 23:48:30.948990: val_loss -0.5309
2026-08-31 23:48:30.950117: Pseudo dice [np.float32(0.0269)]
2026-08-31 23:48:30.951180: Epoch time: 100.7 s
2026-08-31 23:48:31.824471: 
2026-08-31 23:48:31.825785: Epoch 224
2026-08-31 23:48:31.826718: Current learning rate: 0.00796
2026-08-31 23:50:15.245078: train_loss -0.516
2026-08-31 23:50:15.246178: val_loss -0.53
2026-08-31 23:50:15.252182: Pseudo dice [np.float32(0.0522)]
2026-08-31 23:50:15.253434: Epoch time: 103.42 s
2026-08-31 23:50:16.290668: 
2026-08-31 23:50:16.292026: Epoch 225
2026-08-31 23:50:16.292944: Current learning rate: 0.00795
2026-08-31 23:51:56.734320: train_loss -0.5234
2026-08-31 23:51:56.735548: val_loss -0.5122
2026-08-31 23:51:56.736510: Pseudo dice [np.float32(0.0158)]
2026-08-31 23:51:56.737419: Epoch time: 100.45 s
2026-08-31 23:51:57.597204: 
2026-08-31 23:51:57.598366: Epoch 226
2026-08-31 23:51:57.599371: Current learning rate: 0.00794
2026-08-31 23:53:36.390640: train_loss -0.5161
2026-08-31 23:53:36.392880: val_loss -0.5109
2026-08-31 23:53:36.393912: Pseudo dice [np.float32(0.0504)]
2026-08-31 23:53:36.394805: Epoch time: 98.8 s
2026-08-31 23:53:37.255385: 
2026-08-31 23:53:37.257062: Epoch 227
2026-08-31 23:53:37.258152: Current learning rate: 0.00793
2026-08-31 23:55:18.128165: train_loss -0.5025
2026-08-31 23:55:18.132753: val_loss -0.5094
2026-08-31 23:55:18.142231: Pseudo dice [np.float32(0.0328)]
2026-08-31 23:55:18.143247: Epoch time: 100.88 s
2026-08-31 23:55:19.095839: 
2026-08-31 23:55:19.097358: Epoch 228
2026-08-31 23:55:19.098606: Current learning rate: 0.00792
2026-08-31 23:56:59.670720: train_loss -0.5095
2026-08-31 23:56:59.671892: val_loss -0.542
2026-08-31 23:56:59.672848: Pseudo dice [np.float32(0.05)]
2026-08-31 23:56:59.673662: Epoch time: 100.58 s
2026-08-31 23:57:00.519827: 
2026-08-31 23:57:00.521316: Epoch 229
2026-08-31 23:57:00.522243: Current learning rate: 0.00791
2026-08-31 23:58:41.758448: train_loss -0.5115
2026-08-31 23:58:41.766841: val_loss -0.5106
2026-08-31 23:58:41.768228: Pseudo dice [np.float32(0.0187)]
2026-08-31 23:58:41.769255: Epoch time: 101.24 s
2026-08-31 23:58:42.647646: 
2026-08-31 23:58:42.649002: Epoch 230
2026-08-31 23:58:42.649880: Current learning rate: 0.0079
2026-09-01 00:00:22.824960: train_loss -0.4995
2026-09-01 00:00:22.826011: val_loss -0.5101
2026-09-01 00:00:22.826975: Pseudo dice [np.float32(0.0148)]
2026-09-01 00:00:22.827852: Epoch time: 100.18 s
2026-09-01 00:00:23.677395: 
2026-09-01 00:00:23.679158: Epoch 231
2026-09-01 00:00:23.680182: Current learning rate: 0.00789
2026-09-01 00:02:08.193705: train_loss -0.5201
2026-09-01 00:02:08.200578: val_loss -0.5101
2026-09-01 00:02:08.203992: Pseudo dice [np.float32(0.0167)]
2026-09-01 00:02:08.212770: Epoch time: 104.51 s
2026-09-01 00:02:09.695695: 
2026-09-01 00:02:09.702021: Epoch 232
2026-09-01 00:02:09.703382: Current learning rate: 0.00789
2026-09-01 00:03:50.292394: train_loss -0.5084
2026-09-01 00:03:50.300480: val_loss -0.5202
2026-09-01 00:03:50.308713: Pseudo dice [np.float32(0.0154)]
2026-09-01 00:03:50.311848: Epoch time: 100.6 s
2026-09-01 00:03:51.433935: 
2026-09-01 00:03:51.435499: Epoch 233
2026-09-01 00:03:51.436404: Current learning rate: 0.00788
2026-09-01 00:05:31.986321: train_loss -0.5133
2026-09-01 00:05:31.988468: val_loss -0.501
2026-09-01 00:05:31.989628: Pseudo dice [np.float32(0.016)]
2026-09-01 00:05:31.990723: Epoch time: 100.55 s
2026-09-01 00:05:32.842150: 
2026-09-01 00:05:32.843469: Epoch 234
2026-09-01 00:05:32.844642: Current learning rate: 0.00787
2026-09-01 00:07:13.046221: train_loss -0.5102
2026-09-01 00:07:13.050137: val_loss -0.5374
2026-09-01 00:07:13.058718: Pseudo dice [np.float32(0.0424)]
2026-09-01 00:07:13.059649: Epoch time: 100.21 s
2026-09-01 00:07:14.232825: 
2026-09-01 00:07:14.234027: Epoch 235
2026-09-01 00:07:14.235020: Current learning rate: 0.00786
2026-09-01 00:08:56.863697: train_loss -0.5203
2026-09-01 00:08:56.867741: val_loss -0.4921
2026-09-01 00:08:56.868862: Pseudo dice [np.float32(0.0077)]
2026-09-01 00:08:56.869706: Epoch time: 102.63 s
2026-09-01 00:08:57.744454: 
2026-09-01 00:08:57.745770: Epoch 236
2026-09-01 00:08:57.746828: Current learning rate: 0.00785
2026-09-01 00:10:37.103050: train_loss -0.5062
2026-09-01 00:10:37.104590: val_loss -0.5202
2026-09-01 00:10:37.105725: Pseudo dice [np.float32(0.0329)]
2026-09-01 00:10:37.106860: Epoch time: 99.36 s
2026-09-01 00:10:38.019701: 
2026-09-01 00:10:38.021126: Epoch 237
2026-09-01 00:10:38.022196: Current learning rate: 0.00784
2026-09-01 00:12:17.356837: train_loss -0.5145
2026-09-01 00:12:17.358300: val_loss -0.4983
2026-09-01 00:12:17.359377: Pseudo dice [np.float32(0.0443)]
2026-09-01 00:12:17.360295: Epoch time: 99.34 s
2026-09-01 00:12:18.223753: 
2026-09-01 00:12:18.225216: Epoch 238
2026-09-01 00:12:18.226313: Current learning rate: 0.00783
2026-09-01 00:13:56.881935: train_loss -0.5231
2026-09-01 00:13:56.883182: val_loss -0.5292
2026-09-01 00:13:56.884127: Pseudo dice [np.float32(0.0315)]
2026-09-01 00:13:56.885071: Epoch time: 98.66 s
2026-09-01 00:13:57.740950: 
2026-09-01 00:13:57.742383: Epoch 239
2026-09-01 00:13:57.743469: Current learning rate: 0.00782
2026-09-01 00:15:36.916977: train_loss -0.5185
2026-09-01 00:15:36.918330: val_loss -0.533
2026-09-01 00:15:36.919398: Pseudo dice [np.float32(0.0506)]
2026-09-01 00:15:36.920325: Epoch time: 99.18 s
2026-09-01 00:15:37.907722: 
2026-09-01 00:15:37.908959: Epoch 240
2026-09-01 00:15:37.909764: Current learning rate: 0.00781
2026-09-01 00:17:14.865008: train_loss -0.5144
2026-09-01 00:17:14.866411: val_loss -0.5359
2026-09-01 00:17:14.867823: Pseudo dice [np.float32(0.0294)]
2026-09-01 00:17:14.868848: Epoch time: 96.96 s
2026-09-01 00:17:15.731596: 
2026-09-01 00:17:15.733207: Epoch 241
2026-09-01 00:17:15.734216: Current learning rate: 0.0078
2026-09-01 00:18:56.097368: train_loss -0.5152
2026-09-01 00:18:56.115675: val_loss -0.5151
2026-09-01 00:18:56.117141: Pseudo dice [np.float32(0.0096)]
2026-09-01 00:18:56.118356: Epoch time: 100.37 s
2026-09-01 00:18:56.992217: 
2026-09-01 00:18:56.993647: Epoch 242
2026-09-01 00:18:56.994692: Current learning rate: 0.00779
2026-09-01 00:20:35.926073: train_loss -0.5096
2026-09-01 00:20:35.927410: val_loss -0.5132
2026-09-01 00:20:35.928590: Pseudo dice [np.float32(0.0194)]
2026-09-01 00:20:35.929535: Epoch time: 98.94 s
2026-09-01 00:20:36.810979: 
2026-09-01 00:20:36.812265: Epoch 243
2026-09-01 00:20:36.813260: Current learning rate: 0.00778
2026-09-01 00:22:15.073725: train_loss -0.5184
2026-09-01 00:22:15.075340: val_loss -0.5379
2026-09-01 00:22:15.076642: Pseudo dice [np.float32(0.0355)]
2026-09-01 00:22:15.077824: Epoch time: 98.27 s
2026-09-01 00:22:15.968553: 
2026-09-01 00:22:15.969752: Epoch 244
2026-09-01 00:22:15.970845: Current learning rate: 0.00777
2026-09-01 00:23:56.039742: train_loss -0.5124
2026-09-01 00:23:56.046972: val_loss -0.5157
2026-09-01 00:23:56.050071: Pseudo dice [np.float32(0.0215)]
2026-09-01 00:23:56.051320: Epoch time: 100.07 s
2026-09-01 00:23:57.624819: 
2026-09-01 00:23:57.627152: Epoch 245
2026-09-01 00:23:57.628426: Current learning rate: 0.00777
2026-09-01 00:25:38.219615: train_loss -0.4996
2026-09-01 00:25:38.221365: val_loss -0.4961
2026-09-01 00:25:38.222557: Pseudo dice [np.float32(0.0144)]
2026-09-01 00:25:38.223676: Epoch time: 100.6 s
2026-09-01 00:25:39.102323: 
2026-09-01 00:25:39.103810: Epoch 246
2026-09-01 00:25:39.104710: Current learning rate: 0.00776
2026-09-01 00:27:18.548160: train_loss -0.5046
2026-09-01 00:27:18.560998: val_loss -0.5262
2026-09-01 00:27:18.562481: Pseudo dice [np.float32(0.0507)]
2026-09-01 00:27:18.563490: Epoch time: 99.45 s
2026-09-01 00:27:19.438474: 
2026-09-01 00:27:19.439798: Epoch 247
2026-09-01 00:27:19.440898: Current learning rate: 0.00775
2026-09-01 00:28:59.820673: train_loss -0.52
2026-09-01 00:28:59.821863: val_loss -0.4933
2026-09-01 00:28:59.829672: Pseudo dice [np.float32(0.0241)]
2026-09-01 00:28:59.830657: Epoch time: 100.38 s
2026-09-01 00:29:00.699083: 
2026-09-01 00:29:00.700494: Epoch 248
2026-09-01 00:29:00.701406: Current learning rate: 0.00774
2026-09-01 00:30:41.194191: train_loss -0.5207
2026-09-01 00:30:41.195527: val_loss -0.5191
2026-09-01 00:30:41.196752: Pseudo dice [np.float32(0.0457)]
2026-09-01 00:30:41.197877: Epoch time: 100.5 s
2026-09-01 00:30:42.074634: 
2026-09-01 00:30:42.075990: Epoch 249
2026-09-01 00:30:42.076851: Current learning rate: 0.00773
2026-09-01 00:32:22.599863: train_loss -0.495
2026-09-01 00:32:22.601012: val_loss -0.5263
2026-09-01 00:32:22.601930: Pseudo dice [np.float32(0.0368)]
2026-09-01 00:32:22.602799: Epoch time: 100.53 s
2026-09-01 00:32:24.557784: 
2026-09-01 00:32:24.559025: Epoch 250
2026-09-01 00:32:24.560055: Current learning rate: 0.00772
2026-09-01 00:34:09.528147: train_loss -0.5188
2026-09-01 00:34:09.530083: val_loss -0.5245
2026-09-01 00:34:09.531436: Pseudo dice [np.float32(0.0559)]
2026-09-01 00:34:09.532476: Epoch time: 104.97 s
2026-09-01 00:34:10.407341: 
2026-09-01 00:34:10.409350: Epoch 251
2026-09-01 00:34:10.410398: Current learning rate: 0.00771
2026-09-01 00:35:49.775478: train_loss -0.528
2026-09-01 00:35:49.776769: val_loss -0.5303
2026-09-01 00:35:49.777820: Pseudo dice [np.float32(0.052)]
2026-09-01 00:35:49.778790: Epoch time: 99.37 s
2026-09-01 00:35:50.650740: 
2026-09-01 00:35:50.652155: Epoch 252
2026-09-01 00:35:50.653024: Current learning rate: 0.0077
2026-09-01 00:37:28.639099: train_loss -0.5141
2026-09-01 00:37:28.640451: val_loss -0.5188
2026-09-01 00:37:28.641542: Pseudo dice [np.float32(0.0164)]
2026-09-01 00:37:28.642597: Epoch time: 97.99 s
2026-09-01 00:37:29.527196: 
2026-09-01 00:37:29.528435: Epoch 253
2026-09-01 00:37:29.529533: Current learning rate: 0.00769
2026-09-01 00:39:09.879498: train_loss -0.5124
2026-09-01 00:39:09.880762: val_loss -0.5571
2026-09-01 00:39:09.881854: Pseudo dice [np.float32(0.0733)]
2026-09-01 00:39:09.882989: Epoch time: 100.35 s
2026-09-01 00:39:10.754117: 
2026-09-01 00:39:10.755360: Epoch 254
2026-09-01 00:39:10.756333: Current learning rate: 0.00768
2026-09-01 00:40:52.163202: train_loss -0.5048
2026-09-01 00:40:52.170187: val_loss -0.5199
2026-09-01 00:40:52.171224: Pseudo dice [np.float32(0.0071)]
2026-09-01 00:40:52.172115: Epoch time: 101.41 s
2026-09-01 00:40:53.410802: 
2026-09-01 00:40:53.418114: Epoch 255
2026-09-01 00:40:53.419477: Current learning rate: 0.00767
2026-09-01 00:42:35.339530: train_loss -0.5088
2026-09-01 00:42:35.340748: val_loss -0.5327
2026-09-01 00:42:35.342091: Pseudo dice [np.float32(0.0376)]
2026-09-01 00:42:35.343296: Epoch time: 101.94 s
2026-09-01 00:42:36.220855: 
2026-09-01 00:42:36.222074: Epoch 256
2026-09-01 00:42:36.223061: Current learning rate: 0.00766
2026-09-01 00:44:14.869432: train_loss -0.5152
2026-09-01 00:44:14.870762: val_loss -0.5173
2026-09-01 00:44:14.871905: Pseudo dice [np.float32(0.0225)]
2026-09-01 00:44:14.872903: Epoch time: 98.65 s
2026-09-01 00:44:15.758747: 
2026-09-01 00:44:15.760078: Epoch 257
2026-09-01 00:44:15.760988: Current learning rate: 0.00765
2026-09-01 00:46:02.780973: train_loss -0.5246
2026-09-01 00:46:02.814611: val_loss -0.5235
2026-09-01 00:46:02.815997: Pseudo dice [np.float32(0.0479)]
2026-09-01 00:46:02.817310: Epoch time: 107.02 s
2026-09-01 00:46:03.857117: 
2026-09-01 00:46:03.858693: Epoch 258
2026-09-01 00:46:03.859725: Current learning rate: 0.00764
2026-09-01 00:47:43.812298: train_loss -0.5305
2026-09-01 00:47:43.813722: val_loss -0.5363
2026-09-01 00:47:43.814964: Pseudo dice [np.float32(0.0293)]
2026-09-01 00:47:43.816029: Epoch time: 99.96 s
2026-09-01 00:47:44.682838: 
2026-09-01 00:47:44.684422: Epoch 259
2026-09-01 00:47:44.685786: Current learning rate: 0.00764
2026-09-01 00:49:28.727750: train_loss -0.5121
2026-09-01 00:49:28.758277: val_loss -0.5266
2026-09-01 00:49:28.759565: Pseudo dice [np.float32(0.0216)]
2026-09-01 00:49:28.760766: Epoch time: 104.05 s
2026-09-01 00:49:29.760534: 
2026-09-01 00:49:29.761911: Epoch 260
2026-09-01 00:49:29.763161: Current learning rate: 0.00763
2026-09-01 00:51:09.033512: train_loss -0.5002
2026-09-01 00:51:09.036905: val_loss -0.541
2026-09-01 00:51:09.047530: Pseudo dice [np.float32(0.0599)]
2026-09-01 00:51:09.048556: Epoch time: 99.28 s
2026-09-01 00:51:09.922281: 
2026-09-01 00:51:09.923531: Epoch 261
2026-09-01 00:51:09.924659: Current learning rate: 0.00762
2026-09-01 00:52:50.727866: train_loss -0.5286
2026-09-01 00:52:50.729582: val_loss -0.5184
2026-09-01 00:52:50.730712: Pseudo dice [np.float32(0.0235)]
2026-09-01 00:52:50.731710: Epoch time: 100.81 s
2026-09-01 00:52:51.620549: 
2026-09-01 00:52:51.622077: Epoch 262
2026-09-01 00:52:51.622994: Current learning rate: 0.00761
2026-09-01 00:54:30.310869: train_loss -0.513
2026-09-01 00:54:30.312083: val_loss -0.5359
2026-09-01 00:54:30.313033: Pseudo dice [np.float32(0.0833)]
2026-09-01 00:54:30.313988: Epoch time: 98.69 s
2026-09-01 00:54:30.314935: Yayy! New best EMA pseudo Dice: 0.039400000125169754
2026-09-01 00:54:32.498020: 
2026-09-01 00:54:32.499319: Epoch 263
2026-09-01 00:54:32.500450: Current learning rate: 0.0076
2026-09-01 00:56:12.767112: train_loss -0.5037
2026-09-01 00:56:12.768600: val_loss -0.5176
2026-09-01 00:56:12.769828: Pseudo dice [np.float32(0.0263)]
2026-09-01 00:56:12.770874: Epoch time: 100.27 s
2026-09-01 00:56:13.658368: 
2026-09-01 00:56:13.659582: Epoch 264
2026-09-01 00:56:13.660538: Current learning rate: 0.00759
2026-09-01 00:57:59.190139: train_loss -0.5115
2026-09-01 00:57:59.221567: val_loss -0.5234
2026-09-01 00:57:59.222973: Pseudo dice [np.float32(0.0285)]
2026-09-01 00:57:59.224219: Epoch time: 105.53 s
2026-09-01 00:58:00.693035: 
2026-09-01 00:58:00.699629: Epoch 265
2026-09-01 00:58:00.700884: Current learning rate: 0.00758
2026-09-01 00:59:38.981757: train_loss -0.5131
2026-09-01 00:59:38.983475: val_loss -0.5252
2026-09-01 00:59:38.984435: Pseudo dice [np.float32(0.0153)]
2026-09-01 00:59:38.985752: Epoch time: 98.29 s
2026-09-01 00:59:39.870392: 
2026-09-01 00:59:39.872086: Epoch 266
2026-09-01 00:59:39.872978: Current learning rate: 0.00757
2026-09-01 01:01:19.040023: train_loss -0.5144
2026-09-01 01:01:19.041331: val_loss -0.5218
2026-09-01 01:01:19.042262: Pseudo dice [np.float32(0.0129)]
2026-09-01 01:01:19.043144: Epoch time: 99.17 s
2026-09-01 01:01:19.918720: 
2026-09-01 01:01:19.919988: Epoch 267
2026-09-01 01:01:19.920927: Current learning rate: 0.00756
2026-09-01 01:02:58.319770: train_loss -0.5161
2026-09-01 01:02:58.321983: val_loss -0.5243
2026-09-01 01:02:58.323028: Pseudo dice [np.float32(0.0204)]
2026-09-01 01:02:58.323944: Epoch time: 98.4 s
2026-09-01 01:02:59.191010: 
2026-09-01 01:02:59.192214: Epoch 268
2026-09-01 01:02:59.193079: Current learning rate: 0.00755
2026-09-01 01:04:39.854712: train_loss -0.5205
2026-09-01 01:04:39.855989: val_loss -0.529
2026-09-01 01:04:39.857181: Pseudo dice [np.float32(0.0165)]
2026-09-01 01:04:39.858139: Epoch time: 100.67 s
2026-09-01 01:04:40.736108: 
2026-09-01 01:04:40.737442: Epoch 269
2026-09-01 01:04:40.738393: Current learning rate: 0.00754
2026-09-01 01:06:24.321833: train_loss -0.5275
2026-09-01 01:06:24.330885: val_loss -0.5378
2026-09-01 01:06:24.332139: Pseudo dice [np.float32(0.0609)]
2026-09-01 01:06:24.333350: Epoch time: 103.59 s
2026-09-01 01:06:25.928766: 
2026-09-01 01:06:25.930098: Epoch 270
2026-09-01 01:06:25.931297: Current learning rate: 0.00753
2026-09-01 01:08:06.735905: train_loss -0.525
2026-09-01 01:08:06.740676: val_loss -0.5353
2026-09-01 01:08:06.744056: Pseudo dice [np.float32(0.0181)]
2026-09-01 01:08:06.745210: Epoch time: 100.81 s
2026-09-01 01:08:07.888123: 
2026-09-01 01:08:07.889632: Epoch 271
2026-09-01 01:08:07.890578: Current learning rate: 0.00752
2026-09-01 01:09:47.035790: train_loss -0.5195
2026-09-01 01:09:47.037201: val_loss -0.5185
2026-09-01 01:09:47.038263: Pseudo dice [np.float32(0.0166)]
2026-09-01 01:09:47.039408: Epoch time: 99.15 s
2026-09-01 01:09:47.925687: 
2026-09-01 01:09:47.927488: Epoch 272
2026-09-01 01:09:47.928674: Current learning rate: 0.00751
2026-09-01 01:11:26.857282: train_loss -0.5063
2026-09-01 01:11:26.895974: val_loss -0.5351
2026-09-01 01:11:26.897118: Pseudo dice [np.float32(0.0346)]
2026-09-01 01:11:26.897965: Epoch time: 98.93 s
2026-09-01 01:11:27.807248: 
2026-09-01 01:11:27.808714: Epoch 273
2026-09-01 01:11:27.809580: Current learning rate: 0.00751
2026-09-01 01:13:07.893116: train_loss -0.5304
2026-09-01 01:13:07.897659: val_loss -0.54
2026-09-01 01:13:07.898719: Pseudo dice [np.float32(0.0547)]
2026-09-01 01:13:07.899641: Epoch time: 100.09 s
2026-09-01 01:13:08.780566: 
2026-09-01 01:13:08.781945: Epoch 274
2026-09-01 01:13:08.782842: Current learning rate: 0.0075
2026-09-01 01:14:51.751814: train_loss -0.545
2026-09-01 01:14:51.754350: val_loss -0.5376
2026-09-01 01:14:51.756431: Pseudo dice [np.float32(0.0576)]
2026-09-01 01:14:51.762422: Epoch time: 102.97 s
2026-09-01 01:14:53.104723: 
2026-09-01 01:14:53.109069: Epoch 275
2026-09-01 01:14:53.110812: Current learning rate: 0.00749
2026-09-01 01:16:32.232881: train_loss -0.5097
2026-09-01 01:16:32.235208: val_loss -0.5304
2026-09-01 01:16:32.236241: Pseudo dice [np.float32(0.0375)]
2026-09-01 01:16:32.237207: Epoch time: 99.13 s
2026-09-01 01:16:33.129493: 
2026-09-01 01:16:33.130800: Epoch 276
2026-09-01 01:16:33.131714: Current learning rate: 0.00748
2026-09-01 01:18:10.544789: train_loss -0.5171
2026-09-01 01:18:10.546245: val_loss -0.5335
2026-09-01 01:18:10.547231: Pseudo dice [np.float32(0.0296)]
2026-09-01 01:18:10.548124: Epoch time: 97.42 s
2026-09-01 01:18:11.418100: 
2026-09-01 01:18:11.419557: Epoch 277
2026-09-01 01:18:11.420526: Current learning rate: 0.00747
2026-09-01 01:19:51.906698: train_loss -0.5199
2026-09-01 01:19:51.908323: val_loss -0.511
2026-09-01 01:19:51.909678: Pseudo dice [np.float32(0.0214)]
2026-09-01 01:19:51.911004: Epoch time: 100.49 s
2026-09-01 01:19:52.781125: 
2026-09-01 01:19:52.782738: Epoch 278
2026-09-01 01:19:52.783660: Current learning rate: 0.00746
2026-09-01 01:21:32.847500: train_loss -0.5027
2026-09-01 01:21:32.848633: val_loss -0.5242
2026-09-01 01:21:32.849644: Pseudo dice [np.float32(0.0247)]
2026-09-01 01:21:32.850679: Epoch time: 100.07 s
2026-09-01 01:21:33.749356: 
2026-09-01 01:21:33.750612: Epoch 279
2026-09-01 01:21:33.751505: Current learning rate: 0.00745
2026-09-01 01:23:11.621610: train_loss -0.5061
2026-09-01 01:23:11.622839: val_loss -0.5088
2026-09-01 01:23:11.623965: Pseudo dice [np.float32(0.0282)]
2026-09-01 01:23:11.625026: Epoch time: 97.87 s
2026-09-01 01:23:12.496860: 
2026-09-01 01:23:12.498181: Epoch 280
2026-09-01 01:23:12.499066: Current learning rate: 0.00744
2026-09-01 01:24:51.496662: train_loss -0.5146
2026-09-01 01:24:51.498175: val_loss -0.528
2026-09-01 01:24:51.499162: Pseudo dice [np.float32(0.0155)]
2026-09-01 01:24:51.500080: Epoch time: 99.0 s
2026-09-01 01:24:52.389274: 
2026-09-01 01:24:52.390417: Epoch 281
2026-09-01 01:24:52.391323: Current learning rate: 0.00743
2026-09-01 01:26:32.557168: train_loss -0.5279
2026-09-01 01:26:32.558563: val_loss -0.5253
2026-09-01 01:26:32.559646: Pseudo dice [np.float32(0.0228)]
2026-09-01 01:26:32.560638: Epoch time: 100.17 s
2026-09-01 01:26:33.431069: 
2026-09-01 01:26:33.432387: Epoch 282
2026-09-01 01:26:33.433300: Current learning rate: 0.00742
2026-09-01 01:28:14.688058: train_loss -0.5194
2026-09-01 01:28:14.691177: val_loss -0.5266
2026-09-01 01:28:14.695362: Pseudo dice [np.float32(0.0401)]
2026-09-01 01:28:14.696633: Epoch time: 101.26 s
2026-09-01 01:28:15.673847: 
2026-09-01 01:28:15.675038: Epoch 283
2026-09-01 01:28:15.675979: Current learning rate: 0.00741
2026-09-01 01:29:55.366556: train_loss -0.5248
2026-09-01 01:29:55.367990: val_loss -0.5479
2026-09-01 01:29:55.369201: Pseudo dice [np.float32(0.0314)]
2026-09-01 01:29:55.370284: Epoch time: 99.7 s
2026-09-01 01:29:56.244399: 
2026-09-01 01:29:56.245707: Epoch 284
2026-09-01 01:29:56.246605: Current learning rate: 0.0074
2026-09-01 01:31:34.950708: train_loss -0.5183
2026-09-01 01:31:34.952100: val_loss -0.5255
2026-09-01 01:31:34.953180: Pseudo dice [np.float32(0.0411)]
2026-09-01 01:31:34.954089: Epoch time: 98.71 s
2026-09-01 01:31:35.830947: 
2026-09-01 01:31:35.832221: Epoch 285
2026-09-01 01:31:35.833151: Current learning rate: 0.00739
2026-09-01 01:33:16.041760: train_loss -0.5016
2026-09-01 01:33:16.043489: val_loss -0.5215
2026-09-01 01:33:16.044881: Pseudo dice [np.float32(0.0297)]
2026-09-01 01:33:16.045811: Epoch time: 100.21 s
2026-09-01 01:33:16.919672: 
2026-09-01 01:33:16.921108: Epoch 286
2026-09-01 01:33:16.922039: Current learning rate: 0.00738
2026-09-01 01:34:57.193971: train_loss -0.5066
2026-09-01 01:34:57.195835: val_loss -0.529
2026-09-01 01:34:57.197071: Pseudo dice [np.float32(0.0153)]
2026-09-01 01:34:57.198101: Epoch time: 100.28 s
2026-09-01 01:34:58.082986: 
2026-09-01 01:34:58.084754: Epoch 287
2026-09-01 01:34:58.085932: Current learning rate: 0.00738
2026-09-01 01:36:37.516387: train_loss -0.5173
2026-09-01 01:36:37.517756: val_loss -0.5237
2026-09-01 01:36:37.518692: Pseudo dice [np.float32(0.1267)]
2026-09-01 01:36:37.519820: Epoch time: 99.44 s
2026-09-01 01:36:37.520700: Yayy! New best EMA pseudo Dice: 0.039799999445676804
2026-09-01 01:36:39.850545: 
2026-09-01 01:36:39.851830: Epoch 288
2026-09-01 01:36:39.852741: Current learning rate: 0.00737
2026-09-01 01:38:29.193680: train_loss -0.5241
2026-09-01 01:38:29.198831: val_loss -0.5128
2026-09-01 01:38:29.202499: Pseudo dice [np.float32(0.035)]
2026-09-01 01:38:29.203856: Epoch time: 109.35 s
2026-09-01 01:38:30.365971: 
2026-09-01 01:38:30.367796: Epoch 289
2026-09-01 01:38:30.369140: Current learning rate: 0.00736
2026-09-01 01:40:09.987298: train_loss -0.5076
2026-09-01 01:40:09.988830: val_loss -0.5317
2026-09-01 01:40:09.989866: Pseudo dice [np.float32(0.0289)]
2026-09-01 01:40:09.990806: Epoch time: 99.63 s
2026-09-01 01:40:10.885273: 
2026-09-01 01:40:10.886552: Epoch 290
2026-09-01 01:40:10.887496: Current learning rate: 0.00735
2026-09-01 01:41:51.132407: train_loss -0.5069
2026-09-01 01:41:51.134396: val_loss -0.532
2026-09-01 01:41:51.135960: Pseudo dice [np.float32(0.0482)]
2026-09-01 01:41:51.137589: Epoch time: 100.25 s
2026-09-01 01:41:52.041915: 
2026-09-01 01:41:52.043162: Epoch 291
2026-09-01 01:41:52.044009: Current learning rate: 0.00734
2026-09-01 01:43:34.695470: train_loss -0.514
2026-09-01 01:43:34.698873: val_loss -0.5179
2026-09-01 01:43:34.703331: Pseudo dice [np.float32(0.0178)]
2026-09-01 01:43:34.706465: Epoch time: 102.66 s
2026-09-01 01:43:36.506760: 
2026-09-01 01:43:36.508514: Epoch 292
2026-09-01 01:43:36.509418: Current learning rate: 0.00733
2026-09-01 01:45:17.089556: train_loss -0.5199
2026-09-01 01:45:17.090892: val_loss -0.5381
2026-09-01 01:45:17.092056: Pseudo dice [np.float32(0.0603)]
2026-09-01 01:45:17.093096: Epoch time: 100.59 s
2026-09-01 01:45:17.977665: 
2026-09-01 01:45:17.978992: Epoch 293
2026-09-01 01:45:17.979976: Current learning rate: 0.00732
2026-09-01 01:46:57.089059: train_loss -0.5304
2026-09-01 01:46:57.090594: val_loss -0.5262
2026-09-01 01:46:57.091615: Pseudo dice [np.float32(0.026)]
2026-09-01 01:46:57.092701: Epoch time: 99.11 s
2026-09-01 01:46:57.989837: 
2026-09-01 01:46:57.991064: Epoch 294
2026-09-01 01:46:57.992172: Current learning rate: 0.00731
2026-09-01 01:48:36.968009: train_loss -0.5261
2026-09-01 01:48:36.969799: val_loss -0.5293
2026-09-01 01:48:36.970791: Pseudo dice [np.float32(0.0264)]
2026-09-01 01:48:36.972052: Epoch time: 98.98 s
2026-09-01 01:48:38.350545: 
2026-09-01 01:48:38.354555: Epoch 295
2026-09-01 01:48:38.356196: Current learning rate: 0.0073
2026-09-01 01:50:18.997972: train_loss -0.5175
2026-09-01 01:50:18.999375: val_loss -0.5111
2026-09-01 01:50:19.000376: Pseudo dice [np.float32(0.0172)]
2026-09-01 01:50:19.001339: Epoch time: 100.65 s
2026-09-01 01:50:19.899495: 
2026-09-01 01:50:19.901001: Epoch 296
2026-09-01 01:50:19.901955: Current learning rate: 0.00729
2026-09-01 01:51:59.864091: train_loss -0.5275
2026-09-01 01:51:59.865407: val_loss -0.4861
2026-09-01 01:51:59.866428: Pseudo dice [np.float32(0.0196)]
2026-09-01 01:51:59.867473: Epoch time: 99.97 s
2026-09-01 01:52:00.783993: 
2026-09-01 01:52:00.785331: Epoch 297
2026-09-01 01:52:00.786412: Current learning rate: 0.00728
2026-09-01 01:53:41.757753: train_loss -0.5159
2026-09-01 01:53:41.759406: val_loss -0.5148
2026-09-01 01:53:41.760491: Pseudo dice [np.float32(0.0232)]
2026-09-01 01:53:41.761556: Epoch time: 100.98 s
2026-09-01 01:53:42.646049: 
2026-09-01 01:53:42.647404: Epoch 298
2026-09-01 01:53:42.648375: Current learning rate: 0.00727
2026-09-01 01:55:22.049008: train_loss -0.5355
2026-09-01 01:55:22.050313: val_loss -0.5111
2026-09-01 01:55:22.051400: Pseudo dice [np.float32(0.0625)]
2026-09-01 01:55:22.052410: Epoch time: 99.41 s
2026-09-01 01:55:22.951075: 
2026-09-01 01:55:22.952774: Epoch 299
2026-09-01 01:55:22.953871: Current learning rate: 0.00726
2026-09-01 01:57:01.978775: train_loss -0.5009
2026-09-01 01:57:01.980114: val_loss -0.5423
2026-09-01 01:57:01.981213: Pseudo dice [np.float32(0.0699)]
2026-09-01 01:57:01.982198: Epoch time: 99.03 s
2026-09-01 01:57:04.033338: 
2026-09-01 01:57:04.034820: Epoch 300
2026-09-01 01:57:04.035825: Current learning rate: 0.00725
2026-09-01 01:58:47.856251: train_loss -0.5163
2026-09-01 01:58:47.858030: val_loss -0.5164
2026-09-01 01:58:47.860553: Pseudo dice [np.float32(0.0105)]
2026-09-01 01:58:47.861794: Epoch time: 103.83 s
2026-09-01 01:58:49.043685: 
2026-09-01 01:58:49.045455: Epoch 301
2026-09-01 01:58:49.046549: Current learning rate: 0.00724
2026-09-01 02:00:33.497418: train_loss -0.5134
2026-09-01 02:00:33.499851: val_loss -0.5256
2026-09-01 02:00:33.501051: Pseudo dice [np.float32(0.0149)]
2026-09-01 02:00:33.501957: Epoch time: 104.46 s
2026-09-01 02:00:34.388379: 
2026-09-01 02:00:34.390199: Epoch 302
2026-09-01 02:00:34.391270: Current learning rate: 0.00724
2026-09-01 02:02:14.729263: train_loss -0.5049
2026-09-01 02:02:14.730440: val_loss -0.499
2026-09-01 02:02:14.731748: Pseudo dice [np.float32(0.0247)]
2026-09-01 02:02:14.732768: Epoch time: 100.34 s
2026-09-01 02:02:15.615405: 
2026-09-01 02:02:15.617008: Epoch 303
2026-09-01 02:02:15.617998: Current learning rate: 0.00723
2026-09-01 02:03:55.943382: train_loss -0.5254
2026-09-01 02:03:55.950138: val_loss -0.5274
2026-09-01 02:03:55.951488: Pseudo dice [np.float32(0.063)]
2026-09-01 02:03:55.952731: Epoch time: 100.33 s
2026-09-01 02:03:57.123691: 
2026-09-01 02:03:57.125220: Epoch 304
2026-09-01 02:03:57.126250: Current learning rate: 0.00722
2026-09-01 02:05:37.326188: train_loss -0.5043
2026-09-01 02:05:37.327605: val_loss -0.5399
2026-09-01 02:05:37.328715: Pseudo dice [np.float32(0.0943)]
2026-09-01 02:05:37.329606: Epoch time: 100.21 s
2026-09-01 02:05:37.330498: Yayy! New best EMA pseudo Dice: 0.04179999977350235
2026-09-01 02:05:39.832520: 
2026-09-01 02:05:39.834106: Epoch 305
2026-09-01 02:05:39.834961: Current learning rate: 0.00721
2026-09-01 02:07:20.737119: train_loss -0.5204
2026-09-01 02:07:20.740272: val_loss -0.5477
2026-09-01 02:07:20.741741: Pseudo dice [np.float32(0.0919)]
2026-09-01 02:07:20.742800: Epoch time: 100.91 s
2026-09-01 02:07:20.743899: Yayy! New best EMA pseudo Dice: 0.046799998730421066
2026-09-01 02:07:23.117522: 
2026-09-01 02:07:23.118961: Epoch 306
2026-09-01 02:07:23.120078: Current learning rate: 0.0072
2026-09-01 02:09:01.838531: train_loss -0.5234
2026-09-01 02:09:01.839565: val_loss -0.5477
2026-09-01 02:09:01.840618: Pseudo dice [np.float32(0.0463)]
2026-09-01 02:09:01.841792: Epoch time: 98.72 s
2026-09-01 02:09:02.741500: 
2026-09-01 02:09:02.743048: Epoch 307
2026-09-01 02:09:02.743980: Current learning rate: 0.00719
2026-09-01 02:10:42.173480: train_loss -0.5395
2026-09-01 02:10:42.175160: val_loss -0.5169
2026-09-01 02:10:42.176862: Pseudo dice [np.float32(0.0265)]
2026-09-01 02:10:42.178318: Epoch time: 99.43 s
2026-09-01 02:10:43.265489: 
2026-09-01 02:10:43.267337: Epoch 308
2026-09-01 02:10:43.268566: Current learning rate: 0.00718
2026-09-01 02:12:23.461111: train_loss -0.5284
2026-09-01 02:12:23.462390: val_loss -0.5065
2026-09-01 02:12:23.463339: Pseudo dice [np.float32(0.0382)]
2026-09-01 02:12:23.464299: Epoch time: 100.2 s
2026-09-01 02:12:24.369563: 
2026-09-01 02:12:24.370975: Epoch 309
2026-09-01 02:12:24.371826: Current learning rate: 0.00717
2026-09-01 02:14:03.816096: train_loss -0.5115
2026-09-01 02:14:03.817406: val_loss -0.5217
2026-09-01 02:14:03.818460: Pseudo dice [np.float32(0.0284)]
2026-09-01 02:14:03.819358: Epoch time: 99.45 s
2026-09-01 02:14:04.706542: 
2026-09-01 02:14:04.708048: Epoch 310
2026-09-01 02:14:04.709013: Current learning rate: 0.00716
2026-09-01 02:15:45.222720: train_loss -0.5199
2026-09-01 02:15:45.229329: val_loss -0.5109
2026-09-01 02:15:45.230806: Pseudo dice [np.float32(0.0124)]
2026-09-01 02:15:45.231862: Epoch time: 100.52 s
2026-09-01 02:15:46.633233: 
2026-09-01 02:15:46.634997: Epoch 311
2026-09-01 02:15:46.636147: Current learning rate: 0.00715
2026-09-01 02:17:28.983754: train_loss -0.5339
2026-09-01 02:17:28.985246: val_loss -0.5223
2026-09-01 02:17:28.986718: Pseudo dice [np.float32(0.0287)]
2026-09-01 02:17:28.987881: Epoch time: 102.35 s
2026-09-01 02:17:30.367969: 
2026-09-01 02:17:30.369451: Epoch 312
2026-09-01 02:17:30.370523: Current learning rate: 0.00714
2026-09-01 02:19:08.768222: train_loss -0.5126
2026-09-01 02:19:08.769760: val_loss -0.5527
2026-09-01 02:19:08.770719: Pseudo dice [np.float32(0.0763)]
2026-09-01 02:19:08.771658: Epoch time: 98.4 s
2026-09-01 02:19:09.656324: 
2026-09-01 02:19:09.657367: Epoch 313
2026-09-01 02:19:09.658244: Current learning rate: 0.00713
2026-09-01 02:20:49.518297: train_loss -0.5111
2026-09-01 02:20:49.519957: val_loss -0.5301
2026-09-01 02:20:49.521208: Pseudo dice [np.float32(0.0158)]
2026-09-01 02:20:49.522193: Epoch time: 99.86 s
2026-09-01 02:20:50.790137: 
2026-09-01 02:20:50.791639: Epoch 314
2026-09-01 02:20:50.792729: Current learning rate: 0.00712
2026-09-01 02:22:30.043453: train_loss -0.5244
2026-09-01 02:22:30.045010: val_loss -0.533
2026-09-01 02:22:30.045979: Pseudo dice [np.float32(0.0913)]
2026-09-01 02:22:30.047085: Epoch time: 99.25 s
2026-09-01 02:22:30.951288: 
2026-09-01 02:22:30.952837: Epoch 315
2026-09-01 02:22:30.953826: Current learning rate: 0.00711
2026-09-01 02:24:10.577192: train_loss -0.5223
2026-09-01 02:24:10.578649: val_loss -0.5109
2026-09-01 02:24:10.579718: Pseudo dice [np.float32(0.0306)]
2026-09-01 02:24:10.580763: Epoch time: 99.63 s
2026-09-01 02:24:11.495567: 
2026-09-01 02:24:11.497212: Epoch 316
2026-09-01 02:24:11.498085: Current learning rate: 0.0071
2026-09-01 02:25:51.076811: train_loss -0.5001
2026-09-01 02:25:51.078064: val_loss -0.5331
2026-09-01 02:25:51.079050: Pseudo dice [np.float32(0.0547)]
2026-09-01 02:25:51.080026: Epoch time: 99.58 s
2026-09-01 02:25:51.969796: 
2026-09-01 02:25:51.971292: Epoch 317
2026-09-01 02:25:51.972246: Current learning rate: 0.0071
2026-09-01 02:27:34.641948: train_loss -0.5219
2026-09-01 02:27:34.643401: val_loss -0.5327
2026-09-01 02:27:34.644848: Pseudo dice [np.float32(0.056)]
2026-09-01 02:27:34.645811: Epoch time: 102.67 s
2026-09-01 02:27:35.863544: 
2026-09-01 02:27:35.865363: Epoch 318
2026-09-01 02:27:35.866318: Current learning rate: 0.00709
2026-09-01 02:29:16.787241: train_loss -0.5169
2026-09-01 02:29:16.792405: val_loss -0.5267
2026-09-01 02:29:16.806320: Pseudo dice [np.float32(0.019)]
2026-09-01 02:29:16.807544: Epoch time: 100.93 s
2026-09-01 02:29:17.817969: 
2026-09-01 02:29:17.819157: Epoch 319
2026-09-01 02:29:17.820066: Current learning rate: 0.00708
2026-09-01 02:30:59.134261: train_loss -0.5256
2026-09-01 02:30:59.135574: val_loss -0.5054
2026-09-01 02:30:59.136830: Pseudo dice [np.float32(0.0559)]
2026-09-01 02:30:59.137862: Epoch time: 101.32 s
2026-09-01 02:31:00.021398: 
2026-09-01 02:31:00.022825: Epoch 320
2026-09-01 02:31:00.023972: Current learning rate: 0.00707
2026-09-01 02:32:38.932144: train_loss -0.5313
2026-09-01 02:32:38.933944: val_loss -0.5298
2026-09-01 02:32:38.935065: Pseudo dice [np.float32(0.0161)]
2026-09-01 02:32:38.936247: Epoch time: 98.91 s
2026-09-01 02:32:39.865043: 
2026-09-01 02:32:39.866986: Epoch 321
2026-09-01 02:32:39.867841: Current learning rate: 0.00706
2026-09-01 02:34:18.452291: train_loss -0.5259
2026-09-01 02:34:18.453614: val_loss -0.5056
2026-09-01 02:34:18.454683: Pseudo dice [np.float32(0.0086)]
2026-09-01 02:34:18.455724: Epoch time: 98.59 s
2026-09-01 02:34:19.376047: 
2026-09-01 02:34:19.377465: Epoch 322
2026-09-01 02:34:19.378515: Current learning rate: 0.00705
2026-09-01 02:35:57.503869: train_loss -0.5201
2026-09-01 02:35:57.505367: val_loss -0.5139
2026-09-01 02:35:57.506473: Pseudo dice [np.float32(0.0104)]
2026-09-01 02:35:57.507464: Epoch time: 98.13 s
2026-09-01 02:35:58.422268: 
2026-09-01 02:35:58.423688: Epoch 323
2026-09-01 02:35:58.424709: Current learning rate: 0.00704
2026-09-01 02:37:37.038515: train_loss -0.5272
2026-09-01 02:37:37.039864: val_loss -0.5194
2026-09-01 02:37:37.040858: Pseudo dice [np.float32(0.0159)]
2026-09-01 02:37:37.041730: Epoch time: 98.62 s
2026-09-01 02:37:38.208008: 
2026-09-01 02:37:38.209640: Epoch 324
2026-09-01 02:37:38.210700: Current learning rate: 0.00703
2026-09-01 02:39:23.104201: train_loss -0.5255
2026-09-01 02:39:23.105954: val_loss -0.5438
2026-09-01 02:39:23.107160: Pseudo dice [np.float32(0.0527)]
2026-09-01 02:39:23.108227: Epoch time: 104.9 s
2026-09-01 02:39:24.286902: 
2026-09-01 02:39:24.288268: Epoch 325
2026-09-01 02:39:24.289266: Current learning rate: 0.00702
2026-09-01 02:41:04.384067: train_loss -0.5181
2026-09-01 02:41:04.385316: val_loss -0.5181
2026-09-01 02:41:04.386311: Pseudo dice [np.float32(0.0299)]
2026-09-01 02:41:04.387541: Epoch time: 100.1 s
2026-09-01 02:41:05.279158: 
2026-09-01 02:41:05.280816: Epoch 326
2026-09-01 02:41:05.281769: Current learning rate: 0.00701
2026-09-01 02:42:45.070456: train_loss -0.5254
2026-09-01 02:42:45.071864: val_loss -0.4972
2026-09-01 02:42:45.073080: Pseudo dice [np.float32(0.0581)]
2026-09-01 02:42:45.074080: Epoch time: 99.79 s
2026-09-01 02:42:45.972296: 
2026-09-01 02:42:45.973658: Epoch 327
2026-09-01 02:42:45.974587: Current learning rate: 0.007
2026-09-01 02:44:26.409208: train_loss -0.5205
2026-09-01 02:44:26.410509: val_loss -0.5238
2026-09-01 02:44:26.412062: Pseudo dice [np.float32(0.0236)]
2026-09-01 02:44:26.413015: Epoch time: 100.44 s
2026-09-01 02:44:27.306344: 
2026-09-01 02:44:27.307804: Epoch 328
2026-09-01 02:44:27.308766: Current learning rate: 0.00699
2026-09-01 02:46:08.041453: train_loss -0.5127
2026-09-01 02:46:08.042666: val_loss -0.5187
2026-09-01 02:46:08.043854: Pseudo dice [np.float32(0.0131)]
2026-09-01 02:46:08.045001: Epoch time: 100.74 s
2026-09-01 02:46:08.947865: 
2026-09-01 02:46:08.949258: Epoch 329
2026-09-01 02:46:08.950222: Current learning rate: 0.00698
2026-09-01 02:47:49.263111: train_loss -0.5312
2026-09-01 02:47:49.266566: val_loss -0.499
2026-09-01 02:47:49.287247: Pseudo dice [np.float32(0.0854)]
2026-09-01 02:47:49.288765: Epoch time: 100.32 s
2026-09-01 02:47:50.554530: 
2026-09-01 02:47:50.555857: Epoch 330
2026-09-01 02:47:50.556923: Current learning rate: 0.00697
2026-09-01 02:49:32.616454: train_loss -0.5012
2026-09-01 02:49:32.617869: val_loss -0.5285
2026-09-01 02:49:32.618971: Pseudo dice [np.float32(0.0187)]
2026-09-01 02:49:32.619966: Epoch time: 102.06 s
2026-09-01 02:49:33.522022: 
2026-09-01 02:49:33.523260: Epoch 331
2026-09-01 02:49:33.524132: Current learning rate: 0.00696
2026-09-01 02:51:17.549016: train_loss -0.5205
2026-09-01 02:51:17.556042: val_loss -0.5435
2026-09-01 02:51:17.557241: Pseudo dice [np.float32(0.0307)]
2026-09-01 02:51:17.558352: Epoch time: 104.03 s
2026-09-01 02:51:18.719244: 
2026-09-01 02:51:18.720692: Epoch 332
2026-09-01 02:51:18.721734: Current learning rate: 0.00696
2026-09-01 02:52:57.858242: train_loss -0.531
2026-09-01 02:52:57.859689: val_loss -0.5351
2026-09-01 02:52:57.860978: Pseudo dice [np.float32(0.0499)]
2026-09-01 02:52:57.862012: Epoch time: 99.14 s
2026-09-01 02:52:58.753075: 
2026-09-01 02:52:58.754454: Epoch 333
2026-09-01 02:52:58.755918: Current learning rate: 0.00695
2026-09-01 02:54:38.390502: train_loss -0.5244
2026-09-01 02:54:38.391848: val_loss -0.51
2026-09-01 02:54:38.392964: Pseudo dice [np.float32(0.0306)]
2026-09-01 02:54:38.394019: Epoch time: 99.64 s
2026-09-01 02:54:39.741693: 
2026-09-01 02:54:39.743245: Epoch 334
2026-09-01 02:54:39.744206: Current learning rate: 0.00694
2026-09-01 02:56:19.132170: train_loss -0.5235
2026-09-01 02:56:19.133328: val_loss -0.5261
2026-09-01 02:56:19.134620: Pseudo dice [np.float32(0.0753)]
2026-09-01 02:56:19.135583: Epoch time: 99.39 s
2026-09-01 02:56:20.043980: 
2026-09-01 02:56:20.045500: Epoch 335
2026-09-01 02:56:20.046429: Current learning rate: 0.00693
2026-09-01 02:57:59.390770: train_loss -0.5165
2026-09-01 02:57:59.392411: val_loss -0.5332
2026-09-01 02:57:59.393623: Pseudo dice [np.float32(0.0157)]
2026-09-01 02:57:59.394754: Epoch time: 99.35 s
2026-09-01 02:58:00.894067: 
2026-09-01 02:58:00.895704: Epoch 336
2026-09-01 02:58:00.897067: Current learning rate: 0.00692
2026-09-01 02:59:40.721727: train_loss -0.5207
2026-09-01 02:59:40.723666: val_loss -0.5097
2026-09-01 02:59:40.725304: Pseudo dice [np.float32(0.0313)]
2026-09-01 02:59:40.726734: Epoch time: 99.83 s
2026-09-01 02:59:41.647549: 
2026-09-01 02:59:41.648903: Epoch 337
2026-09-01 02:59:41.649851: Current learning rate: 0.00691
2026-09-01 03:01:28.436554: train_loss -0.5167
2026-09-01 03:01:28.438445: val_loss -0.5486
2026-09-01 03:01:28.439548: Pseudo dice [np.float32(0.0561)]
2026-09-01 03:01:28.440812: Epoch time: 106.79 s
2026-09-01 03:01:29.381544: 
2026-09-01 03:01:29.382697: Epoch 338
2026-09-01 03:01:29.383601: Current learning rate: 0.0069
2026-09-01 03:03:07.445006: train_loss -0.5225
2026-09-01 03:03:07.446905: val_loss -0.5507
2026-09-01 03:03:07.448043: Pseudo dice [np.float32(0.094)]
2026-09-01 03:03:07.449266: Epoch time: 98.07 s
2026-09-01 03:03:08.395732: 
2026-09-01 03:03:08.397113: Epoch 339
2026-09-01 03:03:08.398171: Current learning rate: 0.00689
2026-09-01 03:04:47.502724: train_loss -0.5307
2026-09-01 03:04:47.504548: val_loss -0.538
2026-09-01 03:04:47.505448: Pseudo dice [np.float32(0.0226)]
2026-09-01 03:04:47.506546: Epoch time: 99.11 s
2026-09-01 03:04:48.420200: 
2026-09-01 03:04:48.421377: Epoch 340
2026-09-01 03:04:48.422444: Current learning rate: 0.00688
2026-09-01 03:06:29.789732: train_loss -0.5233
2026-09-01 03:06:29.790874: val_loss -0.5226
2026-09-01 03:06:29.791866: Pseudo dice [np.float32(0.0226)]
2026-09-01 03:06:29.792880: Epoch time: 101.37 s
2026-09-01 03:06:30.697517: 
2026-09-01 03:06:30.699096: Epoch 341
2026-09-01 03:06:30.700128: Current learning rate: 0.00687
2026-09-01 03:08:08.988982: train_loss -0.551
2026-09-01 03:08:08.990392: val_loss -0.5232
2026-09-01 03:08:08.991397: Pseudo dice [np.float32(0.0142)]
2026-09-01 03:08:08.992330: Epoch time: 98.29 s
2026-09-01 03:08:09.894078: 
2026-09-01 03:08:09.895559: Epoch 342
2026-09-01 03:08:09.896658: Current learning rate: 0.00686
2026-09-01 03:09:48.239295: train_loss -0.5318
2026-09-01 03:09:48.240790: val_loss -0.5079
2026-09-01 03:09:48.241823: Pseudo dice [np.float32(0.178)]
2026-09-01 03:09:48.242958: Epoch time: 98.35 s
2026-09-01 03:09:48.243856: Yayy! New best EMA pseudo Dice: 0.052000001072883606
2026-09-01 03:09:50.273653: 
2026-09-01 03:09:50.275055: Epoch 343
2026-09-01 03:09:50.276070: Current learning rate: 0.00685
2026-09-01 03:11:29.162960: train_loss -0.5241
2026-09-01 03:11:29.163914: val_loss -0.517
2026-09-01 03:11:29.164918: Pseudo dice [np.float32(0.03)]
2026-09-01 03:11:29.166057: Epoch time: 98.89 s
2026-09-01 03:11:30.304927: 
2026-09-01 03:11:30.306343: Epoch 344
2026-09-01 03:11:30.307260: Current learning rate: 0.00684
2026-09-01 03:13:08.212222: train_loss -0.5175
2026-09-01 03:13:08.213336: val_loss -0.544
2026-09-01 03:13:08.214579: Pseudo dice [np.float32(0.0262)]
2026-09-01 03:13:08.215714: Epoch time: 97.91 s
2026-09-01 03:13:09.111969: 
2026-09-01 03:13:09.113559: Epoch 345
2026-09-01 03:13:09.114547: Current learning rate: 0.00683
2026-09-01 03:14:48.150295: train_loss -0.521
2026-09-01 03:14:48.151556: val_loss -0.5357
2026-09-01 03:14:48.152664: Pseudo dice [np.float32(0.0374)]
2026-09-01 03:14:48.158804: Epoch time: 99.04 s
2026-09-01 03:14:49.367275: 
2026-09-01 03:14:49.369005: Epoch 346
2026-09-01 03:14:49.370313: Current learning rate: 0.00682
2026-09-01 03:16:27.812980: train_loss -0.513
2026-09-01 03:16:27.814196: val_loss -0.5366
2026-09-01 03:16:27.815219: Pseudo dice [np.float32(0.0221)]
2026-09-01 03:16:27.816208: Epoch time: 98.45 s
2026-09-01 03:16:28.710763: 
2026-09-01 03:16:28.711996: Epoch 347
2026-09-01 03:16:28.712836: Current learning rate: 0.00681
2026-09-01 03:18:08.700740: train_loss -0.5351
2026-09-01 03:18:08.704441: val_loss -0.5343
2026-09-01 03:18:08.705537: Pseudo dice [np.float32(0.047)]
2026-09-01 03:18:08.706575: Epoch time: 99.99 s
2026-09-01 03:18:09.717239: 
2026-09-01 03:18:09.718850: Epoch 348
2026-09-01 03:18:09.720229: Current learning rate: 0.0068
2026-09-01 03:19:51.960469: train_loss -0.5242
2026-09-01 03:19:51.963044: val_loss -0.5208
2026-09-01 03:19:51.964620: Pseudo dice [np.float32(0.0795)]
2026-09-01 03:19:51.966453: Epoch time: 102.25 s
2026-09-01 03:19:53.126609: 
2026-09-01 03:19:53.128351: Epoch 349
2026-09-01 03:19:53.129434: Current learning rate: 0.0068
2026-09-01 03:21:32.388347: train_loss -0.5295
2026-09-01 03:21:32.389819: val_loss -0.5267
2026-09-01 03:21:32.390861: Pseudo dice [np.float32(0.126)]
2026-09-01 03:21:32.391762: Epoch time: 99.26 s
2026-09-01 03:21:33.520482: Yayy! New best EMA pseudo Dice: 0.05559999868273735
2026-09-01 03:21:35.680805: 
2026-09-01 03:21:35.682379: Epoch 350
2026-09-01 03:21:35.683444: Current learning rate: 0.00679
2026-09-01 03:23:14.747311: train_loss -0.5213
2026-09-01 03:23:14.748575: val_loss -0.5362
2026-09-01 03:23:14.749871: Pseudo dice [np.float32(0.023)]
2026-09-01 03:23:14.750959: Epoch time: 99.07 s
2026-09-01 03:23:15.652068: 
2026-09-01 03:23:15.653379: Epoch 351
2026-09-01 03:23:15.654288: Current learning rate: 0.00678
2026-09-01 03:24:54.194434: train_loss -0.5136
2026-09-01 03:24:54.195481: val_loss -0.5253
2026-09-01 03:24:54.196481: Pseudo dice [np.float32(0.027)]
2026-09-01 03:24:54.197525: Epoch time: 98.54 s
2026-09-01 03:24:55.099146: 
2026-09-01 03:24:55.100509: Epoch 352
2026-09-01 03:24:55.101446: Current learning rate: 0.00677
2026-09-01 03:26:33.919642: train_loss -0.5137
2026-09-01 03:26:33.920859: val_loss -0.51
2026-09-01 03:26:33.921852: Pseudo dice [np.float32(0.0111)]
2026-09-01 03:26:33.922920: Epoch time: 98.82 s
2026-09-01 03:26:34.823073: 
2026-09-01 03:26:34.824702: Epoch 353
2026-09-01 03:26:34.825561: Current learning rate: 0.00676
2026-09-01 03:28:16.243630: train_loss -0.5081
2026-09-01 03:28:16.245000: val_loss -0.5109
2026-09-01 03:28:16.246019: Pseudo dice [np.float32(0.0345)]
2026-09-01 03:28:16.247084: Epoch time: 101.42 s
2026-09-01 03:28:17.155144: 
2026-09-01 03:28:17.156996: Epoch 354
2026-09-01 03:28:17.157964: Current learning rate: 0.00675
2026-09-01 03:29:56.114027: train_loss -0.5216
2026-09-01 03:29:56.115323: val_loss -0.5276
2026-09-01 03:29:56.116643: Pseudo dice [np.float32(0.0442)]
2026-09-01 03:29:56.117769: Epoch time: 98.96 s
2026-09-01 03:29:57.017420: 
2026-09-01 03:29:57.019163: Epoch 355
2026-09-01 03:29:57.020195: Current learning rate: 0.00674
2026-09-01 03:31:36.681444: train_loss -0.5197
2026-09-01 03:31:36.682970: val_loss -0.5195
2026-09-01 03:31:36.684305: Pseudo dice [np.float32(0.0135)]
2026-09-01 03:31:36.685287: Epoch time: 99.67 s
2026-09-01 03:31:37.595968: 
2026-09-01 03:31:37.597552: Epoch 356
2026-09-01 03:31:37.598468: Current learning rate: 0.00673
2026-09-01 03:33:15.144199: train_loss -0.5431
2026-09-01 03:33:15.145673: val_loss -0.5065
2026-09-01 03:33:15.146840: Pseudo dice [np.float32(0.0622)]
2026-09-01 03:33:15.147708: Epoch time: 97.55 s
2026-09-01 03:33:16.049180: 
2026-09-01 03:33:16.050621: Epoch 357
2026-09-01 03:33:16.051748: Current learning rate: 0.00672
2026-09-01 03:34:55.989220: train_loss -0.5064
2026-09-01 03:34:55.990506: val_loss -0.5253
2026-09-01 03:34:55.991541: Pseudo dice [np.float32(0.0266)]
2026-09-01 03:34:55.992767: Epoch time: 99.94 s
2026-09-01 03:34:56.899812: 
2026-09-01 03:34:56.901387: Epoch 358
2026-09-01 03:34:56.902392: Current learning rate: 0.00671
2026-09-01 03:36:35.940349: train_loss -0.5189
2026-09-01 03:36:35.941837: val_loss -0.5373
2026-09-01 03:36:35.943166: Pseudo dice [np.float32(0.0437)]
2026-09-01 03:36:35.944368: Epoch time: 99.04 s
2026-09-01 03:36:36.846335: 
2026-09-01 03:36:36.847852: Epoch 359
2026-09-01 03:36:36.848815: Current learning rate: 0.0067
2026-09-01 03:38:16.229930: train_loss -0.5163
2026-09-01 03:38:16.231558: val_loss -0.5293
2026-09-01 03:38:16.232579: Pseudo dice [np.float32(0.0228)]
2026-09-01 03:38:16.234022: Epoch time: 99.39 s
2026-09-01 03:38:17.135891: 
2026-09-01 03:38:17.137005: Epoch 360
2026-09-01 03:38:17.137901: Current learning rate: 0.00669
2026-09-01 03:39:56.428264: train_loss -0.5209
2026-09-01 03:39:56.429723: val_loss -0.5443
2026-09-01 03:39:56.430846: Pseudo dice [np.float32(0.0267)]
2026-09-01 03:39:56.431798: Epoch time: 99.29 s
2026-09-01 03:39:57.336195: 
2026-09-01 03:39:57.337356: Epoch 361
2026-09-01 03:39:57.338340: Current learning rate: 0.00668
2026-09-01 03:41:44.336451: train_loss -0.5338
2026-09-01 03:41:44.349707: val_loss -0.515
2026-09-01 03:41:44.350898: Pseudo dice [np.float32(0.0245)]
2026-09-01 03:41:44.352014: Epoch time: 107.0 s
2026-09-01 03:41:45.781158: 
2026-09-01 03:41:45.782878: Epoch 362
2026-09-01 03:41:45.783953: Current learning rate: 0.00667
2026-09-01 03:43:24.072549: train_loss -0.52
2026-09-01 03:43:24.073810: val_loss -0.5395
2026-09-01 03:43:24.075039: Pseudo dice [np.float32(0.081)]
2026-09-01 03:43:24.075995: Epoch time: 98.29 s
2026-09-01 03:43:25.257604: 
2026-09-01 03:43:25.258957: Epoch 363
2026-09-01 03:43:25.260094: Current learning rate: 0.00666
2026-09-01 03:45:05.924630: train_loss -0.5395
2026-09-01 03:45:05.940639: val_loss -0.5208
2026-09-01 03:45:05.942874: Pseudo dice [np.float32(0.0997)]
2026-09-01 03:45:05.944448: Epoch time: 100.67 s
2026-09-01 03:45:06.909207: 
2026-09-01 03:45:06.910897: Epoch 364
2026-09-01 03:45:06.912037: Current learning rate: 0.00665
2026-09-01 03:46:45.922132: train_loss -0.5144
2026-09-01 03:46:45.923317: val_loss -0.5255
2026-09-01 03:46:45.924636: Pseudo dice [np.float32(0.0349)]
2026-09-01 03:46:45.925819: Epoch time: 99.02 s
2026-09-01 03:46:46.845007: 
2026-09-01 03:46:46.846444: Epoch 365
2026-09-01 03:46:46.847602: Current learning rate: 0.00665
2026-09-01 03:48:28.538254: train_loss -0.5037
2026-09-01 03:48:28.545511: val_loss -0.5077
2026-09-01 03:48:28.575480: Pseudo dice [np.float32(0.0268)]
2026-09-01 03:48:28.576686: Epoch time: 101.7 s
2026-09-01 03:48:30.072155: 
2026-09-01 03:48:30.073554: Epoch 366
2026-09-01 03:48:30.076499: Current learning rate: 0.00664
2026-09-01 03:50:10.265913: train_loss -0.5252
2026-09-01 03:50:10.267027: val_loss -0.5278
2026-09-01 03:50:10.268128: Pseudo dice [np.float32(0.0478)]
2026-09-01 03:50:10.269341: Epoch time: 100.2 s
2026-09-01 03:50:11.212419: 
2026-09-01 03:50:11.213798: Epoch 367
2026-09-01 03:50:11.214655: Current learning rate: 0.00663
2026-09-01 03:51:51.611976: train_loss -0.5266
2026-09-01 03:51:51.613243: val_loss -0.5331
2026-09-01 03:51:51.614311: Pseudo dice [np.float32(0.0231)]
2026-09-01 03:51:51.615390: Epoch time: 100.4 s
2026-09-01 03:51:52.528290: 
2026-09-01 03:51:52.529804: Epoch 368
2026-09-01 03:51:52.530788: Current learning rate: 0.00662
2026-09-01 03:53:32.846025: train_loss -0.5332
2026-09-01 03:53:32.847275: val_loss -0.5312
2026-09-01 03:53:32.848220: Pseudo dice [np.float32(0.0363)]
2026-09-01 03:53:32.849123: Epoch time: 100.32 s
2026-09-01 03:53:33.760308: 
2026-09-01 03:53:33.761990: Epoch 369
2026-09-01 03:53:33.762961: Current learning rate: 0.00661
2026-09-01 03:55:12.103374: train_loss -0.5335
2026-09-01 03:55:12.104818: val_loss -0.5282
2026-09-01 03:55:12.105727: Pseudo dice [np.float32(0.02)]
2026-09-01 03:55:12.106855: Epoch time: 98.35 s
2026-09-01 03:55:13.011678: 
2026-09-01 03:55:13.013406: Epoch 370
2026-09-01 03:55:13.014429: Current learning rate: 0.0066
2026-09-01 03:56:53.286166: train_loss -0.522
2026-09-01 03:56:53.287540: val_loss -0.5395
2026-09-01 03:56:53.288700: Pseudo dice [np.float32(0.0584)]
2026-09-01 03:56:53.294976: Epoch time: 100.28 s
2026-09-01 03:56:54.226691: 
2026-09-01 03:56:54.228398: Epoch 371
2026-09-01 03:56:54.229365: Current learning rate: 0.00659
2026-09-01 03:58:32.311377: train_loss -0.5077
2026-09-01 03:58:32.312747: val_loss -0.5388
2026-09-01 03:58:32.313758: Pseudo dice [np.float32(0.0551)]
2026-09-01 03:58:32.314888: Epoch time: 98.09 s
2026-09-01 03:58:33.220060: 
2026-09-01 03:58:33.221527: Epoch 372
2026-09-01 03:58:33.222426: Current learning rate: 0.00658
2026-09-01 04:00:13.133679: train_loss -0.5402
2026-09-01 04:00:13.168684: val_loss -0.5334
2026-09-01 04:00:13.190461: Pseudo dice [np.float32(0.0347)]
2026-09-01 04:00:13.192223: Epoch time: 99.92 s
2026-09-01 04:00:14.812180: 
2026-09-01 04:00:14.813657: Epoch 373
2026-09-01 04:00:14.814641: Current learning rate: 0.00657
2026-09-01 04:02:00.027206: train_loss -0.5323
2026-09-01 04:02:00.028924: val_loss -0.5295
2026-09-01 04:02:00.030507: Pseudo dice [np.float32(0.0118)]
2026-09-01 04:02:00.031910: Epoch time: 105.22 s
2026-09-01 04:02:01.057741: 
2026-09-01 04:02:01.059520: Epoch 374
2026-09-01 04:02:01.060544: Current learning rate: 0.00656
2026-09-01 04:03:40.490151: train_loss -0.5361
2026-09-01 04:03:40.491525: val_loss -0.5456
2026-09-01 04:03:40.492409: Pseudo dice [np.float32(0.038)]
2026-09-01 04:03:40.493504: Epoch time: 99.44 s
2026-09-01 04:03:41.399729: 
2026-09-01 04:03:41.401094: Epoch 375
2026-09-01 04:03:41.401932: Current learning rate: 0.00655
2026-09-01 04:05:19.784352: train_loss -0.528
2026-09-01 04:05:19.786622: val_loss -0.5338
2026-09-01 04:05:19.787665: Pseudo dice [np.float32(0.0167)]
2026-09-01 04:05:19.788648: Epoch time: 98.39 s
2026-09-01 04:05:20.695504: 
2026-09-01 04:05:20.696959: Epoch 376
2026-09-01 04:05:20.697941: Current learning rate: 0.00654
2026-09-01 04:07:00.380506: train_loss -0.5322
2026-09-01 04:07:00.381763: val_loss -0.5098
2026-09-01 04:07:00.382751: Pseudo dice [np.float32(0.0707)]
2026-09-01 04:07:00.383723: Epoch time: 99.69 s
2026-09-01 04:07:01.304550: 
2026-09-01 04:07:01.305823: Epoch 377
2026-09-01 04:07:01.306752: Current learning rate: 0.00653
2026-09-01 04:08:40.612486: train_loss -0.5166
2026-09-01 04:08:40.613711: val_loss -0.524
2026-09-01 04:08:40.614815: Pseudo dice [np.float32(0.0231)]
2026-09-01 04:08:40.616094: Epoch time: 99.31 s
2026-09-01 04:08:41.812300: 
2026-09-01 04:08:41.813838: Epoch 378
2026-09-01 04:08:41.814749: Current learning rate: 0.00652
2026-09-01 04:10:22.225796: train_loss -0.5211
2026-09-01 04:10:22.227437: val_loss -0.5461
2026-09-01 04:10:22.228757: Pseudo dice [np.float32(0.0832)]
2026-09-01 04:10:22.229722: Epoch time: 100.42 s
2026-09-01 04:10:23.134213: 
2026-09-01 04:10:23.135560: Epoch 379
2026-09-01 04:10:23.136391: Current learning rate: 0.00651
2026-09-01 04:12:02.562040: train_loss -0.5226
2026-09-01 04:12:02.563439: val_loss -0.534
2026-09-01 04:12:02.564601: Pseudo dice [np.float32(0.0523)]
2026-09-01 04:12:02.565543: Epoch time: 99.43 s
2026-09-01 04:12:03.679678: 
2026-09-01 04:12:03.681413: Epoch 380
2026-09-01 04:12:03.682453: Current learning rate: 0.0065
2026-09-01 04:13:43.109293: train_loss -0.5236
2026-09-01 04:13:43.118655: val_loss -0.5305
2026-09-01 04:13:43.120452: Pseudo dice [np.float32(0.0187)]
2026-09-01 04:13:43.121689: Epoch time: 99.43 s
2026-09-01 04:13:44.275872: 
2026-09-01 04:13:44.277300: Epoch 381
2026-09-01 04:13:44.278288: Current learning rate: 0.00649
2026-09-01 04:15:24.653067: train_loss -0.5343
2026-09-01 04:15:24.654793: val_loss -0.5174
2026-09-01 04:15:24.655797: Pseudo dice [np.float32(0.0392)]
2026-09-01 04:15:24.656776: Epoch time: 100.38 s
2026-09-01 04:15:25.602016: 
2026-09-01 04:15:25.603535: Epoch 382
2026-09-01 04:15:25.604463: Current learning rate: 0.00648
2026-09-01 04:17:03.614232: train_loss -0.5141
2026-09-01 04:17:03.615600: val_loss -0.5006
2026-09-01 04:17:03.616739: Pseudo dice [np.float32(0.0106)]
2026-09-01 04:17:03.618548: Epoch time: 98.01 s
2026-09-01 04:17:04.539452: 
2026-09-01 04:17:04.541209: Epoch 383
2026-09-01 04:17:04.542228: Current learning rate: 0.00648
2026-09-01 04:18:44.469809: train_loss -0.5233
2026-09-01 04:18:44.471311: val_loss -0.5263
2026-09-01 04:18:44.472482: Pseudo dice [np.float32(0.0414)]
2026-09-01 04:18:44.473418: Epoch time: 99.93 s
2026-09-01 04:18:45.385175: 
2026-09-01 04:18:45.386680: Epoch 384
2026-09-01 04:18:45.387682: Current learning rate: 0.00647
2026-09-01 04:20:24.563368: train_loss -0.5373
2026-09-01 04:20:24.565010: val_loss -0.5395
2026-09-01 04:20:24.566375: Pseudo dice [np.float32(0.0443)]
2026-09-01 04:20:24.567456: Epoch time: 99.18 s
2026-09-01 04:20:25.482532: 
2026-09-01 04:20:25.484134: Epoch 385
2026-09-01 04:20:25.485071: Current learning rate: 0.00646
2026-09-01 04:22:05.624061: train_loss -0.5264
2026-09-01 04:22:05.625585: val_loss -0.5305
2026-09-01 04:22:05.627034: Pseudo dice [np.float32(0.0263)]
2026-09-01 04:22:05.628069: Epoch time: 100.14 s
2026-09-01 04:22:06.769497: 
2026-09-01 04:22:06.771238: Epoch 386
2026-09-01 04:22:06.772182: Current learning rate: 0.00645
2026-09-01 04:23:46.023438: train_loss -0.529
2026-09-01 04:23:46.024902: val_loss -0.5353
2026-09-01 04:23:46.025851: Pseudo dice [np.float32(0.0273)]
2026-09-01 04:23:46.026892: Epoch time: 99.25 s
2026-09-01 04:23:47.011013: 
2026-09-01 04:23:47.012521: Epoch 387
2026-09-01 04:23:47.013419: Current learning rate: 0.00644
2026-09-01 04:25:26.825320: train_loss -0.5298
2026-09-01 04:25:26.832369: val_loss -0.5615
2026-09-01 04:25:26.834079: Pseudo dice [np.float32(0.0587)]
2026-09-01 04:25:26.835267: Epoch time: 99.82 s
2026-09-01 04:25:28.199633: 
2026-09-01 04:25:28.207469: Epoch 388
2026-09-01 04:25:28.208887: Current learning rate: 0.00643
2026-09-01 04:27:07.048136: train_loss -0.517
2026-09-01 04:27:07.050486: val_loss -0.5096
2026-09-01 04:27:07.051699: Pseudo dice [np.float32(0.023)]
2026-09-01 04:27:07.052615: Epoch time: 98.85 s
2026-09-01 04:27:07.967260: 
2026-09-01 04:27:07.968371: Epoch 389
2026-09-01 04:27:07.969291: Current learning rate: 0.00642
2026-09-01 04:28:46.909462: train_loss -0.5092
2026-09-01 04:28:46.910526: val_loss -0.5043
2026-09-01 04:28:46.911509: Pseudo dice [np.float32(0.0102)]
2026-09-01 04:28:46.912617: Epoch time: 98.94 s
2026-09-01 04:28:47.832845: 
2026-09-01 04:28:47.834250: Epoch 390
2026-09-01 04:28:47.835248: Current learning rate: 0.00641
2026-09-01 04:30:28.915692: train_loss -0.5279
2026-09-01 04:30:28.920892: val_loss -0.525
2026-09-01 04:30:28.922359: Pseudo dice [np.float32(0.058)]
2026-09-01 04:30:28.923302: Epoch time: 101.09 s
2026-09-01 04:30:30.026489: 
2026-09-01 04:30:30.027976: Epoch 391
2026-09-01 04:30:30.028786: Current learning rate: 0.0064
2026-09-01 04:32:09.716257: train_loss -0.5297
2026-09-01 04:32:09.717627: val_loss -0.546
2026-09-01 04:32:09.718629: Pseudo dice [np.float32(0.0541)]
2026-09-01 04:32:09.719670: Epoch time: 99.69 s
2026-09-01 04:32:11.680472: 
2026-09-01 04:32:11.681852: Epoch 392
2026-09-01 04:32:11.682981: Current learning rate: 0.00639
2026-09-01 04:33:52.596409: train_loss -0.5398
2026-09-01 04:33:52.604677: val_loss -0.5458
2026-09-01 04:33:52.623719: Pseudo dice [np.float32(0.0751)]
2026-09-01 04:33:52.625354: Epoch time: 100.92 s
2026-09-01 04:33:53.843035: 
2026-09-01 04:33:53.844909: Epoch 393
2026-09-01 04:33:53.846069: Current learning rate: 0.00638
2026-09-01 04:35:33.228160: train_loss -0.5234
2026-09-01 04:35:33.229388: val_loss -0.5219
2026-09-01 04:35:33.230437: Pseudo dice [np.float32(0.031)]
2026-09-01 04:35:33.231552: Epoch time: 99.39 s
2026-09-01 04:35:34.151607: 
2026-09-01 04:35:34.153014: Epoch 394
2026-09-01 04:35:34.153908: Current learning rate: 0.00637
2026-09-01 04:37:11.946065: train_loss -0.5201
2026-09-01 04:37:11.947347: val_loss -0.5313
2026-09-01 04:37:11.948334: Pseudo dice [np.float32(0.0654)]
2026-09-01 04:37:11.949242: Epoch time: 97.8 s
2026-09-01 04:37:12.863619: 
2026-09-01 04:37:12.864835: Epoch 395
2026-09-01 04:37:12.865776: Current learning rate: 0.00636
2026-09-01 04:38:52.965198: train_loss -0.5303
2026-09-01 04:38:52.967045: val_loss -0.5529
2026-09-01 04:38:52.968628: Pseudo dice [np.float32(0.0758)]
2026-09-01 04:38:52.969576: Epoch time: 100.1 s
2026-09-01 04:38:53.933949: 
2026-09-01 04:38:53.935408: Epoch 396
2026-09-01 04:38:53.936470: Current learning rate: 0.00635
2026-09-01 04:40:33.934320: train_loss -0.5415
2026-09-01 04:40:33.935853: val_loss -0.5528
2026-09-01 04:40:33.936825: Pseudo dice [np.float32(0.1043)]
2026-09-01 04:40:33.937798: Epoch time: 100.0 s
2026-09-01 04:40:34.861903: 
2026-09-01 04:40:34.863411: Epoch 397
2026-09-01 04:40:34.864434: Current learning rate: 0.00634
2026-09-01 04:42:15.655753: train_loss -0.54
2026-09-01 04:42:15.657018: val_loss -0.5372
2026-09-01 04:42:15.658045: Pseudo dice [np.float32(0.0695)]
2026-09-01 04:42:15.658931: Epoch time: 100.8 s
2026-09-01 04:42:16.577770: 
2026-09-01 04:42:16.579295: Epoch 398
2026-09-01 04:42:16.580333: Current learning rate: 0.00633
2026-09-01 04:44:00.739701: train_loss -0.5305
2026-09-01 04:44:00.743563: val_loss -0.5134
2026-09-01 04:44:00.747400: Pseudo dice [np.float32(0.0251)]
2026-09-01 04:44:00.748700: Epoch time: 104.16 s
2026-09-01 04:44:01.928259: 
2026-09-01 04:44:01.930012: Epoch 399
2026-09-01 04:44:01.931111: Current learning rate: 0.00632
2026-09-01 04:45:40.095920: train_loss -0.5348
2026-09-01 04:45:40.097291: val_loss -0.5165
2026-09-01 04:45:40.098428: Pseudo dice [np.float32(0.0198)]
2026-09-01 04:45:40.099329: Epoch time: 98.17 s
2026-09-01 04:45:42.232455: 
2026-09-01 04:45:42.234071: Epoch 400
2026-09-01 04:45:42.234987: Current learning rate: 0.00631
2026-09-01 04:47:21.762439: train_loss -0.5335
2026-09-01 04:47:21.766842: val_loss -0.5087
2026-09-01 04:47:21.769901: Pseudo dice [np.float32(0.0188)]
2026-09-01 04:47:21.770807: Epoch time: 99.53 s
2026-09-01 04:47:23.010407: 
2026-09-01 04:47:23.011924: Epoch 401
2026-09-01 04:47:23.012839: Current learning rate: 0.0063
2026-09-01 04:49:01.692746: train_loss -0.5111
2026-09-01 04:49:01.694118: val_loss -0.5204
2026-09-01 04:49:01.695152: Pseudo dice [np.float32(0.0235)]
2026-09-01 04:49:01.696080: Epoch time: 98.68 s
2026-09-01 04:49:02.621454: 
2026-09-01 04:49:02.622936: Epoch 402
2026-09-01 04:49:02.623832: Current learning rate: 0.0063
2026-09-01 04:50:41.954207: train_loss -0.5509
2026-09-01 04:50:41.955611: val_loss -0.5531
2026-09-01 04:50:41.956775: Pseudo dice [np.float32(0.085)]
2026-09-01 04:50:41.957695: Epoch time: 99.34 s
2026-09-01 04:50:42.881338: 
2026-09-01 04:50:42.883175: Epoch 403
2026-09-01 04:50:42.884206: Current learning rate: 0.00629
2026-09-01 04:52:22.762152: train_loss -0.5249
2026-09-01 04:52:22.763571: val_loss -0.5176
2026-09-01 04:52:22.764670: Pseudo dice [np.float32(0.0378)]
2026-09-01 04:52:22.765733: Epoch time: 99.88 s
2026-09-01 04:52:23.767805: 
2026-09-01 04:52:23.769292: Epoch 404
2026-09-01 04:52:23.770539: Current learning rate: 0.00628
2026-09-01 04:54:04.373587: train_loss -0.5341
2026-09-01 04:54:04.376684: val_loss -0.5448
2026-09-01 04:54:04.379945: Pseudo dice [np.float32(0.0917)]
2026-09-01 04:54:04.381021: Epoch time: 100.61 s
2026-09-01 04:54:05.464143: 
2026-09-01 04:54:05.465672: Epoch 405
2026-09-01 04:54:05.466748: Current learning rate: 0.00627
2026-09-01 04:55:44.170907: train_loss -0.54
2026-09-01 04:55:44.172476: val_loss -0.5302
2026-09-01 04:55:44.173477: Pseudo dice [np.float32(0.0301)]
2026-09-01 04:55:44.174556: Epoch time: 98.71 s
2026-09-01 04:55:45.102030: 
2026-09-01 04:55:45.103659: Epoch 406
2026-09-01 04:55:45.104955: Current learning rate: 0.00626
2026-09-01 04:57:24.584245: train_loss -0.5464
2026-09-01 04:57:24.585361: val_loss -0.5485
2026-09-01 04:57:24.586670: Pseudo dice [np.float32(0.0376)]
2026-09-01 04:57:24.587732: Epoch time: 99.48 s
2026-09-01 04:57:25.508972: 
2026-09-01 04:57:25.510393: Epoch 407
2026-09-01 04:57:25.511332: Current learning rate: 0.00625
2026-09-01 04:59:06.407847: train_loss -0.5442
2026-09-01 04:59:06.409161: val_loss -0.5209
2026-09-01 04:59:06.410684: Pseudo dice [np.float32(0.031)]
2026-09-01 04:59:06.412085: Epoch time: 100.9 s
2026-09-01 04:59:07.339670: 
2026-09-01 04:59:07.341238: Epoch 408
2026-09-01 04:59:07.342112: Current learning rate: 0.00624
2026-09-01 05:00:46.831647: train_loss -0.5318
2026-09-01 05:00:46.833362: val_loss -0.5451
2026-09-01 05:00:46.834490: Pseudo dice [np.float32(0.0623)]
2026-09-01 05:00:46.835511: Epoch time: 99.49 s
2026-09-01 05:00:47.784230: 
2026-09-01 05:00:47.785882: Epoch 409
2026-09-01 05:00:47.786860: Current learning rate: 0.00623
2026-09-01 05:02:26.852887: train_loss -0.5452
2026-09-01 05:02:26.854365: val_loss -0.5835
2026-09-01 05:02:26.855689: Pseudo dice [np.float32(0.1601)]
2026-09-01 05:02:26.856718: Epoch time: 99.07 s
2026-09-01 05:02:26.857852: Yayy! New best EMA pseudo Dice: 0.05889999866485596
2026-09-01 05:02:29.136347: 
2026-09-01 05:02:29.138072: Epoch 410
2026-09-01 05:02:29.139066: Current learning rate: 0.00622
2026-09-01 05:04:10.104186: train_loss -0.5342
2026-09-01 05:04:10.105320: val_loss -0.4764
2026-09-01 05:04:10.114165: Pseudo dice [np.float32(0.0351)]
2026-09-01 05:04:10.126905: Epoch time: 100.97 s
2026-09-01 05:04:11.047075: 
2026-09-01 05:04:11.048743: Epoch 411
2026-09-01 05:04:11.049718: Current learning rate: 0.00621
2026-09-01 05:05:50.818372: train_loss -0.5379
2026-09-01 05:05:50.819652: val_loss -0.5376
2026-09-01 05:05:50.820662: Pseudo dice [np.float32(0.077)]
2026-09-01 05:05:50.821644: Epoch time: 99.77 s
2026-09-01 05:05:52.005529: 
2026-09-01 05:05:52.007023: Epoch 412
2026-09-01 05:05:52.008122: Current learning rate: 0.0062
2026-09-01 05:07:31.278367: train_loss -0.5336
2026-09-01 05:07:31.281549: val_loss -0.5348
2026-09-01 05:07:31.283326: Pseudo dice [np.float32(0.0479)]
2026-09-01 05:07:31.284582: Epoch time: 99.28 s
2026-09-01 05:07:32.489584: 
2026-09-01 05:07:32.493699: Epoch 413
2026-09-01 05:07:32.495436: Current learning rate: 0.00619
2026-09-01 05:09:11.575808: train_loss -0.527
2026-09-01 05:09:11.577526: val_loss -0.5304
2026-09-01 05:09:11.578943: Pseudo dice [np.float32(0.0243)]
2026-09-01 05:09:11.580173: Epoch time: 99.09 s
2026-09-01 05:09:12.472401: 
2026-09-01 05:09:12.473891: Epoch 414
2026-09-01 05:09:12.474880: Current learning rate: 0.00618
2026-09-01 05:10:50.723933: train_loss -0.5244
2026-09-01 05:10:50.726594: val_loss -0.5293
2026-09-01 05:10:50.727889: Pseudo dice [np.float32(0.0247)]
2026-09-01 05:10:50.728759: Epoch time: 98.25 s
2026-09-01 05:10:51.618305: 
2026-09-01 05:10:51.619985: Epoch 415
2026-09-01 05:10:51.620889: Current learning rate: 0.00617
2026-09-01 05:12:29.906154: train_loss -0.529
2026-09-01 05:12:29.907573: val_loss -0.5245
2026-09-01 05:12:29.908825: Pseudo dice [np.float32(0.0398)]
2026-09-01 05:12:29.909967: Epoch time: 98.29 s
2026-09-01 05:12:30.802095: 
2026-09-01 05:12:30.803576: Epoch 416
2026-09-01 05:12:30.804598: Current learning rate: 0.00616
2026-09-01 05:14:11.010408: train_loss -0.5365
2026-09-01 05:14:11.011818: val_loss -0.5129
2026-09-01 05:14:11.013088: Pseudo dice [np.float32(0.0163)]
2026-09-01 05:14:11.014082: Epoch time: 100.21 s
2026-09-01 05:14:11.912647: 
2026-09-01 05:14:11.914267: Epoch 417
2026-09-01 05:14:11.915208: Current learning rate: 0.00615
2026-09-01 05:15:51.981216: train_loss -0.5191
2026-09-01 05:15:51.982440: val_loss -0.523
2026-09-01 05:15:51.983579: Pseudo dice [np.float32(0.0195)]
2026-09-01 05:15:51.984694: Epoch time: 100.07 s
2026-09-01 05:15:52.877206: 
2026-09-01 05:15:52.878420: Epoch 418
2026-09-01 05:15:52.879561: Current learning rate: 0.00614
2026-09-01 05:17:32.999240: train_loss -0.5456
2026-09-01 05:17:33.013467: val_loss -0.5348
2026-09-01 05:17:33.014462: Pseudo dice [np.float32(0.0576)]
2026-09-01 05:17:33.015402: Epoch time: 100.12 s
2026-09-01 05:17:33.908173: 
2026-09-01 05:17:33.909736: Epoch 419
2026-09-01 05:17:33.910866: Current learning rate: 0.00613
2026-09-01 05:19:14.779380: train_loss -0.5451
2026-09-01 05:19:14.786558: val_loss -0.5149
2026-09-01 05:19:14.787867: Pseudo dice [np.float32(0.0382)]
2026-09-01 05:19:14.788857: Epoch time: 100.87 s
2026-09-01 05:19:15.768381: 
2026-09-01 05:19:15.770208: Epoch 420
2026-09-01 05:19:15.771339: Current learning rate: 0.00612
2026-09-01 05:20:55.193567: train_loss -0.5327
2026-09-01 05:20:55.194929: val_loss -0.5368
2026-09-01 05:20:55.196261: Pseudo dice [np.float32(0.0224)]
2026-09-01 05:20:55.197657: Epoch time: 99.43 s
2026-09-01 05:20:56.428741: 
2026-09-01 05:20:56.430669: Epoch 421
2026-09-01 05:20:56.431720: Current learning rate: 0.00612
2026-09-01 05:22:37.196591: train_loss -0.5346
2026-09-01 05:22:37.203799: val_loss -0.4584
2026-09-01 05:22:37.205530: Pseudo dice [np.float32(0.0654)]
2026-09-01 05:22:37.207156: Epoch time: 100.77 s
2026-09-01 05:22:38.233971: 
2026-09-01 05:22:38.235649: Epoch 422
2026-09-01 05:22:38.236955: Current learning rate: 0.00611
2026-09-01 05:24:18.774481: train_loss -0.5005
2026-09-01 05:24:18.775994: val_loss -0.4957
2026-09-01 05:24:18.777277: Pseudo dice [np.float32(0.018)]
2026-09-01 05:24:18.778372: Epoch time: 100.54 s
2026-09-01 05:24:19.663122: 
2026-09-01 05:24:19.664559: Epoch 423
2026-09-01 05:24:19.665474: Current learning rate: 0.0061
2026-09-01 05:25:57.876484: train_loss -0.5172
2026-09-01 05:25:57.877853: val_loss -0.537
2026-09-01 05:25:57.878970: Pseudo dice [np.float32(0.022)]
2026-09-01 05:25:57.880026: Epoch time: 98.22 s
2026-09-01 05:25:58.756678: 
2026-09-01 05:25:58.757916: Epoch 424
2026-09-01 05:25:58.758744: Current learning rate: 0.00609
2026-09-01 05:27:38.225898: train_loss -0.5282
2026-09-01 05:27:38.227197: val_loss -0.5248
2026-09-01 05:27:38.228610: Pseudo dice [np.float32(0.0284)]
2026-09-01 05:27:38.229532: Epoch time: 99.47 s
2026-09-01 05:27:39.118343: 
2026-09-01 05:27:39.119536: Epoch 425
2026-09-01 05:27:39.120429: Current learning rate: 0.00608
2026-09-01 05:29:17.517888: train_loss -0.539
2026-09-01 05:29:17.519261: val_loss -0.5165
2026-09-01 05:29:17.520350: Pseudo dice [np.float32(0.0238)]
2026-09-01 05:29:17.521397: Epoch time: 98.4 s
2026-09-01 05:29:18.466459: 
2026-09-01 05:29:18.468189: Epoch 426
2026-09-01 05:29:18.469166: Current learning rate: 0.00607
2026-09-01 05:30:57.309829: train_loss -0.5351
2026-09-01 05:30:57.311025: val_loss -0.5327
2026-09-01 05:30:57.312052: Pseudo dice [np.float32(0.0373)]
2026-09-01 05:30:57.313025: Epoch time: 98.85 s
2026-09-01 05:30:58.194548: 
2026-09-01 05:30:58.196186: Epoch 427
2026-09-01 05:30:58.197164: Current learning rate: 0.00606
2026-09-01 05:32:36.781984: train_loss -0.5423
2026-09-01 05:32:36.783298: val_loss -0.552
2026-09-01 05:32:36.784427: Pseudo dice [np.float32(0.1383)]
2026-09-01 05:32:36.785303: Epoch time: 98.59 s
2026-09-01 05:32:37.668381: 
2026-09-01 05:32:37.669976: Epoch 428
2026-09-01 05:32:37.671095: Current learning rate: 0.00605
2026-09-01 05:34:17.917252: train_loss -0.5282
2026-09-01 05:34:17.918534: val_loss -0.5302
2026-09-01 05:34:17.919597: Pseudo dice [np.float32(0.0634)]
2026-09-01 05:34:17.920817: Epoch time: 100.25 s
2026-09-01 05:34:18.831869: 
2026-09-01 05:34:18.833317: Epoch 429
2026-09-01 05:34:18.834435: Current learning rate: 0.00604
2026-09-01 05:36:09.947380: train_loss -0.5329
2026-09-01 05:36:09.954432: val_loss -0.5229
2026-09-01 05:36:09.955967: Pseudo dice [np.float32(0.0398)]
2026-09-01 05:36:09.956900: Epoch time: 111.12 s
2026-09-01 05:36:11.493889: 
2026-09-01 05:36:11.495363: Epoch 430
2026-09-01 05:36:11.496413: Current learning rate: 0.00603
2026-09-01 05:37:51.864182: train_loss -0.5447
2026-09-01 05:37:51.865361: val_loss -0.5313
2026-09-01 05:37:51.866318: Pseudo dice [np.float32(0.0624)]
2026-09-01 05:37:51.867188: Epoch time: 100.37 s
2026-09-01 05:37:53.823171: 
2026-09-01 05:37:53.824944: Epoch 431
2026-09-01 05:37:53.825921: Current learning rate: 0.00602
2026-09-01 05:39:36.350066: train_loss -0.5227
2026-09-01 05:39:36.351080: val_loss -0.5327
2026-09-01 05:39:36.352029: Pseudo dice [np.float32(0.0279)]
2026-09-01 05:39:36.353022: Epoch time: 102.53 s
2026-09-01 05:39:37.227604: 
2026-09-01 05:39:37.229187: Epoch 432
2026-09-01 05:39:37.230095: Current learning rate: 0.00601
2026-09-01 05:41:17.650695: train_loss -0.5352
2026-09-01 05:41:17.651951: val_loss -0.5307
2026-09-01 05:41:17.653147: Pseudo dice [np.float32(0.1408)]
2026-09-01 05:41:17.654263: Epoch time: 100.43 s
2026-09-01 05:41:18.533876: 
2026-09-01 05:41:18.535361: Epoch 433
2026-09-01 05:41:18.536393: Current learning rate: 0.006
2026-09-01 05:42:57.350610: train_loss -0.5199
2026-09-01 05:42:57.351838: val_loss -0.5463
2026-09-01 05:42:57.352846: Pseudo dice [np.float32(0.0893)]
2026-09-01 05:42:57.353895: Epoch time: 98.82 s
2026-09-01 05:42:57.354728: Yayy! New best EMA pseudo Dice: 0.05999999865889549
2026-09-01 05:42:59.529492: 
2026-09-01 05:42:59.531106: Epoch 434
2026-09-01 05:42:59.531906: Current learning rate: 0.00599
2026-09-01 05:44:43.672013: train_loss -0.5209
2026-09-01 05:44:43.673308: val_loss -0.5193
2026-09-01 05:44:43.674688: Pseudo dice [np.float32(0.0289)]
2026-09-01 05:44:43.675671: Epoch time: 104.14 s
2026-09-01 05:44:44.768485: 
2026-09-01 05:44:44.770130: Epoch 435
2026-09-01 05:44:44.771176: Current learning rate: 0.00598
2026-09-01 05:46:28.476557: train_loss -0.5489
2026-09-01 05:46:28.496841: val_loss -0.5458
2026-09-01 05:46:28.498583: Pseudo dice [np.float32(0.0231)]
2026-09-01 05:46:28.499926: Epoch time: 103.71 s
2026-09-01 05:46:29.586728: 
2026-09-01 05:46:29.588374: Epoch 436
2026-09-01 05:46:29.589396: Current learning rate: 0.00597
2026-09-01 05:48:09.530027: train_loss -0.5647
2026-09-01 05:48:09.533104: val_loss -0.5225
2026-09-01 05:48:09.534478: Pseudo dice [np.float32(0.0323)]
2026-09-01 05:48:09.535827: Epoch time: 99.95 s
2026-09-01 05:48:10.461342: 
2026-09-01 05:48:10.463076: Epoch 437
2026-09-01 05:48:10.464298: Current learning rate: 0.00596
2026-09-01 05:49:59.365854: train_loss -0.5011
2026-09-01 05:49:59.368709: val_loss -0.5082
2026-09-01 05:49:59.373298: Pseudo dice [np.float32(0.0173)]
2026-09-01 05:49:59.374882: Epoch time: 108.91 s
2026-09-01 05:50:00.416790: 
2026-09-01 05:50:00.418358: Epoch 438
2026-09-01 05:50:00.419310: Current learning rate: 0.00595
2026-09-01 05:51:39.625838: train_loss -0.4879
2026-09-01 05:51:39.627184: val_loss -0.52
2026-09-01 05:51:39.628079: Pseudo dice [np.float32(0.0376)]
2026-09-01 05:51:39.629263: Epoch time: 99.21 s
2026-09-01 05:51:40.502961: 
2026-09-01 05:51:40.504160: Epoch 439
2026-09-01 05:51:40.505038: Current learning rate: 0.00594
2026-09-01 05:53:20.401185: train_loss -0.5157
2026-09-01 05:53:20.402422: val_loss -0.529
2026-09-01 05:53:20.403479: Pseudo dice [np.float32(0.0241)]
2026-09-01 05:53:20.404400: Epoch time: 99.9 s
2026-09-01 05:53:21.270939: 
2026-09-01 05:53:21.272483: Epoch 440
2026-09-01 05:53:21.273611: Current learning rate: 0.00593
2026-09-01 05:55:01.256021: train_loss -0.4972
2026-09-01 05:55:01.257064: val_loss -0.54
2026-09-01 05:55:01.257937: Pseudo dice [np.float32(0.02)]
2026-09-01 05:55:01.258796: Epoch time: 99.99 s
2026-09-01 05:55:02.129762: 
2026-09-01 05:55:02.131419: Epoch 441
2026-09-01 05:55:02.132444: Current learning rate: 0.00592
2026-09-01 05:56:41.562495: train_loss -0.5457
2026-09-01 05:56:41.563765: val_loss -0.5212
2026-09-01 05:56:41.564689: Pseudo dice [np.float32(0.0608)]
2026-09-01 05:56:41.565750: Epoch time: 99.44 s
2026-09-01 05:56:42.472094: 
2026-09-01 05:56:42.473826: Epoch 442
2026-09-01 05:56:42.474842: Current learning rate: 0.00592
2026-09-01 05:58:23.301291: train_loss -0.5389
2026-09-01 05:58:23.302534: val_loss -0.5394
2026-09-01 05:58:23.303553: Pseudo dice [np.float32(0.1266)]
2026-09-01 05:58:23.304770: Epoch time: 100.83 s
2026-09-01 05:58:24.206957: 
2026-09-01 05:58:24.209131: Epoch 443
2026-09-01 05:58:24.210079: Current learning rate: 0.00591
2026-09-01 06:00:07.038749: train_loss -0.5406
2026-09-01 06:00:07.042631: val_loss -0.5013
2026-09-01 06:00:07.045813: Pseudo dice [np.float32(0.0521)]
2026-09-01 06:00:07.046940: Epoch time: 102.83 s
2026-09-01 06:00:08.922696: 
2026-09-01 06:00:08.926589: Epoch 444
2026-09-01 06:00:08.929615: Current learning rate: 0.0059
2026-09-01 06:01:49.030192: train_loss -0.5277
2026-09-01 06:01:49.031274: val_loss -0.5205
2026-09-01 06:01:49.032774: Pseudo dice [np.float32(0.0462)]
2026-09-01 06:01:49.033958: Epoch time: 100.11 s
2026-09-01 06:01:49.908856: 
2026-09-01 06:01:49.910520: Epoch 445
2026-09-01 06:01:49.911575: Current learning rate: 0.00589
2026-09-01 06:03:34.200738: train_loss -0.5382
2026-09-01 06:03:34.206176: val_loss -0.5192
2026-09-01 06:03:34.207500: Pseudo dice [np.float32(0.0257)]
2026-09-01 06:03:34.208557: Epoch time: 104.29 s
2026-09-01 06:03:35.803478: 
2026-09-01 06:03:35.810164: Epoch 446
2026-09-01 06:03:35.811330: Current learning rate: 0.00588
2026-09-01 06:05:15.345321: train_loss -0.526
2026-09-01 06:05:15.346540: val_loss -0.5233
2026-09-01 06:05:15.347804: Pseudo dice [np.float32(0.0367)]
2026-09-01 06:05:15.348862: Epoch time: 99.55 s
2026-09-01 06:05:16.216797: 
2026-09-01 06:05:16.218255: Epoch 447
2026-09-01 06:05:16.219264: Current learning rate: 0.00587
2026-09-01 06:06:57.791231: train_loss -0.5349
2026-09-01 06:06:57.792484: val_loss -0.5493
2026-09-01 06:06:57.793586: Pseudo dice [np.float32(0.0783)]
2026-09-01 06:06:57.794593: Epoch time: 101.58 s
2026-09-01 06:06:58.720799: 
2026-09-01 06:06:58.722500: Epoch 448
2026-09-01 06:06:58.723420: Current learning rate: 0.00586
2026-09-01 06:08:45.970952: train_loss -0.5363
2026-09-01 06:08:45.990518: val_loss -0.5088
2026-09-01 06:08:45.992534: Pseudo dice [np.float32(0.0709)]
2026-09-01 06:08:45.993682: Epoch time: 107.25 s
2026-09-01 06:08:47.087582: 
2026-09-01 06:08:47.088987: Epoch 449
2026-09-01 06:08:47.089996: Current learning rate: 0.00585
2026-09-01 06:10:27.872804: train_loss -0.5353
2026-09-01 06:10:27.876340: val_loss -0.5285
2026-09-01 06:10:27.882502: Pseudo dice [np.float32(0.0194)]
2026-09-01 06:10:27.883951: Epoch time: 100.79 s
2026-09-01 06:10:30.056233: 
2026-09-01 06:10:30.057697: Epoch 450
2026-09-01 06:10:30.058632: Current learning rate: 0.00584
2026-09-01 06:12:11.061398: train_loss -0.5196
2026-09-01 06:12:11.062905: val_loss -0.527
2026-09-01 06:12:11.064354: Pseudo dice [np.float32(0.0232)]
2026-09-01 06:12:11.065398: Epoch time: 101.01 s
2026-09-01 06:12:12.321131: 
2026-09-01 06:12:12.322510: Epoch 451
2026-09-01 06:12:12.323577: Current learning rate: 0.00583
2026-09-01 06:13:51.865831: train_loss -0.5313
2026-09-01 06:13:51.867188: val_loss -0.5576
2026-09-01 06:13:51.868154: Pseudo dice [np.float32(0.1254)]
2026-09-01 06:13:51.869141: Epoch time: 99.55 s
2026-09-01 06:13:52.765969: 
2026-09-01 06:13:52.767477: Epoch 452
2026-09-01 06:13:52.768421: Current learning rate: 0.00582
2026-09-01 06:15:34.865515: train_loss -0.5358
2026-09-01 06:15:34.872570: val_loss -0.5358
2026-09-01 06:15:34.873863: Pseudo dice [np.float32(0.0353)]
2026-09-01 06:15:34.875014: Epoch time: 102.1 s
2026-09-01 06:15:36.159042: 
2026-09-01 06:15:36.160942: Epoch 453
2026-09-01 06:15:36.162420: Current learning rate: 0.00581
2026-09-01 06:17:15.938683: train_loss -0.5341
2026-09-01 06:17:15.939716: val_loss -0.5249
2026-09-01 06:17:15.941051: Pseudo dice [np.float32(0.0363)]
2026-09-01 06:17:15.942265: Epoch time: 99.78 s
2026-09-01 06:17:16.805453: 
2026-09-01 06:17:16.806960: Epoch 454
2026-09-01 06:17:16.807965: Current learning rate: 0.0058
2026-09-01 06:18:57.249018: train_loss -0.4955
2026-09-01 06:18:57.250723: val_loss -0.5246
2026-09-01 06:18:57.251991: Pseudo dice [np.float32(0.0146)]
2026-09-01 06:18:57.253170: Epoch time: 100.45 s
2026-09-01 06:18:58.130251: 
2026-09-01 06:18:58.131538: Epoch 455
2026-09-01 06:18:58.132702: Current learning rate: 0.00579
2026-09-01 06:20:38.115844: train_loss -0.5262
2026-09-01 06:20:38.120754: val_loss -0.5293
2026-09-01 06:20:38.123936: Pseudo dice [np.float32(0.0437)]
2026-09-01 06:20:38.124977: Epoch time: 99.99 s
2026-09-01 06:20:39.171807: 
2026-09-01 06:20:39.173381: Epoch 456
2026-09-01 06:20:39.174386: Current learning rate: 0.00578
2026-09-01 06:22:20.323787: train_loss -0.5408
2026-09-01 06:22:20.325275: val_loss -0.5277
2026-09-01 06:22:20.326372: Pseudo dice [np.float32(0.0383)]
2026-09-01 06:22:20.329406: Epoch time: 101.15 s
2026-09-01 06:22:21.575053: 
2026-09-01 06:22:21.576515: Epoch 457
2026-09-01 06:22:21.577557: Current learning rate: 0.00577
2026-09-01 06:24:01.397190: train_loss -0.5313
2026-09-01 06:24:01.399350: val_loss -0.5326
2026-09-01 06:24:01.400383: Pseudo dice [np.float32(0.0125)]
2026-09-01 06:24:01.401399: Epoch time: 99.82 s
2026-09-01 06:24:02.274944: 
2026-09-01 06:24:02.276326: Epoch 458
2026-09-01 06:24:02.277186: Current learning rate: 0.00576
2026-09-01 06:25:43.926052: train_loss -0.5517
2026-09-01 06:25:43.927496: val_loss -0.5332
2026-09-01 06:25:43.928560: Pseudo dice [np.float32(0.0723)]
2026-09-01 06:25:43.929480: Epoch time: 101.65 s
2026-09-01 06:25:45.416302: 
2026-09-01 06:25:45.421710: Epoch 459
2026-09-01 06:25:45.423247: Current learning rate: 0.00575
2026-09-01 06:27:24.671600: train_loss -0.5261
2026-09-01 06:27:24.672806: val_loss -0.5295
2026-09-01 06:27:24.673840: Pseudo dice [np.float32(0.0286)]
2026-09-01 06:27:24.674703: Epoch time: 99.26 s
2026-09-01 06:27:25.547422: 
2026-09-01 06:27:25.548758: Epoch 460
2026-09-01 06:27:25.549658: Current learning rate: 0.00574
2026-09-01 06:29:11.821735: train_loss -0.5417
2026-09-01 06:29:11.823041: val_loss -0.5516
2026-09-01 06:29:11.824235: Pseudo dice [np.float32(0.041)]
2026-09-01 06:29:11.825584: Epoch time: 106.28 s
2026-09-01 06:29:13.021981: 
2026-09-01 06:29:13.023670: Epoch 461
2026-09-01 06:29:13.024755: Current learning rate: 0.00573
2026-09-01 06:30:54.490048: train_loss -0.5546
2026-09-01 06:30:54.497254: val_loss -0.5411
2026-09-01 06:30:54.498786: Pseudo dice [np.float32(0.0899)]
2026-09-01 06:30:54.500149: Epoch time: 101.47 s
2026-09-01 06:30:55.738536: 
2026-09-01 06:30:55.739851: Epoch 462
2026-09-01 06:30:55.740838: Current learning rate: 0.00572
2026-09-01 06:32:39.670503: train_loss -0.5561
2026-09-01 06:32:39.685309: val_loss -0.5277
2026-09-01 06:32:39.687062: Pseudo dice [np.float32(0.0519)]
2026-09-01 06:32:39.688389: Epoch time: 103.93 s
2026-09-01 06:32:41.248868: 
2026-09-01 06:32:41.250672: Epoch 463
2026-09-01 06:32:41.251766: Current learning rate: 0.00571
2026-09-01 06:34:24.504396: train_loss -0.5503
2026-09-01 06:34:24.522736: val_loss -0.5573
2026-09-01 06:34:24.523952: Pseudo dice [np.float32(0.0664)]
2026-09-01 06:34:24.525310: Epoch time: 103.25 s
2026-09-01 06:34:25.655798: 
2026-09-01 06:34:25.657272: Epoch 464
2026-09-01 06:34:25.658259: Current learning rate: 0.0057
2026-09-01 06:36:09.553416: train_loss -0.513
2026-09-01 06:36:09.560136: val_loss -0.534
2026-09-01 06:36:09.562299: Pseudo dice [np.float32(0.0681)]
2026-09-01 06:36:09.563962: Epoch time: 103.9 s
2026-09-01 06:36:10.674241: 
2026-09-01 06:36:10.675635: Epoch 465
2026-09-01 06:36:10.676557: Current learning rate: 0.0057
2026-09-01 06:37:56.333836: train_loss -0.5444
2026-09-01 06:37:56.339014: val_loss -0.5386
2026-09-01 06:37:56.340789: Pseudo dice [np.float32(0.0652)]
2026-09-01 06:37:56.344677: Epoch time: 105.66 s
2026-09-01 06:37:58.098523: 
2026-09-01 06:37:58.100051: Epoch 466
2026-09-01 06:37:58.101096: Current learning rate: 0.00569
2026-09-01 06:39:44.641737: train_loss -0.5506
2026-09-01 06:39:44.643324: val_loss -0.5285
2026-09-01 06:39:44.647643: Pseudo dice [np.float32(0.0136)]
2026-09-01 06:39:44.650424: Epoch time: 106.55 s
2026-09-01 06:39:46.011819: 
2026-09-01 06:39:46.013424: Epoch 467
2026-09-01 06:39:46.014456: Current learning rate: 0.00568
2026-09-01 06:41:25.995960: train_loss -0.5584
2026-09-01 06:41:25.997982: val_loss -0.5242
2026-09-01 06:41:25.999143: Pseudo dice [np.float32(0.0522)]
2026-09-01 06:41:26.000134: Epoch time: 99.99 s
2026-09-01 06:41:27.147915: 
2026-09-01 06:41:27.149919: Epoch 468
2026-09-01 06:41:27.151213: Current learning rate: 0.00567
2026-09-01 06:43:08.056253: train_loss -0.5303
2026-09-01 06:43:08.057857: val_loss -0.5274
2026-09-01 06:43:08.059369: Pseudo dice [np.float32(0.0232)]
2026-09-01 06:43:08.060462: Epoch time: 100.91 s
2026-09-01 06:43:08.942568: 
2026-09-01 06:43:08.944002: Epoch 469
2026-09-01 06:43:08.945024: Current learning rate: 0.00566
2026-09-01 06:44:48.036400: train_loss -0.5479
2026-09-01 06:44:48.038170: val_loss -0.5578
2026-09-01 06:44:48.039204: Pseudo dice [np.float32(0.0937)]
2026-09-01 06:44:48.040319: Epoch time: 99.1 s
2026-09-01 06:44:48.928283: 
2026-09-01 06:44:48.929644: Epoch 470
2026-09-01 06:44:48.930683: Current learning rate: 0.00565
2026-09-01 06:46:28.482110: train_loss -0.5542
2026-09-01 06:46:28.483702: val_loss -0.544
2026-09-01 06:46:28.484683: Pseudo dice [np.float32(0.1178)]
2026-09-01 06:46:28.485605: Epoch time: 99.56 s
2026-09-01 06:46:29.360441: 
2026-09-01 06:46:29.362060: Epoch 471
2026-09-01 06:46:29.362994: Current learning rate: 0.00564
2026-09-01 06:48:11.102849: train_loss -0.5519
2026-09-01 06:48:11.113737: val_loss -0.4887
2026-09-01 06:48:11.122243: Pseudo dice [np.float32(0.0201)]
2026-09-01 06:48:11.123362: Epoch time: 101.75 s
2026-09-01 06:48:12.934204: 
2026-09-01 06:48:12.939044: Epoch 472
2026-09-01 06:48:12.940159: Current learning rate: 0.00563
2026-09-01 06:49:58.735810: train_loss -0.5017
2026-09-01 06:49:58.778946: val_loss -0.5426
2026-09-01 06:49:58.780589: Pseudo dice [np.float32(0.0283)]
2026-09-01 06:49:58.781844: Epoch time: 105.81 s
2026-09-01 06:50:01.501267: 
2026-09-01 06:50:01.502969: Epoch 473
2026-09-01 06:50:01.504125: Current learning rate: 0.00562
2026-09-01 06:51:43.622075: train_loss -0.5271
2026-09-01 06:51:43.626142: val_loss -0.5245
2026-09-01 06:51:43.630186: Pseudo dice [np.float32(0.0425)]
2026-09-01 06:51:43.632090: Epoch time: 102.12 s
2026-09-01 06:51:44.527946: 
2026-09-01 06:51:44.529301: Epoch 474
2026-09-01 06:51:44.530457: Current learning rate: 0.00561
2026-09-01 06:53:24.699408: train_loss -0.5239
2026-09-01 06:53:24.700795: val_loss -0.5336
2026-09-01 06:53:24.702393: Pseudo dice [np.float32(0.057)]
2026-09-01 06:53:24.703480: Epoch time: 100.17 s
2026-09-01 06:53:25.587026: 
2026-09-01 06:53:25.588587: Epoch 475
2026-09-01 06:53:25.589435: Current learning rate: 0.0056
2026-09-01 06:55:12.572855: train_loss -0.5192
2026-09-01 06:55:12.579485: val_loss -0.5336
2026-09-01 06:55:12.580793: Pseudo dice [np.float32(0.0211)]
2026-09-01 06:55:12.582325: Epoch time: 106.99 s
2026-09-01 06:55:14.374104: 
2026-09-01 06:55:14.375468: Epoch 476
2026-09-01 06:55:14.376529: Current learning rate: 0.00559
2026-09-01 06:56:58.330672: train_loss -0.5288
2026-09-01 06:56:58.332066: val_loss -0.4971
2026-09-01 06:56:58.333178: Pseudo dice [np.float32(0.0415)]
2026-09-01 06:56:58.334218: Epoch time: 103.96 s
2026-09-01 06:56:59.274445: 
2026-09-01 06:56:59.276209: Epoch 477
2026-09-01 06:56:59.277170: Current learning rate: 0.00558
2026-09-01 06:58:40.214115: train_loss -0.5059
2026-09-01 06:58:40.216067: val_loss -0.5451
2026-09-01 06:58:40.217288: Pseudo dice [np.float32(0.0614)]
2026-09-01 06:58:40.218517: Epoch time: 100.94 s
2026-09-01 06:58:41.104119: 
2026-09-01 06:58:41.105546: Epoch 478
2026-09-01 06:58:41.106496: Current learning rate: 0.00557
2026-09-01 07:00:20.432086: train_loss -0.5366
2026-09-01 07:00:20.433743: val_loss -0.5394
2026-09-01 07:00:20.435035: Pseudo dice [np.float32(0.0404)]
2026-09-01 07:00:20.436043: Epoch time: 99.33 s
2026-09-01 07:00:21.331045: 
2026-09-01 07:00:21.332516: Epoch 479
2026-09-01 07:00:21.333525: Current learning rate: 0.00556
2026-09-01 07:02:03.054773: train_loss -0.5372
2026-09-01 07:02:03.058004: val_loss -0.5468
2026-09-01 07:02:03.062994: Pseudo dice [np.float32(0.0926)]
2026-09-01 07:02:03.064828: Epoch time: 101.73 s
2026-09-01 07:02:04.998412: 
2026-09-01 07:02:05.000167: Epoch 480
2026-09-01 07:02:05.001188: Current learning rate: 0.00555
2026-09-01 07:03:47.595613: train_loss -0.5269
2026-09-01 07:03:47.596735: val_loss -0.5249
2026-09-01 07:03:47.597899: Pseudo dice [np.float32(0.0154)]
2026-09-01 07:03:47.599095: Epoch time: 102.6 s
2026-09-01 07:03:48.474895: 
2026-09-01 07:03:48.476582: Epoch 481
2026-09-01 07:03:48.477571: Current learning rate: 0.00554
2026-09-01 07:05:28.492754: train_loss -0.5185
2026-09-01 07:05:28.494508: val_loss -0.5436
2026-09-01 07:05:28.495924: Pseudo dice [np.float32(0.0522)]
2026-09-01 07:05:28.497232: Epoch time: 100.02 s
2026-09-01 07:05:29.386065: 
2026-09-01 07:05:29.387402: Epoch 482
2026-09-01 07:05:29.388325: Current learning rate: 0.00553
2026-09-01 07:07:09.877558: train_loss -0.5003
2026-09-01 07:07:09.878916: val_loss -0.5304
2026-09-01 07:07:09.880049: Pseudo dice [np.float32(0.0148)]
2026-09-01 07:07:09.881213: Epoch time: 100.49 s
2026-09-01 07:07:10.787297: 
2026-09-01 07:07:10.788865: Epoch 483
2026-09-01 07:07:10.789766: Current learning rate: 0.00552
2026-09-01 07:08:51.248092: train_loss -0.5166
2026-09-01 07:08:51.249424: val_loss -0.5407
2026-09-01 07:08:51.250650: Pseudo dice [np.float32(0.0516)]
2026-09-01 07:08:51.251655: Epoch time: 100.46 s
2026-09-01 07:08:52.395127: 
2026-09-01 07:08:52.396744: Epoch 484
2026-09-01 07:08:52.397675: Current learning rate: 0.00551
2026-09-01 07:10:31.738521: train_loss -0.5146
2026-09-01 07:10:31.741691: val_loss -0.5582
2026-09-01 07:10:31.742962: Pseudo dice [np.float32(0.0695)]
2026-09-01 07:10:31.743896: Epoch time: 99.35 s
2026-09-01 07:10:32.638112: 
2026-09-01 07:10:32.639585: Epoch 485
2026-09-01 07:10:32.640517: Current learning rate: 0.0055
2026-09-01 07:12:11.697292: train_loss -0.5531
2026-09-01 07:12:11.698529: val_loss -0.549
2026-09-01 07:12:11.699663: Pseudo dice [np.float32(0.0849)]
2026-09-01 07:12:11.700791: Epoch time: 99.06 s
2026-09-01 07:12:12.665019: 
2026-09-01 07:12:12.666337: Epoch 486
2026-09-01 07:12:12.667427: Current learning rate: 0.00549
2026-09-01 07:13:51.986100: train_loss -0.5457
2026-09-01 07:13:51.987416: val_loss -0.5254
2026-09-01 07:13:51.988398: Pseudo dice [np.float32(0.0198)]
2026-09-01 07:13:51.989452: Epoch time: 99.32 s
2026-09-01 07:13:52.873886: 
2026-09-01 07:13:52.875405: Epoch 487
2026-09-01 07:13:52.876345: Current learning rate: 0.00548
2026-09-01 07:15:33.902318: train_loss -0.5252
2026-09-01 07:15:33.904411: val_loss -0.534
2026-09-01 07:15:33.905414: Pseudo dice [np.float32(0.0649)]
2026-09-01 07:15:33.906483: Epoch time: 101.03 s
2026-09-01 07:15:34.790787: 
2026-09-01 07:15:34.792128: Epoch 488
2026-09-01 07:15:34.793113: Current learning rate: 0.00547
2026-09-01 07:17:16.722271: train_loss -0.548
2026-09-01 07:17:16.740937: val_loss -0.533
2026-09-01 07:17:16.742461: Pseudo dice [np.float32(0.0746)]
2026-09-01 07:17:16.743666: Epoch time: 101.93 s
2026-09-01 07:17:17.913544: 
2026-09-01 07:17:17.915230: Epoch 489
2026-09-01 07:17:17.916535: Current learning rate: 0.00546
2026-09-01 07:18:58.335941: train_loss -0.5345
2026-09-01 07:18:58.337222: val_loss -0.5382
2026-09-01 07:18:58.338368: Pseudo dice [np.float32(0.028)]
2026-09-01 07:18:58.339345: Epoch time: 100.43 s
2026-09-01 07:18:59.227841: 
2026-09-01 07:18:59.229115: Epoch 490
2026-09-01 07:18:59.230001: Current learning rate: 0.00546
2026-09-01 07:20:38.238608: train_loss -0.5356
2026-09-01 07:20:38.239973: val_loss -0.5509
2026-09-01 07:20:38.241156: Pseudo dice [np.float32(0.0944)]
2026-09-01 07:20:38.242122: Epoch time: 99.01 s
2026-09-01 07:20:39.137350: 
2026-09-01 07:20:39.138577: Epoch 491
2026-09-01 07:20:39.139526: Current learning rate: 0.00545
2026-09-01 07:22:19.162394: train_loss -0.5211
2026-09-01 07:22:19.165585: val_loss -0.5156
2026-09-01 07:22:19.167009: Pseudo dice [np.float32(0.0318)]
2026-09-01 07:22:19.167974: Epoch time: 100.03 s
2026-09-01 07:22:20.554661: 
2026-09-01 07:22:20.560751: Epoch 492
2026-09-01 07:22:20.561706: Current learning rate: 0.00544
2026-09-01 07:24:03.214645: train_loss -0.5358
2026-09-01 07:24:03.215954: val_loss -0.5158
2026-09-01 07:24:03.217654: Pseudo dice [np.float32(0.0382)]
2026-09-01 07:24:03.218663: Epoch time: 102.66 s
2026-09-01 07:24:04.165392: 
2026-09-01 07:24:04.167114: Epoch 493
2026-09-01 07:24:04.168083: Current learning rate: 0.00543
2026-09-01 07:25:43.909059: train_loss -0.5456
2026-09-01 07:25:43.910382: val_loss -0.5177
2026-09-01 07:25:43.911370: Pseudo dice [np.float32(0.0361)]
2026-09-01 07:25:43.912365: Epoch time: 99.75 s
2026-09-01 07:25:44.812823: 
2026-09-01 07:25:44.814498: Epoch 494
2026-09-01 07:25:44.815717: Current learning rate: 0.00542
2026-09-01 07:27:26.385636: train_loss -0.5282
2026-09-01 07:27:26.391202: val_loss -0.5433
2026-09-01 07:27:26.392342: Pseudo dice [np.float32(0.0302)]
2026-09-01 07:27:26.393443: Epoch time: 101.58 s
2026-09-01 07:27:27.857142: 
2026-09-01 07:27:27.858654: Epoch 495
2026-09-01 07:27:27.859675: Current learning rate: 0.00541
2026-09-01 07:29:14.318989: train_loss -0.536
2026-09-01 07:29:14.327933: val_loss -0.528
2026-09-01 07:29:14.329308: Pseudo dice [np.float32(0.1223)]
2026-09-01 07:29:14.330620: Epoch time: 106.46 s
2026-09-01 07:29:15.948659: 
2026-09-01 07:29:15.950981: Epoch 496
2026-09-01 07:29:15.952115: Current learning rate: 0.0054
2026-09-01 07:31:03.514342: train_loss -0.5427
2026-09-01 07:31:03.531162: val_loss -0.5264
2026-09-01 07:31:03.532842: Pseudo dice [np.float32(0.0328)]
2026-09-01 07:31:03.534116: Epoch time: 107.57 s
2026-09-01 07:31:04.640592: 
2026-09-01 07:31:04.641964: Epoch 497
2026-09-01 07:31:04.642947: Current learning rate: 0.00539
2026-09-01 07:32:45.144026: train_loss -0.5425
2026-09-01 07:32:45.145248: val_loss -0.5123
2026-09-01 07:32:45.146464: Pseudo dice [np.float32(0.0466)]
2026-09-01 07:32:45.147525: Epoch time: 100.51 s
2026-09-01 07:32:46.040627: 
2026-09-01 07:32:46.041870: Epoch 498
2026-09-01 07:32:46.042800: Current learning rate: 0.00538
2026-09-01 07:34:25.320822: train_loss -0.5223
2026-09-01 07:34:25.322160: val_loss -0.5256
2026-09-01 07:34:25.323225: Pseudo dice [np.float32(0.04)]
2026-09-01 07:34:25.324296: Epoch time: 99.28 s
2026-09-01 07:34:26.209227: 
2026-09-01 07:34:26.211025: Epoch 499
2026-09-01 07:34:26.212020: Current learning rate: 0.00537
2026-09-01 07:36:06.917909: train_loss -0.545
2026-09-01 07:36:06.919209: val_loss -0.5419
2026-09-01 07:36:06.920225: Pseudo dice [np.float32(0.0318)]
2026-09-01 07:36:06.921276: Epoch time: 100.71 s
2026-09-01 07:36:08.863119: 
2026-09-01 07:36:08.864582: Epoch 500
2026-09-01 07:36:08.865514: Current learning rate: 0.00536
2026-09-01 07:37:54.305418: train_loss -0.5449
2026-09-01 07:37:54.307515: val_loss -0.5487
2026-09-01 07:37:54.308790: Pseudo dice [np.float32(0.0555)]
2026-09-01 07:37:54.309954: Epoch time: 105.44 s
2026-09-01 07:37:55.549438: 
2026-09-01 07:37:55.551031: Epoch 501
2026-09-01 07:37:55.552077: Current learning rate: 0.00535
2026-09-01 07:39:36.049963: train_loss -0.5362
2026-09-01 07:39:36.051341: val_loss -0.5262
2026-09-01 07:39:36.052712: Pseudo dice [np.float32(0.0211)]
2026-09-01 07:39:36.053649: Epoch time: 100.5 s
2026-09-01 07:39:37.012237: 
2026-09-01 07:39:37.013679: Epoch 502
2026-09-01 07:39:37.014811: Current learning rate: 0.00534
2026-09-01 07:41:17.448944: train_loss -0.5312
2026-09-01 07:41:17.452618: val_loss -0.5475
2026-09-01 07:41:17.460147: Pseudo dice [np.float32(0.0366)]
2026-09-01 07:41:17.467045: Epoch time: 100.44 s
2026-09-01 07:41:18.757938: 
2026-09-01 07:41:18.759408: Epoch 503
2026-09-01 07:41:18.760412: Current learning rate: 0.00533
2026-09-01 07:42:59.681051: train_loss -0.5481
2026-09-01 07:42:59.682650: val_loss -0.5486
2026-09-01 07:42:59.683814: Pseudo dice [np.float32(0.0424)]
2026-09-01 07:42:59.684850: Epoch time: 100.93 s
2026-09-01 07:43:00.766690: 
2026-09-01 07:43:00.768501: Epoch 504
2026-09-01 07:43:00.769541: Current learning rate: 0.00532
2026-09-01 07:44:45.129687: train_loss -0.5408
2026-09-01 07:44:45.131175: val_loss -0.5583
2026-09-01 07:44:45.132340: Pseudo dice [np.float32(0.0758)]
2026-09-01 07:44:45.133494: Epoch time: 104.37 s
2026-09-01 07:44:46.342495: 
2026-09-01 07:44:46.344119: Epoch 505
2026-09-01 07:44:46.345069: Current learning rate: 0.00531
2026-09-01 07:46:42.920354: train_loss -0.5388
2026-09-01 07:46:42.928938: val_loss -0.5428
2026-09-01 07:46:42.930965: Pseudo dice [np.float32(0.0852)]
2026-09-01 07:46:42.933049: Epoch time: 116.58 s
2026-09-01 07:46:44.729492: 
2026-09-01 07:46:44.731064: Epoch 506
2026-09-01 07:46:44.732031: Current learning rate: 0.0053
2026-09-01 07:48:25.142362: train_loss -0.5231
2026-09-01 07:48:25.143939: val_loss -0.5206
2026-09-01 07:48:25.144959: Pseudo dice [np.float32(0.04)]
2026-09-01 07:48:25.145988: Epoch time: 100.42 s
2026-09-01 07:48:26.046968: 
2026-09-01 07:48:26.048582: Epoch 507
2026-09-01 07:48:26.049531: Current learning rate: 0.00529
2026-09-01 07:50:07.482037: train_loss -0.5288
2026-09-01 07:50:07.488570: val_loss -0.5226
2026-09-01 07:50:07.491796: Pseudo dice [np.float32(0.0246)]
2026-09-01 07:50:07.492943: Epoch time: 101.44 s
2026-09-01 07:50:08.401029: 
2026-09-01 07:50:08.402950: Epoch 508
2026-09-01 07:50:08.403856: Current learning rate: 0.00528
2026-09-01 07:51:49.910678: train_loss -0.5549
2026-09-01 07:51:49.915681: val_loss -0.5542
2026-09-01 07:51:49.916992: Pseudo dice [np.float32(0.0901)]
2026-09-01 07:51:49.918211: Epoch time: 101.51 s
2026-09-01 07:51:51.167675: 
2026-09-01 07:51:51.169024: Epoch 509
2026-09-01 07:51:51.169963: Current learning rate: 0.00527
2026-09-01 07:53:31.399662: train_loss -0.5487
2026-09-01 07:53:31.401081: val_loss -0.5259
2026-09-01 07:53:31.402182: Pseudo dice [np.float32(0.0149)]
2026-09-01 07:53:31.403216: Epoch time: 100.23 s
2026-09-01 07:53:32.314714: 
2026-09-01 07:53:32.316185: Epoch 510
2026-09-01 07:53:32.317257: Current learning rate: 0.00526
2026-09-01 07:55:13.224545: train_loss -0.5301
2026-09-01 07:55:13.225690: val_loss -0.5349
2026-09-01 07:55:13.226862: Pseudo dice [np.float32(0.0291)]
2026-09-01 07:55:13.227767: Epoch time: 100.91 s
2026-09-01 07:55:14.110372: 
2026-09-01 07:55:14.111552: Epoch 511
2026-09-01 07:55:14.112466: Current learning rate: 0.00525
2026-09-01 07:56:54.752201: train_loss -0.537
2026-09-01 07:56:54.753800: val_loss -0.5186
2026-09-01 07:56:54.755123: Pseudo dice [np.float32(0.0984)]
2026-09-01 07:56:54.756307: Epoch time: 100.64 s
2026-09-01 07:56:55.658130: 
2026-09-01 07:56:55.659630: Epoch 512
2026-09-01 07:56:55.660623: Current learning rate: 0.00524
2026-09-01 07:58:36.142515: train_loss -0.5433
2026-09-01 07:58:36.143727: val_loss -0.5327
2026-09-01 07:58:36.145016: Pseudo dice [np.float32(0.0277)]
2026-09-01 07:58:36.145979: Epoch time: 100.49 s
2026-09-01 07:58:37.041686: 
2026-09-01 07:58:37.043079: Epoch 513
2026-09-01 07:58:37.044186: Current learning rate: 0.00523
2026-09-01 08:00:18.728553: train_loss -0.5288
2026-09-01 08:00:18.734023: val_loss -0.5443
2026-09-01 08:00:18.735462: Pseudo dice [np.float32(0.0433)]
2026-09-01 08:00:18.736536: Epoch time: 101.69 s
2026-09-01 08:00:20.156795: 
2026-09-01 08:00:20.159135: Epoch 514
2026-09-01 08:00:20.160346: Current learning rate: 0.00522
2026-09-01 08:02:02.101201: train_loss -0.5373
2026-09-01 08:02:02.102431: val_loss -0.5394
2026-09-01 08:02:02.103743: Pseudo dice [np.float32(0.136)]
2026-09-01 08:02:02.104859: Epoch time: 101.95 s
2026-09-01 08:02:02.988817: 
2026-09-01 08:02:02.990012: Epoch 515
2026-09-01 08:02:02.990944: Current learning rate: 0.00521
2026-09-01 08:03:42.599201: train_loss -0.5616
2026-09-01 08:03:42.600463: val_loss -0.5621
2026-09-01 08:03:42.601736: Pseudo dice [np.float32(0.0641)]
2026-09-01 08:03:42.602744: Epoch time: 99.61 s
2026-09-01 08:03:46.744571: 
2026-09-01 08:03:46.745810: Epoch 516
2026-09-01 08:03:46.746798: Current learning rate: 0.0052
2026-09-01 08:05:26.923038: train_loss -0.5339
2026-09-01 08:05:26.924575: val_loss -0.5466
2026-09-01 08:05:26.925682: Pseudo dice [np.float32(0.0482)]
2026-09-01 08:05:26.926671: Epoch time: 100.18 s
2026-09-01 08:05:27.823157: 
2026-09-01 08:05:27.824542: Epoch 517
2026-09-01 08:05:27.825579: Current learning rate: 0.00519
2026-09-01 08:07:07.135802: train_loss -0.535
2026-09-01 08:07:07.137310: val_loss -0.5578
2026-09-01 08:07:07.138447: Pseudo dice [np.float32(0.0295)]
2026-09-01 08:07:07.139303: Epoch time: 99.32 s
2026-09-01 08:07:08.044073: 
2026-09-01 08:07:08.045472: Epoch 518
2026-09-01 08:07:08.046352: Current learning rate: 0.00518
2026-09-01 08:08:54.989365: train_loss -0.5631
2026-09-01 08:08:54.990643: val_loss -0.545
2026-09-01 08:08:54.991751: Pseudo dice [np.float32(0.051)]
2026-09-01 08:08:54.992749: Epoch time: 106.95 s
2026-09-01 08:08:55.886662: 
2026-09-01 08:08:55.887806: Epoch 519
2026-09-01 08:08:55.888684: Current learning rate: 0.00518
2026-09-01 08:10:36.401582: train_loss -0.5584
2026-09-01 08:10:36.402828: val_loss -0.5327
2026-09-01 08:10:36.403872: Pseudo dice [np.float32(0.0189)]
2026-09-01 08:10:36.404766: Epoch time: 100.52 s
2026-09-01 08:10:37.297574: 
2026-09-01 08:10:37.299222: Epoch 520
2026-09-01 08:10:37.300422: Current learning rate: 0.00517
2026-09-01 08:12:26.849756: train_loss -0.5249
2026-09-01 08:12:26.860743: val_loss -0.535
2026-09-01 08:12:26.862302: Pseudo dice [np.float32(0.0283)]
2026-09-01 08:12:26.863624: Epoch time: 109.55 s
2026-09-01 08:12:27.994509: 
2026-09-01 08:12:27.996626: Epoch 521
2026-09-01 08:12:27.997995: Current learning rate: 0.00516
2026-09-01 08:14:09.147059: train_loss -0.5521
2026-09-01 08:14:09.149902: val_loss -0.5402
2026-09-01 08:14:09.152063: Pseudo dice [np.float32(0.0579)]
2026-09-01 08:14:09.153927: Epoch time: 101.16 s
2026-09-01 08:14:10.538024: 
2026-09-01 08:14:10.539883: Epoch 522
2026-09-01 08:14:10.541079: Current learning rate: 0.00515
2026-09-01 08:15:49.830640: train_loss -0.5492
2026-09-01 08:15:49.831792: val_loss -0.5617
2026-09-01 08:15:49.832814: Pseudo dice [np.float32(0.0312)]
2026-09-01 08:15:49.833791: Epoch time: 99.3 s
2026-09-01 08:15:50.734329: 
2026-09-01 08:15:50.735847: Epoch 523
2026-09-01 08:15:50.736747: Current learning rate: 0.00514
2026-09-01 08:17:30.425467: train_loss -0.5491
2026-09-01 08:17:30.426724: val_loss -0.5518
2026-09-01 08:17:30.427658: Pseudo dice [np.float32(0.0399)]
2026-09-01 08:17:30.428579: Epoch time: 99.69 s
2026-09-01 08:17:31.329661: 
2026-09-01 08:17:31.331441: Epoch 524
2026-09-01 08:17:31.332615: Current learning rate: 0.00513
2026-09-01 08:19:13.790253: train_loss -0.5588
2026-09-01 08:19:13.793098: val_loss -0.5708
2026-09-01 08:19:13.794521: Pseudo dice [np.float32(0.0503)]
2026-09-01 08:19:13.796464: Epoch time: 102.46 s
2026-09-01 08:19:14.955072: 
2026-09-01 08:19:14.956418: Epoch 525
2026-09-01 08:19:14.957601: Current learning rate: 0.00512
2026-09-01 08:20:53.634419: train_loss -0.5474
2026-09-01 08:20:53.635605: val_loss -0.5432
2026-09-01 08:20:53.636616: Pseudo dice [np.float32(0.0489)]
2026-09-01 08:20:53.637594: Epoch time: 98.68 s
2026-09-01 08:20:54.746945: 
2026-09-01 08:20:54.748445: Epoch 526
2026-09-01 08:20:54.749548: Current learning rate: 0.00511
2026-09-01 08:22:34.157873: train_loss -0.5572
2026-09-01 08:22:34.159009: val_loss -0.546
2026-09-01 08:22:34.160105: Pseudo dice [np.float32(0.0891)]
2026-09-01 08:22:34.161136: Epoch time: 99.41 s
2026-09-01 08:22:35.057963: 
2026-09-01 08:22:35.059451: Epoch 527
2026-09-01 08:22:35.060386: Current learning rate: 0.0051
2026-09-01 08:24:15.434731: train_loss -0.547
2026-09-01 08:24:15.440104: val_loss -0.5312
2026-09-01 08:24:15.442961: Pseudo dice [np.float32(0.028)]
2026-09-01 08:24:15.446237: Epoch time: 100.38 s
2026-09-01 08:24:16.353547: 
2026-09-01 08:24:16.355175: Epoch 528
2026-09-01 08:24:16.356347: Current learning rate: 0.00509
2026-09-01 08:26:02.863840: train_loss -0.5305
2026-09-01 08:26:02.865369: val_loss -0.5294
2026-09-01 08:26:02.866324: Pseudo dice [np.float32(0.0328)]
2026-09-01 08:26:02.883940: Epoch time: 106.51 s
2026-09-01 08:26:04.610044: 
2026-09-01 08:26:04.616766: Epoch 529
2026-09-01 08:26:04.618191: Current learning rate: 0.00508
2026-09-01 08:27:50.531748: train_loss -0.5406
2026-09-01 08:27:50.532990: val_loss -0.5312
2026-09-01 08:27:50.534274: Pseudo dice [np.float32(0.0452)]
2026-09-01 08:27:50.539273: Epoch time: 105.92 s
2026-09-01 08:27:51.512847: 
2026-09-01 08:27:51.514242: Epoch 530
2026-09-01 08:27:51.515259: Current learning rate: 0.00507
2026-09-01 08:29:32.912285: train_loss -0.5546
2026-09-01 08:29:32.916270: val_loss -0.539
2026-09-01 08:29:32.919849: Pseudo dice [np.float32(0.0268)]
2026-09-01 08:29:32.921097: Epoch time: 101.4 s
2026-09-01 08:29:34.108742: 
2026-09-01 08:29:34.110633: Epoch 531
2026-09-01 08:29:34.111916: Current learning rate: 0.00506
2026-09-01 08:31:18.134027: train_loss -0.524
2026-09-01 08:31:18.141568: val_loss -0.5374
2026-09-01 08:31:18.192724: Pseudo dice [np.float32(0.0674)]
2026-09-01 08:31:18.194583: Epoch time: 104.03 s
2026-09-01 08:31:19.654795: 
2026-09-01 08:31:19.656487: Epoch 532
2026-09-01 08:31:19.657509: Current learning rate: 0.00505
2026-09-01 08:32:59.146260: train_loss -0.544
2026-09-01 08:32:59.147657: val_loss -0.5771
2026-09-01 08:32:59.148864: Pseudo dice [np.float32(0.1039)]
2026-09-01 08:32:59.150125: Epoch time: 99.49 s
2026-09-01 08:33:00.045424: 
2026-09-01 08:33:00.046869: Epoch 533
2026-09-01 08:33:00.047751: Current learning rate: 0.00504
2026-09-01 08:34:40.389509: train_loss -0.5178
2026-09-01 08:34:40.391808: val_loss -0.5215
2026-09-01 08:34:40.393052: Pseudo dice [np.float32(0.0554)]
2026-09-01 08:34:40.394502: Epoch time: 100.35 s
2026-09-01 08:34:41.305484: 
2026-09-01 08:34:41.307200: Epoch 534
2026-09-01 08:34:41.308200: Current learning rate: 0.00503
2026-09-01 08:36:21.817857: train_loss -0.5412
2026-09-01 08:36:21.819189: val_loss -0.5584
2026-09-01 08:36:21.820191: Pseudo dice [np.float32(0.0463)]
2026-09-01 08:36:21.821131: Epoch time: 100.51 s
2026-09-01 08:36:22.732422: 
2026-09-01 08:36:22.734004: Epoch 535
2026-09-01 08:36:22.735106: Current learning rate: 0.00502
2026-09-01 08:38:02.615910: train_loss -0.539
2026-09-01 08:38:02.617480: val_loss -0.5469
2026-09-01 08:38:02.618482: Pseudo dice [np.float32(0.038)]
2026-09-01 08:38:02.619549: Epoch time: 99.89 s
2026-09-01 08:38:03.527283: 
2026-09-01 08:38:03.528796: Epoch 536
2026-09-01 08:38:03.529878: Current learning rate: 0.00501
2026-09-01 08:39:44.320725: train_loss -0.5397
2026-09-01 08:39:44.322262: val_loss -0.5299
2026-09-01 08:39:44.323609: Pseudo dice [np.float32(0.0536)]
2026-09-01 08:39:44.324488: Epoch time: 100.8 s
2026-09-01 08:39:45.219416: 
2026-09-01 08:39:45.220743: Epoch 537
2026-09-01 08:39:45.221682: Current learning rate: 0.005
2026-09-01 08:41:25.790597: train_loss -0.5382
2026-09-01 08:41:25.792066: val_loss -0.5301
2026-09-01 08:41:25.793271: Pseudo dice [np.float32(0.1389)]
2026-09-01 08:41:25.797017: Epoch time: 100.57 s
2026-09-01 08:41:25.799627: Yayy! New best EMA pseudo Dice: 0.060100000351667404
2026-09-01 08:41:28.115797: 
2026-09-01 08:41:28.117515: Epoch 538
2026-09-01 08:41:28.118812: Current learning rate: 0.00499
2026-09-01 08:43:07.692198: train_loss -0.5348
2026-09-01 08:43:07.693675: val_loss -0.5588
2026-09-01 08:43:07.694595: Pseudo dice [np.float32(0.0403)]
2026-09-01 08:43:07.695844: Epoch time: 99.58 s
2026-09-01 08:43:08.600908: 
2026-09-01 08:43:08.602500: Epoch 539
2026-09-01 08:43:08.603356: Current learning rate: 0.00498
2026-09-01 08:44:55.768027: train_loss -0.541
2026-09-01 08:44:55.774668: val_loss -0.5579
2026-09-01 08:44:55.776152: Pseudo dice [np.float32(0.0358)]
2026-09-01 08:44:55.777296: Epoch time: 107.17 s
2026-09-01 08:44:57.328556: 
2026-09-01 08:44:57.330625: Epoch 540
2026-09-01 08:44:57.331612: Current learning rate: 0.00497
2026-09-01 08:46:39.263027: train_loss -0.525
2026-09-01 08:46:39.270385: val_loss -0.5647
2026-09-01 08:46:39.278907: Pseudo dice [np.float32(0.1224)]
2026-09-01 08:46:39.288241: Epoch time: 101.94 s
2026-09-01 08:46:39.289819: Yayy! New best EMA pseudo Dice: 0.06260000169277191
2026-09-01 08:46:42.463552: 
2026-09-01 08:46:42.465194: Epoch 541
2026-09-01 08:46:42.466091: Current learning rate: 0.00496
2026-09-01 08:48:23.826209: train_loss -0.5728
2026-09-01 08:48:23.829283: val_loss -0.5487
2026-09-01 08:48:23.830349: Pseudo dice [np.float32(0.0373)]
2026-09-01 08:48:23.831352: Epoch time: 101.36 s
2026-09-01 08:48:24.765239: 
2026-09-01 08:48:24.766802: Epoch 542
2026-09-01 08:48:24.767800: Current learning rate: 0.00495
2026-09-01 08:50:05.243148: train_loss -0.563
2026-09-01 08:50:05.244369: val_loss -0.5235
2026-09-01 08:50:05.245446: Pseudo dice [np.float32(0.0912)]
2026-09-01 08:50:05.246429: Epoch time: 100.48 s
2026-09-01 08:50:05.247500: Yayy! New best EMA pseudo Dice: 0.06319999694824219
2026-09-01 08:50:07.374331: 
2026-09-01 08:50:07.375654: Epoch 543
2026-09-01 08:50:07.376566: Current learning rate: 0.00494
2026-09-01 08:51:48.733768: train_loss -0.5496
2026-09-01 08:51:48.735306: val_loss -0.5334
2026-09-01 08:51:48.736458: Pseudo dice [np.float32(0.1357)]
2026-09-01 08:51:48.737875: Epoch time: 101.36 s
2026-09-01 08:51:48.738835: Yayy! New best EMA pseudo Dice: 0.07039999961853027
2026-09-01 08:51:50.903455: 
2026-09-01 08:51:50.904585: Epoch 544
2026-09-01 08:51:50.905571: Current learning rate: 0.00493
2026-09-01 08:53:30.873597: train_loss -0.5378
2026-09-01 08:53:30.875186: val_loss -0.5365
2026-09-01 08:53:30.876327: Pseudo dice [np.float32(0.0571)]
2026-09-01 08:53:30.877310: Epoch time: 99.97 s
2026-09-01 08:53:31.777295: 
2026-09-01 08:53:31.778870: Epoch 545
2026-09-01 08:53:31.779829: Current learning rate: 0.00492
2026-09-01 08:55:14.325549: train_loss -0.528
2026-09-01 08:55:14.331697: val_loss -0.5253
2026-09-01 08:55:14.333498: Pseudo dice [np.float32(0.0399)]
2026-09-01 08:55:14.334545: Epoch time: 102.55 s
2026-09-01 08:55:15.458066: 
2026-09-01 08:55:15.459490: Epoch 546
2026-09-01 08:55:15.460415: Current learning rate: 0.00491
2026-09-01 08:56:55.194514: train_loss -0.5543
2026-09-01 08:56:55.195930: val_loss -0.5216
2026-09-01 08:56:55.196999: Pseudo dice [np.float32(0.0544)]
2026-09-01 08:56:55.198144: Epoch time: 99.74 s
2026-09-01 08:56:56.104184: 
2026-09-01 08:56:56.105660: Epoch 547
2026-09-01 08:56:56.106660: Current learning rate: 0.0049
2026-09-01 08:58:35.353676: train_loss -0.5502
2026-09-01 08:58:35.355215: val_loss -0.5527
2026-09-01 08:58:35.356525: Pseudo dice [np.float32(0.0466)]
2026-09-01 08:58:35.357578: Epoch time: 99.25 s
2026-09-01 08:58:36.275719: 
2026-09-01 08:58:36.277210: Epoch 548
2026-09-01 08:58:36.278388: Current learning rate: 0.00489
2026-09-01 09:00:16.489796: train_loss -0.5554
2026-09-01 09:00:16.491251: val_loss -0.551
2026-09-01 09:00:16.492242: Pseudo dice [np.float32(0.0486)]
2026-09-01 09:00:16.493094: Epoch time: 100.22 s
2026-09-01 09:00:17.398643: 
2026-09-01 09:00:17.400111: Epoch 549
2026-09-01 09:00:17.401170: Current learning rate: 0.00488
2026-09-01 09:01:58.627512: train_loss -0.5634
2026-09-01 09:01:58.628811: val_loss -0.5253
2026-09-01 09:01:58.629900: Pseudo dice [np.float32(0.0756)]
2026-09-01 09:01:58.630830: Epoch time: 101.23 s
2026-09-01 09:02:00.982875: 
2026-09-01 09:02:00.984676: Epoch 550
2026-09-01 09:02:00.985544: Current learning rate: 0.00487
2026-09-01 09:03:46.509051: train_loss -0.5334
2026-09-01 09:03:46.511084: val_loss -0.5422
2026-09-01 09:03:46.512417: Pseudo dice [np.float32(0.0926)]
2026-09-01 09:03:46.513767: Epoch time: 105.53 s
2026-09-01 09:03:47.684742: 
2026-09-01 09:03:47.686655: Epoch 551
2026-09-01 09:03:47.687671: Current learning rate: 0.00486
2026-09-01 09:05:30.385230: train_loss -0.5522
2026-09-01 09:05:30.386685: val_loss -0.5567
2026-09-01 09:05:30.387714: Pseudo dice [np.float32(0.2885)]
2026-09-01 09:05:30.388648: Epoch time: 102.7 s
2026-09-01 09:05:30.389575: Yayy! New best EMA pseudo Dice: 0.08829999715089798
2026-09-01 09:05:32.571913: 
2026-09-01 09:05:32.573155: Epoch 552
2026-09-01 09:05:32.574084: Current learning rate: 0.00485
2026-09-01 09:07:13.755809: train_loss -0.5457
2026-09-01 09:07:13.759202: val_loss -0.5292
2026-09-01 09:07:13.762635: Pseudo dice [np.float32(0.0607)]
2026-09-01 09:07:13.763931: Epoch time: 101.19 s
2026-09-01 09:07:14.748919: 
2026-09-01 09:07:14.750517: Epoch 553
2026-09-01 09:07:14.751762: Current learning rate: 0.00484
2026-09-01 09:08:58.202823: train_loss -0.5547
2026-09-01 09:08:58.207956: val_loss -0.5291
2026-09-01 09:08:58.209325: Pseudo dice [np.float32(0.0856)]
2026-09-01 09:08:58.210522: Epoch time: 103.46 s
2026-09-01 09:08:59.134471: 
2026-09-01 09:08:59.135876: Epoch 554
2026-09-01 09:08:59.136760: Current learning rate: 0.00484
2026-09-01 09:10:39.202549: train_loss -0.5461
2026-09-01 09:10:39.203667: val_loss -0.5003
2026-09-01 09:10:39.209379: Pseudo dice [np.float32(0.07)]
2026-09-01 09:10:39.210592: Epoch time: 100.07 s
2026-09-01 09:10:41.922912: 
2026-09-01 09:10:41.924990: Epoch 555
2026-09-01 09:10:41.925972: Current learning rate: 0.00483
2026-09-01 09:12:21.202247: train_loss -0.5427
2026-09-01 09:12:21.203653: val_loss -0.5461
2026-09-01 09:12:21.204907: Pseudo dice [np.float32(0.0656)]
2026-09-01 09:12:21.205809: Epoch time: 99.28 s
2026-09-01 09:12:22.087317: 
2026-09-01 09:12:22.089047: Epoch 556
2026-09-01 09:12:22.090224: Current learning rate: 0.00482
2026-09-01 09:14:02.467243: train_loss -0.5644
2026-09-01 09:14:02.468401: val_loss -0.5236
2026-09-01 09:14:02.469357: Pseudo dice [np.float32(0.0784)]
2026-09-01 09:14:02.470310: Epoch time: 100.38 s
2026-09-01 09:14:03.340060: 
2026-09-01 09:14:03.341754: Epoch 557
2026-09-01 09:14:03.342683: Current learning rate: 0.00481
2026-09-01 09:15:43.198946: train_loss -0.5546
2026-09-01 09:15:43.200421: val_loss -0.5099
2026-09-01 09:15:43.201539: Pseudo dice [np.float32(0.0632)]
2026-09-01 09:15:43.202515: Epoch time: 99.86 s
2026-09-01 09:15:44.079429: 
2026-09-01 09:15:44.081007: Epoch 558
2026-09-01 09:15:44.081889: Current learning rate: 0.0048
2026-09-01 09:17:26.013990: train_loss -0.545
2026-09-01 09:17:26.020397: val_loss -0.5318
2026-09-01 09:17:26.022144: Pseudo dice [np.float32(0.0145)]
2026-09-01 09:17:26.023386: Epoch time: 101.94 s
2026-09-01 09:17:27.661898: 
2026-09-01 09:17:27.664057: Epoch 559
2026-09-01 09:17:27.665244: Current learning rate: 0.00479
2026-09-01 09:19:08.177341: train_loss -0.5574
2026-09-01 09:19:08.178651: val_loss -0.528
2026-09-01 09:19:08.180494: Pseudo dice [np.float32(0.0251)]
2026-09-01 09:19:08.181646: Epoch time: 100.52 s
2026-09-01 09:19:09.065637: 
2026-09-01 09:19:09.067333: Epoch 560
2026-09-01 09:19:09.068285: Current learning rate: 0.00478
2026-09-01 09:20:49.473197: train_loss -0.5499
2026-09-01 09:20:49.474472: val_loss -0.5221
2026-09-01 09:20:49.475402: Pseudo dice [np.float32(0.0268)]
2026-09-01 09:20:49.476447: Epoch time: 100.41 s
2026-09-01 09:20:50.367857: 
2026-09-01 09:20:50.369411: Epoch 561
2026-09-01 09:20:50.370489: Current learning rate: 0.00477
2026-09-01 09:22:28.886701: train_loss -0.532
2026-09-01 09:22:28.888277: val_loss -0.5491
2026-09-01 09:22:28.889350: Pseudo dice [np.float32(0.0456)]
2026-09-01 09:22:28.890355: Epoch time: 98.52 s
2026-09-01 09:22:29.765820: 
2026-09-01 09:22:29.767404: Epoch 562
2026-09-01 09:22:29.768605: Current learning rate: 0.00476
2026-09-01 09:24:10.283942: train_loss -0.5391
2026-09-01 09:24:10.285728: val_loss -0.5321
2026-09-01 09:24:10.287247: Pseudo dice [np.float32(0.065)]
2026-09-01 09:24:10.288327: Epoch time: 100.52 s
2026-09-01 09:24:11.156137: 
2026-09-01 09:24:11.157598: Epoch 563
2026-09-01 09:24:11.158581: Current learning rate: 0.00475
2026-09-01 09:25:51.557633: train_loss -0.5512
2026-09-01 09:25:51.559215: val_loss -0.5067
2026-09-01 09:25:51.560410: Pseudo dice [np.float32(0.0503)]
2026-09-01 09:25:51.561566: Epoch time: 100.4 s
2026-09-01 09:25:52.429508: 
2026-09-01 09:25:52.430880: Epoch 564
2026-09-01 09:25:52.431798: Current learning rate: 0.00474
2026-09-01 09:27:32.666795: train_loss -0.5259
2026-09-01 09:27:32.668269: val_loss -0.507
2026-09-01 09:27:32.669414: Pseudo dice [np.float32(0.0275)]
2026-09-01 09:27:32.670406: Epoch time: 100.24 s
2026-09-01 09:27:33.545476: 
2026-09-01 09:27:33.547158: Epoch 565
2026-09-01 09:27:33.548027: Current learning rate: 0.00473
2026-09-01 09:29:15.199414: train_loss -0.5537
2026-09-01 09:29:15.220653: val_loss -0.5697
2026-09-01 09:29:15.223165: Pseudo dice [np.float32(0.2023)]
2026-09-01 09:29:15.225094: Epoch time: 101.66 s
2026-09-01 09:29:16.515826: 
2026-09-01 09:29:16.517919: Epoch 566
2026-09-01 09:29:16.518995: Current learning rate: 0.00472
2026-09-01 09:30:57.604456: train_loss -0.5596
2026-09-01 09:30:57.609815: val_loss -0.5345
2026-09-01 09:30:57.610914: Pseudo dice [np.float32(0.1343)]
2026-09-01 09:30:57.611984: Epoch time: 101.09 s
2026-09-01 09:30:58.504450: 
2026-09-01 09:30:58.506051: Epoch 567
2026-09-01 09:30:58.506940: Current learning rate: 0.00471
2026-09-01 09:32:39.302332: train_loss -0.5651
2026-09-01 09:32:39.303647: val_loss -0.5597
2026-09-01 09:32:39.304616: Pseudo dice [np.float32(0.088)]
2026-09-01 09:32:39.305547: Epoch time: 100.8 s
2026-09-01 09:32:40.183261: 
2026-09-01 09:32:40.184748: Epoch 568
2026-09-01 09:32:40.185728: Current learning rate: 0.0047
2026-09-01 09:34:20.629935: train_loss -0.5555
2026-09-01 09:34:20.631337: val_loss -0.5588
2026-09-01 09:34:20.636879: Pseudo dice [np.float32(0.0852)]
2026-09-01 09:34:20.638399: Epoch time: 100.45 s
2026-09-01 09:34:21.515534: 
2026-09-01 09:34:21.517171: Epoch 569
2026-09-01 09:34:21.518062: Current learning rate: 0.00469
2026-09-01 09:36:08.381712: train_loss -0.5372
2026-09-01 09:36:08.414776: val_loss -0.5378
2026-09-01 09:36:08.416396: Pseudo dice [np.float32(0.0513)]
2026-09-01 09:36:08.417550: Epoch time: 106.87 s
2026-09-01 09:36:10.569105: 
2026-09-01 09:36:10.576118: Epoch 570
2026-09-01 09:36:10.577129: Current learning rate: 0.00468
2026-09-01 09:37:50.398052: train_loss -0.5636
2026-09-01 09:37:50.399442: val_loss -0.5394
2026-09-01 09:37:50.400618: Pseudo dice [np.float32(0.0958)]
2026-09-01 09:37:50.401474: Epoch time: 99.83 s
2026-09-01 09:37:51.271879: 
2026-09-01 09:37:51.273308: Epoch 571
2026-09-01 09:37:51.274180: Current learning rate: 0.00467
2026-09-01 09:39:32.566834: train_loss -0.5445
2026-09-01 09:39:32.568185: val_loss -0.5509
2026-09-01 09:39:32.569223: Pseudo dice [np.float32(0.0565)]
2026-09-01 09:39:32.573558: Epoch time: 101.3 s
2026-09-01 09:39:33.689501: 
2026-09-01 09:39:33.690862: Epoch 572
2026-09-01 09:39:33.691745: Current learning rate: 0.00466
2026-09-01 09:41:14.960719: train_loss -0.5597
2026-09-01 09:41:14.962129: val_loss -0.542
2026-09-01 09:41:14.963290: Pseudo dice [np.float32(0.033)]
2026-09-01 09:41:14.964322: Epoch time: 101.27 s
2026-09-01 09:41:15.846602: 
2026-09-01 09:41:15.848164: Epoch 573
2026-09-01 09:41:15.849082: Current learning rate: 0.00465
2026-09-01 09:42:55.851726: train_loss -0.5688
2026-09-01 09:42:55.853247: val_loss -0.5457
2026-09-01 09:42:55.854412: Pseudo dice [np.float32(0.1022)]
2026-09-01 09:42:55.855729: Epoch time: 100.01 s
2026-09-01 09:42:57.156313: 
2026-09-01 09:42:57.157800: Epoch 574
2026-09-01 09:42:57.158736: Current learning rate: 0.00464
2026-09-01 09:44:41.174476: train_loss -0.555
2026-09-01 09:44:41.176072: val_loss -0.5616
2026-09-01 09:44:41.177300: Pseudo dice [np.float32(0.051)]
2026-09-01 09:44:41.178441: Epoch time: 104.02 s
2026-09-01 09:44:42.075072: 
2026-09-01 09:44:42.076633: Epoch 575
2026-09-01 09:44:42.077631: Current learning rate: 0.00463
2026-09-01 09:46:31.048553: train_loss -0.5432
2026-09-01 09:46:31.052638: val_loss -0.5514
2026-09-01 09:46:31.053926: Pseudo dice [np.float32(0.0781)]
2026-09-01 09:46:31.055104: Epoch time: 108.98 s
2026-09-01 09:46:32.862134: 
2026-09-01 09:46:32.876451: Epoch 576
2026-09-01 09:46:32.877625: Current learning rate: 0.00462
2026-09-01 09:48:15.668657: train_loss -0.5528
2026-09-01 09:48:15.669853: val_loss -0.5895
2026-09-01 09:48:15.670829: Pseudo dice [np.float32(0.1573)]
2026-09-01 09:48:15.671834: Epoch time: 102.81 s
2026-09-01 09:48:16.575603: 
2026-09-01 09:48:16.577083: Epoch 577
2026-09-01 09:48:16.578050: Current learning rate: 0.00461
2026-09-01 09:49:56.435169: train_loss -0.5564
2026-09-01 09:49:56.436511: val_loss -0.5504
2026-09-01 09:49:56.437830: Pseudo dice [np.float32(0.076)]
2026-09-01 09:49:56.438890: Epoch time: 99.86 s
2026-09-01 09:49:57.339559: 
2026-09-01 09:49:57.341068: Epoch 578
2026-09-01 09:49:57.341950: Current learning rate: 0.0046
2026-09-01 09:51:37.397836: train_loss -0.555
2026-09-01 09:51:37.399391: val_loss -0.5629
2026-09-01 09:51:37.400348: Pseudo dice [np.float32(0.0971)]
2026-09-01 09:51:37.401193: Epoch time: 100.06 s
2026-09-01 09:51:38.379011: 
2026-09-01 09:51:38.380399: Epoch 579
2026-09-01 09:51:38.381317: Current learning rate: 0.00459
2026-09-01 09:53:18.953075: train_loss -0.5765
2026-09-01 09:53:18.958565: val_loss -0.5468
2026-09-01 09:53:18.966622: Pseudo dice [np.float32(0.1122)]
2026-09-01 09:53:18.967841: Epoch time: 100.58 s
2026-09-01 09:53:20.452421: 
2026-09-01 09:53:20.453861: Epoch 580
2026-09-01 09:53:20.455062: Current learning rate: 0.00458
2026-09-01 09:55:01.094512: train_loss -0.5693
2026-09-01 09:55:01.112449: val_loss -0.551
2026-09-01 09:55:01.113812: Pseudo dice [np.float32(0.0654)]
2026-09-01 09:55:01.114861: Epoch time: 100.64 s
2026-09-01 09:55:02.008061: 
2026-09-01 09:55:02.009754: Epoch 581
2026-09-01 09:55:02.010739: Current learning rate: 0.00457
2026-09-01 09:56:42.837713: train_loss -0.5667
2026-09-01 09:56:42.842200: val_loss -0.5581
2026-09-01 09:56:42.843329: Pseudo dice [np.float32(0.1403)]
2026-09-01 09:56:42.844260: Epoch time: 100.83 s
2026-09-01 09:56:42.845169: Yayy! New best EMA pseudo Dice: 0.08940000087022781
2026-09-01 09:56:45.133764: 
2026-09-01 09:56:45.135226: Epoch 582
2026-09-01 09:56:45.136213: Current learning rate: 0.00456
2026-09-01 09:58:32.989292: train_loss -0.5777
2026-09-01 09:58:33.030088: val_loss -0.541
2026-09-01 09:58:33.031585: Pseudo dice [np.float32(0.1107)]
2026-09-01 09:58:33.032632: Epoch time: 107.86 s
2026-09-01 09:58:33.033682: Yayy! New best EMA pseudo Dice: 0.09160000085830688
2026-09-01 09:58:36.223794: 
2026-09-01 09:58:36.225239: Epoch 583
2026-09-01 09:58:36.226249: Current learning rate: 0.00455
2026-09-01 10:00:33.652753: train_loss -0.5385
2026-09-01 10:00:33.656574: val_loss -0.5433
2026-09-01 10:00:33.657809: Pseudo dice [np.float32(0.0448)]
2026-09-01 10:00:33.658977: Epoch time: 117.43 s
2026-09-01 10:00:34.677478: 
2026-09-01 10:00:34.678914: Epoch 584
2026-09-01 10:00:34.679903: Current learning rate: 0.00454
2026-09-01 10:02:15.574150: train_loss -0.5714
2026-09-01 10:02:15.575455: val_loss -0.5459
2026-09-01 10:02:15.576582: Pseudo dice [np.float32(0.0388)]
2026-09-01 10:02:15.577826: Epoch time: 100.9 s
2026-09-01 10:02:16.548086: 
2026-09-01 10:02:16.549337: Epoch 585
2026-09-01 10:02:16.550502: Current learning rate: 0.00453
2026-09-01 10:03:56.911094: train_loss -0.5487
2026-09-01 10:03:56.912429: val_loss -0.5543
2026-09-01 10:03:56.913531: Pseudo dice [np.float32(0.0426)]
2026-09-01 10:03:56.914520: Epoch time: 100.37 s
2026-09-01 10:03:58.373432: 
2026-09-01 10:03:58.374794: Epoch 586
2026-09-01 10:03:58.375812: Current learning rate: 0.00452
2026-09-01 10:05:41.871653: train_loss -0.5842
2026-09-01 10:05:41.877670: val_loss -0.5629
2026-09-01 10:05:41.879458: Pseudo dice [np.float32(0.1322)]
2026-09-01 10:05:41.880913: Epoch time: 103.5 s
2026-09-01 10:05:43.333100: 
2026-09-01 10:05:43.334398: Epoch 587
2026-09-01 10:05:43.335338: Current learning rate: 0.00451
2026-09-01 10:07:32.218429: train_loss -0.5741
2026-09-01 10:07:32.247890: val_loss -0.5416
2026-09-01 10:07:32.249067: Pseudo dice [np.float32(0.0704)]
2026-09-01 10:07:32.250414: Epoch time: 108.89 s
2026-09-01 10:07:33.306530: 
2026-09-01 10:07:33.307998: Epoch 588
2026-09-01 10:07:33.309082: Current learning rate: 0.0045
2026-09-01 10:09:15.024179: train_loss -0.5493
2026-09-01 10:09:15.041669: val_loss -0.5497
2026-09-01 10:09:15.043133: Pseudo dice [np.float32(0.1025)]
2026-09-01 10:09:15.044467: Epoch time: 101.72 s
2026-09-01 10:09:16.119706: 
2026-09-01 10:09:16.121171: Epoch 589
2026-09-01 10:09:16.122070: Current learning rate: 0.00449
2026-09-01 10:10:57.291429: train_loss -0.5675
2026-09-01 10:10:57.292769: val_loss -0.5644
2026-09-01 10:10:57.293877: Pseudo dice [np.float32(0.0462)]
2026-09-01 10:10:57.294824: Epoch time: 101.17 s
2026-09-01 10:10:58.186190: 
2026-09-01 10:10:58.187475: Epoch 590
2026-09-01 10:10:58.188505: Current learning rate: 0.00448
2026-09-01 10:12:37.159302: train_loss -0.5467
2026-09-01 10:12:37.160442: val_loss -0.5328
2026-09-01 10:12:37.161731: Pseudo dice [np.float32(0.0235)]
2026-09-01 10:12:37.162615: Epoch time: 98.98 s
2026-09-01 10:12:38.066066: 
2026-09-01 10:12:38.067551: Epoch 591
2026-09-01 10:12:38.068531: Current learning rate: 0.00447
2026-09-01 10:14:18.425304: train_loss -0.5595
2026-09-01 10:14:18.426405: val_loss -0.5322
2026-09-01 10:14:18.427412: Pseudo dice [np.float32(0.0893)]
2026-09-01 10:14:18.428240: Epoch time: 100.36 s
2026-09-01 10:14:19.320849: 
2026-09-01 10:14:19.322478: Epoch 592
2026-09-01 10:14:19.323317: Current learning rate: 0.00446
2026-09-01 10:16:01.772190: train_loss -0.5758
2026-09-01 10:16:01.781240: val_loss -0.5351
2026-09-01 10:16:01.782717: Pseudo dice [np.float32(0.1669)]
2026-09-01 10:16:01.783832: Epoch time: 102.45 s
2026-09-01 10:16:03.150812: 
2026-09-01 10:16:03.153467: Epoch 593
2026-09-01 10:16:03.154678: Current learning rate: 0.00445
2026-09-01 10:17:44.345485: train_loss -0.5547
2026-09-01 10:17:44.348544: val_loss -0.5659
2026-09-01 10:17:44.349530: Pseudo dice [np.float32(0.0729)]
2026-09-01 10:17:44.350376: Epoch time: 101.2 s
2026-09-01 10:17:45.246396: 
2026-09-01 10:17:45.247621: Epoch 594
2026-09-01 10:17:45.248562: Current learning rate: 0.00444
2026-09-01 10:19:24.088553: train_loss -0.5703
2026-09-01 10:19:24.090232: val_loss -0.5394
2026-09-01 10:19:24.091625: Pseudo dice [np.float32(0.0507)]
2026-09-01 10:19:24.092690: Epoch time: 98.84 s
2026-09-01 10:19:24.977278: 
2026-09-01 10:19:24.978714: Epoch 595
2026-09-01 10:19:24.979538: Current learning rate: 0.00443
2026-09-01 10:21:05.897114: train_loss -0.5712
2026-09-01 10:21:05.898564: val_loss -0.5662
2026-09-01 10:21:05.899842: Pseudo dice [np.float32(0.0824)]
2026-09-01 10:21:05.900855: Epoch time: 100.92 s
2026-09-01 10:21:06.778235: 
2026-09-01 10:21:06.779759: Epoch 596
2026-09-01 10:21:06.780845: Current learning rate: 0.00442
2026-09-01 10:22:48.834744: train_loss -0.537
2026-09-01 10:22:48.836120: val_loss -0.5497
2026-09-01 10:22:48.837194: Pseudo dice [np.float32(0.0627)]
2026-09-01 10:22:48.838256: Epoch time: 102.06 s
2026-09-01 10:22:49.729137: 
2026-09-01 10:22:49.730366: Epoch 597
2026-09-01 10:22:49.731268: Current learning rate: 0.00441
2026-09-01 10:24:29.610868: train_loss -0.563
2026-09-01 10:24:29.615913: val_loss -0.5594
2026-09-01 10:24:29.618204: Pseudo dice [np.float32(0.033)]
2026-09-01 10:24:29.620848: Epoch time: 99.88 s
2026-09-01 10:24:30.707969: 
2026-09-01 10:24:30.709446: Epoch 598
2026-09-01 10:24:30.710657: Current learning rate: 0.0044
2026-09-01 10:26:12.305109: train_loss -0.5652
2026-09-01 10:26:12.306580: val_loss -0.5281
2026-09-01 10:26:12.307747: Pseudo dice [np.float32(0.0162)]
2026-09-01 10:26:12.308854: Epoch time: 101.6 s
2026-09-01 10:26:13.203834: 
2026-09-01 10:26:13.205163: Epoch 599
2026-09-01 10:26:13.206076: Current learning rate: 0.00439
2026-09-01 10:27:54.207705: train_loss -0.5417
2026-09-01 10:27:54.212508: val_loss -0.5105
2026-09-01 10:27:54.213830: Pseudo dice [np.float32(0.015)]
2026-09-01 10:27:54.214962: Epoch time: 101.01 s
2026-09-01 10:27:56.289599: 
2026-09-01 10:27:56.291354: Epoch 600
2026-09-01 10:27:56.292311: Current learning rate: 0.00438
2026-09-01 10:29:35.350774: train_loss -0.5481
2026-09-01 10:29:35.352197: val_loss -0.4906
2026-09-01 10:29:35.353311: Pseudo dice [np.float32(0.085)]
2026-09-01 10:29:35.354393: Epoch time: 99.06 s
2026-09-01 10:29:36.230372: 
2026-09-01 10:29:36.231636: Epoch 601
2026-09-01 10:29:36.232444: Current learning rate: 0.00437
2026-09-01 10:31:16.637986: train_loss -0.5694
2026-09-01 10:31:16.639297: val_loss -0.5215
2026-09-01 10:31:16.640795: Pseudo dice [np.float32(0.0691)]
2026-09-01 10:31:16.641962: Epoch time: 100.41 s
2026-09-01 10:31:17.530715: 
2026-09-01 10:31:17.532165: Epoch 602
2026-09-01 10:31:17.533197: Current learning rate: 0.00436
2026-09-01 10:32:59.120005: train_loss -0.5668
2026-09-01 10:32:59.124423: val_loss -0.5493
2026-09-01 10:32:59.141258: Pseudo dice [np.float32(0.0812)]
2026-09-01 10:32:59.142655: Epoch time: 101.59 s
2026-09-01 10:33:00.165081: 
2026-09-01 10:33:00.166734: Epoch 603
2026-09-01 10:33:00.167846: Current learning rate: 0.00435
2026-09-01 10:34:41.596742: train_loss -0.5517
2026-09-01 10:34:41.597871: val_loss -0.5454
2026-09-01 10:34:41.599099: Pseudo dice [np.float32(0.069)]
2026-09-01 10:34:41.600117: Epoch time: 101.43 s
2026-09-01 10:34:42.478519: 
2026-09-01 10:34:42.479678: Epoch 604
2026-09-01 10:34:42.480566: Current learning rate: 0.00434
2026-09-01 10:36:22.978067: train_loss -0.559
2026-09-01 10:36:22.979516: val_loss -0.548
2026-09-01 10:36:22.980617: Pseudo dice [np.float32(0.0472)]
2026-09-01 10:36:22.981574: Epoch time: 100.5 s
2026-09-01 10:36:23.886702: 
2026-09-01 10:36:23.888246: Epoch 605
2026-09-01 10:36:23.889184: Current learning rate: 0.00433
2026-09-01 10:38:04.824304: train_loss -0.5551
2026-09-01 10:38:04.827132: val_loss -0.54
2026-09-01 10:38:04.828236: Pseudo dice [np.float32(0.0355)]
2026-09-01 10:38:04.829235: Epoch time: 100.94 s
2026-09-01 10:38:05.963288: 
2026-09-01 10:38:05.964915: Epoch 606
2026-09-01 10:38:05.965890: Current learning rate: 0.00432
2026-09-01 10:39:53.424444: train_loss -0.5853
2026-09-01 10:39:53.425747: val_loss -0.5267
2026-09-01 10:39:53.426836: Pseudo dice [np.float32(0.063)]
2026-09-01 10:39:53.427806: Epoch time: 107.46 s
2026-09-01 10:39:54.401687: 
2026-09-01 10:39:54.403091: Epoch 607
2026-09-01 10:39:54.404156: Current learning rate: 0.00431
2026-09-01 10:41:36.721887: train_loss -0.5522
2026-09-01 10:41:36.723119: val_loss -0.5535
2026-09-01 10:41:36.724146: Pseudo dice [np.float32(0.0661)]
2026-09-01 10:41:36.725309: Epoch time: 102.32 s
2026-09-01 10:41:37.621175: 
2026-09-01 10:41:37.622377: Epoch 608
2026-09-01 10:41:37.623399: Current learning rate: 0.0043
2026-09-01 10:43:17.873928: train_loss -0.5532
2026-09-01 10:43:17.880981: val_loss -0.5323
2026-09-01 10:43:17.882522: Pseudo dice [np.float32(0.0348)]
2026-09-01 10:43:17.883739: Epoch time: 100.26 s
2026-09-01 10:43:18.809323: 
2026-09-01 10:43:18.810708: Epoch 609
2026-09-01 10:43:18.811670: Current learning rate: 0.00429
2026-09-01 10:45:06.593664: train_loss -0.5442
2026-09-01 10:45:06.633958: val_loss -0.5435
2026-09-01 10:45:06.635263: Pseudo dice [np.float32(0.1442)]
2026-09-01 10:45:06.636334: Epoch time: 107.79 s
2026-09-01 10:45:08.123727: 
2026-09-01 10:45:08.125420: Epoch 610
2026-09-01 10:45:08.126483: Current learning rate: 0.00429
2026-09-01 10:46:49.849559: train_loss -0.5475
2026-09-01 10:46:49.862123: val_loss -0.5438
2026-09-01 10:46:49.864030: Pseudo dice [np.float32(0.0646)]
2026-09-01 10:46:49.865622: Epoch time: 101.73 s
2026-09-01 10:46:51.450481: 
2026-09-01 10:46:51.452554: Epoch 611
2026-09-01 10:46:51.453864: Current learning rate: 0.00428
2026-09-01 10:48:31.860989: train_loss -0.5557
2026-09-01 10:48:31.866527: val_loss -0.552
2026-09-01 10:48:31.867699: Pseudo dice [np.float32(0.1518)]
2026-09-01 10:48:31.868670: Epoch time: 100.41 s
2026-09-01 10:48:33.685369: 
2026-09-01 10:48:33.698288: Epoch 612
2026-09-01 10:48:33.699294: Current learning rate: 0.00427
2026-09-01 10:50:16.209280: train_loss -0.5594
2026-09-01 10:50:16.210936: val_loss -0.542
2026-09-01 10:50:16.212375: Pseudo dice [np.float32(0.0885)]
2026-09-01 10:50:16.213675: Epoch time: 102.53 s
2026-09-01 10:50:17.114925: 
2026-09-01 10:50:17.116060: Epoch 613
2026-09-01 10:50:17.117083: Current learning rate: 0.00426
2026-09-01 10:51:59.754153: train_loss -0.5897
2026-09-01 10:51:59.764934: val_loss -0.5544
2026-09-01 10:51:59.766209: Pseudo dice [np.float32(0.1387)]
2026-09-01 10:51:59.767419: Epoch time: 102.64 s
2026-09-01 10:52:01.244066: 
2026-09-01 10:52:01.250973: Epoch 614
2026-09-01 10:52:01.252031: Current learning rate: 0.00425
2026-09-01 10:53:43.553931: train_loss -0.5494
2026-09-01 10:53:43.555507: val_loss -0.5264
2026-09-01 10:53:43.556882: Pseudo dice [np.float32(0.0112)]
2026-09-01 10:53:43.558060: Epoch time: 102.31 s
2026-09-01 10:53:44.694591: 
2026-09-01 10:53:44.696023: Epoch 615
2026-09-01 10:53:44.697076: Current learning rate: 0.00424
2026-09-01 10:55:25.436710: train_loss -0.5601
2026-09-01 10:55:25.438122: val_loss -0.553
2026-09-01 10:55:25.439368: Pseudo dice [np.float32(0.0463)]
2026-09-01 10:55:25.440557: Epoch time: 100.74 s
2026-09-01 10:55:26.336142: 
2026-09-01 10:55:26.337731: Epoch 616
2026-09-01 10:55:26.338658: Current learning rate: 0.00423
2026-09-01 10:57:06.963522: train_loss -0.5711
2026-09-01 10:57:06.964653: val_loss -0.5343
2026-09-01 10:57:06.965763: Pseudo dice [np.float32(0.056)]
2026-09-01 10:57:06.966669: Epoch time: 100.63 s
2026-09-01 10:57:08.247935: 
2026-09-01 10:57:08.249243: Epoch 617
2026-09-01 10:57:08.250201: Current learning rate: 0.00422
2026-09-01 10:58:50.844241: train_loss -0.5359
2026-09-01 10:58:50.845924: val_loss -0.5337
2026-09-01 10:58:50.847561: Pseudo dice [np.float32(0.0217)]
2026-09-01 10:58:50.851916: Epoch time: 102.6 s
2026-09-01 10:58:51.870699: 
2026-09-01 10:58:51.872206: Epoch 618
2026-09-01 10:58:51.873265: Current learning rate: 0.00421
2026-09-01 11:00:31.281816: train_loss -0.5554
2026-09-01 11:00:31.283160: val_loss -0.5285
2026-09-01 11:00:31.284451: Pseudo dice [np.float32(0.0916)]
2026-09-01 11:00:31.285641: Epoch time: 99.41 s
2026-09-01 11:00:32.184832: 
2026-09-01 11:00:32.186420: Epoch 619
2026-09-01 11:00:32.187430: Current learning rate: 0.0042
2026-09-01 11:02:14.290822: train_loss -0.5589
2026-09-01 11:02:14.292802: val_loss -0.5238
2026-09-01 11:02:14.294184: Pseudo dice [np.float32(0.1072)]
2026-09-01 11:02:14.295321: Epoch time: 102.11 s
2026-09-01 11:02:15.755213: 
2026-09-01 11:02:15.756809: Epoch 620
2026-09-01 11:02:15.758018: Current learning rate: 0.00419
2026-09-01 11:03:56.963152: train_loss -0.5622
2026-09-01 11:03:56.964573: val_loss -0.5728
2026-09-01 11:03:56.965802: Pseudo dice [np.float32(0.1946)]
2026-09-01 11:03:56.966673: Epoch time: 101.21 s
2026-09-01 11:03:58.049506: 
2026-09-01 11:03:58.051080: Epoch 621
2026-09-01 11:03:58.052020: Current learning rate: 0.00418
2026-09-01 11:05:37.351411: train_loss -0.5507
2026-09-01 11:05:37.353228: val_loss -0.5189
2026-09-01 11:05:37.354223: Pseudo dice [np.float32(0.0243)]
2026-09-01 11:05:37.355509: Epoch time: 99.3 s
2026-09-01 11:05:38.297963: 
2026-09-01 11:05:38.299426: Epoch 622
2026-09-01 11:05:38.300305: Current learning rate: 0.00417
2026-09-01 11:07:24.272371: train_loss -0.5681
2026-09-01 11:07:24.278956: val_loss -0.5531
2026-09-01 11:07:24.280272: Pseudo dice [np.float32(0.0433)]
2026-09-01 11:07:24.281261: Epoch time: 105.98 s
2026-09-01 11:07:25.420282: 
2026-09-01 11:07:25.422209: Epoch 623
2026-09-01 11:07:25.423251: Current learning rate: 0.00416
2026-09-01 11:09:06.126961: train_loss -0.559
2026-09-01 11:09:06.128430: val_loss -0.5867
2026-09-01 11:09:06.129632: Pseudo dice [np.float32(0.0926)]
2026-09-01 11:09:06.130768: Epoch time: 100.71 s
2026-09-01 11:09:07.029185: 
2026-09-01 11:09:07.030762: Epoch 624
2026-09-01 11:09:07.031755: Current learning rate: 0.00415
2026-09-01 11:10:47.783706: train_loss -0.5899
2026-09-01 11:10:47.785288: val_loss -0.5666
2026-09-01 11:10:47.786231: Pseudo dice [np.float32(0.1402)]
2026-09-01 11:10:47.787328: Epoch time: 100.76 s
2026-09-01 11:10:48.676291: 
2026-09-01 11:10:48.677615: Epoch 625
2026-09-01 11:10:48.678488: Current learning rate: 0.00414
2026-09-01 11:12:28.542729: train_loss -0.5634
2026-09-01 11:12:28.544015: val_loss -0.5781
2026-09-01 11:12:28.545011: Pseudo dice [np.float32(0.0746)]
2026-09-01 11:12:28.545981: Epoch time: 99.87 s
2026-09-01 11:12:29.448205: 
2026-09-01 11:12:29.449879: Epoch 626
2026-09-01 11:12:29.450840: Current learning rate: 0.00413
2026-09-01 11:14:09.796024: train_loss -0.5574
2026-09-01 11:14:09.798087: val_loss -0.5731
2026-09-01 11:14:09.799471: Pseudo dice [np.float32(0.1226)]
2026-09-01 11:14:09.800448: Epoch time: 100.35 s
2026-09-01 11:14:11.101680: 
2026-09-01 11:14:11.103309: Epoch 627
2026-09-01 11:14:11.104368: Current learning rate: 0.00412
2026-09-01 11:15:51.941745: train_loss -0.5514
2026-09-01 11:15:51.948539: val_loss -0.5577
2026-09-01 11:15:51.950006: Pseudo dice [np.float32(0.056)]
2026-09-01 11:15:51.951438: Epoch time: 100.84 s
2026-09-01 11:15:53.052430: 
2026-09-01 11:15:53.054138: Epoch 628
2026-09-01 11:15:53.055250: Current learning rate: 0.00411
2026-09-01 11:17:32.398091: train_loss -0.5455
2026-09-01 11:17:32.399396: val_loss -0.5661
2026-09-01 11:17:32.400463: Pseudo dice [np.float32(0.0459)]
2026-09-01 11:17:32.401546: Epoch time: 99.35 s
2026-09-01 11:17:33.303656: 
2026-09-01 11:17:33.305476: Epoch 629
2026-09-01 11:17:33.306473: Current learning rate: 0.0041
2026-09-01 11:19:13.361959: train_loss -0.5715
2026-09-01 11:19:13.363542: val_loss -0.5538
2026-09-01 11:19:13.364647: Pseudo dice [np.float32(0.1558)]
2026-09-01 11:19:13.365726: Epoch time: 100.06 s
2026-09-01 11:19:14.261647: 
2026-09-01 11:19:14.263022: Epoch 630
2026-09-01 11:19:14.264065: Current learning rate: 0.00409
2026-09-01 11:20:54.858311: train_loss -0.5947
2026-09-01 11:20:54.860271: val_loss -0.524
2026-09-01 11:20:54.861377: Pseudo dice [np.float32(0.0875)]
2026-09-01 11:20:54.862652: Epoch time: 100.6 s
2026-09-01 11:20:55.771148: 
2026-09-01 11:20:55.772375: Epoch 631
2026-09-01 11:20:55.773279: Current learning rate: 0.00408
2026-09-01 11:22:36.528878: train_loss -0.5652
2026-09-01 11:22:36.530858: val_loss -0.5656
2026-09-01 11:22:36.532260: Pseudo dice [np.float32(0.0462)]
2026-09-01 11:22:36.533182: Epoch time: 100.76 s
2026-09-01 11:22:37.497057: 
2026-09-01 11:22:37.498444: Epoch 632
2026-09-01 11:22:37.499410: Current learning rate: 0.00407
2026-09-01 11:24:18.991175: train_loss -0.5761
2026-09-01 11:24:18.996164: val_loss -0.5552
2026-09-01 11:24:18.997553: Pseudo dice [np.float32(0.1585)]
2026-09-01 11:24:18.998909: Epoch time: 101.5 s
2026-09-01 11:24:19.977914: 
2026-09-01 11:24:19.979709: Epoch 633
2026-09-01 11:24:19.980738: Current learning rate: 0.00406
2026-09-01 11:26:00.310830: train_loss -0.5774
2026-09-01 11:26:00.312146: val_loss -0.5828
2026-09-01 11:26:00.313343: Pseudo dice [np.float32(0.0792)]
2026-09-01 11:26:00.314465: Epoch time: 100.34 s
2026-09-01 11:26:01.207979: 
2026-09-01 11:26:01.209496: Epoch 634
2026-09-01 11:26:01.210699: Current learning rate: 0.00405
2026-09-01 11:27:41.838651: train_loss -0.5723
2026-09-01 11:27:41.839916: val_loss -0.59
2026-09-01 11:27:41.841086: Pseudo dice [np.float32(0.2271)]
2026-09-01 11:27:41.841999: Epoch time: 100.63 s
2026-09-01 11:27:41.842935: Yayy! New best EMA pseudo Dice: 0.10339999943971634
2026-09-01 11:27:43.980028: 
2026-09-01 11:27:43.981643: Epoch 635
2026-09-01 11:27:43.982510: Current learning rate: 0.00404
2026-09-01 11:29:24.158920: train_loss -0.5796
2026-09-01 11:29:24.173968: val_loss -0.589
2026-09-01 11:29:24.175557: Pseudo dice [np.float32(0.178)]
2026-09-01 11:29:24.176737: Epoch time: 100.18 s
2026-09-01 11:29:24.177860: Yayy! New best EMA pseudo Dice: 0.11079999804496765
2026-09-01 11:29:26.344490: 
2026-09-01 11:29:26.346107: Epoch 636
2026-09-01 11:29:26.347212: Current learning rate: 0.00403
2026-09-01 11:31:06.834661: train_loss -0.5599
2026-09-01 11:31:06.836597: val_loss -0.5324
2026-09-01 11:31:06.837752: Pseudo dice [np.float32(0.1494)]
2026-09-01 11:31:06.839091: Epoch time: 100.49 s
2026-09-01 11:31:06.840040: Yayy! New best EMA pseudo Dice: 0.11469999700784683
2026-09-01 11:31:08.980585: 
2026-09-01 11:31:08.982412: Epoch 637
2026-09-01 11:31:08.983482: Current learning rate: 0.00402
2026-09-01 11:32:50.719393: train_loss -0.5736
2026-09-01 11:32:50.726508: val_loss -0.5521
2026-09-01 11:32:50.728561: Pseudo dice [np.float32(0.1129)]
2026-09-01 11:32:50.729835: Epoch time: 101.74 s
2026-09-01 11:32:52.068182: 
2026-09-01 11:32:52.070034: Epoch 638
2026-09-01 11:32:52.071069: Current learning rate: 0.00401
2026-09-01 11:34:33.549844: train_loss -0.5412
2026-09-01 11:34:33.551083: val_loss -0.5477
2026-09-01 11:34:33.552023: Pseudo dice [np.float32(0.0266)]
2026-09-01 11:34:33.553127: Epoch time: 101.48 s
2026-09-01 11:34:34.442178: 
2026-09-01 11:34:34.443785: Epoch 639
2026-09-01 11:34:34.444742: Current learning rate: 0.004
2026-09-01 11:36:14.858521: train_loss -0.576
2026-09-01 11:36:14.859891: val_loss -0.5059
2026-09-01 11:36:14.860899: Pseudo dice [np.float32(0.2267)]
2026-09-01 11:36:14.861832: Epoch time: 100.42 s
2026-09-01 11:36:14.862803: Yayy! New best EMA pseudo Dice: 0.11779999732971191
2026-09-01 11:36:16.991666: 
2026-09-01 11:36:16.992960: Epoch 640
2026-09-01 11:36:16.994049: Current learning rate: 0.00399
2026-09-01 11:37:56.750310: train_loss -0.5822
2026-09-01 11:37:56.751950: val_loss -0.5436
2026-09-01 11:37:56.753351: Pseudo dice [np.float32(0.0817)]
2026-09-01 11:37:56.754337: Epoch time: 99.76 s
2026-09-01 11:37:57.698635: 
2026-09-01 11:37:57.701183: Epoch 641
2026-09-01 11:37:57.702391: Current learning rate: 0.00398
2026-09-01 11:39:38.630128: train_loss -0.5636
2026-09-01 11:39:38.632631: val_loss -0.5473
2026-09-01 11:39:38.633864: Pseudo dice [np.float32(0.0473)]
2026-09-01 11:39:38.641448: Epoch time: 100.93 s
2026-09-01 11:39:39.580816: 
2026-09-01 11:39:39.582195: Epoch 642
2026-09-01 11:39:39.583323: Current learning rate: 0.00397
2026-09-01 11:41:21.037327: train_loss -0.5576
2026-09-01 11:41:21.040368: val_loss -0.5493
2026-09-01 11:41:21.049134: Pseudo dice [np.float32(0.0582)]
2026-09-01 11:41:21.050439: Epoch time: 101.46 s
2026-09-01 11:41:22.120514: 
2026-09-01 11:41:22.122077: Epoch 643
2026-09-01 11:41:22.123036: Current learning rate: 0.00396
2026-09-01 11:43:08.748140: train_loss -0.5664
2026-09-01 11:43:08.749890: val_loss -0.5901
2026-09-01 11:43:08.751242: Pseudo dice [np.float32(0.1421)]
2026-09-01 11:43:08.752617: Epoch time: 106.63 s
2026-09-01 11:43:10.483450: 
2026-09-01 11:43:10.484873: Epoch 644
2026-09-01 11:43:10.485985: Current learning rate: 0.00395
2026-09-01 11:44:52.145861: train_loss -0.5414
2026-09-01 11:44:52.162594: val_loss -0.526
2026-09-01 11:44:52.164123: Pseudo dice [np.float32(0.0515)]
2026-09-01 11:44:52.165189: Epoch time: 101.66 s
2026-09-01 11:44:53.452521: 
2026-09-01 11:44:53.453932: Epoch 645
2026-09-01 11:44:53.454806: Current learning rate: 0.00394
2026-09-01 11:46:34.904143: train_loss -0.5311
2026-09-01 11:46:34.915912: val_loss -0.5376
2026-09-01 11:46:34.917608: Pseudo dice [np.float32(0.0176)]
2026-09-01 11:46:34.918860: Epoch time: 101.45 s
2026-09-01 11:46:36.231964: 
2026-09-01 11:46:36.233605: Epoch 646
2026-09-01 11:46:36.234693: Current learning rate: 0.00393
2026-09-01 11:48:16.674859: train_loss -0.5419
2026-09-01 11:48:16.678837: val_loss -0.5187
2026-09-01 11:48:16.682111: Pseudo dice [np.float32(0.0821)]
2026-09-01 11:48:16.683132: Epoch time: 100.45 s
2026-09-01 11:48:17.749961: 
2026-09-01 11:48:17.751665: Epoch 647
2026-09-01 11:48:17.752652: Current learning rate: 0.00392
2026-09-01 11:50:01.806162: train_loss -0.5707
2026-09-01 11:50:01.812055: val_loss -0.5393
2026-09-01 11:50:01.815013: Pseudo dice [np.float32(0.0276)]
2026-09-01 11:50:01.816047: Epoch time: 104.06 s
2026-09-01 11:50:02.950305: 
2026-09-01 11:50:02.951988: Epoch 648
2026-09-01 11:50:02.952942: Current learning rate: 0.00391
2026-09-01 11:51:46.171753: train_loss -0.5679
2026-09-01 11:51:46.178445: val_loss -0.5292
2026-09-01 11:51:46.180832: Pseudo dice [np.float32(0.0512)]
2026-09-01 11:51:46.182193: Epoch time: 103.22 s
2026-09-01 11:51:47.564025: 
2026-09-01 11:51:47.565976: Epoch 649
2026-09-01 11:51:47.567270: Current learning rate: 0.0039
2026-09-01 11:53:28.159535: train_loss -0.5637
2026-09-01 11:53:28.161521: val_loss -0.5315
2026-09-01 11:53:28.163179: Pseudo dice [np.float32(0.1788)]
2026-09-01 11:53:28.164470: Epoch time: 100.6 s
2026-09-01 11:53:30.109792: 
2026-09-01 11:53:30.111419: Epoch 650
2026-09-01 11:53:30.112513: Current learning rate: 0.00389
2026-09-01 11:55:11.395491: train_loss -0.5766
2026-09-01 11:55:11.396564: val_loss -0.5661
2026-09-01 11:55:11.397557: Pseudo dice [np.float32(0.1219)]
2026-09-01 11:55:11.398435: Epoch time: 101.29 s
2026-09-01 11:55:12.302448: 
2026-09-01 11:55:12.304313: Epoch 651
2026-09-01 11:55:12.305243: Current learning rate: 0.00388
2026-09-01 11:56:52.808035: train_loss -0.56
2026-09-01 11:56:52.809287: val_loss -0.5433
2026-09-01 11:56:52.810585: Pseudo dice [np.float32(0.0867)]
2026-09-01 11:56:52.811674: Epoch time: 100.51 s
2026-09-01 11:56:53.710691: 
2026-09-01 11:56:53.712242: Epoch 652
2026-09-01 11:56:53.713185: Current learning rate: 0.00387
2026-09-01 11:58:34.787398: train_loss -0.5693
2026-09-01 11:58:34.800232: val_loss -0.5763
2026-09-01 11:58:34.801725: Pseudo dice [np.float32(0.179)]
2026-09-01 11:58:34.802881: Epoch time: 101.08 s
2026-09-01 11:58:35.817674: 
2026-09-01 11:58:35.818932: Epoch 653
2026-09-01 11:58:35.819923: Current learning rate: 0.00386
2026-09-01 12:00:16.722526: train_loss -0.5687
2026-09-01 12:00:16.723742: val_loss -0.5354
2026-09-01 12:00:16.724734: Pseudo dice [np.float32(0.1557)]
2026-09-01 12:00:16.725691: Epoch time: 100.91 s
2026-09-01 12:00:17.626979: 
2026-09-01 12:00:17.628494: Epoch 654
2026-09-01 12:00:17.629439: Current learning rate: 0.00385
2026-09-01 12:01:59.318840: train_loss -0.5798
2026-09-01 12:01:59.325183: val_loss -0.5522
2026-09-01 12:01:59.326215: Pseudo dice [np.float32(0.1295)]
2026-09-01 12:01:59.327546: Epoch time: 101.69 s
2026-09-01 12:02:00.286168: 
2026-09-01 12:02:00.287941: Epoch 655
2026-09-01 12:02:00.288923: Current learning rate: 0.00384
2026-09-01 12:03:43.951337: train_loss -0.5832
2026-09-01 12:03:43.957012: val_loss -0.5602
2026-09-01 12:03:43.958499: Pseudo dice [np.float32(0.0871)]
2026-09-01 12:03:43.959958: Epoch time: 103.65 s
2026-09-01 12:03:45.534754: 
2026-09-01 12:03:45.536458: Epoch 656
2026-09-01 12:03:45.537538: Current learning rate: 0.00383
2026-09-01 12:05:26.282135: train_loss -0.5962
2026-09-01 12:05:26.283538: val_loss -0.5157
2026-09-01 12:05:26.284642: Pseudo dice [np.float32(0.0856)]
2026-09-01 12:05:26.285590: Epoch time: 100.75 s
2026-09-01 12:05:27.185577: 
2026-09-01 12:05:27.186669: Epoch 657
2026-09-01 12:05:27.187557: Current learning rate: 0.00382
2026-09-01 12:07:06.972277: train_loss -0.5768
2026-09-01 12:07:06.973995: val_loss -0.5391
2026-09-01 12:07:06.975133: Pseudo dice [np.float32(0.08)]
2026-09-01 12:07:06.976319: Epoch time: 99.79 s
2026-09-01 12:07:07.956531: 
2026-09-01 12:07:07.958138: Epoch 658
2026-09-01 12:07:07.959210: Current learning rate: 0.00381
2026-09-01 12:08:48.677849: train_loss -0.5696
2026-09-01 12:08:48.679022: val_loss -0.5721
2026-09-01 12:08:48.680395: Pseudo dice [np.float32(0.0918)]
2026-09-01 12:08:48.681437: Epoch time: 100.72 s
2026-09-01 12:08:49.584102: 
2026-09-01 12:08:49.585398: Epoch 659
2026-09-01 12:08:49.586546: Current learning rate: 0.0038
2026-09-01 12:10:28.479043: train_loss -0.59
2026-09-01 12:10:28.480552: val_loss -0.6011
2026-09-01 12:10:28.481721: Pseudo dice [np.float32(0.2118)]
2026-09-01 12:10:28.482749: Epoch time: 98.9 s
2026-09-01 12:10:29.384693: 
2026-09-01 12:10:29.386016: Epoch 660
2026-09-01 12:10:29.387141: Current learning rate: 0.00379
2026-09-01 12:12:09.786346: train_loss -0.5827
2026-09-01 12:12:09.787841: val_loss -0.5412
2026-09-01 12:12:09.788849: Pseudo dice [np.float32(0.0603)]
2026-09-01 12:12:09.789752: Epoch time: 100.4 s
2026-09-01 12:12:10.686912: 
2026-09-01 12:12:10.688307: Epoch 661
2026-09-01 12:12:10.689361: Current learning rate: 0.00378
2026-09-01 12:13:51.101886: train_loss -0.58
2026-09-01 12:13:51.116769: val_loss -0.5371
2026-09-01 12:13:51.118375: Pseudo dice [np.float32(0.1484)]
2026-09-01 12:13:51.119570: Epoch time: 100.42 s
2026-09-01 12:13:52.051007: 
2026-09-01 12:13:52.052480: Epoch 662
2026-09-01 12:13:52.053429: Current learning rate: 0.00377
2026-09-01 12:15:32.318062: train_loss -0.595
2026-09-01 12:15:32.319266: val_loss -0.5876
2026-09-01 12:15:32.320294: Pseudo dice [np.float32(0.0725)]
2026-09-01 12:15:32.321332: Epoch time: 100.27 s
2026-09-01 12:15:33.220534: 
2026-09-01 12:15:33.221923: Epoch 663
2026-09-01 12:15:33.223076: Current learning rate: 0.00376
2026-09-01 12:17:14.539807: train_loss -0.59
2026-09-01 12:17:14.553925: val_loss -0.5474
2026-09-01 12:17:14.561669: Pseudo dice [np.float32(0.1208)]
2026-09-01 12:17:14.568597: Epoch time: 101.32 s
2026-09-01 12:17:15.631540: 
2026-09-01 12:17:15.633273: Epoch 664
2026-09-01 12:17:15.634330: Current learning rate: 0.00375
2026-09-01 12:18:56.666816: train_loss -0.5521
2026-09-01 12:18:56.668358: val_loss -0.5352
2026-09-01 12:18:56.669406: Pseudo dice [np.float32(0.0371)]
2026-09-01 12:18:56.670382: Epoch time: 101.04 s
2026-09-01 12:18:57.570238: 
2026-09-01 12:18:57.571806: Epoch 665
2026-09-01 12:18:57.572774: Current learning rate: 0.00374
2026-09-01 12:20:37.895533: train_loss -0.5514
2026-09-01 12:20:37.897090: val_loss -0.5616
2026-09-01 12:20:37.898117: Pseudo dice [np.float32(0.1904)]
2026-09-01 12:20:37.899050: Epoch time: 100.33 s
2026-09-01 12:20:39.213883: 
2026-09-01 12:20:39.215387: Epoch 666
2026-09-01 12:20:39.216490: Current learning rate: 0.00373
2026-09-01 12:22:18.902394: train_loss -0.5737
2026-09-01 12:22:18.903790: val_loss -0.5565
2026-09-01 12:22:18.904803: Pseudo dice [np.float32(0.0984)]
2026-09-01 12:22:18.905668: Epoch time: 99.69 s
2026-09-01 12:22:19.813998: 
2026-09-01 12:22:19.815649: Epoch 667
2026-09-01 12:22:19.816552: Current learning rate: 0.00372
2026-09-01 12:24:11.948484: train_loss -0.5932
2026-09-01 12:24:11.957896: val_loss -0.5528
2026-09-01 12:24:11.962770: Pseudo dice [np.float32(0.0654)]
2026-09-01 12:24:11.964075: Epoch time: 112.14 s
2026-09-01 12:24:13.300450: 
2026-09-01 12:24:13.302086: Epoch 668
2026-09-01 12:24:13.303037: Current learning rate: 0.00371
2026-09-01 12:25:54.378723: train_loss -0.5682
2026-09-01 12:25:54.383083: val_loss -0.58
2026-09-01 12:25:54.386081: Pseudo dice [np.float32(0.1371)]
2026-09-01 12:25:54.386995: Epoch time: 101.08 s
2026-09-01 12:25:55.303238: 
2026-09-01 12:25:55.304652: Epoch 669
2026-09-01 12:25:55.306027: Current learning rate: 0.0037
2026-09-01 12:27:35.234861: train_loss -0.5548
2026-09-01 12:27:35.236855: val_loss -0.6096
2026-09-01 12:27:35.238059: Pseudo dice [np.float32(0.0772)]
2026-09-01 12:27:35.239165: Epoch time: 99.93 s
2026-09-01 12:27:36.149137: 
2026-09-01 12:27:36.150444: Epoch 670
2026-09-01 12:27:36.151521: Current learning rate: 0.00369
2026-09-01 12:29:17.312303: train_loss -0.581
2026-09-01 12:29:17.313529: val_loss -0.5772
2026-09-01 12:29:17.314968: Pseudo dice [np.float32(0.1145)]
2026-09-01 12:29:17.315949: Epoch time: 101.17 s
2026-09-01 12:29:18.617279: 
2026-09-01 12:29:18.624233: Epoch 671
2026-09-01 12:29:18.625569: Current learning rate: 0.00368
2026-09-01 12:31:03.702588: train_loss -0.5564
2026-09-01 12:31:03.704229: val_loss -0.5563
2026-09-01 12:31:03.705691: Pseudo dice [np.float32(0.1725)]
2026-09-01 12:31:03.706652: Epoch time: 105.09 s
2026-09-01 12:31:04.641594: 
2026-09-01 12:31:04.643012: Epoch 672
2026-09-01 12:31:04.644118: Current learning rate: 0.00367
2026-09-01 12:32:45.526308: train_loss -0.5853
2026-09-01 12:32:45.527918: val_loss -0.5577
2026-09-01 12:32:45.528931: Pseudo dice [np.float32(0.0997)]
2026-09-01 12:32:45.529972: Epoch time: 100.89 s
2026-09-01 12:32:46.445273: 
2026-09-01 12:32:46.446743: Epoch 673
2026-09-01 12:32:46.447646: Current learning rate: 0.00366
2026-09-01 12:34:27.258463: train_loss -0.5546
2026-09-01 12:34:27.260253: val_loss -0.5639
2026-09-01 12:34:27.261854: Pseudo dice [np.float32(0.0459)]
2026-09-01 12:34:27.263038: Epoch time: 100.82 s
2026-09-01 12:34:28.332342: 
2026-09-01 12:34:28.334017: Epoch 674
2026-09-01 12:34:28.334989: Current learning rate: 0.00365
2026-09-01 12:36:08.497452: train_loss -0.5827
2026-09-01 12:36:08.498834: val_loss -0.5759
2026-09-01 12:36:08.499886: Pseudo dice [np.float32(0.2787)]
2026-09-01 12:36:08.500763: Epoch time: 100.17 s
2026-09-01 12:36:08.501758: Yayy! New best EMA pseudo Dice: 0.12219999730587006
2026-09-01 12:36:10.908082: 
2026-09-01 12:36:10.909558: Epoch 675
2026-09-01 12:36:10.911072: Current learning rate: 0.00364
2026-09-01 12:37:50.904308: train_loss -0.5816
2026-09-01 12:37:50.905674: val_loss -0.5804
2026-09-01 12:37:50.906801: Pseudo dice [np.float32(0.0876)]
2026-09-01 12:37:50.907727: Epoch time: 100.0 s
2026-09-01 12:37:53.655119: 
2026-09-01 12:37:53.656642: Epoch 676
2026-09-01 12:37:53.657703: Current learning rate: 0.00363
2026-09-01 12:39:32.896511: train_loss -0.6135
2026-09-01 12:39:32.897737: val_loss -0.5883
2026-09-01 12:39:32.898940: Pseudo dice [np.float32(0.1131)]
2026-09-01 12:39:32.900203: Epoch time: 99.24 s
2026-09-01 12:39:33.816868: 
2026-09-01 12:39:33.818252: Epoch 677
2026-09-01 12:39:33.819108: Current learning rate: 0.00362
2026-09-01 12:41:14.314294: train_loss -0.5587
2026-09-01 12:41:14.316092: val_loss -0.5372
2026-09-01 12:41:14.319227: Pseudo dice [np.float32(0.0361)]
2026-09-01 12:41:14.324990: Epoch time: 100.5 s
2026-09-01 12:41:15.275157: 
2026-09-01 12:41:15.276516: Epoch 678
2026-09-01 12:41:15.277649: Current learning rate: 0.00361
2026-09-01 12:42:56.854849: train_loss -0.554
2026-09-01 12:42:56.869444: val_loss -0.5414
2026-09-01 12:42:56.871275: Pseudo dice [np.float32(0.0531)]
2026-09-01 12:42:56.872385: Epoch time: 101.58 s
2026-09-01 12:42:58.156663: 
2026-09-01 12:42:58.158370: Epoch 679
2026-09-01 12:42:58.159325: Current learning rate: 0.0036
2026-09-01 12:44:38.988524: train_loss -0.6032
2026-09-01 12:44:38.994149: val_loss -0.6115
2026-09-01 12:44:38.997423: Pseudo dice [np.float32(0.2368)]
2026-09-01 12:44:38.998546: Epoch time: 100.83 s
2026-09-01 12:44:40.540698: 
2026-09-01 12:44:40.542208: Epoch 680
2026-09-01 12:44:40.543250: Current learning rate: 0.00359
2026-09-01 12:46:23.937583: train_loss -0.5569
2026-09-01 12:46:23.942921: val_loss -0.5401
2026-09-01 12:46:23.944693: Pseudo dice [np.float32(0.1143)]
2026-09-01 12:46:23.945895: Epoch time: 103.4 s
2026-09-01 12:46:25.300415: 
2026-09-01 12:46:25.302346: Epoch 681
2026-09-01 12:46:25.303382: Current learning rate: 0.00358
2026-09-01 12:48:10.996913: train_loss -0.562
2026-09-01 12:48:10.999234: val_loss -0.5743
2026-09-01 12:48:11.000840: Pseudo dice [np.float32(0.0478)]
2026-09-01 12:48:11.003371: Epoch time: 105.7 s
2026-09-01 12:48:12.526783: 
2026-09-01 12:48:12.528524: Epoch 682
2026-09-01 12:48:12.529796: Current learning rate: 0.00357
2026-09-01 12:50:06.912569: train_loss -0.5678
2026-09-01 12:50:06.914237: val_loss -0.5647
2026-09-01 12:50:06.915729: Pseudo dice [np.float32(0.1789)]
2026-09-01 12:50:06.916829: Epoch time: 114.39 s
2026-09-01 12:50:08.119068: 
2026-09-01 12:50:08.120710: Epoch 683
2026-09-01 12:50:08.121640: Current learning rate: 0.00356
2026-09-01 12:51:48.361800: train_loss -0.5594
2026-09-01 12:51:48.364319: val_loss -0.5872
2026-09-01 12:51:48.365802: Pseudo dice [np.float32(0.0887)]
2026-09-01 12:51:48.366931: Epoch time: 100.24 s
2026-09-01 12:51:49.278678: 
2026-09-01 12:51:49.280065: Epoch 684
2026-09-01 12:51:49.281097: Current learning rate: 0.00355
2026-09-01 12:53:28.229166: train_loss -0.5712
2026-09-01 12:53:28.230818: val_loss -0.6156
2026-09-01 12:53:28.232166: Pseudo dice [np.float32(0.3268)]
2026-09-01 12:53:28.233371: Epoch time: 98.95 s
2026-09-01 12:53:28.234424: Yayy! New best EMA pseudo Dice: 0.1356000006198883
2026-09-01 12:53:30.459405: 
2026-09-01 12:53:30.460806: Epoch 685
2026-09-01 12:53:30.461977: Current learning rate: 0.00354
2026-09-01 12:55:13.635236: train_loss -0.5902
2026-09-01 12:55:13.642988: val_loss -0.5131
2026-09-01 12:55:13.649893: Pseudo dice [np.float32(0.2822)]
2026-09-01 12:55:13.651385: Epoch time: 103.18 s
2026-09-01 12:55:13.652485: Yayy! New best EMA pseudo Dice: 0.1501999944448471
2026-09-01 12:55:16.005344: 
2026-09-01 12:55:16.006759: Epoch 686
2026-09-01 12:55:16.007668: Current learning rate: 0.00353
2026-09-01 12:56:57.376857: train_loss -0.5639
2026-09-01 12:56:57.378575: val_loss -0.5391
2026-09-01 12:56:57.379644: Pseudo dice [np.float32(0.1257)]
2026-09-01 12:56:57.380602: Epoch time: 101.37 s
2026-09-01 12:56:58.509774: 
2026-09-01 12:56:58.511394: Epoch 687
2026-09-01 12:56:58.512443: Current learning rate: 0.00352
2026-09-01 12:58:39.785488: train_loss -0.582
2026-09-01 12:58:39.786962: val_loss -0.5831
2026-09-01 12:58:39.788106: Pseudo dice [np.float32(0.1916)]
2026-09-01 12:58:39.789081: Epoch time: 101.28 s
2026-09-01 12:58:39.790090: Yayy! New best EMA pseudo Dice: 0.15219999849796295
2026-09-01 12:58:41.961194: 
2026-09-01 12:58:41.962914: Epoch 688
2026-09-01 12:58:41.963902: Current learning rate: 0.00351
2026-09-01 13:00:24.809362: train_loss -0.5905
2026-09-01 13:00:24.814628: val_loss -0.5792
2026-09-01 13:00:24.821159: Pseudo dice [np.float32(0.1583)]
2026-09-01 13:00:24.828115: Epoch time: 102.85 s
2026-09-01 13:00:24.830119: Yayy! New best EMA pseudo Dice: 0.15279999375343323
2026-09-01 13:00:28.180079: 
2026-09-01 13:00:28.181623: Epoch 689
2026-09-01 13:00:28.182647: Current learning rate: 0.0035
2026-09-01 13:02:07.877602: train_loss -0.5798
2026-09-01 13:02:07.879086: val_loss -0.5793
2026-09-01 13:02:07.880085: Pseudo dice [np.float32(0.0756)]
2026-09-01 13:02:07.881008: Epoch time: 99.7 s
2026-09-01 13:02:08.809469: 
2026-09-01 13:02:08.811439: Epoch 690
2026-09-01 13:02:08.812465: Current learning rate: 0.00349
2026-09-01 13:03:49.484082: train_loss -0.593
2026-09-01 13:03:49.485207: val_loss -0.592
2026-09-01 13:03:49.486163: Pseudo dice [np.float32(0.1578)]
2026-09-01 13:03:49.487228: Epoch time: 100.68 s
2026-09-01 13:03:50.393404: 
2026-09-01 13:03:50.394984: Epoch 691
2026-09-01 13:03:50.396001: Current learning rate: 0.00348
2026-09-01 13:05:29.725145: train_loss -0.5979
2026-09-01 13:05:29.726688: val_loss -0.5869
2026-09-01 13:05:29.727724: Pseudo dice [np.float32(0.1268)]
2026-09-01 13:05:29.728625: Epoch time: 99.33 s
2026-09-01 13:05:30.633596: 
2026-09-01 13:05:30.635255: Epoch 692
2026-09-01 13:05:30.636175: Current learning rate: 0.00346
2026-09-01 13:07:19.691216: train_loss -0.5697
2026-09-01 13:07:19.694952: val_loss -0.538
2026-09-01 13:07:19.697750: Pseudo dice [np.float32(0.0301)]
2026-09-01 13:07:19.698646: Epoch time: 109.06 s
2026-09-01 13:07:21.073836: 
2026-09-01 13:07:21.076635: Epoch 693
2026-09-01 13:07:21.078517: Current learning rate: 0.00345
2026-09-01 13:09:01.253216: train_loss -0.5738
2026-09-01 13:09:01.254447: val_loss -0.5243
2026-09-01 13:09:01.255551: Pseudo dice [np.float32(0.0912)]
2026-09-01 13:09:01.256486: Epoch time: 100.18 s
2026-09-01 13:09:02.630586: 
2026-09-01 13:09:02.631866: Epoch 694
2026-09-01 13:09:02.632762: Current learning rate: 0.00344
2026-09-01 13:10:43.912999: train_loss -0.5649
2026-09-01 13:10:43.917361: val_loss -0.5497
2026-09-01 13:10:43.920623: Pseudo dice [np.float32(0.0445)]
2026-09-01 13:10:43.921885: Epoch time: 101.28 s
2026-09-01 13:10:45.105618: 
2026-09-01 13:10:45.107647: Epoch 695
2026-09-01 13:10:45.108788: Current learning rate: 0.00343
2026-09-01 13:12:24.910332: train_loss -0.5432
2026-09-01 13:12:24.911931: val_loss -0.5563
2026-09-01 13:12:24.913149: Pseudo dice [np.float32(0.1016)]
2026-09-01 13:12:24.914095: Epoch time: 99.81 s
2026-09-01 13:12:25.912999: 
2026-09-01 13:12:25.914613: Epoch 696
2026-09-01 13:12:25.915535: Current learning rate: 0.00342
2026-09-01 13:14:05.246017: train_loss -0.5715
2026-09-01 13:14:05.247123: val_loss -0.5653
2026-09-01 13:14:05.248183: Pseudo dice [np.float32(0.1397)]
2026-09-01 13:14:05.249349: Epoch time: 99.34 s
2026-09-01 13:14:06.150941: 
2026-09-01 13:14:06.152461: Epoch 697
2026-09-01 13:14:06.153545: Current learning rate: 0.00341
2026-09-01 13:15:45.560621: train_loss -0.5747
2026-09-01 13:15:45.565179: val_loss -0.561
2026-09-01 13:15:45.566504: Pseudo dice [np.float32(0.1678)]
2026-09-01 13:15:45.567516: Epoch time: 99.41 s
2026-09-01 13:15:46.501229: 
2026-09-01 13:15:46.503021: Epoch 698
2026-09-01 13:15:46.503979: Current learning rate: 0.0034
2026-09-01 13:17:27.084914: train_loss -0.56
2026-09-01 13:17:27.086257: val_loss -0.5636
2026-09-01 13:17:27.087164: Pseudo dice [np.float32(0.1002)]
2026-09-01 13:17:27.088312: Epoch time: 100.59 s
2026-09-01 13:17:28.008573: 
2026-09-01 13:17:28.009997: Epoch 699
2026-09-01 13:17:28.010996: Current learning rate: 0.00339
2026-09-01 13:19:07.937537: train_loss -0.5851
2026-09-01 13:19:07.939083: val_loss -0.5676
2026-09-01 13:19:07.940215: Pseudo dice [np.float32(0.2233)]
2026-09-01 13:19:07.941167: Epoch time: 99.93 s
2026-09-01 13:19:10.038310: 
2026-09-01 13:19:10.039870: Epoch 700
2026-09-01 13:19:10.040915: Current learning rate: 0.00338
2026-09-01 13:20:49.098259: train_loss -0.5763
2026-09-01 13:20:49.100173: val_loss -0.5914
2026-09-01 13:20:49.101409: Pseudo dice [np.float32(0.1892)]
2026-09-01 13:20:49.102371: Epoch time: 99.06 s
2026-09-01 13:20:50.010303: 
2026-09-01 13:20:50.011938: Epoch 701
2026-09-01 13:20:50.013016: Current learning rate: 0.00337
2026-09-01 13:22:30.135087: train_loss -0.5862
2026-09-01 13:22:30.136740: val_loss -0.5087
2026-09-01 13:22:30.138465: Pseudo dice [np.float32(0.0593)]
2026-09-01 13:22:30.139842: Epoch time: 100.13 s
2026-09-01 13:22:31.645163: 
2026-09-01 13:22:31.650672: Epoch 702
2026-09-01 13:22:31.651918: Current learning rate: 0.00336
2026-09-01 13:24:11.955665: train_loss -0.5568
2026-09-01 13:24:11.957009: val_loss -0.5848
2026-09-01 13:24:11.958221: Pseudo dice [np.float32(0.156)]
2026-09-01 13:24:11.959160: Epoch time: 100.31 s
2026-09-01 13:24:12.862723: 
2026-09-01 13:24:12.864382: Epoch 703
2026-09-01 13:24:12.865296: Current learning rate: 0.00335
2026-09-01 13:25:53.201396: train_loss -0.5566
2026-09-01 13:25:53.202934: val_loss -0.5782
2026-09-01 13:25:53.204409: Pseudo dice [np.float32(0.193)]
2026-09-01 13:25:53.205308: Epoch time: 100.34 s
2026-09-01 13:25:54.535017: 
2026-09-01 13:25:54.536356: Epoch 704
2026-09-01 13:25:54.537268: Current learning rate: 0.00334
2026-09-01 13:27:41.340128: train_loss -0.5844
2026-09-01 13:27:41.347156: val_loss -0.6012
2026-09-01 13:27:41.353969: Pseudo dice [np.float32(0.1156)]
2026-09-01 13:27:41.355295: Epoch time: 106.81 s
2026-09-01 13:27:42.853784: 
2026-09-01 13:27:42.855576: Epoch 705
2026-09-01 13:27:42.856652: Current learning rate: 0.00333
2026-09-01 13:29:26.642593: train_loss -0.5881
2026-09-01 13:29:26.643928: val_loss -0.5483
2026-09-01 13:29:26.645015: Pseudo dice [np.float32(0.2645)]
2026-09-01 13:29:26.646236: Epoch time: 103.79 s
2026-09-01 13:29:27.577830: 
2026-09-01 13:29:27.579222: Epoch 706
2026-09-01 13:29:27.580268: Current learning rate: 0.00332
2026-09-01 13:31:21.363740: train_loss -0.5717
2026-09-01 13:31:21.369239: val_loss -0.5418
2026-09-01 13:31:21.372687: Pseudo dice [np.float32(0.1127)]
2026-09-01 13:31:21.373693: Epoch time: 113.79 s
2026-09-01 13:31:22.651454: 
2026-09-01 13:31:22.653160: Epoch 707
2026-09-01 13:31:22.654243: Current learning rate: 0.00331
2026-09-01 13:33:02.128518: train_loss -0.5738
2026-09-01 13:33:02.130576: val_loss -0.5811
2026-09-01 13:33:02.131891: Pseudo dice [np.float32(0.0569)]
2026-09-01 13:33:02.132890: Epoch time: 99.48 s
2026-09-01 13:33:03.112314: 
2026-09-01 13:33:03.113628: Epoch 708
2026-09-01 13:33:03.114653: Current learning rate: 0.0033
2026-09-01 13:34:46.420299: train_loss -0.6037
2026-09-01 13:34:46.426848: val_loss -0.5324
2026-09-01 13:34:46.427916: Pseudo dice [np.float32(0.1081)]
2026-09-01 13:34:46.428933: Epoch time: 103.31 s
2026-09-01 13:34:47.361884: 
2026-09-01 13:34:47.363293: Epoch 709
2026-09-01 13:34:47.364436: Current learning rate: 0.00329
2026-09-01 13:36:28.852615: train_loss -0.59
2026-09-01 13:36:28.853855: val_loss -0.5309
2026-09-01 13:36:28.854925: Pseudo dice [np.float32(0.0458)]
2026-09-01 13:36:28.855787: Epoch time: 101.49 s
2026-09-01 13:36:29.773430: 
2026-09-01 13:36:29.775026: Epoch 710
2026-09-01 13:36:29.775985: Current learning rate: 0.00328
2026-09-01 13:38:10.727644: train_loss -0.5777
2026-09-01 13:38:10.729107: val_loss -0.5469
2026-09-01 13:38:10.735666: Pseudo dice [np.float32(0.0371)]
2026-09-01 13:38:10.736708: Epoch time: 100.96 s
2026-09-01 13:38:11.680285: 
2026-09-01 13:38:11.682239: Epoch 711
2026-09-01 13:38:11.683742: Current learning rate: 0.00327
2026-09-01 13:39:57.631719: train_loss -0.5784
2026-09-01 13:39:57.650090: val_loss -0.5572
2026-09-01 13:39:57.654883: Pseudo dice [np.float32(0.1156)]
2026-09-01 13:39:57.656134: Epoch time: 105.95 s
2026-09-01 13:39:58.779941: 
2026-09-01 13:39:58.781307: Epoch 712
2026-09-01 13:39:58.782284: Current learning rate: 0.00326
2026-09-01 13:41:39.941803: train_loss -0.57
2026-09-01 13:41:39.949204: val_loss -0.6085
2026-09-01 13:41:39.965458: Pseudo dice [np.float32(0.1276)]
2026-09-01 13:41:39.966952: Epoch time: 101.16 s
2026-09-01 13:41:41.101820: 
2026-09-01 13:41:41.103273: Epoch 713
2026-09-01 13:41:41.104373: Current learning rate: 0.00325
2026-09-01 13:43:21.646553: train_loss -0.5632
2026-09-01 13:43:21.647708: val_loss -0.5583
2026-09-01 13:43:21.648991: Pseudo dice [np.float32(0.0377)]
2026-09-01 13:43:21.650038: Epoch time: 100.55 s
2026-09-01 13:43:24.433749: 
2026-09-01 13:43:24.435596: Epoch 714
2026-09-01 13:43:24.436570: Current learning rate: 0.00324
2026-09-01 13:45:03.685555: train_loss -0.5697
2026-09-01 13:45:03.686670: val_loss -0.6077
2026-09-01 13:45:03.688048: Pseudo dice [np.float32(0.1684)]
2026-09-01 13:45:03.689005: Epoch time: 99.25 s
2026-09-01 13:45:04.608709: 
2026-09-01 13:45:04.609857: Epoch 715
2026-09-01 13:45:04.610687: Current learning rate: 0.00323
2026-09-01 13:46:47.964969: train_loss -0.5882
2026-09-01 13:46:47.966311: val_loss -0.5252
2026-09-01 13:46:47.967811: Pseudo dice [np.float32(0.0649)]
2026-09-01 13:46:47.968842: Epoch time: 103.36 s
2026-09-01 13:46:49.467797: 
2026-09-01 13:46:49.469516: Epoch 716
2026-09-01 13:46:49.470764: Current learning rate: 0.00322
2026-09-01 13:48:35.806398: train_loss -0.6007
2026-09-01 13:48:35.811875: val_loss -0.607
2026-09-01 13:48:35.816628: Pseudo dice [np.float32(0.0821)]
2026-09-01 13:48:35.818146: Epoch time: 106.34 s
2026-09-01 13:48:37.016758: 
2026-09-01 13:48:37.018324: Epoch 717
2026-09-01 13:48:37.019451: Current learning rate: 0.00321
2026-09-01 13:50:29.036407: train_loss -0.6032
2026-09-01 13:50:29.056491: val_loss -0.586
2026-09-01 13:50:29.057767: Pseudo dice [np.float32(0.3405)]
2026-09-01 13:50:29.058993: Epoch time: 112.02 s
2026-09-01 13:50:30.295785: 
2026-09-01 13:50:30.297400: Epoch 718
2026-09-01 13:50:30.298377: Current learning rate: 0.0032
2026-09-01 13:52:10.402419: train_loss -0.6073
2026-09-01 13:52:10.403915: val_loss -0.5462
2026-09-01 13:52:10.405330: Pseudo dice [np.float32(0.2382)]
2026-09-01 13:52:10.406475: Epoch time: 100.11 s
2026-09-01 13:52:11.333799: 
2026-09-01 13:52:11.335376: Epoch 719
2026-09-01 13:52:11.336345: Current learning rate: 0.00319
2026-09-01 13:53:52.661535: train_loss -0.576
2026-09-01 13:53:52.665251: val_loss -0.5227
2026-09-01 13:53:52.667969: Pseudo dice [np.float32(0.1058)]
2026-09-01 13:53:52.669110: Epoch time: 101.33 s
2026-09-01 13:53:53.645137: 
2026-09-01 13:53:53.646580: Epoch 720
2026-09-01 13:53:53.647457: Current learning rate: 0.00318
2026-09-01 13:55:37.290590: train_loss -0.5757
2026-09-01 13:55:37.292234: val_loss -0.535
2026-09-01 13:55:37.293316: Pseudo dice [np.float32(0.1731)]
2026-09-01 13:55:37.294334: Epoch time: 103.65 s
2026-09-01 13:55:38.716146: 
2026-09-01 13:55:38.721580: Epoch 721
2026-09-01 13:55:38.723142: Current learning rate: 0.00317
2026-09-01 13:57:21.578734: train_loss -0.5965
2026-09-01 13:57:21.595309: val_loss -0.5466
2026-09-01 13:57:21.597448: Pseudo dice [np.float32(0.0454)]
2026-09-01 13:57:21.598750: Epoch time: 102.87 s
2026-09-01 13:57:23.203239: 
2026-09-01 13:57:23.205303: Epoch 722
2026-09-01 13:57:23.212080: Current learning rate: 0.00316
2026-09-01 13:59:02.144082: train_loss -0.5779
2026-09-01 13:59:02.146334: val_loss -0.5045
2026-09-01 13:59:02.147443: Pseudo dice [np.float32(0.0749)]
2026-09-01 13:59:02.148683: Epoch time: 98.94 s
2026-09-01 13:59:03.081441: 
2026-09-01 13:59:03.083020: Epoch 723
2026-09-01 13:59:03.083926: Current learning rate: 0.00315
2026-09-01 14:00:43.999510: train_loss -0.5972
2026-09-01 14:00:44.000789: val_loss -0.5759
2026-09-01 14:00:44.002163: Pseudo dice [np.float32(0.0691)]
2026-09-01 14:00:44.003273: Epoch time: 100.92 s
2026-09-01 14:00:45.129728: 
2026-09-01 14:00:45.130922: Epoch 724
2026-09-01 14:00:45.131785: Current learning rate: 0.00314
2026-09-01 14:02:24.024500: train_loss -0.5906
2026-09-01 14:02:24.025906: val_loss -0.5606
2026-09-01 14:02:24.026932: Pseudo dice [np.float32(0.0685)]
2026-09-01 14:02:24.027853: Epoch time: 98.9 s
2026-09-01 14:02:24.991211: 
2026-09-01 14:02:24.993143: Epoch 725
2026-09-01 14:02:24.994300: Current learning rate: 0.00313
2026-09-01 14:04:03.575981: train_loss -0.5601
2026-09-01 14:04:03.577559: val_loss -0.5805
2026-09-01 14:04:03.578900: Pseudo dice [np.float32(0.0556)]
2026-09-01 14:04:03.580030: Epoch time: 98.59 s
2026-09-01 14:04:04.498106: 
2026-09-01 14:04:04.499410: Epoch 726
2026-09-01 14:04:04.500489: Current learning rate: 0.00312
2026-09-01 14:05:48.792385: train_loss -0.5993
2026-09-01 14:05:48.796808: val_loss -0.5566
2026-09-01 14:05:48.833705: Pseudo dice [np.float32(0.116)]
2026-09-01 14:05:48.834922: Epoch time: 104.3 s
2026-09-01 14:05:49.793115: 
2026-09-01 14:05:49.794872: Epoch 727
2026-09-01 14:05:49.795868: Current learning rate: 0.00311
2026-09-01 14:07:29.729870: train_loss -0.6068
2026-09-01 14:07:29.731602: val_loss -0.5211
2026-09-01 14:07:29.733099: Pseudo dice [np.float32(0.1241)]
2026-09-01 14:07:29.734622: Epoch time: 99.94 s
2026-09-01 14:07:30.738418: 
2026-09-01 14:07:30.740234: Epoch 728
2026-09-01 14:07:30.741553: Current learning rate: 0.0031
2026-09-01 14:09:10.914093: train_loss -0.591
2026-09-01 14:09:10.915265: val_loss -0.5942
2026-09-01 14:09:10.916728: Pseudo dice [np.float32(0.1315)]
2026-09-01 14:09:10.917761: Epoch time: 100.18 s
2026-09-01 14:09:11.833671: 
2026-09-01 14:09:11.835141: Epoch 729
2026-09-01 14:09:11.836132: Current learning rate: 0.00309
2026-09-01 14:11:01.525206: train_loss -0.5772
2026-09-01 14:11:01.541224: val_loss -0.5805
2026-09-01 14:11:01.542536: Pseudo dice [np.float32(0.0619)]
2026-09-01 14:11:01.544070: Epoch time: 109.69 s
2026-09-01 14:11:02.706977: 
2026-09-01 14:11:02.708374: Epoch 730
2026-09-01 14:11:02.709383: Current learning rate: 0.00308
2026-09-01 14:12:47.269854: train_loss -0.5558
2026-09-01 14:12:47.275639: val_loss -0.5481
2026-09-01 14:12:47.277463: Pseudo dice [np.float32(0.1249)]
2026-09-01 14:12:47.279218: Epoch time: 104.57 s
2026-09-01 14:12:48.500453: 
2026-09-01 14:12:48.501689: Epoch 731
2026-09-01 14:12:48.504521: Current learning rate: 0.00307
2026-09-01 14:14:29.742458: train_loss -0.5677
2026-09-01 14:14:29.743870: val_loss -0.5569
2026-09-01 14:14:29.745088: Pseudo dice [np.float32(0.1343)]
2026-09-01 14:14:29.746390: Epoch time: 101.24 s
2026-09-01 14:14:30.880961: 
2026-09-01 14:14:30.882224: Epoch 732
2026-09-01 14:14:30.883300: Current learning rate: 0.00306
2026-09-01 14:16:11.590914: train_loss -0.5824
2026-09-01 14:16:11.604943: val_loss -0.5485
2026-09-01 14:16:11.606076: Pseudo dice [np.float32(0.023)]
2026-09-01 14:16:11.607187: Epoch time: 100.71 s
2026-09-01 14:16:12.659894: 
2026-09-01 14:16:12.661481: Epoch 733
2026-09-01 14:16:12.662498: Current learning rate: 0.00305
2026-09-01 14:17:57.734120: train_loss -0.6105
2026-09-01 14:17:57.737007: val_loss -0.5783
2026-09-01 14:17:57.738158: Pseudo dice [np.float32(0.148)]
2026-09-01 14:17:57.739304: Epoch time: 105.08 s
2026-09-01 14:17:58.903250: 
2026-09-01 14:17:58.904562: Epoch 734
2026-09-01 14:17:58.905444: Current learning rate: 0.00304
2026-09-01 14:19:37.825917: train_loss -0.6073
2026-09-01 14:19:37.828170: val_loss -0.5792
2026-09-01 14:19:37.829333: Pseudo dice [np.float32(0.1752)]
2026-09-01 14:19:37.830511: Epoch time: 98.92 s
2026-09-01 14:19:38.756225: 
2026-09-01 14:19:38.757643: Epoch 735
2026-09-01 14:19:38.758856: Current learning rate: 0.00303
2026-09-01 14:21:17.947363: train_loss -0.5994
2026-09-01 14:21:17.950075: val_loss -0.599
2026-09-01 14:21:17.951318: Pseudo dice [np.float32(0.2223)]
2026-09-01 14:21:17.952441: Epoch time: 99.19 s
2026-09-01 14:21:18.895141: 
2026-09-01 14:21:18.896446: Epoch 736
2026-09-01 14:21:18.897626: Current learning rate: 0.00302
2026-09-01 14:23:02.521986: train_loss -0.6127
2026-09-01 14:23:02.533845: val_loss -0.6009
2026-09-01 14:23:02.535119: Pseudo dice [np.float32(0.335)]
2026-09-01 14:23:02.536425: Epoch time: 103.63 s
2026-09-01 14:23:03.524479: 
2026-09-01 14:23:03.526154: Epoch 737
2026-09-01 14:23:03.527275: Current learning rate: 0.00301
2026-09-01 14:24:44.162927: train_loss -0.584
2026-09-01 14:24:44.166137: val_loss -0.5073
2026-09-01 14:24:44.170341: Pseudo dice [np.float32(0.0433)]
2026-09-01 14:24:44.171421: Epoch time: 100.64 s
2026-09-01 14:24:45.123735: 
2026-09-01 14:24:45.125354: Epoch 738
2026-09-01 14:24:45.126276: Current learning rate: 0.003
2026-09-01 14:26:25.765650: train_loss -0.5961
2026-09-01 14:26:25.766816: val_loss -0.5293
2026-09-01 14:26:25.768095: Pseudo dice [np.float32(0.0705)]
2026-09-01 14:26:25.769080: Epoch time: 100.64 s
2026-09-01 14:26:26.686152: 
2026-09-01 14:26:26.687683: Epoch 739
2026-09-01 14:26:26.688823: Current learning rate: 0.00299
2026-09-01 14:28:12.467978: train_loss -0.5847
2026-09-01 14:28:12.481066: val_loss -0.5637
2026-09-01 14:28:12.482970: Pseudo dice [np.float32(0.1285)]
2026-09-01 14:28:12.484102: Epoch time: 105.78 s
2026-09-01 14:28:14.274283: 
2026-09-01 14:28:14.278883: Epoch 740
2026-09-01 14:28:14.280172: Current learning rate: 0.00297
2026-09-01 14:30:02.780013: train_loss -0.6116
2026-09-01 14:30:02.841951: val_loss -0.5492
2026-09-01 14:30:02.843547: Pseudo dice [np.float32(0.0955)]
2026-09-01 14:30:02.845035: Epoch time: 108.51 s
2026-09-01 14:30:04.082560: 
2026-09-01 14:30:04.084208: Epoch 741
2026-09-01 14:30:04.085421: Current learning rate: 0.00296
2026-09-01 14:31:46.505320: train_loss -0.5948
2026-09-01 14:31:46.507090: val_loss -0.5603
2026-09-01 14:31:46.508655: Pseudo dice [np.float32(0.034)]
2026-09-01 14:31:46.510029: Epoch time: 102.43 s
2026-09-01 14:31:48.329941: 
2026-09-01 14:31:48.331560: Epoch 742
2026-09-01 14:31:48.332498: Current learning rate: 0.00295
2026-09-01 14:33:39.081335: train_loss -0.6058
2026-09-01 14:33:39.086283: val_loss -0.5732
2026-09-01 14:33:39.088847: Pseudo dice [np.float32(0.2788)]
2026-09-01 14:33:39.090282: Epoch time: 110.75 s
2026-09-01 14:33:40.470113: 
2026-09-01 14:33:40.471821: Epoch 743
2026-09-01 14:33:40.472847: Current learning rate: 0.00294
2026-09-01 14:35:28.289903: train_loss -0.5589
2026-09-01 14:35:28.295348: val_loss -0.5824
2026-09-01 14:35:28.296976: Pseudo dice [np.float32(0.0906)]
2026-09-01 14:35:28.298188: Epoch time: 107.82 s
2026-09-01 14:35:29.853224: 
2026-09-01 14:35:29.869758: Epoch 744
2026-09-01 14:35:29.870869: Current learning rate: 0.00293
2026-09-01 14:37:10.141446: train_loss -0.5874
2026-09-01 14:37:10.143749: val_loss -0.5916
2026-09-01 14:37:10.144977: Pseudo dice [np.float32(0.1564)]
2026-09-01 14:37:10.146172: Epoch time: 100.29 s
2026-09-01 14:37:11.127082: 
2026-09-01 14:37:11.128610: Epoch 745
2026-09-01 14:37:11.129729: Current learning rate: 0.00292
2026-09-01 14:38:50.404008: train_loss -0.601
2026-09-01 14:38:50.405415: val_loss -0.5997
2026-09-01 14:38:50.406595: Pseudo dice [np.float32(0.1634)]
2026-09-01 14:38:50.407619: Epoch time: 99.28 s
2026-09-01 14:38:51.343751: 
2026-09-01 14:38:51.345050: Epoch 746
2026-09-01 14:38:51.345999: Current learning rate: 0.00291
2026-09-01 14:40:31.586131: train_loss -0.5782
2026-09-01 14:40:31.587655: val_loss -0.5992
2026-09-01 14:40:31.588751: Pseudo dice [np.float32(0.076)]
2026-09-01 14:40:31.589826: Epoch time: 100.24 s
2026-09-01 14:40:32.523685: 
2026-09-01 14:40:32.525052: Epoch 747
2026-09-01 14:40:32.525956: Current learning rate: 0.0029
2026-09-01 14:42:13.259670: train_loss -0.6074
2026-09-01 14:42:13.261043: val_loss -0.5715
2026-09-01 14:42:13.262147: Pseudo dice [np.float32(0.1704)]
2026-09-01 14:42:13.263245: Epoch time: 100.74 s
2026-09-01 14:42:14.183409: 
2026-09-01 14:42:14.184830: Epoch 748
2026-09-01 14:42:14.185694: Current learning rate: 0.00289
2026-09-01 14:43:55.258265: train_loss -0.5972
2026-09-01 14:43:55.259341: val_loss -0.5802
2026-09-01 14:43:55.260347: Pseudo dice [np.float32(0.1392)]
2026-09-01 14:43:55.261417: Epoch time: 101.08 s
2026-09-01 14:43:56.174191: 
2026-09-01 14:43:56.175357: Epoch 749
2026-09-01 14:43:56.176401: Current learning rate: 0.00288
2026-09-01 14:45:35.988961: train_loss -0.5973
2026-09-01 14:45:35.990422: val_loss -0.5166
2026-09-01 14:45:35.991691: Pseudo dice [np.float32(0.0388)]
2026-09-01 14:45:35.992700: Epoch time: 99.82 s
2026-09-01 14:45:38.328396: 
2026-09-01 14:45:38.329907: Epoch 750
2026-09-01 14:45:38.331172: Current learning rate: 0.00287
2026-09-01 14:47:19.352462: train_loss -0.5545
2026-09-01 14:47:19.364108: val_loss -0.5561
2026-09-01 14:47:19.367647: Pseudo dice [np.float32(0.0609)]
2026-09-01 14:47:19.369015: Epoch time: 101.03 s
2026-09-01 14:47:20.459827: 
2026-09-01 14:47:20.461293: Epoch 751
2026-09-01 14:47:20.462268: Current learning rate: 0.00286
2026-09-01 14:49:07.471366: train_loss -0.5884
2026-09-01 14:49:07.472542: val_loss -0.5795
2026-09-01 14:49:07.473591: Pseudo dice [np.float32(0.2519)]
2026-09-01 14:49:07.474556: Epoch time: 107.01 s
2026-09-01 14:49:08.498529: 
2026-09-01 14:49:08.500371: Epoch 752
2026-09-01 14:49:08.501461: Current learning rate: 0.00285
2026-09-01 14:50:49.430394: train_loss -0.6215
2026-09-01 14:50:49.443838: val_loss -0.5716
2026-09-01 14:50:49.444867: Pseudo dice [np.float32(0.2448)]
2026-09-01 14:50:49.445757: Epoch time: 100.93 s
2026-09-01 14:50:50.426149: 
2026-09-01 14:50:50.427675: Epoch 753
2026-09-01 14:50:50.428684: Current learning rate: 0.00284
2026-09-01 14:52:33.623098: train_loss -0.5654
2026-09-01 14:52:33.630567: val_loss -0.5287
2026-09-01 14:52:33.637058: Pseudo dice [np.float32(0.0313)]
2026-09-01 14:52:33.639397: Epoch time: 103.2 s
2026-09-01 14:52:35.083484: 
2026-09-01 14:52:35.084974: Epoch 754
2026-09-01 14:52:35.085967: Current learning rate: 0.00283
2026-09-01 14:54:28.275645: train_loss -0.5577
2026-09-01 14:54:28.277429: val_loss -0.6032
2026-09-01 14:54:28.278697: Pseudo dice [np.float32(0.1267)]
2026-09-01 14:54:28.279834: Epoch time: 113.19 s
2026-09-01 14:54:29.266480: 
2026-09-01 14:54:29.267815: Epoch 755
2026-09-01 14:54:29.268898: Current learning rate: 0.00282
2026-09-01 14:56:10.033014: train_loss -0.6179
2026-09-01 14:56:10.034566: val_loss -0.5553
2026-09-01 14:56:10.036144: Pseudo dice [np.float32(0.0572)]
2026-09-01 14:56:10.037492: Epoch time: 100.77 s
2026-09-01 14:56:11.359945: 
2026-09-01 14:56:11.361288: Epoch 756
2026-09-01 14:56:11.362180: Current learning rate: 0.00281
2026-09-01 14:57:56.931970: train_loss -0.5784
2026-09-01 14:57:56.935843: val_loss -0.5852
2026-09-01 14:57:56.938563: Pseudo dice [np.float32(0.2717)]
2026-09-01 14:57:56.939714: Epoch time: 105.57 s
2026-09-01 14:57:58.250453: 
2026-09-01 14:57:58.251839: Epoch 757
2026-09-01 14:57:58.252971: Current learning rate: 0.0028
2026-09-01 14:59:39.117453: train_loss -0.5977
2026-09-01 14:59:39.118747: val_loss -0.5826
2026-09-01 14:59:39.119817: Pseudo dice [np.float32(0.0599)]
2026-09-01 14:59:39.121099: Epoch time: 100.87 s
2026-09-01 14:59:40.061195: 
2026-09-01 14:59:40.062891: Epoch 758
2026-09-01 14:59:40.063744: Current learning rate: 0.00279
2026-09-01 15:01:25.938611: train_loss -0.6081
2026-09-01 15:01:25.946819: val_loss -0.5567
2026-09-01 15:01:25.949875: Pseudo dice [np.float32(0.043)]
2026-09-01 15:01:25.953014: Epoch time: 105.88 s
2026-09-01 15:01:27.274927: 
2026-09-01 15:01:27.276932: Epoch 759
2026-09-01 15:01:27.278011: Current learning rate: 0.00278
2026-09-01 15:03:07.327132: train_loss -0.6058
2026-09-01 15:03:07.328876: val_loss -0.6655
2026-09-01 15:03:07.330311: Pseudo dice [np.float32(0.2765)]
2026-09-01 15:03:07.331237: Epoch time: 100.05 s
2026-09-01 15:03:08.317837: 
2026-09-01 15:03:08.319349: Epoch 760
2026-09-01 15:03:08.320338: Current learning rate: 0.00277
2026-09-01 15:04:49.151070: train_loss -0.6309
2026-09-01 15:04:49.161774: val_loss -0.5959
2026-09-01 15:04:49.163538: Pseudo dice [np.float32(0.1641)]
2026-09-01 15:04:49.164855: Epoch time: 100.84 s
2026-09-01 15:04:50.140711: 
2026-09-01 15:04:50.142269: Epoch 761
2026-09-01 15:04:50.143158: Current learning rate: 0.00276
2026-09-01 15:06:37.836775: train_loss -0.6034
2026-09-01 15:06:37.839660: val_loss -0.5553
2026-09-01 15:06:37.846352: Pseudo dice [np.float32(0.3131)]
2026-09-01 15:06:37.848277: Epoch time: 107.7 s
2026-09-01 15:06:37.849662: Yayy! New best EMA pseudo Dice: 0.15729999542236328
2026-09-01 15:06:40.268775: 
2026-09-01 15:06:40.270284: Epoch 762
2026-09-01 15:06:40.271273: Current learning rate: 0.00275
2026-09-01 15:08:21.456009: train_loss -0.589
2026-09-01 15:08:21.457528: val_loss -0.5389
2026-09-01 15:08:21.458856: Pseudo dice [np.float32(0.0674)]
2026-09-01 15:08:21.460190: Epoch time: 101.19 s
2026-09-01 15:08:22.601277: 
2026-09-01 15:08:22.602517: Epoch 763
2026-09-01 15:08:22.603446: Current learning rate: 0.00274
2026-09-01 15:10:00.731415: train_loss -0.5782
2026-09-01 15:10:00.732885: val_loss -0.5691
2026-09-01 15:10:00.734339: Pseudo dice [np.float32(0.0692)]
2026-09-01 15:10:00.735325: Epoch time: 98.13 s
2026-09-01 15:10:01.672220: 
2026-09-01 15:10:01.674086: Epoch 764
2026-09-01 15:10:01.675016: Current learning rate: 0.00273
2026-09-01 15:11:42.679761: train_loss -0.5858
2026-09-01 15:11:42.680878: val_loss -0.5493
2026-09-01 15:11:42.681921: Pseudo dice [np.float32(0.1805)]
2026-09-01 15:11:42.682788: Epoch time: 101.01 s
2026-09-01 15:11:43.626173: 
2026-09-01 15:11:43.627618: Epoch 765
2026-09-01 15:11:43.628560: Current learning rate: 0.00272
2026-09-01 15:13:23.149378: train_loss -0.5933
2026-09-01 15:13:23.150733: val_loss -0.5399
2026-09-01 15:13:23.152479: Pseudo dice [np.float32(0.2872)]
2026-09-01 15:13:23.153475: Epoch time: 99.53 s
2026-09-01 15:13:23.154465: Yayy! New best EMA pseudo Dice: 0.15870000422000885
2026-09-01 15:13:25.337383: 
2026-09-01 15:13:25.338814: Epoch 766
2026-09-01 15:13:25.339841: Current learning rate: 0.00271
2026-09-01 15:15:04.305821: train_loss -0.5999
2026-09-01 15:15:04.307559: val_loss -0.5324
2026-09-01 15:15:04.308871: Pseudo dice [np.float32(0.026)]
2026-09-01 15:15:04.309953: Epoch time: 98.97 s
2026-09-01 15:15:05.289387: 
2026-09-01 15:15:05.290833: Epoch 767
2026-09-01 15:15:05.291903: Current learning rate: 0.0027
2026-09-01 15:16:48.754633: train_loss -0.5814
2026-09-01 15:16:48.760017: val_loss -0.589
2026-09-01 15:16:48.767364: Pseudo dice [np.float32(0.1716)]
2026-09-01 15:16:48.768832: Epoch time: 103.47 s
2026-09-01 15:16:50.304857: 
2026-09-01 15:16:50.308088: Epoch 768
2026-09-01 15:16:50.309707: Current learning rate: 0.00268
2026-09-01 15:18:31.276225: train_loss -0.6066
2026-09-01 15:18:31.279238: val_loss -0.603
2026-09-01 15:18:31.282110: Pseudo dice [np.float32(0.0824)]
2026-09-01 15:18:31.312290: Epoch time: 100.97 s
2026-09-01 15:18:32.359540: 
2026-09-01 15:18:32.361408: Epoch 769
2026-09-01 15:18:32.362503: Current learning rate: 0.00267
2026-09-01 15:20:13.330948: train_loss -0.6073
2026-09-01 15:20:13.337069: val_loss -0.5799
2026-09-01 15:20:13.338336: Pseudo dice [np.float32(0.0858)]
2026-09-01 15:20:13.339614: Epoch time: 100.97 s
2026-09-01 15:20:14.509034: 
2026-09-01 15:20:14.510379: Epoch 770
2026-09-01 15:20:14.511293: Current learning rate: 0.00266
2026-09-01 15:22:00.680522: train_loss -0.6057
2026-09-01 15:22:00.681521: val_loss -0.5989
2026-09-01 15:22:00.682702: Pseudo dice [np.float32(0.3007)]
2026-09-01 15:22:00.683700: Epoch time: 106.17 s
2026-09-01 15:22:01.628563: 
2026-09-01 15:22:01.629843: Epoch 771
2026-09-01 15:22:01.630696: Current learning rate: 0.00265
2026-09-01 15:23:43.692935: train_loss -0.6013
2026-09-01 15:23:43.725069: val_loss -0.5229
2026-09-01 15:23:43.727201: Pseudo dice [np.float32(0.0774)]
2026-09-01 15:23:43.728676: Epoch time: 102.07 s
2026-09-01 15:23:45.253184: 
2026-09-01 15:23:45.257093: Epoch 772
2026-09-01 15:23:45.258624: Current learning rate: 0.00264
2026-09-01 15:25:27.281799: train_loss -0.6129
2026-09-01 15:25:27.310250: val_loss -0.6031
2026-09-01 15:25:27.311532: Pseudo dice [np.float32(0.2449)]
2026-09-01 15:25:27.312717: Epoch time: 102.04 s
2026-09-01 15:25:28.287103: 
2026-09-01 15:25:28.288841: Epoch 773
2026-09-01 15:25:28.290064: Current learning rate: 0.00263
2026-09-01 15:27:07.938129: train_loss -0.5813
2026-09-01 15:27:07.939364: val_loss -0.5684
2026-09-01 15:27:07.940461: Pseudo dice [np.float32(0.2194)]
2026-09-01 15:27:07.941667: Epoch time: 99.66 s
2026-09-01 15:27:07.942540: Yayy! New best EMA pseudo Dice: 0.16130000352859497
2026-09-01 15:27:10.145035: 
2026-09-01 15:27:10.146444: Epoch 774
2026-09-01 15:27:10.147510: Current learning rate: 0.00262
2026-09-01 15:28:50.666347: train_loss -0.6063
2026-09-01 15:28:50.668104: val_loss -0.5995
2026-09-01 15:28:50.669201: Pseudo dice [np.float32(0.3098)]
2026-09-01 15:28:50.670484: Epoch time: 100.52 s
2026-09-01 15:28:50.671417: Yayy! New best EMA pseudo Dice: 0.1762000024318695
2026-09-01 15:28:53.101438: 
2026-09-01 15:28:53.103313: Epoch 775
2026-09-01 15:28:53.104409: Current learning rate: 0.00261
2026-09-01 15:30:34.733289: train_loss -0.6274
2026-09-01 15:30:34.738320: val_loss -0.5578
2026-09-01 15:30:34.739601: Pseudo dice [np.float32(0.0663)]
2026-09-01 15:30:34.741201: Epoch time: 101.63 s
2026-09-01 15:30:36.222926: 
2026-09-01 15:30:36.224460: Epoch 776
2026-09-01 15:30:36.225547: Current learning rate: 0.0026
2026-09-01 15:32:22.141731: train_loss -0.5916
2026-09-01 15:32:22.148395: val_loss -0.6092
2026-09-01 15:32:22.149761: Pseudo dice [np.float32(0.1735)]
2026-09-01 15:32:22.151149: Epoch time: 105.92 s
2026-09-01 15:32:23.182606: 
2026-09-01 15:32:23.184311: Epoch 777
2026-09-01 15:32:23.185324: Current learning rate: 0.00259
2026-09-01 15:34:10.622795: train_loss -0.6116
2026-09-01 15:34:10.623893: val_loss -0.5045
2026-09-01 15:34:10.625084: Pseudo dice [np.float32(0.2918)]
2026-09-01 15:34:10.626167: Epoch time: 107.44 s
2026-09-01 15:34:10.627510: Yayy! New best EMA pseudo Dice: 0.1785999983549118
2026-09-01 15:34:12.846395: 
2026-09-01 15:34:12.847819: Epoch 778
2026-09-01 15:34:12.848890: Current learning rate: 0.00258
2026-09-01 15:35:54.779968: train_loss -0.5843
2026-09-01 15:35:54.781137: val_loss -0.5996
2026-09-01 15:35:54.782348: Pseudo dice [np.float32(0.0549)]
2026-09-01 15:35:54.783377: Epoch time: 101.94 s
2026-09-01 15:35:55.743533: 
2026-09-01 15:35:55.745080: Epoch 779
2026-09-01 15:35:55.746203: Current learning rate: 0.00257
2026-09-01 15:37:35.139836: train_loss -0.6239
2026-09-01 15:37:35.141185: val_loss -0.5779
2026-09-01 15:37:35.142704: Pseudo dice [np.float32(0.2334)]
2026-09-01 15:37:35.143827: Epoch time: 99.4 s
2026-09-01 15:37:36.102787: 
2026-09-01 15:37:36.104050: Epoch 780
2026-09-01 15:37:36.104958: Current learning rate: 0.00256
2026-09-01 15:39:17.186674: train_loss -0.6083
2026-09-01 15:39:17.188216: val_loss -0.5477
2026-09-01 15:39:17.189922: Pseudo dice [np.float32(0.03)]
2026-09-01 15:39:17.191176: Epoch time: 101.09 s
2026-09-01 15:39:18.139254: 
2026-09-01 15:39:18.140908: Epoch 781
2026-09-01 15:39:18.141921: Current learning rate: 0.00255
2026-09-01 15:40:58.745046: train_loss -0.5923
2026-09-01 15:40:58.746374: val_loss -0.5941
2026-09-01 15:40:58.747493: Pseudo dice [np.float32(0.1703)]
2026-09-01 15:40:58.748756: Epoch time: 100.61 s
2026-09-01 15:40:59.680046: 
2026-09-01 15:40:59.681512: Epoch 782
2026-09-01 15:40:59.682396: Current learning rate: 0.00254
2026-09-01 15:42:39.990697: train_loss -0.5753
2026-09-01 15:42:39.992047: val_loss -0.6012
2026-09-01 15:42:39.993586: Pseudo dice [np.float32(0.0844)]
2026-09-01 15:42:39.994625: Epoch time: 100.31 s
2026-09-01 15:42:40.935743: 
2026-09-01 15:42:40.937117: Epoch 783
2026-09-01 15:42:40.938105: Current learning rate: 0.00253
2026-09-01 15:44:21.516238: train_loss -0.5827
2026-09-01 15:44:21.517754: val_loss -0.6134
2026-09-01 15:44:21.519269: Pseudo dice [np.float32(0.097)]
2026-09-01 15:44:21.520358: Epoch time: 100.58 s
2026-09-01 15:44:22.459529: 
2026-09-01 15:44:22.460922: Epoch 784
2026-09-01 15:44:22.461936: Current learning rate: 0.00252
2026-09-01 15:46:02.635999: train_loss -0.6098
2026-09-01 15:46:02.637647: val_loss -0.5701
2026-09-01 15:46:02.638772: Pseudo dice [np.float32(0.0769)]
2026-09-01 15:46:02.639622: Epoch time: 100.18 s
2026-09-01 15:46:03.570848: 
2026-09-01 15:46:03.572540: Epoch 785
2026-09-01 15:46:03.573576: Current learning rate: 0.00251
2026-09-01 15:47:42.935941: train_loss -0.6284
2026-09-01 15:47:42.937020: val_loss -0.6332
2026-09-01 15:47:42.938097: Pseudo dice [np.float32(0.1257)]
2026-09-01 15:47:42.939224: Epoch time: 99.37 s
2026-09-01 15:47:43.877070: 
2026-09-01 15:47:43.878788: Epoch 786
2026-09-01 15:47:43.879750: Current learning rate: 0.0025
2026-09-01 15:49:23.146868: train_loss -0.5996
2026-09-01 15:49:23.148396: val_loss -0.6023
2026-09-01 15:49:23.149586: Pseudo dice [np.float32(0.3068)]
2026-09-01 15:49:23.150743: Epoch time: 99.27 s
2026-09-01 15:49:24.105943: 
2026-09-01 15:49:24.107265: Epoch 787
2026-09-01 15:49:24.108149: Current learning rate: 0.00249
2026-09-01 15:51:05.331317: train_loss -0.6004
2026-09-01 15:51:05.332838: val_loss -0.6221
2026-09-01 15:51:05.333999: Pseudo dice [np.float32(0.2129)]
2026-09-01 15:51:05.334987: Epoch time: 101.23 s
2026-09-01 15:51:06.268957: 
2026-09-01 15:51:06.270421: Epoch 788
2026-09-01 15:51:06.271495: Current learning rate: 0.00248
2026-09-01 15:52:54.180662: train_loss -0.5848
2026-09-01 15:52:54.189895: val_loss -0.5846
2026-09-01 15:52:54.198509: Pseudo dice [np.float32(0.0842)]
2026-09-01 15:52:54.200482: Epoch time: 107.91 s
2026-09-01 15:52:55.732369: 
2026-09-01 15:52:55.733740: Epoch 789
2026-09-01 15:52:55.734867: Current learning rate: 0.00247
2026-09-01 15:54:36.955606: train_loss -0.5792
2026-09-01 15:54:36.957083: val_loss -0.5809
2026-09-01 15:54:36.958475: Pseudo dice [np.float32(0.1153)]
2026-09-01 15:54:36.959498: Epoch time: 101.23 s
2026-09-01 15:54:38.637337: 
2026-09-01 15:54:38.638744: Epoch 790
2026-09-01 15:54:38.639912: Current learning rate: 0.00245
2026-09-01 15:56:19.143876: train_loss -0.6164
2026-09-01 15:56:19.145182: val_loss -0.58
2026-09-01 15:56:19.146357: Pseudo dice [np.float32(0.2588)]
2026-09-01 15:56:19.147436: Epoch time: 100.51 s
2026-09-01 15:56:20.216133: 
2026-09-01 15:56:20.217861: Epoch 791
2026-09-01 15:56:20.219432: Current learning rate: 0.00244
2026-09-01 15:58:01.796907: train_loss -0.61
2026-09-01 15:58:01.798205: val_loss -0.5891
2026-09-01 15:58:01.799256: Pseudo dice [np.float32(0.1273)]
2026-09-01 15:58:01.800140: Epoch time: 101.58 s
2026-09-01 15:58:02.748915: 
2026-09-01 15:58:02.750401: Epoch 792
2026-09-01 15:58:02.751331: Current learning rate: 0.00243
2026-09-01 15:59:42.772721: train_loss -0.5795
2026-09-01 15:59:42.777389: val_loss -0.6121
2026-09-01 15:59:42.778677: Pseudo dice [np.float32(0.23)]
2026-09-01 15:59:42.785872: Epoch time: 100.03 s
2026-09-01 15:59:43.802084: 
2026-09-01 15:59:43.803503: Epoch 793
2026-09-01 15:59:43.804557: Current learning rate: 0.00242
2026-09-01 16:01:23.752466: train_loss -0.6348
2026-09-01 16:01:23.754261: val_loss -0.6102
2026-09-01 16:01:23.755260: Pseudo dice [np.float32(0.0794)]
2026-09-01 16:01:23.756488: Epoch time: 99.95 s
2026-09-01 16:01:24.720388: 
2026-09-01 16:01:24.721917: Epoch 794
2026-09-01 16:01:24.723038: Current learning rate: 0.00241
2026-09-01 16:03:05.527188: train_loss -0.6057
2026-09-01 16:03:05.528800: val_loss -0.5816
2026-09-01 16:03:05.530049: Pseudo dice [np.float32(0.0419)]
2026-09-01 16:03:05.536637: Epoch time: 100.81 s
2026-09-01 16:03:06.606431: 
2026-09-01 16:03:06.607845: Epoch 795
2026-09-01 16:03:06.608922: Current learning rate: 0.0024
2026-09-01 16:04:45.944470: train_loss -0.5861
2026-09-01 16:04:45.945821: val_loss -0.577
2026-09-01 16:04:45.946918: Pseudo dice [np.float32(0.1254)]
2026-09-01 16:04:45.947913: Epoch time: 99.34 s
2026-09-01 16:04:46.893711: 
2026-09-01 16:04:46.895077: Epoch 796
2026-09-01 16:04:46.896057: Current learning rate: 0.00239
2026-09-01 16:06:27.959435: train_loss -0.5909
2026-09-01 16:06:27.960766: val_loss -0.6138
2026-09-01 16:06:27.962092: Pseudo dice [np.float32(0.1091)]
2026-09-01 16:06:27.963196: Epoch time: 101.07 s
2026-09-01 16:06:28.905726: 
2026-09-01 16:06:28.907110: Epoch 797
2026-09-01 16:06:28.908121: Current learning rate: 0.00238
2026-09-01 16:08:12.977578: train_loss -0.5707
2026-09-01 16:08:12.979102: val_loss -0.5402
2026-09-01 16:08:12.980446: Pseudo dice [np.float32(0.0202)]
2026-09-01 16:08:12.981773: Epoch time: 104.07 s
2026-09-01 16:08:14.590907: 
2026-09-01 16:08:14.592450: Epoch 798
2026-09-01 16:08:14.593502: Current learning rate: 0.00237
2026-09-01 16:09:56.683031: train_loss -0.5958
2026-09-01 16:09:56.684618: val_loss -0.5948
2026-09-01 16:09:56.686113: Pseudo dice [np.float32(0.303)]
2026-09-01 16:09:56.687220: Epoch time: 102.09 s
2026-09-01 16:09:57.640277: 
2026-09-01 16:09:57.641613: Epoch 799
2026-09-01 16:09:57.642508: Current learning rate: 0.00236
2026-09-01 16:11:38.987514: train_loss -0.6137
2026-09-01 16:11:38.989185: val_loss -0.5793
2026-09-01 16:11:38.990330: Pseudo dice [np.float32(0.0871)]
2026-09-01 16:11:38.991267: Epoch time: 101.35 s
2026-09-01 16:11:45.622429: 
2026-09-01 16:11:45.623832: Epoch 800
2026-09-01 16:11:45.624775: Current learning rate: 0.00235
2026-09-01 16:13:25.945983: train_loss -0.5844
2026-09-01 16:13:25.947479: val_loss -0.5674
2026-09-01 16:13:25.948758: Pseudo dice [np.float32(0.1656)]
2026-09-01 16:13:25.949706: Epoch time: 100.33 s
2026-09-01 16:13:26.919266: 
2026-09-01 16:13:26.920627: Epoch 801
2026-09-01 16:13:26.921723: Current learning rate: 0.00234
2026-09-01 16:15:09.012858: train_loss -0.6246
2026-09-01 16:15:09.014445: val_loss -0.6233
2026-09-01 16:15:09.015578: Pseudo dice [np.float32(0.202)]
2026-09-01 16:15:09.016893: Epoch time: 102.1 s
2026-09-01 16:15:10.011557: 
2026-09-01 16:15:10.012746: Epoch 802
2026-09-01 16:15:10.013844: Current learning rate: 0.00233
2026-09-01 16:17:01.593148: train_loss -0.5824
2026-09-01 16:17:01.594502: val_loss -0.6015
2026-09-01 16:17:01.595735: Pseudo dice [np.float32(0.1679)]
2026-09-01 16:17:01.597065: Epoch time: 111.58 s
2026-09-01 16:17:02.551563: 
2026-09-01 16:17:02.553014: Epoch 803
2026-09-01 16:17:02.554150: Current learning rate: 0.00232
2026-09-01 16:18:43.036873: train_loss -0.5934
2026-09-01 16:18:43.038263: val_loss -0.6061
2026-09-01 16:18:43.039344: Pseudo dice [np.float32(0.1196)]
2026-09-01 16:18:43.040432: Epoch time: 100.49 s
2026-09-01 16:18:44.000666: 
2026-09-01 16:18:44.001927: Epoch 804
2026-09-01 16:18:44.002896: Current learning rate: 0.00231
2026-09-01 16:20:23.416317: train_loss -0.6141
2026-09-01 16:20:23.417795: val_loss -0.5962
2026-09-01 16:20:23.418908: Pseudo dice [np.float32(0.0696)]
2026-09-01 16:20:23.419768: Epoch time: 99.42 s
2026-09-01 16:20:24.370093: 
2026-09-01 16:20:24.371438: Epoch 805
2026-09-01 16:20:24.372442: Current learning rate: 0.0023
2026-09-01 16:22:05.457037: train_loss -0.6007
2026-09-01 16:22:05.463421: val_loss -0.5578
2026-09-01 16:22:05.466067: Pseudo dice [np.float32(0.0602)]
2026-09-01 16:22:05.467021: Epoch time: 101.09 s
2026-09-01 16:22:06.588317: 
2026-09-01 16:22:06.589741: Epoch 806
2026-09-01 16:22:06.590636: Current learning rate: 0.00229
2026-09-01 16:23:48.123461: train_loss -0.607
2026-09-01 16:23:48.124880: val_loss -0.5851
2026-09-01 16:23:48.126005: Pseudo dice [np.float32(0.1698)]
2026-09-01 16:23:48.127116: Epoch time: 101.54 s
2026-09-01 16:23:49.219566: 
2026-09-01 16:23:49.220997: Epoch 807
2026-09-01 16:23:49.221993: Current learning rate: 0.00228
2026-09-01 16:25:35.796188: train_loss -0.6083
2026-09-01 16:25:35.853914: val_loss -0.5764
2026-09-01 16:25:35.855168: Pseudo dice [np.float32(0.1265)]
2026-09-01 16:25:35.856107: Epoch time: 106.58 s
2026-09-01 16:25:36.938350: 
2026-09-01 16:25:36.939771: Epoch 808
2026-09-01 16:25:36.940844: Current learning rate: 0.00226
2026-09-01 16:27:22.803657: train_loss -0.6159
2026-09-01 16:27:22.804841: val_loss -0.6044
2026-09-01 16:27:22.805876: Pseudo dice [np.float32(0.0863)]
2026-09-01 16:27:22.807460: Epoch time: 105.87 s
2026-09-01 16:27:25.040035: 
2026-09-01 16:27:25.041319: Epoch 809
2026-09-01 16:27:25.042272: Current learning rate: 0.00225
2026-09-01 16:29:06.928132: train_loss -0.6237
2026-09-01 16:29:06.931985: val_loss -0.5939
2026-09-01 16:29:06.933391: Pseudo dice [np.float32(0.1432)]
2026-09-01 16:29:06.952200: Epoch time: 101.89 s
2026-09-01 16:29:09.187377: 
2026-09-01 16:29:09.192624: Epoch 810
2026-09-01 16:29:09.193771: Current learning rate: 0.00224
2026-09-01 16:30:50.882294: train_loss -0.61
2026-09-01 16:30:50.891458: val_loss -0.58
2026-09-01 16:30:50.899984: Pseudo dice [np.float32(0.0777)]
2026-09-01 16:30:50.901549: Epoch time: 101.7 s
2026-09-01 16:30:52.412982: 
2026-09-01 16:30:52.419656: Epoch 811
2026-09-01 16:30:52.420841: Current learning rate: 0.00223
2026-09-01 16:32:42.477887: train_loss -0.5979
2026-09-01 16:32:42.479411: val_loss -0.5423
2026-09-01 16:32:42.480603: Pseudo dice [np.float32(0.0966)]
2026-09-01 16:32:42.481711: Epoch time: 110.07 s
2026-09-01 16:32:43.823638: 
2026-09-01 16:32:43.825643: Epoch 812
2026-09-01 16:32:43.826595: Current learning rate: 0.00222
2026-09-01 16:34:29.627102: train_loss -0.5829
2026-09-01 16:34:29.629293: val_loss -0.5746
2026-09-01 16:34:29.630419: Pseudo dice [np.float32(0.0858)]
2026-09-01 16:34:29.631439: Epoch time: 105.81 s
2026-09-01 16:34:31.367971: 
2026-09-01 16:34:31.382157: Epoch 813
2026-09-01 16:34:31.383245: Current learning rate: 0.00221
2026-09-01 16:36:13.953916: train_loss -0.5942
2026-09-01 16:36:13.956964: val_loss -0.6046
2026-09-01 16:36:13.960628: Pseudo dice [np.float32(0.1881)]
2026-09-01 16:36:13.961994: Epoch time: 102.59 s
2026-09-01 16:36:15.147231: 
2026-09-01 16:36:15.149240: Epoch 814
2026-09-01 16:36:15.150842: Current learning rate: 0.0022
2026-09-01 16:37:56.199273: train_loss -0.603
2026-09-01 16:37:56.200969: val_loss -0.6463
2026-09-01 16:37:56.202039: Pseudo dice [np.float32(0.4773)]
2026-09-01 16:37:56.203049: Epoch time: 101.05 s
2026-09-01 16:37:57.113787: 
2026-09-01 16:37:57.115322: Epoch 815
2026-09-01 16:37:57.116545: Current learning rate: 0.00219
2026-09-01 16:39:37.128614: train_loss -0.6162
2026-09-01 16:39:37.135637: val_loss -0.5596
2026-09-01 16:39:37.137058: Pseudo dice [np.float32(0.1503)]
2026-09-01 16:39:37.138038: Epoch time: 100.02 s
2026-09-01 16:39:38.459690: 
2026-09-01 16:39:38.461061: Epoch 816
2026-09-01 16:39:38.462354: Current learning rate: 0.00218
2026-09-01 16:41:17.858321: train_loss -0.6117
2026-09-01 16:41:17.859628: val_loss -0.6613
2026-09-01 16:41:17.860816: Pseudo dice [np.float32(0.3434)]
2026-09-01 16:41:17.861744: Epoch time: 99.4 s
2026-09-01 16:41:18.789881: 
2026-09-01 16:41:18.791056: Epoch 817
2026-09-01 16:41:18.792106: Current learning rate: 0.00217
2026-09-01 16:42:59.209009: train_loss -0.6127
2026-09-01 16:42:59.255227: val_loss -0.5964
2026-09-01 16:42:59.256720: Pseudo dice [np.float32(0.102)]
2026-09-01 16:42:59.257873: Epoch time: 100.42 s
2026-09-01 16:43:00.189728: 
2026-09-01 16:43:00.191275: Epoch 818
2026-09-01 16:43:00.192389: Current learning rate: 0.00216
2026-09-01 16:44:40.791917: train_loss -0.6365
2026-09-01 16:44:40.797618: val_loss -0.5766
2026-09-01 16:44:40.799649: Pseudo dice [np.float32(0.3515)]
2026-09-01 16:44:40.801190: Epoch time: 100.6 s
2026-09-01 16:44:40.802891: Yayy! New best EMA pseudo Dice: 0.18870000541210175
2026-09-01 16:44:43.179068: 
2026-09-01 16:44:43.180574: Epoch 819
2026-09-01 16:44:43.181580: Current learning rate: 0.00215
2026-09-01 16:46:24.882533: train_loss -0.5924
2026-09-01 16:46:24.883842: val_loss -0.5307
2026-09-01 16:46:24.884898: Pseudo dice [np.float32(0.2114)]
2026-09-01 16:46:24.885829: Epoch time: 101.71 s
2026-09-01 16:46:24.886671: Yayy! New best EMA pseudo Dice: 0.19099999964237213
2026-09-01 16:46:27.484044: 
2026-09-01 16:46:27.485559: Epoch 820
2026-09-01 16:46:27.486557: Current learning rate: 0.00214
2026-09-01 16:48:09.181863: train_loss -0.6329
2026-09-01 16:48:09.189079: val_loss -0.6208
2026-09-01 16:48:09.190516: Pseudo dice [np.float32(0.196)]
2026-09-01 16:48:09.191876: Epoch time: 101.7 s
2026-09-01 16:48:09.192994: Yayy! New best EMA pseudo Dice: 0.1914999932050705
2026-09-01 16:48:11.779166: 
2026-09-01 16:48:11.780492: Epoch 821
2026-09-01 16:48:11.781635: Current learning rate: 0.00213
2026-09-01 16:49:55.889379: train_loss -0.6101
2026-09-01 16:49:55.893205: val_loss -0.6599
2026-09-01 16:49:55.894335: Pseudo dice [np.float32(0.3641)]
2026-09-01 16:49:55.895404: Epoch time: 104.11 s
2026-09-01 16:49:55.896425: Yayy! New best EMA pseudo Dice: 0.2087000012397766
2026-09-01 16:49:58.333544: 
2026-09-01 16:49:58.334973: Epoch 822
2026-09-01 16:49:58.335966: Current learning rate: 0.00212
2026-09-01 16:51:39.907579: train_loss -0.6278
2026-09-01 16:51:39.914710: val_loss -0.5728
2026-09-01 16:51:39.919685: Pseudo dice [np.float32(0.2352)]
2026-09-01 16:51:39.921290: Epoch time: 101.58 s
2026-09-01 16:51:39.922462: Yayy! New best EMA pseudo Dice: 0.21140000224113464
2026-09-01 16:51:42.175565: 
2026-09-01 16:51:42.176850: Epoch 823
2026-09-01 16:51:42.178057: Current learning rate: 0.0021
2026-09-01 16:53:23.516370: train_loss -0.5984
2026-09-01 16:53:23.521140: val_loss -0.5666
2026-09-01 16:53:23.522520: Pseudo dice [np.float32(0.1911)]
2026-09-01 16:53:23.523712: Epoch time: 101.34 s
2026-09-01 16:53:24.820849: 
2026-09-01 16:53:24.822619: Epoch 824
2026-09-01 16:53:24.823601: Current learning rate: 0.00209
2026-09-01 16:55:06.893566: train_loss -0.6252
2026-09-01 16:55:06.908033: val_loss -0.6141
2026-09-01 16:55:06.909587: Pseudo dice [np.float32(0.2096)]
2026-09-01 16:55:06.910648: Epoch time: 102.08 s
2026-09-01 16:55:08.412075: 
2026-09-01 16:55:08.413492: Epoch 825
2026-09-01 16:55:08.414502: Current learning rate: 0.00208
2026-09-01 16:56:48.396380: train_loss -0.611
2026-09-01 16:56:48.397999: val_loss -0.5853
2026-09-01 16:56:48.399079: Pseudo dice [np.float32(0.1804)]
2026-09-01 16:56:48.400145: Epoch time: 99.99 s
2026-09-01 16:56:49.344586: 
2026-09-01 16:56:49.346375: Epoch 826
2026-09-01 16:56:49.347653: Current learning rate: 0.00207
2026-09-01 16:58:28.895529: train_loss -0.6114
2026-09-01 16:58:28.897804: val_loss -0.5746
2026-09-01 16:58:28.899030: Pseudo dice [np.float32(0.1075)]
2026-09-01 16:58:28.900468: Epoch time: 99.55 s
2026-09-01 16:58:30.278796: 
2026-09-01 16:58:30.280281: Epoch 827
2026-09-01 16:58:30.281263: Current learning rate: 0.00206
2026-09-01 17:00:11.355350: train_loss -0.6223
2026-09-01 17:00:11.365899: val_loss -0.5883
2026-09-01 17:00:11.367069: Pseudo dice [np.float32(0.257)]
2026-09-01 17:00:11.368343: Epoch time: 101.07 s
2026-09-01 17:00:12.542219: 
2026-09-01 17:00:12.543759: Epoch 828
2026-09-01 17:00:12.545004: Current learning rate: 0.00205
2026-09-01 17:02:00.052188: train_loss -0.6126
2026-09-01 17:02:00.058876: val_loss -0.6223
2026-09-01 17:02:00.060485: Pseudo dice [np.float32(0.1376)]
2026-09-01 17:02:00.061821: Epoch time: 107.51 s
2026-09-01 17:02:01.937674: 
2026-09-01 17:02:01.939581: Epoch 829
2026-09-01 17:02:01.940972: Current learning rate: 0.00204
2026-09-01 17:03:44.295260: train_loss -0.5969
2026-09-01 17:03:44.296782: val_loss -0.5529
2026-09-01 17:03:44.298157: Pseudo dice [np.float32(0.3865)]
2026-09-01 17:03:44.299300: Epoch time: 102.36 s
2026-09-01 17:03:44.300298: Yayy! New best EMA pseudo Dice: 0.2152000069618225
2026-09-01 17:03:46.993814: 
2026-09-01 17:03:46.995649: Epoch 830
2026-09-01 17:03:46.996912: Current learning rate: 0.00203
2026-09-01 17:05:31.376565: train_loss -0.6195
2026-09-01 17:05:31.388654: val_loss -0.5713
2026-09-01 17:05:31.394848: Pseudo dice [np.float32(0.0685)]
2026-09-01 17:05:31.399046: Epoch time: 104.39 s
2026-09-01 17:05:32.886266: 
2026-09-01 17:05:32.888082: Epoch 831
2026-09-01 17:05:32.889339: Current learning rate: 0.00202
2026-09-01 17:07:15.702768: train_loss -0.623
2026-09-01 17:07:15.704421: val_loss -0.6844
2026-09-01 17:07:15.705599: Pseudo dice [np.float32(0.2363)]
2026-09-01 17:07:15.706826: Epoch time: 102.82 s
2026-09-01 17:07:16.877425: 
2026-09-01 17:07:16.878832: Epoch 832
2026-09-01 17:07:16.879866: Current learning rate: 0.00201
2026-09-01 17:08:57.604062: train_loss -0.6075
2026-09-01 17:08:57.605731: val_loss -0.5756
2026-09-01 17:08:57.606983: Pseudo dice [np.float32(0.6251)]
2026-09-01 17:08:57.608322: Epoch time: 100.73 s
2026-09-01 17:08:57.609384: Yayy! New best EMA pseudo Dice: 0.24619999527931213
2026-09-01 17:08:59.933605: 
2026-09-01 17:08:59.935243: Epoch 833
2026-09-01 17:08:59.936286: Current learning rate: 0.002
2026-09-01 17:10:39.924960: train_loss -0.5951
2026-09-01 17:10:39.926393: val_loss -0.567
2026-09-01 17:10:39.927580: Pseudo dice [np.float32(0.0749)]
2026-09-01 17:10:39.928881: Epoch time: 99.99 s
2026-09-01 17:10:40.855520: 
2026-09-01 17:10:40.857104: Epoch 834
2026-09-01 17:10:40.858474: Current learning rate: 0.00199
2026-09-01 17:12:26.422838: train_loss -0.6244
2026-09-01 17:12:26.434538: val_loss -0.5793
2026-09-01 17:12:26.435833: Pseudo dice [np.float32(0.1904)]
2026-09-01 17:12:26.437087: Epoch time: 105.57 s
2026-09-01 17:12:27.675192: 
2026-09-01 17:12:27.676556: Epoch 835
2026-09-01 17:12:27.677744: Current learning rate: 0.00198
2026-09-01 17:14:10.656562: train_loss -0.6005
2026-09-01 17:14:10.657917: val_loss -0.5612
2026-09-01 17:14:10.658959: Pseudo dice [np.float32(0.0882)]
2026-09-01 17:14:10.659898: Epoch time: 102.98 s
2026-09-01 17:14:11.569525: 
2026-09-01 17:14:11.571173: Epoch 836
2026-09-01 17:14:11.572377: Current learning rate: 0.00196
2026-09-01 17:15:51.650925: train_loss -0.6285
2026-09-01 17:15:51.652188: val_loss -0.6098
2026-09-01 17:15:51.653154: Pseudo dice [np.float32(0.1672)]
2026-09-01 17:15:51.654388: Epoch time: 100.09 s
2026-09-01 17:15:53.131764: 
2026-09-01 17:15:53.133215: Epoch 837
2026-09-01 17:15:53.134461: Current learning rate: 0.00195
2026-09-01 17:17:34.578583: train_loss -0.612
2026-09-01 17:17:34.595409: val_loss -0.5935
2026-09-01 17:17:34.596603: Pseudo dice [np.float32(0.3357)]
2026-09-01 17:17:34.597697: Epoch time: 101.45 s
2026-09-01 17:17:35.681951: 
2026-09-01 17:17:35.683291: Epoch 838
2026-09-01 17:17:35.684215: Current learning rate: 0.00194
2026-09-01 17:19:15.011755: train_loss -0.6536
2026-09-01 17:19:15.012810: val_loss -0.6192
2026-09-01 17:19:15.013807: Pseudo dice [np.float32(0.1505)]
2026-09-01 17:19:15.014661: Epoch time: 99.33 s
2026-09-01 17:19:15.926768: 
2026-09-01 17:19:15.928267: Epoch 839
2026-09-01 17:19:15.929168: Current learning rate: 0.00193
2026-09-01 17:20:58.061586: train_loss -0.6166
2026-09-01 17:20:58.062737: val_loss -0.5586
2026-09-01 17:20:58.064070: Pseudo dice [np.float32(0.1388)]
2026-09-01 17:20:58.065139: Epoch time: 102.14 s
2026-09-01 17:20:59.426296: 
2026-09-01 17:20:59.427736: Epoch 840
2026-09-01 17:20:59.428705: Current learning rate: 0.00192
2026-09-01 17:22:43.561694: train_loss -0.6438
2026-09-01 17:22:43.567255: val_loss -0.6253
2026-09-01 17:22:43.568877: Pseudo dice [np.float32(0.531)]
2026-09-01 17:22:43.611880: Epoch time: 104.14 s
2026-09-01 17:22:44.754900: 
2026-09-01 17:22:44.756150: Epoch 841
2026-09-01 17:22:44.757148: Current learning rate: 0.00191
2026-09-01 17:24:23.773609: train_loss -0.6184
2026-09-01 17:24:23.774920: val_loss -0.5446
2026-09-01 17:24:23.775993: Pseudo dice [np.float32(0.1341)]
2026-09-01 17:24:23.776949: Epoch time: 99.02 s
2026-09-01 17:24:24.676236: 
2026-09-01 17:24:24.677771: Epoch 842
2026-09-01 17:24:24.678771: Current learning rate: 0.0019
2026-09-01 17:26:05.480565: train_loss -0.6019
2026-09-01 17:26:05.481799: val_loss -0.5892
2026-09-01 17:26:05.483174: Pseudo dice [np.float32(0.237)]
2026-09-01 17:26:05.484193: Epoch time: 100.81 s
2026-09-01 17:26:06.370677: 
2026-09-01 17:26:06.372121: Epoch 843
2026-09-01 17:26:06.373201: Current learning rate: 0.00189
2026-09-01 17:27:46.066022: train_loss -0.6127
2026-09-01 17:27:46.067205: val_loss -0.5887
2026-09-01 17:27:46.068254: Pseudo dice [np.float32(0.2491)]
2026-09-01 17:27:46.069307: Epoch time: 99.7 s
2026-09-01 17:27:46.962463: 
2026-09-01 17:27:46.963823: Epoch 844
2026-09-01 17:27:46.964735: Current learning rate: 0.00188
2026-09-01 17:29:28.116152: train_loss -0.6212
2026-09-01 17:29:28.121904: val_loss -0.6314
2026-09-01 17:29:28.123247: Pseudo dice [np.float32(0.2145)]
2026-09-01 17:29:28.124280: Epoch time: 101.16 s
2026-09-01 17:29:29.680667: 
2026-09-01 17:29:29.682157: Epoch 845
2026-09-01 17:29:29.683213: Current learning rate: 0.00187
2026-09-01 17:31:09.585337: train_loss -0.6359
2026-09-01 17:31:09.586644: val_loss -0.5595
2026-09-01 17:31:09.588049: Pseudo dice [np.float32(0.288)]
2026-09-01 17:31:09.589164: Epoch time: 99.9 s
2026-09-01 17:31:10.699273: 
2026-09-01 17:31:10.700478: Epoch 846
2026-09-01 17:31:10.701463: Current learning rate: 0.00186
2026-09-01 17:32:59.171427: train_loss -0.6255
2026-09-01 17:32:59.173143: val_loss -0.562
2026-09-01 17:32:59.175070: Pseudo dice [np.float32(0.3859)]
2026-09-01 17:32:59.176578: Epoch time: 108.47 s
2026-09-01 17:32:59.177661: Yayy! New best EMA pseudo Dice: 0.25
2026-09-01 17:33:01.787300: 
2026-09-01 17:33:01.788930: Epoch 847
2026-09-01 17:33:01.789926: Current learning rate: 0.00185
2026-09-01 17:34:43.214993: train_loss -0.5993
2026-09-01 17:34:43.228235: val_loss -0.6092
2026-09-01 17:34:43.229411: Pseudo dice [np.float32(0.1245)]
2026-09-01 17:34:43.230461: Epoch time: 101.43 s
2026-09-01 17:34:44.386057: 
2026-09-01 17:34:44.387326: Epoch 848
2026-09-01 17:34:44.388479: Current learning rate: 0.00184
2026-09-01 17:36:23.459706: train_loss -0.6331
2026-09-01 17:36:23.461345: val_loss -0.6123
2026-09-01 17:36:23.462534: Pseudo dice [np.float32(0.2357)]
2026-09-01 17:36:23.463598: Epoch time: 99.08 s
2026-09-01 17:36:24.361026: 
2026-09-01 17:36:24.362554: Epoch 849
2026-09-01 17:36:24.363455: Current learning rate: 0.00182
2026-09-01 17:38:04.441844: train_loss -0.6314
2026-09-01 17:38:04.442968: val_loss -0.6266
2026-09-01 17:38:04.443969: Pseudo dice [np.float32(0.1383)]
2026-09-01 17:38:04.444993: Epoch time: 100.08 s
2026-09-01 17:38:06.448934: 
2026-09-01 17:38:06.450270: Epoch 850
2026-09-01 17:38:06.451424: Current learning rate: 0.00181
2026-09-01 17:39:51.902416: train_loss -0.6215
2026-09-01 17:39:51.909729: val_loss -0.631
2026-09-01 17:39:51.911315: Pseudo dice [np.float32(0.1177)]
2026-09-01 17:39:51.912387: Epoch time: 105.46 s
2026-09-01 17:39:53.061570: 
2026-09-01 17:39:53.062954: Epoch 851
2026-09-01 17:39:53.064064: Current learning rate: 0.0018
2026-09-01 17:41:32.023686: train_loss -0.6404
2026-09-01 17:41:32.025124: val_loss -0.603
2026-09-01 17:41:32.026446: Pseudo dice [np.float32(0.2768)]
2026-09-01 17:41:32.027569: Epoch time: 98.96 s
2026-09-01 17:41:32.895120: 
2026-09-01 17:41:32.896665: Epoch 852
2026-09-01 17:41:32.897646: Current learning rate: 0.00179
2026-09-01 17:43:14.548035: train_loss -0.6146
2026-09-01 17:43:14.550380: val_loss -0.5814
2026-09-01 17:43:14.551878: Pseudo dice [np.float32(0.0944)]
2026-09-01 17:43:14.553298: Epoch time: 101.66 s
2026-09-01 17:43:15.555997: 
2026-09-01 17:43:15.557711: Epoch 853
2026-09-01 17:43:15.558919: Current learning rate: 0.00178
2026-09-01 17:44:55.821824: train_loss -0.6182
2026-09-01 17:44:55.823243: val_loss -0.5718
2026-09-01 17:44:55.824157: Pseudo dice [np.float32(0.0966)]
2026-09-01 17:44:55.825082: Epoch time: 100.27 s
2026-09-01 17:44:56.753609: 
2026-09-01 17:44:56.755022: Epoch 854
2026-09-01 17:44:56.756146: Current learning rate: 0.00177
2026-09-01 17:46:48.264236: train_loss -0.6354
2026-09-01 17:46:48.268890: val_loss -0.6656
2026-09-01 17:46:48.280719: Pseudo dice [np.float32(0.6359)]
2026-09-01 17:46:48.281736: Epoch time: 111.51 s
2026-09-01 17:46:50.082295: 
2026-09-01 17:46:50.088106: Epoch 855
2026-09-01 17:46:50.092010: Current learning rate: 0.00176
2026-09-01 17:48:37.271465: train_loss -0.6053
2026-09-01 17:48:37.279068: val_loss -0.6291
2026-09-01 17:48:37.281018: Pseudo dice [np.float32(0.3209)]
2026-09-01 17:48:37.282330: Epoch time: 107.19 s
2026-09-01 17:48:38.480162: 
2026-09-01 17:48:38.481513: Epoch 856
2026-09-01 17:48:38.482709: Current learning rate: 0.00175
2026-09-01 17:50:19.824219: train_loss -0.6201
2026-09-01 17:50:19.825663: val_loss -0.5594
2026-09-01 17:50:19.831166: Pseudo dice [np.float32(0.4284)]
2026-09-01 17:50:19.832611: Epoch time: 101.35 s
2026-09-01 17:50:19.833629: Yayy! New best EMA pseudo Dice: 0.2678000032901764
2026-09-01 17:50:22.416599: 
2026-09-01 17:50:22.417801: Epoch 857
2026-09-01 17:50:22.418710: Current learning rate: 0.00174
2026-09-01 17:52:06.716974: train_loss -0.6452
2026-09-01 17:52:06.720621: val_loss -0.6096
2026-09-01 17:52:06.726877: Pseudo dice [np.float32(0.3564)]
2026-09-01 17:52:06.728006: Epoch time: 104.3 s
2026-09-01 17:52:06.729175: Yayy! New best EMA pseudo Dice: 0.2766999900341034
2026-09-01 17:52:09.249127: 
2026-09-01 17:52:09.250460: Epoch 858
2026-09-01 17:52:09.251318: Current learning rate: 0.00173
2026-09-01 17:53:50.425903: train_loss -0.6186
2026-09-01 17:53:50.427374: val_loss -0.5039
2026-09-01 17:53:50.428734: Pseudo dice [np.float32(0.4609)]
2026-09-01 17:53:50.429800: Epoch time: 101.18 s
2026-09-01 17:53:50.430726: Yayy! New best EMA pseudo Dice: 0.29510000348091125
2026-09-01 17:53:52.657685: 
2026-09-01 17:53:52.659061: Epoch 859
2026-09-01 17:53:52.660078: Current learning rate: 0.00172
2026-09-01 17:55:34.450566: train_loss -0.6295
2026-09-01 17:55:34.454531: val_loss -0.6568
2026-09-01 17:55:34.462935: Pseudo dice [np.float32(0.4319)]
2026-09-01 17:55:34.471357: Epoch time: 101.8 s
2026-09-01 17:55:34.474464: Yayy! New best EMA pseudo Dice: 0.30880001187324524
2026-09-01 17:55:37.426631: 
2026-09-01 17:55:37.427951: Epoch 860
2026-09-01 17:55:37.429022: Current learning rate: 0.0017
2026-09-01 17:57:18.490708: train_loss -0.6384
2026-09-01 17:57:18.504522: val_loss -0.5687
2026-09-01 17:57:18.506225: Pseudo dice [np.float32(0.4279)]
2026-09-01 17:57:18.507860: Epoch time: 101.07 s
2026-09-01 17:57:18.509120: Yayy! New best EMA pseudo Dice: 0.3206999897956848
2026-09-01 17:57:21.510674: 
2026-09-01 17:57:21.512115: Epoch 861
2026-09-01 17:57:21.513119: Current learning rate: 0.00169
2026-09-01 17:59:04.141541: train_loss -0.6313
2026-09-01 17:59:04.146767: val_loss -0.5214
2026-09-01 17:59:04.150167: Pseudo dice [np.float32(0.2668)]
2026-09-01 17:59:04.151354: Epoch time: 102.63 s
2026-09-01 17:59:05.320423: 
2026-09-01 17:59:05.321888: Epoch 862
2026-09-01 17:59:05.323055: Current learning rate: 0.00168
2026-09-01 18:00:50.737246: train_loss -0.6288
2026-09-01 18:00:50.746858: val_loss -0.5959
2026-09-01 18:00:50.764772: Pseudo dice [np.float32(0.2371)]
2026-09-01 18:00:50.766065: Epoch time: 105.42 s
2026-09-01 18:00:51.818688: 
2026-09-01 18:00:51.820218: Epoch 863
2026-09-01 18:00:51.821303: Current learning rate: 0.00167
2026-09-01 18:02:31.497553: train_loss -0.652
2026-09-01 18:02:31.498874: val_loss -0.6313
2026-09-01 18:02:31.500226: Pseudo dice [np.float32(0.5117)]
2026-09-01 18:02:31.501418: Epoch time: 99.68 s
2026-09-01 18:02:31.502411: Yayy! New best EMA pseudo Dice: 0.3278999924659729
2026-09-01 18:02:33.739860: 
2026-09-01 18:02:33.741527: Epoch 864
2026-09-01 18:02:33.742472: Current learning rate: 0.00166
2026-09-01 18:04:14.122959: train_loss -0.586
2026-09-01 18:04:14.124026: val_loss -0.6156
2026-09-01 18:04:14.125109: Pseudo dice [np.float32(0.1658)]
2026-09-01 18:04:14.126295: Epoch time: 100.39 s
2026-09-01 18:04:15.236828: 
2026-09-01 18:04:15.237971: Epoch 865
2026-09-01 18:04:15.239036: Current learning rate: 0.00165
2026-09-01 18:05:54.721132: train_loss -0.6248
2026-09-01 18:05:54.722368: val_loss -0.5855
2026-09-01 18:05:54.723407: Pseudo dice [np.float32(0.0758)]
2026-09-01 18:05:54.724421: Epoch time: 99.49 s
2026-09-01 18:05:55.614797: 
2026-09-01 18:05:55.616392: Epoch 866
2026-09-01 18:05:55.617533: Current learning rate: 0.00164
2026-09-01 18:07:34.833003: train_loss -0.622
2026-09-01 18:07:34.834356: val_loss -0.6253
2026-09-01 18:07:34.835520: Pseudo dice [np.float32(0.2735)]
2026-09-01 18:07:34.836549: Epoch time: 99.22 s
2026-09-01 18:07:35.727026: 
2026-09-01 18:07:35.728370: Epoch 867
2026-09-01 18:07:35.729405: Current learning rate: 0.00163
2026-09-01 18:09:22.300217: train_loss -0.6123
2026-09-01 18:09:22.302104: val_loss -0.583
2026-09-01 18:09:22.303503: Pseudo dice [np.float32(0.1337)]
2026-09-01 18:09:22.304719: Epoch time: 106.58 s
2026-09-01 18:09:23.562975: 
2026-09-01 18:09:23.564618: Epoch 868
2026-09-01 18:09:23.565821: Current learning rate: 0.00162
2026-09-01 18:11:04.887196: train_loss -0.6422
2026-09-01 18:11:04.891948: val_loss -0.624
2026-09-01 18:11:04.895251: Pseudo dice [np.float32(0.2732)]
2026-09-01 18:11:04.896332: Epoch time: 101.33 s
2026-09-01 18:11:05.979626: 
2026-09-01 18:11:05.981123: Epoch 869
2026-09-01 18:11:05.982155: Current learning rate: 0.00161
2026-09-01 18:12:48.556101: train_loss -0.6367
2026-09-01 18:12:48.565350: val_loss -0.5413
2026-09-01 18:12:48.594576: Pseudo dice [np.float32(0.1301)]
2026-09-01 18:12:48.595794: Epoch time: 102.58 s
2026-09-01 18:12:50.275961: 
2026-09-01 18:12:50.282480: Epoch 870
2026-09-01 18:12:50.283554: Current learning rate: 0.00159
2026-09-01 18:14:32.674135: train_loss -0.6075
2026-09-01 18:14:32.675197: val_loss -0.5728
2026-09-01 18:14:32.676193: Pseudo dice [np.float32(0.0474)]
2026-09-01 18:14:32.677280: Epoch time: 102.4 s
2026-09-01 18:14:33.559117: 
2026-09-01 18:14:33.560805: Epoch 871
2026-09-01 18:14:33.561924: Current learning rate: 0.00158
2026-09-01 18:16:12.752104: train_loss -0.6233
2026-09-01 18:16:12.753190: val_loss -0.5783
2026-09-01 18:16:12.754221: Pseudo dice [np.float32(0.1613)]
2026-09-01 18:16:12.755128: Epoch time: 99.2 s
2026-09-01 18:16:13.663401: 
2026-09-01 18:16:13.664880: Epoch 872
2026-09-01 18:16:13.665930: Current learning rate: 0.00157
2026-09-01 18:17:55.439015: train_loss -0.664
2026-09-01 18:17:55.444119: val_loss -0.6008
2026-09-01 18:17:55.447101: Pseudo dice [np.float32(0.5214)]
2026-09-01 18:17:55.448379: Epoch time: 101.78 s
2026-09-01 18:17:56.749841: 
2026-09-01 18:17:56.756411: Epoch 873
2026-09-01 18:17:56.757874: Current learning rate: 0.00156
2026-09-01 18:19:37.100120: train_loss -0.6136
2026-09-01 18:19:37.101466: val_loss -0.5725
2026-09-01 18:19:37.102641: Pseudo dice [np.float32(0.1044)]
2026-09-01 18:19:37.103669: Epoch time: 100.35 s
2026-09-01 18:19:37.980752: 
2026-09-01 18:19:37.982213: Epoch 874
2026-09-01 18:19:37.983274: Current learning rate: 0.00155
2026-09-01 18:21:17.381446: train_loss -0.6571
2026-09-01 18:21:17.388385: val_loss -0.5891
2026-09-01 18:21:17.402301: Pseudo dice [np.float32(0.4276)]
2026-09-01 18:21:17.403828: Epoch time: 99.4 s
2026-09-01 18:21:18.346491: 
2026-09-01 18:21:18.347891: Epoch 875
2026-09-01 18:21:18.348756: Current learning rate: 0.00154
2026-09-01 18:23:01.582029: train_loss -0.6522
2026-09-01 18:23:01.583612: val_loss -0.6373
2026-09-01 18:23:01.585269: Pseudo dice [np.float32(0.2487)]
2026-09-01 18:23:01.586432: Epoch time: 103.24 s
2026-09-01 18:23:03.667062: 
2026-09-01 18:23:03.668585: Epoch 876
2026-09-01 18:23:03.669742: Current learning rate: 0.00153
2026-09-01 18:24:46.044192: train_loss -0.6536
2026-09-01 18:24:46.051896: val_loss -0.5834
2026-09-01 18:24:46.058405: Pseudo dice [np.float32(0.1412)]
2026-09-01 18:24:46.059726: Epoch time: 102.38 s
2026-09-01 18:24:47.514884: 
2026-09-01 18:24:47.522226: Epoch 877
2026-09-01 18:24:47.523412: Current learning rate: 0.00152
2026-09-01 18:26:28.133519: train_loss -0.6128
2026-09-01 18:26:28.135411: val_loss -0.5706
2026-09-01 18:26:28.136594: Pseudo dice [np.float32(0.1602)]
2026-09-01 18:26:28.137992: Epoch time: 100.62 s
2026-09-01 18:26:29.026284: 
2026-09-01 18:26:29.027472: Epoch 878
2026-09-01 18:26:29.028333: Current learning rate: 0.00151
2026-09-01 18:28:09.995173: train_loss -0.6718
2026-09-01 18:28:10.001662: val_loss -0.6045
2026-09-01 18:28:10.002954: Pseudo dice [np.float32(0.2819)]
2026-09-01 18:28:10.004026: Epoch time: 100.97 s
2026-09-01 18:28:10.972046: 
2026-09-01 18:28:10.973602: Epoch 879
2026-09-01 18:28:10.974661: Current learning rate: 0.00149
2026-09-01 18:29:51.265795: train_loss -0.645
2026-09-01 18:29:51.266997: val_loss -0.6307
2026-09-01 18:29:51.268029: Pseudo dice [np.float32(0.6227)]
2026-09-01 18:29:51.268997: Epoch time: 100.3 s
2026-09-01 18:29:52.155793: 
2026-09-01 18:29:52.157106: Epoch 880
2026-09-01 18:29:52.158125: Current learning rate: 0.00148
2026-09-01 18:31:39.346203: train_loss -0.6241
2026-09-01 18:31:39.347461: val_loss -0.6356
2026-09-01 18:31:39.348576: Pseudo dice [np.float32(0.4013)]
2026-09-01 18:31:39.349612: Epoch time: 107.19 s
2026-09-01 18:31:40.231921: 
2026-09-01 18:31:40.233424: Epoch 881
2026-09-01 18:31:40.234471: Current learning rate: 0.00147
2026-09-01 18:33:22.917920: train_loss -0.6195
2026-09-01 18:33:22.919499: val_loss -0.5508
2026-09-01 18:33:22.920463: Pseudo dice [np.float32(0.0697)]
2026-09-01 18:33:22.921371: Epoch time: 102.69 s
2026-09-01 18:33:24.557967: 
2026-09-01 18:33:24.559363: Epoch 882
2026-09-01 18:33:24.560433: Current learning rate: 0.00146
2026-09-01 18:35:05.711376: train_loss -0.6306
2026-09-01 18:35:05.729207: val_loss -0.6186
2026-09-01 18:35:05.730379: Pseudo dice [np.float32(0.5511)]
2026-09-01 18:35:05.731518: Epoch time: 101.16 s
2026-09-01 18:35:06.696835: 
2026-09-01 18:35:06.698045: Epoch 883
2026-09-01 18:35:06.699027: Current learning rate: 0.00145
2026-09-01 18:36:46.831298: train_loss -0.6438
2026-09-01 18:36:46.832959: val_loss -0.6458
2026-09-01 18:36:46.834761: Pseudo dice [np.float32(0.2934)]
2026-09-01 18:36:46.836436: Epoch time: 100.13 s
2026-09-01 18:36:47.979341: 
2026-09-01 18:36:47.980767: Epoch 884
2026-09-01 18:36:47.981721: Current learning rate: 0.00144
2026-09-01 18:38:38.177088: train_loss -0.6283
2026-09-01 18:38:38.192492: val_loss -0.6572
2026-09-01 18:38:38.195004: Pseudo dice [np.float32(0.5638)]
2026-09-01 18:38:38.196218: Epoch time: 110.2 s
2026-09-01 18:38:39.319109: 
2026-09-01 18:38:39.320792: Epoch 885
2026-09-01 18:38:39.321904: Current learning rate: 0.00143
2026-09-01 18:40:29.837694: train_loss -0.6332
2026-09-01 18:40:29.852902: val_loss -0.6081
2026-09-01 18:40:29.854280: Pseudo dice [np.float32(0.2797)]
2026-09-01 18:40:29.855497: Epoch time: 110.52 s
2026-09-01 18:40:31.079578: 
2026-09-01 18:40:31.080895: Epoch 886
2026-09-01 18:40:31.081987: Current learning rate: 0.00142
2026-09-01 18:42:11.651677: train_loss -0.6279
2026-09-01 18:42:11.652653: val_loss -0.6291
2026-09-01 18:42:11.653675: Pseudo dice [np.float32(0.4033)]
2026-09-01 18:42:11.654726: Epoch time: 100.57 s
2026-09-01 18:42:11.655599: Yayy! New best EMA pseudo Dice: 0.3287999927997589
2026-09-01 18:42:14.373625: 
2026-09-01 18:42:14.375080: Epoch 887
2026-09-01 18:42:14.375962: Current learning rate: 0.00141
2026-09-01 18:43:53.991473: train_loss -0.6621
2026-09-01 18:43:53.993003: val_loss -0.5717
2026-09-01 18:43:53.994223: Pseudo dice [np.float32(0.1912)]
2026-09-01 18:43:53.995438: Epoch time: 99.62 s
2026-09-01 18:43:54.882252: 
2026-09-01 18:43:54.883667: Epoch 888
2026-09-01 18:43:54.884553: Current learning rate: 0.00139
2026-09-01 18:45:34.813250: train_loss -0.635
2026-09-01 18:45:34.814977: val_loss -0.6114
2026-09-01 18:45:34.816167: Pseudo dice [np.float32(0.3528)]
2026-09-01 18:45:34.817353: Epoch time: 99.93 s
2026-09-01 18:45:35.716480: 
2026-09-01 18:45:35.718135: Epoch 889
2026-09-01 18:45:35.719333: Current learning rate: 0.00138
2026-09-01 18:47:17.395132: train_loss -0.6372
2026-09-01 18:47:17.401682: val_loss -0.6875
2026-09-01 18:47:17.402859: Pseudo dice [np.float32(0.4818)]
2026-09-01 18:47:17.403962: Epoch time: 101.68 s
2026-09-01 18:47:17.404867: Yayy! New best EMA pseudo Dice: 0.335099995136261
2026-09-01 18:47:20.575522: 
2026-09-01 18:47:20.577055: Epoch 890
2026-09-01 18:47:20.577920: Current learning rate: 0.00137
2026-09-01 18:49:01.141101: train_loss -0.6331
2026-09-01 18:49:01.142417: val_loss -0.5782
2026-09-01 18:49:01.143471: Pseudo dice [np.float32(0.3262)]
2026-09-01 18:49:01.144531: Epoch time: 100.57 s
2026-09-01 18:49:02.034026: 
2026-09-01 18:49:02.035269: Epoch 891
2026-09-01 18:49:02.036228: Current learning rate: 0.00136
2026-09-01 18:50:43.046710: train_loss -0.6523
2026-09-01 18:50:43.047985: val_loss -0.6712
2026-09-01 18:50:43.049206: Pseudo dice [np.float32(0.6504)]
2026-09-01 18:50:43.050159: Epoch time: 101.01 s
2026-09-01 18:50:43.051251: Yayy! New best EMA pseudo Dice: 0.36579999327659607
2026-09-01 18:50:45.832961: 
2026-09-01 18:50:45.834527: Epoch 892
2026-09-01 18:50:45.835497: Current learning rate: 0.00135
2026-09-01 18:52:35.006132: train_loss -0.6247
2026-09-01 18:52:35.020423: val_loss -0.6377
2026-09-01 18:52:35.021674: Pseudo dice [np.float32(0.2919)]
2026-09-01 18:52:35.022907: Epoch time: 109.18 s
2026-09-01 18:52:36.077453: 
2026-09-01 18:52:36.078941: Epoch 893
2026-09-01 18:52:36.079861: Current learning rate: 0.00134
2026-09-01 18:54:16.707324: train_loss -0.6677
2026-09-01 18:54:16.709063: val_loss -0.5987
2026-09-01 18:54:16.710565: Pseudo dice [np.float32(0.277)]
2026-09-01 18:54:16.711922: Epoch time: 100.63 s
2026-09-01 18:54:18.049325: 
2026-09-01 18:54:18.063371: Epoch 894
2026-09-01 18:54:18.064536: Current learning rate: 0.00133
2026-09-01 18:55:58.286890: train_loss -0.6304
2026-09-01 18:55:58.288061: val_loss -0.6331
2026-09-01 18:55:58.289059: Pseudo dice [np.float32(0.2103)]
2026-09-01 18:55:58.290307: Epoch time: 100.24 s
2026-09-01 18:55:59.186588: 
2026-09-01 18:55:59.187952: Epoch 895
2026-09-01 18:55:59.188865: Current learning rate: 0.00132
2026-09-01 18:57:40.134615: train_loss -0.6419
2026-09-01 18:57:40.140272: val_loss -0.6367
2026-09-01 18:57:40.141723: Pseudo dice [np.float32(0.3075)]
2026-09-01 18:57:40.145201: Epoch time: 100.95 s
2026-09-01 18:57:41.748276: 
2026-09-01 18:57:41.749562: Epoch 896
2026-09-01 18:57:41.750718: Current learning rate: 0.0013
2026-09-01 18:59:22.119225: train_loss -0.6438
2026-09-01 18:59:22.120624: val_loss -0.6823
2026-09-01 18:59:22.121906: Pseudo dice [np.float32(0.3594)]
2026-09-01 18:59:22.122984: Epoch time: 100.37 s
2026-09-01 18:59:23.022814: 
2026-09-01 18:59:23.023955: Epoch 897
2026-09-01 18:59:23.025018: Current learning rate: 0.00129
2026-09-01 19:01:12.169073: train_loss -0.6444
2026-09-01 19:01:12.174349: val_loss -0.5757
2026-09-01 19:01:12.177665: Pseudo dice [np.float32(0.2568)]
2026-09-01 19:01:12.178867: Epoch time: 109.15 s
2026-09-01 19:01:13.885023: 
2026-09-01 19:01:13.886716: Epoch 898
2026-09-01 19:01:13.887712: Current learning rate: 0.00128
2026-09-01 19:02:55.994966: train_loss -0.6436
2026-09-01 19:02:56.021059: val_loss -0.6325
2026-09-01 19:02:56.023241: Pseudo dice [np.float32(0.246)]
2026-09-01 19:02:56.024357: Epoch time: 102.11 s
2026-09-01 19:02:57.656289: 
2026-09-01 19:02:57.658128: Epoch 899
2026-09-01 19:02:57.659468: Current learning rate: 0.00127
2026-09-01 19:04:46.139225: train_loss -0.6452
2026-09-01 19:04:46.140583: val_loss -0.5869
2026-09-01 19:04:46.141671: Pseudo dice [np.float32(0.5046)]
2026-09-01 19:04:46.142682: Epoch time: 108.49 s
2026-09-01 19:04:48.836658: 
2026-09-01 19:04:48.838259: Epoch 900
2026-09-01 19:04:48.839185: Current learning rate: 0.00126
2026-09-01 19:06:31.422101: train_loss -0.6488
2026-09-01 19:06:31.423302: val_loss -0.6325
2026-09-01 19:06:31.424453: Pseudo dice [np.float32(0.1643)]
2026-09-01 19:06:31.425493: Epoch time: 102.59 s
2026-09-01 19:06:32.319176: 
2026-09-01 19:06:32.320864: Epoch 901
2026-09-01 19:06:32.321734: Current learning rate: 0.00125
2026-09-01 19:08:13.850093: train_loss -0.633
2026-09-01 19:08:13.855799: val_loss -0.6219
2026-09-01 19:08:13.868130: Pseudo dice [np.float32(0.2293)]
2026-09-01 19:08:13.869304: Epoch time: 101.53 s
2026-09-01 19:08:14.935875: 
2026-09-01 19:08:14.937146: Epoch 902
2026-09-01 19:08:14.938362: Current learning rate: 0.00124
2026-09-01 19:09:56.214761: train_loss -0.656
2026-09-01 19:09:56.220016: val_loss -0.591
2026-09-01 19:09:56.238901: Pseudo dice [np.float32(0.2553)]
2026-09-01 19:09:56.240184: Epoch time: 101.28 s
2026-09-01 19:09:57.337315: 
2026-09-01 19:09:57.338841: Epoch 903
2026-09-01 19:09:57.339787: Current learning rate: 0.00122
2026-09-01 19:11:41.292412: train_loss -0.6435
2026-09-01 19:11:41.297757: val_loss -0.6207
2026-09-01 19:11:41.299139: Pseudo dice [np.float32(0.1493)]
2026-09-01 19:11:41.300408: Epoch time: 103.96 s
2026-09-01 19:11:42.517084: 
2026-09-01 19:11:42.518631: Epoch 904
2026-09-01 19:11:42.519803: Current learning rate: 0.00121
2026-09-01 19:13:23.483973: train_loss -0.6356
2026-09-01 19:13:23.485356: val_loss -0.6416
2026-09-01 19:13:23.486589: Pseudo dice [np.float32(0.2953)]
2026-09-01 19:13:23.487838: Epoch time: 100.97 s
2026-09-01 19:13:24.412181: 
2026-09-01 19:13:24.413418: Epoch 905
2026-09-01 19:13:24.414348: Current learning rate: 0.0012
2026-09-01 19:15:04.113178: train_loss -0.6345
2026-09-01 19:15:04.114480: val_loss -0.6339
2026-09-01 19:15:04.115804: Pseudo dice [np.float32(0.0951)]
2026-09-01 19:15:04.117128: Epoch time: 99.7 s
2026-09-01 19:15:05.007291: 
2026-09-01 19:15:05.008708: Epoch 906
2026-09-01 19:15:05.009599: Current learning rate: 0.00119
2026-09-01 19:16:45.361966: train_loss -0.6239
2026-09-01 19:16:45.364686: val_loss -0.631
2026-09-01 19:16:45.369788: Pseudo dice [np.float32(0.2272)]
2026-09-01 19:16:45.370981: Epoch time: 100.36 s
2026-09-01 19:16:46.396616: 
2026-09-01 19:16:46.398204: Epoch 907
2026-09-01 19:16:46.399236: Current learning rate: 0.00118
2026-09-01 19:18:35.480916: train_loss -0.6593
2026-09-01 19:18:35.495188: val_loss -0.5346
2026-09-01 19:18:35.496431: Pseudo dice [np.float32(0.4714)]
2026-09-01 19:18:35.497615: Epoch time: 109.09 s
2026-09-01 19:18:37.181788: 
2026-09-01 19:18:37.190320: Epoch 908
2026-09-01 19:18:37.191391: Current learning rate: 0.00117
2026-09-01 19:20:19.928458: train_loss -0.642
2026-09-01 19:20:19.930075: val_loss -0.6052
2026-09-01 19:20:19.931187: Pseudo dice [np.float32(0.2606)]
2026-09-01 19:20:19.932203: Epoch time: 102.75 s
2026-09-01 19:20:20.826146: 
2026-09-01 19:20:20.827543: Epoch 909
2026-09-01 19:20:20.828439: Current learning rate: 0.00116
2026-09-01 19:22:00.393958: train_loss -0.6672
2026-09-01 19:22:00.395201: val_loss -0.5907
2026-09-01 19:22:00.396633: Pseudo dice [np.float32(0.2947)]
2026-09-01 19:22:00.397709: Epoch time: 99.57 s
2026-09-01 19:22:01.288515: 
2026-09-01 19:22:01.289798: Epoch 910
2026-09-01 19:22:01.290784: Current learning rate: 0.00115
2026-09-01 19:23:44.449069: train_loss -0.6309
2026-09-01 19:23:44.450285: val_loss -0.5743
2026-09-01 19:23:44.451309: Pseudo dice [np.float32(0.5224)]
2026-09-01 19:23:44.452148: Epoch time: 103.16 s
2026-09-01 19:23:45.349525: 
2026-09-01 19:23:45.351183: Epoch 911
2026-09-01 19:23:45.351994: Current learning rate: 0.00113
2026-09-01 19:25:32.644823: train_loss -0.6594
2026-09-01 19:25:32.648954: val_loss -0.6203
2026-09-01 19:25:32.653115: Pseudo dice [np.float32(0.2506)]
2026-09-01 19:25:32.654675: Epoch time: 107.3 s
2026-09-01 19:25:33.771078: 
2026-09-01 19:25:33.772491: Epoch 912
2026-09-01 19:25:33.773485: Current learning rate: 0.00112
2026-09-01 19:27:13.198106: train_loss -0.6537
2026-09-01 19:27:13.199332: val_loss -0.6642
2026-09-01 19:27:13.200593: Pseudo dice [np.float32(0.6074)]
2026-09-01 19:27:13.201904: Epoch time: 99.43 s
2026-09-01 19:27:14.108373: 
2026-09-01 19:27:14.109676: Epoch 913
2026-09-01 19:27:14.110675: Current learning rate: 0.00111
2026-09-01 19:28:54.098440: train_loss -0.6513
2026-09-01 19:28:54.099686: val_loss -0.5775
2026-09-01 19:28:54.100851: Pseudo dice [np.float32(0.4278)]
2026-09-01 19:28:54.101878: Epoch time: 99.99 s
2026-09-01 19:28:54.992763: 
2026-09-01 19:28:54.994248: Epoch 914
2026-09-01 19:28:54.995282: Current learning rate: 0.0011
2026-09-01 19:30:35.736006: train_loss -0.6285
2026-09-01 19:30:35.768680: val_loss -0.6325
2026-09-01 19:30:35.769776: Pseudo dice [np.float32(0.6006)]
2026-09-01 19:30:35.770809: Epoch time: 100.75 s
2026-09-01 19:30:35.771882: Yayy! New best EMA pseudo Dice: 0.36899998784065247
2026-09-01 19:30:38.712053: 
2026-09-01 19:30:38.713525: Epoch 915
2026-09-01 19:30:38.714658: Current learning rate: 0.00109
2026-09-01 19:32:19.161719: train_loss -0.6736
2026-09-01 19:32:19.180436: val_loss -0.6288
2026-09-01 19:32:19.181812: Pseudo dice [np.float32(0.1283)]
2026-09-01 19:32:19.182990: Epoch time: 100.45 s
2026-09-01 19:32:20.077153: 
2026-09-01 19:32:20.078643: Epoch 916
2026-09-01 19:32:20.079648: Current learning rate: 0.00108
2026-09-01 19:34:00.743160: train_loss -0.6504
2026-09-01 19:34:00.744406: val_loss -0.5815
2026-09-01 19:34:00.745323: Pseudo dice [np.float32(0.1584)]
2026-09-01 19:34:00.746198: Epoch time: 100.67 s
2026-09-01 19:34:01.641669: 
2026-09-01 19:34:01.642979: Epoch 917
2026-09-01 19:34:01.644165: Current learning rate: 0.00106
2026-09-01 19:35:42.390059: train_loss -0.6402
2026-09-01 19:35:42.403875: val_loss -0.627
2026-09-01 19:35:42.405008: Pseudo dice [np.float32(0.5689)]
2026-09-01 19:35:42.406119: Epoch time: 100.75 s
2026-09-01 19:35:43.366117: 
2026-09-01 19:35:43.367723: Epoch 918
2026-09-01 19:35:43.368760: Current learning rate: 0.00105
2026-09-01 19:37:24.140466: train_loss -0.6548
2026-09-01 19:37:24.160598: val_loss -0.5934
2026-09-01 19:37:24.162465: Pseudo dice [np.float32(0.5057)]
2026-09-01 19:37:24.163992: Epoch time: 100.78 s
2026-09-01 19:37:25.104843: 
2026-09-01 19:37:25.106103: Epoch 919
2026-09-01 19:37:25.107312: Current learning rate: 0.00104
2026-09-01 19:39:11.476179: train_loss -0.677
2026-09-01 19:39:11.481374: val_loss -0.659
2026-09-01 19:39:11.482636: Pseudo dice [np.float32(0.3967)]
2026-09-01 19:39:11.483601: Epoch time: 106.37 s
2026-09-01 19:39:11.484608: Yayy! New best EMA pseudo Dice: 0.36910000443458557
2026-09-01 19:39:13.953323: 
2026-09-01 19:39:13.954842: Epoch 920
2026-09-01 19:39:13.955930: Current learning rate: 0.00103
2026-09-01 19:40:53.978184: train_loss -0.6723
2026-09-01 19:40:53.979615: val_loss -0.5893
2026-09-01 19:40:53.980675: Pseudo dice [np.float32(0.1475)]
2026-09-01 19:40:53.981697: Epoch time: 100.03 s
2026-09-01 19:40:54.880843: 
2026-09-01 19:40:54.882199: Epoch 921
2026-09-01 19:40:54.883290: Current learning rate: 0.00102
2026-09-01 19:42:35.110179: train_loss -0.6763
2026-09-01 19:42:35.124307: val_loss -0.6594
2026-09-01 19:42:35.125836: Pseudo dice [np.float32(0.2666)]
2026-09-01 19:42:35.130669: Epoch time: 100.23 s
2026-09-01 19:42:36.253810: 
2026-09-01 19:42:36.255377: Epoch 922
2026-09-01 19:42:36.256276: Current learning rate: 0.00101
2026-09-01 19:44:16.589884: train_loss -0.6679
2026-09-01 19:44:16.591796: val_loss -0.6073
2026-09-01 19:44:16.593062: Pseudo dice [np.float32(0.6218)]
2026-09-01 19:44:16.594231: Epoch time: 100.34 s
2026-09-01 19:44:17.519465: 
2026-09-01 19:44:17.520973: Epoch 923
2026-09-01 19:44:17.521997: Current learning rate: 0.001
2026-09-01 19:45:57.595260: train_loss -0.6595
2026-09-01 19:45:57.596557: val_loss -0.5848
2026-09-01 19:45:57.598032: Pseudo dice [np.float32(0.192)]
2026-09-01 19:45:57.599020: Epoch time: 100.08 s
2026-09-01 19:45:58.510304: 
2026-09-01 19:45:58.511537: Epoch 924
2026-09-01 19:45:58.512360: Current learning rate: 0.00098
2026-09-01 19:47:42.910008: train_loss -0.6525
2026-09-01 19:47:42.916660: val_loss -0.5223
2026-09-01 19:47:42.919893: Pseudo dice [np.float32(0.5961)]
2026-09-01 19:47:42.965933: Epoch time: 104.39 s
2026-09-01 19:47:42.967220: Yayy! New best EMA pseudo Dice: 0.3743000030517578
2026-09-01 19:47:45.343385: 
2026-09-01 19:47:45.345302: Epoch 925
2026-09-01 19:47:45.346233: Current learning rate: 0.00097
2026-09-01 19:49:25.189101: train_loss -0.6703
2026-09-01 19:49:25.190413: val_loss -0.541
2026-09-01 19:49:25.191493: Pseudo dice [np.float32(0.3192)]
2026-09-01 19:49:25.192520: Epoch time: 99.85 s
2026-09-01 19:49:27.350601: 
2026-09-01 19:49:27.351858: Epoch 926
2026-09-01 19:49:27.352749: Current learning rate: 0.00096
2026-09-01 19:51:10.139905: train_loss -0.673
2026-09-01 19:51:10.142585: val_loss -0.5653
2026-09-01 19:51:10.143631: Pseudo dice [np.float32(0.2243)]
2026-09-01 19:51:10.145007: Epoch time: 102.79 s
2026-09-01 19:51:11.135303: 
2026-09-01 19:51:11.136846: Epoch 927
2026-09-01 19:51:11.137897: Current learning rate: 0.00095
2026-09-01 19:52:52.079580: train_loss -0.6722
2026-09-01 19:52:52.085542: val_loss -0.6071
2026-09-01 19:52:52.087468: Pseudo dice [np.float32(0.262)]
2026-09-01 19:52:52.088462: Epoch time: 100.95 s
2026-09-01 19:52:53.102852: 
2026-09-01 19:52:53.104373: Epoch 928
2026-09-01 19:52:53.105693: Current learning rate: 0.00094
2026-09-01 19:54:33.154555: train_loss -0.6471
2026-09-01 19:54:33.156421: val_loss -0.5688
2026-09-01 19:54:33.157621: Pseudo dice [np.float32(0.3956)]
2026-09-01 19:54:33.158789: Epoch time: 100.05 s
2026-09-01 19:54:34.117630: 
2026-09-01 19:54:34.119205: Epoch 929
2026-09-01 19:54:34.120109: Current learning rate: 0.00092
2026-09-01 19:56:17.324362: train_loss -0.6405
2026-09-01 19:56:17.326161: val_loss -0.6322
2026-09-01 19:56:17.327232: Pseudo dice [np.float32(0.3522)]
2026-09-01 19:56:17.328410: Epoch time: 103.21 s
2026-09-01 19:56:18.270824: 
2026-09-01 19:56:18.272195: Epoch 930
2026-09-01 19:56:18.273566: Current learning rate: 0.00091
2026-09-01 19:58:02.637485: train_loss -0.6771
2026-09-01 19:58:02.646581: val_loss -0.6337
2026-09-01 19:58:02.651357: Pseudo dice [np.float32(0.3751)]
2026-09-01 19:58:02.652865: Epoch time: 104.37 s
2026-09-01 19:58:03.780343: 
2026-09-01 19:58:03.782012: Epoch 931
2026-09-01 19:58:03.783525: Current learning rate: 0.0009
2026-09-01 19:59:46.057937: train_loss -0.6473
2026-09-01 19:59:46.060724: val_loss -0.6828
2026-09-01 19:59:46.061726: Pseudo dice [np.float32(0.7053)]
2026-09-01 19:59:46.065802: Epoch time: 102.28 s
2026-09-01 19:59:46.067233: Yayy! New best EMA pseudo Dice: 0.3880999982357025
2026-09-01 19:59:48.406181: 
2026-09-01 19:59:48.407616: Epoch 932
2026-09-01 19:59:48.408678: Current learning rate: 0.00089
2026-09-01 20:01:33.122335: train_loss -0.667
2026-09-01 20:01:33.143841: val_loss -0.6047
2026-09-01 20:01:33.145131: Pseudo dice [np.float32(0.5082)]
2026-09-01 20:01:33.146258: Epoch time: 104.72 s
2026-09-01 20:01:33.150697: Yayy! New best EMA pseudo Dice: 0.4000999927520752
2026-09-01 20:01:35.771738: 
2026-09-01 20:01:35.772892: Epoch 933
2026-09-01 20:01:35.773856: Current learning rate: 0.00088
2026-09-01 20:03:18.173951: train_loss -0.6576
2026-09-01 20:03:18.175244: val_loss -0.6191
2026-09-01 20:03:18.176443: Pseudo dice [np.float32(0.1554)]
2026-09-01 20:03:18.177822: Epoch time: 102.4 s
2026-09-01 20:03:19.086390: 
2026-09-01 20:03:19.087887: Epoch 934
2026-09-01 20:03:19.088804: Current learning rate: 0.00087
2026-09-01 20:05:00.148106: train_loss -0.6915
2026-09-01 20:05:00.170364: val_loss -0.6731
2026-09-01 20:05:00.171821: Pseudo dice [np.float32(0.5153)]
2026-09-01 20:05:00.172947: Epoch time: 101.06 s
2026-09-01 20:05:01.177577: 
2026-09-01 20:05:01.179140: Epoch 935
2026-09-01 20:05:01.180202: Current learning rate: 0.00085
2026-09-01 20:06:42.724174: train_loss -0.6535
2026-09-01 20:06:42.725460: val_loss -0.5714
2026-09-01 20:06:42.726439: Pseudo dice [np.float32(0.6567)]
2026-09-01 20:06:42.727746: Epoch time: 101.55 s
2026-09-01 20:06:42.728985: Yayy! New best EMA pseudo Dice: 0.4162999987602234
2026-09-01 20:06:45.148864: 
2026-09-01 20:06:45.150157: Epoch 936
2026-09-01 20:06:45.151132: Current learning rate: 0.00084
2026-09-01 20:08:24.161698: train_loss -0.6421
2026-09-01 20:08:24.162989: val_loss -0.5803
2026-09-01 20:08:24.164179: Pseudo dice [np.float32(0.3359)]
2026-09-01 20:08:24.165309: Epoch time: 99.02 s
2026-09-01 20:08:25.106728: 
2026-09-01 20:08:25.108172: Epoch 937
2026-09-01 20:08:25.109391: Current learning rate: 0.00083
2026-09-01 20:10:05.943786: train_loss -0.6681
2026-09-01 20:10:05.944936: val_loss -0.7163
2026-09-01 20:10:05.946243: Pseudo dice [np.float32(0.6149)]
2026-09-01 20:10:05.947188: Epoch time: 100.84 s
2026-09-01 20:10:05.948166: Yayy! New best EMA pseudo Dice: 0.42890000343322754
2026-09-01 20:10:08.110356: 
2026-09-01 20:10:08.111892: Epoch 938
2026-09-01 20:10:08.113045: Current learning rate: 0.00082
2026-09-01 20:11:49.096233: train_loss -0.6574
2026-09-01 20:11:49.102126: val_loss -0.6061
2026-09-01 20:11:49.103281: Pseudo dice [np.float32(0.3862)]
2026-09-01 20:11:49.104719: Epoch time: 100.99 s
2026-09-01 20:11:50.378162: 
2026-09-01 20:11:50.379929: Epoch 939
2026-09-01 20:11:50.380980: Current learning rate: 0.00081
2026-09-01 20:13:33.789320: train_loss -0.6603
2026-09-01 20:13:33.796476: val_loss -0.6213
2026-09-01 20:13:33.803181: Pseudo dice [np.float32(0.5451)]
2026-09-01 20:13:33.804216: Epoch time: 103.41 s
2026-09-01 20:13:33.805114: Yayy! New best EMA pseudo Dice: 0.4366999864578247
2026-09-01 20:13:37.038863: 
2026-09-01 20:13:37.040304: Epoch 940
2026-09-01 20:13:37.041560: Current learning rate: 0.00079
2026-09-01 20:15:17.482747: train_loss -0.6807
2026-09-01 20:15:17.484261: val_loss -0.6454
2026-09-01 20:15:17.485505: Pseudo dice [np.float32(0.4759)]
2026-09-01 20:15:17.486526: Epoch time: 100.45 s
2026-09-01 20:15:17.487507: Yayy! New best EMA pseudo Dice: 0.4406000077724457
2026-09-01 20:15:19.660085: 
2026-09-01 20:15:19.661493: Epoch 941
2026-09-01 20:15:19.662400: Current learning rate: 0.00078
2026-09-01 20:17:00.321840: train_loss -0.6452
2026-09-01 20:17:00.323407: val_loss -0.611
2026-09-01 20:17:00.324443: Pseudo dice [np.float32(0.2089)]
2026-09-01 20:17:00.325435: Epoch time: 100.66 s
2026-09-01 20:17:01.456146: 
2026-09-01 20:17:01.457624: Epoch 942
2026-09-01 20:17:01.458686: Current learning rate: 0.00077
2026-09-01 20:18:42.877003: train_loss -0.6528
2026-09-01 20:18:42.881972: val_loss -0.6054
2026-09-01 20:18:42.883004: Pseudo dice [np.float32(0.1875)]
2026-09-01 20:18:42.884179: Epoch time: 101.42 s
2026-09-01 20:18:43.976875: 
2026-09-01 20:18:43.978233: Epoch 943
2026-09-01 20:18:43.979139: Current learning rate: 0.00076
2026-09-01 20:20:23.965402: train_loss -0.6684
2026-09-01 20:20:23.966670: val_loss -0.6414
2026-09-01 20:20:23.967649: Pseudo dice [np.float32(0.6682)]
2026-09-01 20:20:23.968526: Epoch time: 99.99 s
2026-09-01 20:20:24.865350: 
2026-09-01 20:20:24.866929: Epoch 944
2026-09-01 20:20:24.867824: Current learning rate: 0.00075
2026-09-01 20:22:07.820855: train_loss -0.6931
2026-09-01 20:22:07.822448: val_loss -0.5984
2026-09-01 20:22:07.823369: Pseudo dice [np.float32(0.1566)]
2026-09-01 20:22:07.824363: Epoch time: 102.96 s
2026-09-01 20:22:08.965901: 
2026-09-01 20:22:08.967391: Epoch 945
2026-09-01 20:22:08.968300: Current learning rate: 0.00074
2026-09-01 20:23:49.650450: train_loss -0.67
2026-09-01 20:23:49.651666: val_loss -0.5397
2026-09-01 20:23:49.675641: Pseudo dice [np.float32(0.4945)]
2026-09-01 20:23:49.677022: Epoch time: 100.69 s
2026-09-01 20:23:50.614705: 
2026-09-01 20:23:50.616284: Epoch 946
2026-09-01 20:23:50.617319: Current learning rate: 0.00072
2026-09-01 20:25:29.966047: train_loss -0.676
2026-09-01 20:25:29.967557: val_loss -0.6374
2026-09-01 20:25:30.010174: Pseudo dice [np.float32(0.5491)]
2026-09-01 20:25:30.016704: Epoch time: 99.35 s
2026-09-01 20:25:31.000544: 
2026-09-01 20:25:31.002051: Epoch 947
2026-09-01 20:25:31.002971: Current learning rate: 0.00071
2026-09-01 20:27:11.275708: train_loss -0.6617
2026-09-01 20:27:11.277305: val_loss -0.6493
2026-09-01 20:27:11.278715: Pseudo dice [np.float32(0.5986)]
2026-09-01 20:27:11.280048: Epoch time: 100.28 s
2026-09-01 20:27:12.174936: 
2026-09-01 20:27:12.176823: Epoch 948
2026-09-01 20:27:12.177850: Current learning rate: 0.0007
2026-09-01 20:28:53.690290: train_loss -0.682
2026-09-01 20:28:53.692150: val_loss -0.6573
2026-09-01 20:28:53.693622: Pseudo dice [np.float32(0.617)]
2026-09-01 20:28:53.694863: Epoch time: 101.52 s
2026-09-01 20:28:53.695919: Yayy! New best EMA pseudo Dice: 0.4555000066757202
2026-09-01 20:28:55.845082: 
2026-09-01 20:28:55.846531: Epoch 949
2026-09-01 20:28:55.847706: Current learning rate: 0.00069
2026-09-01 20:30:35.773109: train_loss -0.6679
2026-09-01 20:30:35.774584: val_loss -0.6142
2026-09-01 20:30:35.775817: Pseudo dice [np.float32(0.338)]
2026-09-01 20:30:35.776831: Epoch time: 99.93 s
2026-09-01 20:30:37.750907: 
2026-09-01 20:30:37.752202: Epoch 950
2026-09-01 20:30:37.753213: Current learning rate: 0.00067
2026-09-01 20:32:22.060547: train_loss -0.6763
2026-09-01 20:32:22.061792: val_loss -0.6392
2026-09-01 20:32:22.062821: Pseudo dice [np.float32(0.5902)]
2026-09-01 20:32:22.063852: Epoch time: 104.31 s
2026-09-01 20:32:22.064826: Yayy! New best EMA pseudo Dice: 0.45840001106262207
2026-09-01 20:32:24.184848: 
2026-09-01 20:32:24.186260: Epoch 951
2026-09-01 20:32:24.187314: Current learning rate: 0.00066
2026-09-01 20:34:04.593096: train_loss -0.676
2026-09-01 20:34:04.595440: val_loss -0.5915
2026-09-01 20:34:04.596679: Pseudo dice [np.float32(0.4945)]
2026-09-01 20:34:04.597871: Epoch time: 100.41 s
2026-09-01 20:34:04.598854: Yayy! New best EMA pseudo Dice: 0.4620000123977661
2026-09-01 20:34:06.519242: 
2026-09-01 20:34:06.520588: Epoch 952
2026-09-01 20:34:06.521475: Current learning rate: 0.00065
2026-09-01 20:35:49.718813: train_loss -0.6709
2026-09-01 20:35:49.721605: val_loss -0.6484
2026-09-01 20:35:49.722960: Pseudo dice [np.float32(0.6096)]
2026-09-01 20:35:49.724199: Epoch time: 103.2 s
2026-09-01 20:35:49.725371: Yayy! New best EMA pseudo Dice: 0.4767000079154968
2026-09-01 20:35:53.166450: 
2026-09-01 20:35:53.168133: Epoch 953
2026-09-01 20:35:53.169146: Current learning rate: 0.00064
2026-09-01 20:37:39.431749: train_loss -0.6701
2026-09-01 20:37:39.446891: val_loss -0.5892
2026-09-01 20:37:39.448558: Pseudo dice [np.float32(0.2408)]
2026-09-01 20:37:39.450046: Epoch time: 106.27 s
2026-09-01 20:37:40.596571: 
2026-09-01 20:37:40.598010: Epoch 954
2026-09-01 20:37:40.598951: Current learning rate: 0.00063
2026-09-01 20:39:20.565492: train_loss -0.6396
2026-09-01 20:39:20.566808: val_loss -0.551
2026-09-01 20:39:20.568035: Pseudo dice [np.float32(0.4356)]
2026-09-01 20:39:20.568918: Epoch time: 99.97 s
2026-09-01 20:39:21.479882: 
2026-09-01 20:39:21.481351: Epoch 955
2026-09-01 20:39:21.482316: Current learning rate: 0.00061
2026-09-01 20:41:01.013208: train_loss -0.6902
2026-09-01 20:41:01.015566: val_loss -0.6269
2026-09-01 20:41:01.016627: Pseudo dice [np.float32(0.5168)]
2026-09-01 20:41:01.017511: Epoch time: 99.54 s
2026-09-01 20:41:01.931561: 
2026-09-01 20:41:01.932936: Epoch 956
2026-09-01 20:41:01.934172: Current learning rate: 0.0006
2026-09-01 20:42:47.173472: train_loss -0.6524
2026-09-01 20:42:47.180474: val_loss -0.5832
2026-09-01 20:42:47.181669: Pseudo dice [np.float32(0.4866)]
2026-09-01 20:42:47.182851: Epoch time: 105.24 s
2026-09-01 20:42:48.502300: 
2026-09-01 20:42:48.503914: Epoch 957
2026-09-01 20:42:48.504867: Current learning rate: 0.00059
2026-09-01 20:44:29.483223: train_loss -0.6596
2026-09-01 20:44:29.484316: val_loss -0.6611
2026-09-01 20:44:29.485414: Pseudo dice [np.float32(0.3307)]
2026-09-01 20:44:29.486410: Epoch time: 100.98 s
2026-09-01 20:44:30.389536: 
2026-09-01 20:44:30.390800: Epoch 958
2026-09-01 20:44:30.391764: Current learning rate: 0.00058
2026-09-01 20:46:11.668467: train_loss -0.6741
2026-09-01 20:46:11.671226: val_loss -0.6208
2026-09-01 20:46:11.672396: Pseudo dice [np.float32(0.5018)]
2026-09-01 20:46:11.673485: Epoch time: 101.28 s
2026-09-01 20:46:12.967108: 
2026-09-01 20:46:12.968455: Epoch 959
2026-09-01 20:46:12.969395: Current learning rate: 0.00056
2026-09-01 20:47:54.318893: train_loss -0.6879
2026-09-01 20:47:54.321298: val_loss -0.5834
2026-09-01 20:47:54.322631: Pseudo dice [np.float32(0.538)]
2026-09-01 20:47:54.323558: Epoch time: 101.35 s
2026-09-01 20:47:55.471614: 
2026-09-01 20:47:55.472927: Epoch 960
2026-09-01 20:47:55.473938: Current learning rate: 0.00055
2026-09-01 20:49:37.341021: train_loss -0.6743
2026-09-01 20:49:37.346132: val_loss -0.6987
2026-09-01 20:49:37.347441: Pseudo dice [np.float32(0.7298)]
2026-09-01 20:49:37.349072: Epoch time: 101.87 s
2026-09-01 20:49:37.350279: Yayy! New best EMA pseudo Dice: 0.4884999990463257
2026-09-01 20:49:40.356415: 
2026-09-01 20:49:40.357678: Epoch 961
2026-09-01 20:49:40.359035: Current learning rate: 0.00054
2026-09-01 20:51:23.519670: train_loss -0.6826
2026-09-01 20:51:23.521337: val_loss -0.5706
2026-09-01 20:51:23.522398: Pseudo dice [np.float32(0.4994)]
2026-09-01 20:51:23.523328: Epoch time: 103.17 s
2026-09-01 20:51:23.524379: Yayy! New best EMA pseudo Dice: 0.4896000027656555
2026-09-01 20:51:25.849144: 
2026-09-01 20:51:25.852147: Epoch 962
2026-09-01 20:51:25.853542: Current learning rate: 0.00053
2026-09-01 20:53:09.726313: train_loss -0.6783
2026-09-01 20:53:09.733406: val_loss -0.5805
2026-09-01 20:53:09.734864: Pseudo dice [np.float32(0.4071)]
2026-09-01 20:53:09.736149: Epoch time: 103.88 s
2026-09-01 20:53:11.677923: 
2026-09-01 20:53:11.679678: Epoch 963
2026-09-01 20:53:11.680799: Current learning rate: 0.00051
2026-09-01 20:54:56.370232: train_loss -0.6921
2026-09-01 20:54:56.377283: val_loss -0.5704
2026-09-01 20:54:56.378894: Pseudo dice [np.float32(0.7247)]
2026-09-01 20:54:56.380373: Epoch time: 104.69 s
2026-09-01 20:54:56.381567: Yayy! New best EMA pseudo Dice: 0.5056999921798706
2026-09-01 20:54:58.845155: 
2026-09-01 20:54:58.846508: Epoch 964
2026-09-01 20:54:58.847334: Current learning rate: 0.0005
2026-09-01 20:56:40.413825: train_loss -0.6612
2026-09-01 20:56:40.428127: val_loss -0.6762
2026-09-01 20:56:40.429304: Pseudo dice [np.float32(0.4522)]
2026-09-01 20:56:40.430598: Epoch time: 101.57 s
2026-09-01 20:56:42.036642: 
2026-09-01 20:56:42.038365: Epoch 965
2026-09-01 20:56:42.039511: Current learning rate: 0.00049
2026-09-01 20:58:22.508704: train_loss -0.6656
2026-09-01 20:58:22.509887: val_loss -0.5736
2026-09-01 20:58:22.510947: Pseudo dice [np.float32(0.514)]
2026-09-01 20:58:22.512018: Epoch time: 100.47 s
2026-09-01 20:58:23.436761: 
2026-09-01 20:58:23.438485: Epoch 966
2026-09-01 20:58:23.439532: Current learning rate: 0.00048
2026-09-01 21:00:03.215424: train_loss -0.694
2026-09-01 21:00:03.216920: val_loss -0.5643
2026-09-01 21:00:03.218017: Pseudo dice [np.float32(0.1558)]
2026-09-01 21:00:03.219045: Epoch time: 99.78 s
2026-09-01 21:00:04.137597: 
2026-09-01 21:00:04.139022: Epoch 967
2026-09-01 21:00:04.140565: Current learning rate: 0.00046
2026-09-01 21:01:42.493942: train_loss -0.6789
2026-09-01 21:01:42.495158: val_loss -0.5886
2026-09-01 21:01:42.496221: Pseudo dice [np.float32(0.2781)]
2026-09-01 21:01:42.497189: Epoch time: 98.36 s
2026-09-01 21:01:43.432564: 
2026-09-01 21:01:43.433843: Epoch 968
2026-09-01 21:01:43.434871: Current learning rate: 0.00045
2026-09-01 21:03:22.859799: train_loss -0.6972
2026-09-01 21:03:22.861018: val_loss -0.6297
2026-09-01 21:03:22.862122: Pseudo dice [np.float32(0.3058)]
2026-09-01 21:03:22.863158: Epoch time: 99.43 s
2026-09-01 21:03:23.786108: 
2026-09-01 21:03:23.787828: Epoch 969
2026-09-01 21:03:23.789226: Current learning rate: 0.00044
2026-09-01 21:05:02.820961: train_loss -0.6902
2026-09-01 21:05:02.822822: val_loss -0.5983
2026-09-01 21:05:02.823933: Pseudo dice [np.float32(0.6599)]
2026-09-01 21:05:02.824968: Epoch time: 99.04 s
2026-09-01 21:05:03.777160: 
2026-09-01 21:05:03.778317: Epoch 970
2026-09-01 21:05:03.779348: Current learning rate: 0.00043
2026-09-01 21:06:46.035814: train_loss -0.7035
2026-09-01 21:06:46.037119: val_loss -0.5984
2026-09-01 21:06:46.061472: Pseudo dice [np.float32(0.3576)]
2026-09-01 21:06:46.062833: Epoch time: 102.26 s
2026-09-01 21:06:47.087437: 
2026-09-01 21:06:47.088700: Epoch 971
2026-09-01 21:06:47.089787: Current learning rate: 0.00041
2026-09-01 21:08:26.162450: train_loss -0.6901
2026-09-01 21:08:26.163836: val_loss -0.6768
2026-09-01 21:08:26.164934: Pseudo dice [np.float32(0.7354)]
2026-09-01 21:08:26.166148: Epoch time: 99.08 s
2026-09-01 21:08:27.127970: 
2026-09-01 21:08:27.129398: Epoch 972
2026-09-01 21:08:27.130355: Current learning rate: 0.0004
2026-09-01 21:10:08.883208: train_loss -0.7034
2026-09-01 21:10:08.884830: val_loss -0.6086
2026-09-01 21:10:08.886096: Pseudo dice [np.float32(0.3963)]
2026-09-01 21:10:08.887419: Epoch time: 101.76 s
2026-09-01 21:10:09.807634: 
2026-09-01 21:10:09.809125: Epoch 973
2026-09-01 21:10:09.810182: Current learning rate: 0.00039
2026-09-01 21:11:52.497822: train_loss -0.6895
2026-09-01 21:11:52.501875: val_loss -0.6089
2026-09-01 21:11:52.506901: Pseudo dice [np.float32(0.4598)]
2026-09-01 21:11:52.509130: Epoch time: 102.69 s
2026-09-01 21:11:53.647414: 
2026-09-01 21:11:53.648908: Epoch 974
2026-09-01 21:11:53.649823: Current learning rate: 0.00037
2026-09-01 21:13:32.424513: train_loss -0.6794
2026-09-01 21:13:32.425771: val_loss -0.4896
2026-09-01 21:13:32.426792: Pseudo dice [np.float32(0.3692)]
2026-09-01 21:13:32.427616: Epoch time: 98.78 s
2026-09-01 21:13:33.335929: 
2026-09-01 21:13:33.337086: Epoch 975
2026-09-01 21:13:33.337907: Current learning rate: 0.00036
2026-09-01 21:15:15.075157: train_loss -0.6849
2026-09-01 21:15:15.099432: val_loss -0.6192
2026-09-01 21:15:15.100558: Pseudo dice [np.float32(0.4262)]
2026-09-01 21:15:15.101991: Epoch time: 101.74 s
2026-09-01 21:15:16.522542: 
2026-09-01 21:15:16.523886: Epoch 976
2026-09-01 21:15:16.524848: Current learning rate: 0.00035
2026-09-01 21:16:58.974863: train_loss -0.6965
2026-09-01 21:16:58.980437: val_loss -0.6607
2026-09-01 21:16:58.984166: Pseudo dice [np.float32(0.7686)]
2026-09-01 21:16:58.985701: Epoch time: 102.45 s
2026-09-01 21:17:00.141667: 
2026-09-01 21:17:00.143084: Epoch 977
2026-09-01 21:17:00.144184: Current learning rate: 0.00034
2026-09-01 21:18:50.507699: train_loss -0.6626
2026-09-01 21:18:50.512582: val_loss -0.6351
2026-09-01 21:18:50.514178: Pseudo dice [np.float32(0.6986)]
2026-09-01 21:18:50.515167: Epoch time: 110.37 s
2026-09-01 21:18:50.515985: Yayy! New best EMA pseudo Dice: 0.5067999958992004
2026-09-01 21:18:52.781547: 
2026-09-01 21:18:52.783117: Epoch 978
2026-09-01 21:18:52.784153: Current learning rate: 0.00032
2026-09-01 21:20:33.319990: train_loss -0.6985
2026-09-01 21:20:33.321553: val_loss -0.6722
2026-09-01 21:20:33.322871: Pseudo dice [np.float32(0.6919)]
2026-09-01 21:20:33.324077: Epoch time: 100.54 s
2026-09-01 21:20:33.325140: Yayy! New best EMA pseudo Dice: 0.5253000259399414
2026-09-01 21:20:35.510052: 
2026-09-01 21:20:35.511394: Epoch 979
2026-09-01 21:20:35.512483: Current learning rate: 0.00031
2026-09-01 21:22:15.798392: train_loss -0.6815
2026-09-01 21:22:15.799663: val_loss -0.5567
2026-09-01 21:22:15.801003: Pseudo dice [np.float32(0.537)]
2026-09-01 21:22:15.802064: Epoch time: 100.29 s
2026-09-01 21:22:15.803006: Yayy! New best EMA pseudo Dice: 0.5264999866485596
2026-09-01 21:22:17.943953: 
2026-09-01 21:22:17.945261: Epoch 980
2026-09-01 21:22:17.946517: Current learning rate: 0.0003
2026-09-01 21:23:58.161936: train_loss -0.6772
2026-09-01 21:23:58.172218: val_loss -0.624
2026-09-01 21:23:58.173700: Pseudo dice [np.float32(0.7475)]
2026-09-01 21:23:58.174816: Epoch time: 100.22 s
2026-09-01 21:23:58.175756: Yayy! New best EMA pseudo Dice: 0.5486000180244446
2026-09-01 21:24:01.594237: 
2026-09-01 21:24:01.595773: Epoch 981
2026-09-01 21:24:01.596801: Current learning rate: 0.00028
2026-09-01 21:25:41.242348: train_loss -0.6746
2026-09-01 21:25:41.243811: val_loss -0.6422
2026-09-01 21:25:41.245163: Pseudo dice [np.float32(0.6049)]
2026-09-01 21:25:41.246145: Epoch time: 99.65 s
2026-09-01 21:25:41.247147: Yayy! New best EMA pseudo Dice: 0.5541999936103821
2026-09-01 21:25:43.461222: 
2026-09-01 21:25:43.462847: Epoch 982
2026-09-01 21:25:43.463973: Current learning rate: 0.00027
2026-09-01 21:27:24.859982: train_loss -0.7169
2026-09-01 21:27:24.863069: val_loss -0.6501
2026-09-01 21:27:24.867614: Pseudo dice [np.float32(0.4514)]
2026-09-01 21:27:24.868918: Epoch time: 101.4 s
2026-09-01 21:27:25.944018: 
2026-09-01 21:27:25.945711: Epoch 983
2026-09-01 21:27:25.946832: Current learning rate: 0.00026
2026-09-01 21:29:09.137213: train_loss -0.6951
2026-09-01 21:29:09.140141: val_loss -0.4908
2026-09-01 21:29:09.147049: Pseudo dice [np.float32(0.1908)]
2026-09-01 21:29:09.148691: Epoch time: 103.2 s
2026-09-01 21:29:10.660958: 
2026-09-01 21:29:10.666967: Epoch 984
2026-09-01 21:29:10.668086: Current learning rate: 0.00024
2026-09-01 21:30:51.365604: train_loss -0.7179
2026-09-01 21:30:51.367126: val_loss -0.5887
2026-09-01 21:30:51.368349: Pseudo dice [np.float32(0.2635)]
2026-09-01 21:30:51.370017: Epoch time: 100.71 s
2026-09-01 21:30:52.595037: 
2026-09-01 21:30:52.596660: Epoch 985
2026-09-01 21:30:52.597644: Current learning rate: 0.00023
2026-09-01 21:32:32.311707: train_loss -0.7164
2026-09-01 21:32:32.312999: val_loss -0.6938
2026-09-01 21:32:32.314162: Pseudo dice [np.float32(0.4644)]
2026-09-01 21:32:32.315156: Epoch time: 99.72 s
2026-09-01 21:32:33.237607: 
2026-09-01 21:32:33.238730: Epoch 986
2026-09-01 21:32:33.239723: Current learning rate: 0.00021
2026-09-01 21:34:13.050654: train_loss -0.6893
2026-09-01 21:34:13.052025: val_loss -0.6133
2026-09-01 21:34:13.053241: Pseudo dice [np.float32(0.7758)]
2026-09-01 21:34:13.054257: Epoch time: 99.82 s
2026-09-01 21:34:13.975641: 
2026-09-01 21:34:13.977446: Epoch 987
2026-09-01 21:34:13.978493: Current learning rate: 0.0002
2026-09-01 21:35:53.586461: train_loss -0.7024
2026-09-01 21:35:53.588067: val_loss -0.5168
2026-09-01 21:35:53.589226: Pseudo dice [np.float32(0.2554)]
2026-09-01 21:35:53.590654: Epoch time: 99.61 s
2026-09-01 21:35:54.549160: 
2026-09-01 21:35:54.550751: Epoch 988
2026-09-01 21:35:54.552048: Current learning rate: 0.00019
2026-09-01 21:37:40.274223: train_loss -0.6965
2026-09-01 21:37:40.276613: val_loss -0.5851
2026-09-01 21:37:40.277877: Pseudo dice [np.float32(0.2325)]
2026-09-01 21:37:40.278954: Epoch time: 105.73 s
2026-09-01 21:37:41.781901: 
2026-09-01 21:37:41.783171: Epoch 989
2026-09-01 21:37:41.784298: Current learning rate: 0.00017
2026-09-01 21:39:22.828268: train_loss -0.6914
2026-09-01 21:39:22.831061: val_loss -0.5598
2026-09-01 21:39:22.832380: Pseudo dice [np.float32(0.2209)]
2026-09-01 21:39:22.833427: Epoch time: 101.05 s
2026-09-01 21:39:23.746466: 
2026-09-01 21:39:23.747939: Epoch 990
2026-09-01 21:39:23.748754: Current learning rate: 0.00016
2026-09-01 21:41:03.714001: train_loss -0.7173
2026-09-01 21:41:03.715743: val_loss -0.6179
2026-09-01 21:41:03.717052: Pseudo dice [np.float32(0.3389)]
2026-09-01 21:41:03.718273: Epoch time: 99.97 s
2026-09-01 21:41:04.935794: 
2026-09-01 21:41:04.937307: Epoch 991
2026-09-01 21:41:04.938281: Current learning rate: 0.00014
2026-09-01 21:42:44.846647: train_loss -0.7152
2026-09-01 21:42:44.847826: val_loss -0.5542
2026-09-01 21:42:44.848975: Pseudo dice [np.float32(0.4381)]
2026-09-01 21:42:44.850094: Epoch time: 99.91 s
2026-09-01 21:42:45.768741: 
2026-09-01 21:42:45.770104: Epoch 992
2026-09-01 21:42:45.771148: Current learning rate: 0.00013
2026-09-01 21:44:26.503464: train_loss -0.6931
2026-09-01 21:44:26.505006: val_loss -0.6462
2026-09-01 21:44:26.506030: Pseudo dice [np.float32(0.7291)]
2026-09-01 21:44:26.506964: Epoch time: 100.74 s
2026-09-01 21:44:27.431933: 
2026-09-01 21:44:27.433231: Epoch 993
2026-09-01 21:44:27.434299: Current learning rate: 0.00011
2026-09-01 21:46:05.907150: train_loss -0.6944
2026-09-01 21:46:05.908499: val_loss -0.6204
2026-09-01 21:46:05.909606: Pseudo dice [np.float32(0.7271)]
2026-09-01 21:46:05.910494: Epoch time: 98.48 s
2026-09-01 21:46:06.821711: 
2026-09-01 21:46:06.823161: Epoch 994
2026-09-01 21:46:06.824145: Current learning rate: 0.0001
2026-09-01 21:47:54.241642: train_loss -0.7094
2026-09-01 21:47:54.255092: val_loss -0.6169
2026-09-01 21:47:54.273459: Pseudo dice [np.float32(0.5664)]
2026-09-01 21:47:54.274875: Epoch time: 107.42 s
2026-09-01 21:47:55.805012: 
2026-09-01 21:47:55.806606: Epoch 995
2026-09-01 21:47:55.807701: Current learning rate: 8e-05
2026-09-01 21:49:35.671962: train_loss -0.7288
2026-09-01 21:49:35.674731: val_loss -0.5789
2026-09-01 21:49:35.675766: Pseudo dice [np.float32(0.3011)]
2026-09-01 21:49:35.676785: Epoch time: 99.87 s
2026-09-01 21:49:36.607820: 
2026-09-01 21:49:36.609082: Epoch 996
2026-09-01 21:49:36.610051: Current learning rate: 7e-05
2026-09-01 21:51:15.826685: train_loss -0.7132
2026-09-01 21:51:15.828031: val_loss -0.5742
2026-09-01 21:51:15.829251: Pseudo dice [np.float32(0.3621)]
2026-09-01 21:51:15.830319: Epoch time: 99.22 s
2026-09-01 21:51:16.754383: 
2026-09-01 21:51:16.755893: Epoch 997
2026-09-01 21:51:16.756912: Current learning rate: 5e-05
2026-09-01 21:52:56.798611: train_loss -0.7156
2026-09-01 21:52:56.800069: val_loss -0.5665
2026-09-01 21:52:56.801230: Pseudo dice [np.float32(0.5601)]
2026-09-01 21:52:56.802281: Epoch time: 100.05 s
2026-09-01 21:52:57.757306: 
2026-09-01 21:52:57.758897: Epoch 998
2026-09-01 21:52:57.759814: Current learning rate: 4e-05
2026-09-01 21:54:37.209338: train_loss -0.6999
2026-09-01 21:54:37.210514: val_loss -0.6243
2026-09-01 21:54:37.211443: Pseudo dice [np.float32(0.3705)]
2026-09-01 21:54:37.212353: Epoch time: 99.45 s
2026-09-01 21:54:38.254376: 
2026-09-01 21:54:38.255735: Epoch 999
2026-09-01 21:54:38.256854: Current learning rate: 2e-05
2026-09-01 21:56:18.340691: train_loss -0.7149
2026-09-01 21:56:18.342709: val_loss -0.6031
2026-09-01 21:56:18.344194: Pseudo dice [np.float32(0.4773)]
2026-09-01 21:56:18.345287: Epoch time: 100.09 s
2026-09-01 21:56:28.580380: Training done.
2026-09-01 21:56:28.692298: Using splits from existing split file: /scratch/abdul7/TopAneu/experiments/02_rsna_self_pipeline/nnUNet_preprocessed/Dataset305_TopAneuAneurysmROI/splits_final.json
2026-09-01 21:56:28.746854: The split file contains 5 splits.
2026-09-01 21:56:28.747733: Desired fold for training: 2
2026-09-01 21:56:28.748351: This split has 334 training and 83 validation cases.
2026-09-01 21:56:28.750344: predicting topaneu_center1_mr_005
2026-09-01 21:56:28.878493: topaneu_center1_mr_005, shape torch.Size([2, 122, 255, 256]), rank 0
2026-09-01 21:56:32.015967: predicting topaneu_center1_mr_029
2026-09-01 21:56:32.070378: topaneu_center1_mr_029, shape torch.Size([2, 121, 255, 256]), rank 0
2026-09-01 21:56:32.584134: predicting topaneu_center1_mr_038
2026-09-01 21:56:32.638155: topaneu_center1_mr_038, shape torch.Size([2, 120, 255, 256]), rank 0
2026-09-01 21:56:33.149565: predicting topaneu_center1_mr_064
2026-09-01 21:56:33.204390: topaneu_center1_mr_064, shape torch.Size([2, 128, 243, 256]), rank 0
2026-09-01 21:56:33.716805: predicting topaneu_center1_mr_085
2026-09-01 21:56:33.767126: topaneu_center1_mr_085, shape torch.Size([2, 113, 249, 256]), rank 0
2026-09-01 21:56:34.276995: predicting topaneu_center1_mr_119
2026-09-01 21:56:34.326720: topaneu_center1_mr_119, shape torch.Size([2, 116, 235, 254]), rank 0
2026-09-01 21:56:34.834270: predicting topaneu_center1_mr_144
2026-09-01 21:56:34.887369: topaneu_center1_mr_144, shape torch.Size([2, 124, 243, 256]), rank 0
2026-09-01 21:56:35.399684: predicting topaneu_center1_mr_193
2026-09-01 21:56:35.448228: topaneu_center1_mr_193, shape torch.Size([2, 120, 235, 256]), rank 0
2026-09-01 21:56:35.957374: predicting topaneu_center1_mr_200
2026-09-01 21:56:36.011721: topaneu_center1_mr_200, shape torch.Size([2, 124, 245, 256]), rank 0
2026-09-01 21:56:36.513009: predicting topaneu_center1_mr_210
2026-09-01 21:56:36.565815: topaneu_center1_mr_210, shape torch.Size([2, 128, 239, 256]), rank 0
2026-09-01 21:59:00.422929: predicting topaneu_center1_mr_241
2026-09-01 21:59:00.473813: topaneu_center1_mr_241, shape torch.Size([2, 115, 243, 256]), rank 0
2026-09-01 21:59:01.030460: predicting topaneu_center1_mr_290
2026-09-01 21:59:01.081335: topaneu_center1_mr_290, shape torch.Size([2, 123, 256, 256]), rank 0
2026-09-01 21:59:01.595437: predicting topaneu_center1_mr_302
2026-09-01 21:59:01.648762: topaneu_center1_mr_302, shape torch.Size([2, 122, 249, 256]), rank 0
2026-09-01 21:59:02.164379: predicting topaneu_center1_mr_330
2026-09-01 21:59:02.215350: topaneu_center1_mr_330, shape torch.Size([2, 115, 256, 256]), rank 0
2026-09-01 21:59:02.729509: predicting topaneu_center1_mr_349
2026-09-01 21:59:02.784221: topaneu_center1_mr_349, shape torch.Size([2, 126, 247, 256]), rank 0
2026-09-01 21:59:03.301159: predicting topaneu_center1_mr_463
2026-09-01 21:59:03.355275: topaneu_center1_mr_463, shape torch.Size([2, 128, 241, 256]), rank 0
2026-09-01 21:59:03.872629: predicting topaneu_center1_mr_489
2026-09-01 21:59:03.928216: topaneu_center1_mr_489, shape torch.Size([2, 122, 256, 256]), rank 0
2026-09-01 21:59:04.443509: predicting topaneu_center1_mr_494
2026-09-01 21:59:04.490061: topaneu_center1_mr_494, shape torch.Size([2, 112, 239, 256]), rank 0
2026-09-01 21:59:05.004224: predicting topaneu_center1_mr_527
2026-09-01 21:59:05.057730: topaneu_center1_mr_527, shape torch.Size([2, 125, 247, 256]), rank 0
2026-09-01 21:59:05.572411: predicting topaneu_center1_mr_607
2026-09-01 21:59:05.622985: topaneu_center1_mr_607, shape torch.Size([2, 120, 256, 256]), rank 0
2026-09-01 21:59:06.139407: predicting topaneu_center1_mr_626
2026-09-01 21:59:06.188799: topaneu_center1_mr_626, shape torch.Size([2, 111, 253, 256]), rank 0
2026-09-01 21:59:06.703357: predicting topaneu_center1_mr_630
2026-09-01 21:59:06.757628: topaneu_center1_mr_630, shape torch.Size([2, 128, 251, 256]), rank 0
2026-09-01 21:59:07.276598: predicting topaneu_center1_mr_647
2026-09-01 21:59:07.330896: topaneu_center1_mr_647, shape torch.Size([2, 127, 247, 256]), rank 0
2026-09-01 21:59:07.845513: predicting topaneu_center1_mr_727
2026-09-01 21:59:07.896993: topaneu_center1_mr_727, shape torch.Size([2, 121, 254, 256]), rank 0
2026-09-01 21:59:08.412792: predicting topaneu_center1_mr_729
2026-09-01 21:59:08.468027: topaneu_center1_mr_729, shape torch.Size([2, 128, 256, 256]), rank 0
2026-09-01 21:59:08.972680: predicting topaneu_center1_mr_741
2026-09-01 21:59:09.026178: topaneu_center1_mr_741, shape torch.Size([2, 126, 241, 256]), rank 0
2026-09-01 21:59:09.551265: predicting topaneu_center1_mr_744
2026-09-01 21:59:09.607357: topaneu_center1_mr_744, shape torch.Size([2, 128, 253, 256]), rank 0
2026-09-01 21:59:10.126291: predicting topaneu_center1_mr_760
2026-09-01 21:59:10.179164: topaneu_center1_mr_760, shape torch.Size([2, 119, 256, 256]), rank 0
2026-09-01 21:59:10.700516: predicting topaneu_center1_mr_763
2026-09-01 21:59:10.753109: topaneu_center1_mr_763, shape torch.Size([2, 122, 256, 256]), rank 0
2026-09-01 21:59:11.268837: predicting topaneu_center1_mr_765
2026-09-01 21:59:11.324962: topaneu_center1_mr_765, shape torch.Size([2, 128, 251, 256]), rank 0
2026-09-01 21:59:11.843539: predicting topaneu_center1_mr_776
2026-09-01 21:59:11.897243: topaneu_center1_mr_776, shape torch.Size([2, 125, 256, 256]), rank 0
2026-09-01 21:59:12.415036: predicting topaneu_center1_mr_790
2026-09-01 21:59:12.468932: topaneu_center1_mr_790, shape torch.Size([2, 128, 252, 256]), rank 0
2026-09-01 21:59:12.987976: predicting topaneu_center1_mr_797
2026-09-01 21:59:13.044208: topaneu_center1_mr_797, shape torch.Size([2, 125, 254, 256]), rank 0
2026-09-01 21:59:13.559901: predicting topaneu_center1_mr_807
2026-09-01 21:59:13.615443: topaneu_center1_mr_807, shape torch.Size([2, 128, 256, 256]), rank 0
2026-09-01 21:59:14.119471: predicting topaneu_center1_mr_840
2026-09-01 21:59:14.174172: topaneu_center1_mr_840, shape torch.Size([2, 128, 252, 256]), rank 0
2026-09-01 21:59:14.693189: predicting topaneu_center1_mr_850
2026-09-01 21:59:14.744796: topaneu_center1_mr_850, shape torch.Size([2, 125, 247, 256]), rank 0
2026-09-01 21:59:15.261769: predicting topaneu_center1_mr_871
2026-09-01 21:59:15.315802: topaneu_center1_mr_871, shape torch.Size([2, 125, 250, 256]), rank 0
2026-09-01 21:59:15.832423: predicting topaneu_center1_mr_896
2026-09-01 21:59:15.882553: topaneu_center1_mr_896, shape torch.Size([2, 120, 237, 256]), rank 0
2026-09-01 21:59:16.398547: predicting topaneu_center1_mr_909
2026-09-01 21:59:16.451704: topaneu_center1_mr_909, shape torch.Size([2, 125, 256, 256]), rank 0
2026-09-01 21:59:16.970401: predicting topaneu_center1_mr_922
2026-09-01 21:59:17.019921: topaneu_center1_mr_922, shape torch.Size([2, 119, 256, 256]), rank 0
2026-09-01 21:59:17.537360: predicting topaneu_center1_mr_924
2026-09-01 21:59:17.591430: topaneu_center1_mr_924, shape torch.Size([2, 128, 256, 256]), rank 0
2026-09-01 21:59:18.094702: predicting topaneu_center2_ct_109
2026-09-01 21:59:18.143831: topaneu_center2_ct_109, shape torch.Size([2, 122, 256, 256]), rank 0
2026-09-01 21:59:18.661691: predicting topaneu_center2_ct_147
2026-09-01 21:59:18.713063: topaneu_center2_ct_147, shape torch.Size([2, 128, 256, 256]), rank 0
2026-09-01 21:59:19.217191: predicting topaneu_center2_ct_156
2026-09-01 21:59:19.273256: topaneu_center2_ct_156, shape torch.Size([2, 124, 256, 256]), rank 0
2026-09-01 21:59:19.792626: predicting topaneu_center2_ct_166
2026-09-01 21:59:19.848817: topaneu_center2_ct_166, shape torch.Size([2, 128, 252, 256]), rank 0
2026-09-01 21:59:20.367723: predicting topaneu_center2_ct_171
2026-09-01 21:59:20.422359: topaneu_center2_ct_171, shape torch.Size([2, 124, 256, 256]), rank 0
2026-09-01 21:59:20.941028: predicting topaneu_center2_ct_174
2026-09-01 21:59:20.988697: topaneu_center2_ct_174, shape torch.Size([2, 127, 242, 256]), rank 0
2026-09-01 21:59:21.504905: predicting topaneu_center2_mr_007
2026-09-01 21:59:21.547621: topaneu_center2_mr_007, shape torch.Size([2, 96, 256, 256]), rank 0
2026-09-01 21:59:22.061380: predicting topaneu_center2_mr_017
2026-09-01 21:59:22.116941: topaneu_center2_mr_017, shape torch.Size([2, 123, 256, 256]), rank 0
2026-09-01 21:59:22.632406: predicting topaneu_center2_mr_019
2026-09-01 21:59:22.688608: topaneu_center2_mr_019, shape torch.Size([2, 126, 253, 256]), rank 0
2026-09-01 21:59:23.207038: predicting topaneu_center2_mr_025
2026-09-01 21:59:23.257331: topaneu_center2_mr_025, shape torch.Size([2, 112, 255, 256]), rank 0
2026-09-01 21:59:23.773164: predicting topaneu_center2_mr_032
2026-09-01 21:59:23.814994: topaneu_center2_mr_032, shape torch.Size([2, 96, 255, 256]), rank 0
2026-09-01 21:59:24.327595: predicting topaneu_center2_mr_047
2026-09-01 21:59:24.384227: topaneu_center2_mr_047, shape torch.Size([2, 125, 256, 256]), rank 0
2026-09-01 21:59:24.900533: predicting topaneu_center2_mr_050
2026-09-01 21:59:24.954852: topaneu_center2_mr_050, shape torch.Size([2, 122, 256, 256]), rank 0
2026-09-01 21:59:25.472606: predicting topaneu_center2_mr_056
2026-09-01 21:59:25.529078: topaneu_center2_mr_056, shape torch.Size([2, 123, 256, 256]), rank 0
2026-09-01 21:59:26.047059: predicting topaneu_center2_mr_057
2026-09-01 21:59:26.100496: topaneu_center2_mr_057, shape torch.Size([2, 120, 252, 256]), rank 0
2026-09-01 21:59:26.616774: predicting topaneu_center2_mr_078
2026-09-01 21:59:26.670414: topaneu_center2_mr_078, shape torch.Size([2, 123, 256, 256]), rank 0
2026-09-01 21:59:27.187538: predicting topaneu_center2_mr_080
2026-09-01 21:59:27.239331: topaneu_center2_mr_080, shape torch.Size([2, 115, 247, 256]), rank 0
2026-09-01 21:59:27.753470: predicting topaneu_center2_mr_086
2026-09-01 21:59:27.803861: topaneu_center2_mr_086, shape torch.Size([2, 124, 237, 256]), rank 0
2026-09-01 21:59:28.319830: predicting topaneu_center4_ct_009
2026-09-01 21:59:28.372799: topaneu_center4_ct_009, shape torch.Size([2, 128, 256, 256]), rank 0
2026-09-01 21:59:28.876523: predicting topaneu_center4_ct_037
2026-09-01 21:59:28.927798: topaneu_center4_ct_037, shape torch.Size([2, 128, 256, 256]), rank 0
2026-09-01 21:59:29.432182: predicting topaneu_center4_ct_042_1
2026-09-01 21:59:29.489136: topaneu_center4_ct_042_1, shape torch.Size([2, 128, 256, 256]), rank 0
2026-09-01 21:59:29.993598: predicting topaneu_center4_ct_055
2026-09-01 21:59:30.049956: topaneu_center4_ct_055, shape torch.Size([2, 127, 256, 256]), rank 0
2026-09-01 21:59:30.568438: predicting topaneu_center4_ct_105
2026-09-01 21:59:30.616321: topaneu_center4_ct_105, shape torch.Size([2, 128, 256, 256]), rank 0
2026-09-01 21:59:31.120438: predicting topaneu_center4_ct_107
2026-09-01 21:59:31.170607: topaneu_center4_ct_107, shape torch.Size([2, 128, 256, 256]), rank 0
2026-09-01 21:59:31.677413: predicting topaneu_center4_ct_116
2026-09-01 21:59:31.722136: topaneu_center4_ct_116, shape torch.Size([2, 113, 247, 256]), rank 0
2026-09-01 21:59:32.237551: predicting topaneu_center4_ct_122
2026-09-01 21:59:32.291238: topaneu_center4_ct_122, shape torch.Size([2, 122, 254, 256]), rank 0
2026-09-01 21:59:32.808516: predicting topaneu_center4_ct_201
2026-09-01 21:59:32.856068: topaneu_center4_ct_201, shape torch.Size([2, 113, 256, 256]), rank 0
2026-09-01 21:59:33.372154: predicting topaneu_center5_mr_009
2026-09-01 21:59:33.469172: topaneu_center5_mr_009, shape torch.Size([2, 128, 256, 256]), rank 0
2026-09-01 21:59:33.973118: predicting topaneu_center5_mr_016
2026-09-01 21:59:34.038732: topaneu_center5_mr_016, shape torch.Size([2, 101, 239, 256]), rank 0
2026-09-01 21:59:34.552511: predicting topaneu_center5_mr_024
2026-09-01 21:59:34.648398: topaneu_center5_mr_024, shape torch.Size([2, 128, 256, 256]), rank 0
2026-09-01 21:59:35.151713: predicting topaneu_center5_mr_025
2026-09-01 21:59:35.219709: topaneu_center5_mr_025, shape torch.Size([2, 101, 256, 256]), rank 0
2026-09-01 21:59:35.735181: predicting topaneu_center5_mr_027
2026-09-01 21:59:35.803803: topaneu_center5_mr_027, shape torch.Size([2, 101, 256, 256]), rank 0
2026-09-01 21:59:36.316900: predicting topaneu_center5_mr_041
2026-09-01 21:59:36.404603: topaneu_center5_mr_041, shape torch.Size([2, 126, 245, 256]), rank 0
2026-09-01 21:59:36.921011: predicting topaneu_center5_mr_451
2026-09-01 21:59:36.976067: topaneu_center5_mr_451, shape torch.Size([2, 125, 256, 256]), rank 0
2026-09-01 21:59:37.494609: predicting topaneu_center5_mr_455
2026-09-01 21:59:37.547441: topaneu_center5_mr_455, shape torch.Size([2, 121, 256, 256]), rank 0
2026-09-01 21:59:38.068099: predicting topaneu_center5_mr_460
2026-09-01 21:59:38.123080: topaneu_center5_mr_460, shape torch.Size([2, 122, 247, 256]), rank 0
2026-09-01 21:59:38.641584: predicting topaneu_center5_mr_461
2026-09-01 21:59:38.694843: topaneu_center5_mr_461, shape torch.Size([2, 123, 249, 256]), rank 0
2026-09-01 21:59:39.209579: predicting topaneu_center5_mr_465
2026-09-01 21:59:39.264083: topaneu_center5_mr_465, shape torch.Size([2, 122, 248, 256]), rank 0
2026-09-01 21:59:39.779403: predicting topaneu_center5_mr_466
2026-09-01 21:59:39.831009: topaneu_center5_mr_466, shape torch.Size([2, 122, 256, 256]), rank 0
2026-09-01 21:59:40.349334: predicting topaneu_center5_mr_470
2026-09-01 21:59:40.400492: topaneu_center5_mr_470, shape torch.Size([2, 128, 241, 256]), rank 0
2026-09-01 21:59:40.916926: predicting topaneu_center5_mr_473
2026-09-01 21:59:40.969603: topaneu_center5_mr_473, shape torch.Size([2, 120, 256, 256]), rank 0
2026-09-01 21:59:41.485833: predicting topaneu_center5_mr_480
2026-09-01 21:59:41.538642: topaneu_center5_mr_480, shape torch.Size([2, 118, 251, 256]), rank 0
2026-09-01 21:59:49.617972: Validation complete
2026-09-01 21:59:49.619029: Mean Validation Dice:  0.3804228090418347
============================================================
TopAneu ROI aneurysm segmentation fold 2 COMPLETE
End: Tue Sep  1 21:59:53 EDT 2026
============================================================
