============================================================
TopAneu Task 2 (v3): ROI-cropped, vessel-conditioned aneurysm seg training
2-channel input (raw image + Model-2 vessel mask), cropped to the same
128x256x256 box final_roi.py uses for the classifier.
Job ID:       2138101
Array ID:     0
Node:         ng31003
Start:        Mon Aug 31 03:28:18 EDT 2026
============================================================
==============================================
TopAneu RSNA Pipeline Environment
==============================================
TOPANEU_ROOT        = /home/abdul7/projects/def-punithak/abdul7/TopAneu
EXP_ROOT            = /home/abdul7/projects/def-punithak/abdul7/TopAneu/experiments/02_rsna_self_pipeline
CODE_ROOT           = /home/abdul7/projects/def-punithak/abdul7/TopAneu/experiments/02_rsna_self_pipeline/code
TOPANEU_DATA        = /home/abdul7/projects/def-punithak/abdul7/TopAneu/data

SCRATCH_ROOT        = /scratch/abdul7/TopAneu/experiments/02_rsna_self_pipeline
nnUNet_raw          = /scratch/abdul7/TopAneu/experiments/02_rsna_self_pipeline/nnUNet_raw
nnUNet_preprocessed = /scratch/abdul7/TopAneu/experiments/02_rsna_self_pipeline/nnUNet_preprocessed
nnUNet_results      = /scratch/abdul7/TopAneu/experiments/02_rsna_self_pipeline/nnUNet_results
LOG_ROOT            = /home/abdul7/projects/def-punithak/abdul7/TopAneu/experiments/02_rsna_self_pipeline/logs

Python:
/home/abdul7/projects/def-punithak/abdul7/TopAneu/venv/bin/python

nnUNet:
/home/abdul7/projects/def-punithak/abdul7/TopAneu/venv/bin/nnUNetv2_train

Scratch:
Filesystem                                   Size  Used Avail Use% Mounted on
10.82.48.7@o2ib1:10.82.48.8@o2ib1:/lustre07   19T  490G   19T   3% /scratch
==============================================
Dataset:      Dataset305_TopAneuAneurysmROI (binary, 2-channel)
Fold:         0
Trainer:      RSNA2025Trainer_moreDAv6_1_SkeletonRecallTverskyBeta07
CPUs:         8
Memory:       131072 MB
============================================================
GPU information:
Mon Aug 31 03:28:20 2026       
+-----------------------------------------------------------------------------------------+
| NVIDIA-SMI 580.159.04             Driver Version: 580.159.04     CUDA Version: 13.0     |
+-----------------------------------------+------------------------+----------------------+
| GPU  Name                 Persistence-M | Bus-Id          Disp.A | Volatile Uncorr. ECC |
| Fan  Temp   Perf          Pwr:Usage/Cap |           Memory-Usage | GPU-Util  Compute M. |
|                                         |                        |               MIG M. |
|=========================================+========================+======================|
|   0  NVIDIA A100-SXM4-40GB          Off |   00000000:41:00.0 Off |                    0 |
| N/A   28C    P0             52W /  400W |       0MiB /  40960MiB |      0%      Default |
|                                         |                        |             Disabled |
+-----------------------------------------+------------------------+----------------------+

+-----------------------------------------------------------------------------------------+
| Processes:                                                                              |
|  GPU   GI   CI              PID   Type   Process name                        GPU Memory |
|        ID   ID                                                               Usage      |
|=========================================================================================|
|  No running processes found                                                             |
+-----------------------------------------------------------------------------------------+
============================================================
Starting nnU-Net training (5-fold CV, binary aneurysm/background;
per-location assignment is handled downstream by job 7's classifier)
============================================================
Using device: cuda:0

#######################################################################
Please cite the following paper when using nnU-Net:
Isensee, F., Jaeger, P. F., Kohl, S. A., Petersen, J., & Maier-Hein, K. H. (2021). nnU-Net: a self-configuring method for deep learning-based biomedical image segmentation. Nature methods, 18(2), 203-211.
#######################################################################

2026-08-31 03:31:34.913009: do_dummy_2d_data_aug: False
2026-08-31 03:31:34.920782: Creating new 5-fold cross-validation split...
2026-08-31 03:31:34.926274: Desired fold for training: 0
2026-08-31 03:31:34.927147: This split has 333 training and 84 validation cases.
using pin_memory on device 0
using pin_memory on device 0

This is the configuration used by this training:
Configuration name: 3d_fullres
 {'data_identifier': 'nnUNetPlans_3d_fullres', 'preprocessor_name': 'DefaultPreprocessor', 'batch_size': 1, 'patch_size': [128, 256, 256], 'median_image_size_in_voxels': [124.0, 255.0, 256.0], 'spacing': [0.8, 0.45, 0.44], 'normalization_schemes': ['ZScoreNormalization', 'ZScoreNormalization'], 'use_mask_for_norm': [False, False], 'resampling_fn_data': 'resample_data_or_seg_to_shape', 'resampling_fn_seg': 'resample_data_or_seg_to_shape', 'resampling_fn_data_kwargs': {'is_seg': False, 'order': 3, 'order_z': 0, 'force_separate_z': None}, 'resampling_fn_seg_kwargs': {'is_seg': True, 'order': 1, 'order_z': 0, 'force_separate_z': None}, 'resampling_fn_probabilities': 'resample_data_or_seg_to_shape', 'resampling_fn_probabilities_kwargs': {'is_seg': False, 'order': 1, 'order_z': 0, 'force_separate_z': None}, 'architecture': {'network_class_name': 'dynamic_network_architectures.architectures.unet.ResidualEncoderUNet', 'arch_kwargs': {'n_stages': 6, 'features_per_stage': [32, 64, 128, 256, 320, 320], 'conv_op': 'torch.nn.modules.conv.Conv3d', 'kernel_sizes': [[3, 3, 3], [3, 3, 3], [3, 3, 3], [3, 3, 3], [3, 3, 3], [3, 3, 3]], 'strides': [[1, 1, 1], [2, 2, 2], [2, 2, 2], [2, 2, 2], [2, 2, 2], [1, 2, 2]], 'n_blocks_per_stage': [1, 3, 4, 6, 6, 6], 'n_conv_per_stage_decoder': [1, 1, 1, 1, 1], 'conv_bias': True, 'norm_op': 'torch.nn.modules.instancenorm.InstanceNorm3d', 'norm_op_kwargs': {'eps': 1e-05, 'affine': True}, 'dropout_op': None, 'dropout_op_kwargs': None, 'nonlin': 'torch.nn.LeakyReLU', 'nonlin_kwargs': {'inplace': True}}, '_kw_requires_import': ['conv_op', 'norm_op', 'dropout_op', 'nonlin']}, 'batch_dice': False} 

These are the global plan.json settings:
 {'dataset_name': 'Dataset305_TopAneuAneurysmROI', 'plans_name': 'nnUNetResEncUNetMPlans', 'original_median_spacing_after_transp': [0.800000011920929, 0.44999998807907104, 0.4399999976158142], 'original_median_shape_after_transp': [124, 255, 256], 'image_reader_writer': 'SimpleITKIO', 'transpose_forward': [0, 1, 2], 'transpose_backward': [0, 1, 2], 'experiment_planner_used': 'nnUNetPlannerResEncM', 'label_manager': 'LabelManager', 'foreground_intensity_properties_per_channel': {'0': {'max': 4155.77001953125, 'mean': 470.3991138618101, 'median': 292.0281066894531, 'min': -386.4390563964844, 'percentile_00_5': 46.90664291381836, 'percentile_99_5': 2604.7490234375, 'std': 519.2215429488149}, '1': {'max': 1.0, 'mean': 0.7333612123903916, 'median': 1.0, 'min': 0.0, 'percentile_00_5': 0.0, 'percentile_99_5': 1.0, 'std': 0.44220192734958375}}} 

2026-08-31 03:31:41.658585: Unable to plot network architecture:
2026-08-31 03:31:41.660076: No module named 'hiddenlayer'
2026-08-31 03:31:41.773985: 
2026-08-31 03:31:41.777209: Epoch 0
2026-08-31 03:31:41.778463: Current learning rate: 0.01
2026-08-31 03:34:03.164586: train_loss -0.4317
2026-08-31 03:34:03.166430: val_loss -0.4911
2026-08-31 03:34:03.170628: Pseudo dice [np.float32(0.0219)]
2026-08-31 03:34:03.171751: Epoch time: 141.39 s
2026-08-31 03:34:03.172904: Yayy! New best EMA pseudo Dice: 0.021900000050663948
2026-08-31 03:34:06.183406: 
2026-08-31 03:34:06.184539: Epoch 1
2026-08-31 03:34:06.185369: Current learning rate: 0.00999
2026-08-31 03:35:58.229691: train_loss -0.4547
2026-08-31 03:35:58.237085: val_loss -0.463
2026-08-31 03:35:58.241445: Pseudo dice [np.float32(0.0191)]
2026-08-31 03:35:58.242328: Epoch time: 112.05 s
2026-08-31 03:35:59.357512: 
2026-08-31 03:35:59.359248: Epoch 2
2026-08-31 03:35:59.360419: Current learning rate: 0.00998
2026-08-31 03:37:58.239005: train_loss -0.4523
2026-08-31 03:37:58.241881: val_loss -0.4654
2026-08-31 03:37:58.246480: Pseudo dice [np.float32(0.0348)]
2026-08-31 03:37:58.247501: Epoch time: 118.88 s
2026-08-31 03:37:58.248415: Yayy! New best EMA pseudo Dice: 0.023000000044703484
2026-08-31 03:38:00.539611: 
2026-08-31 03:38:00.540687: Epoch 3
2026-08-31 03:38:00.541530: Current learning rate: 0.00997
2026-08-31 03:39:47.458389: train_loss -0.4545
2026-08-31 03:39:47.469932: val_loss -0.4591
2026-08-31 03:39:47.471313: Pseudo dice [np.float32(0.0245)]
2026-08-31 03:39:47.474001: Epoch time: 106.92 s
2026-08-31 03:39:47.474997: Yayy! New best EMA pseudo Dice: 0.023099999874830246
2026-08-31 03:39:51.995775: 
2026-08-31 03:39:51.997267: Epoch 4
2026-08-31 03:39:51.998069: Current learning rate: 0.00996
2026-08-31 03:41:41.438612: train_loss -0.4628
2026-08-31 03:41:41.444456: val_loss -0.4889
2026-08-31 03:41:41.446733: Pseudo dice [np.float32(0.0136)]
2026-08-31 03:41:41.447924: Epoch time: 109.45 s
2026-08-31 03:41:42.559838: 
2026-08-31 03:41:42.561206: Epoch 5
2026-08-31 03:41:42.562367: Current learning rate: 0.00995
2026-08-31 03:43:32.235408: train_loss -0.4573
2026-08-31 03:43:32.254516: val_loss -0.4801
2026-08-31 03:43:32.260738: Pseudo dice [np.float32(0.0317)]
2026-08-31 03:43:32.261931: Epoch time: 109.68 s
2026-08-31 03:43:32.262863: Yayy! New best EMA pseudo Dice: 0.023099999874830246
2026-08-31 03:43:34.511738: 
2026-08-31 03:43:34.513056: Epoch 6
2026-08-31 03:43:34.514287: Current learning rate: 0.00995
2026-08-31 03:45:17.722673: train_loss -0.434
2026-08-31 03:45:17.725339: val_loss -0.4791
2026-08-31 03:45:17.726622: Pseudo dice [np.float32(0.0103)]
2026-08-31 03:45:17.755807: Epoch time: 103.21 s
2026-08-31 03:45:18.796420: 
2026-08-31 03:45:18.797797: Epoch 7
2026-08-31 03:45:18.798761: Current learning rate: 0.00994
2026-08-31 03:47:09.366007: train_loss -0.452
2026-08-31 03:47:09.377693: val_loss -0.4819
2026-08-31 03:47:09.379771: Pseudo dice [np.float32(0.0096)]
2026-08-31 03:47:09.381510: Epoch time: 110.57 s
2026-08-31 03:47:10.373859: 
2026-08-31 03:47:10.375805: Epoch 8
2026-08-31 03:47:10.376876: Current learning rate: 0.00993
2026-08-31 03:48:58.445419: train_loss -0.4709
2026-08-31 03:48:58.457344: val_loss -0.4989
2026-08-31 03:48:58.458671: Pseudo dice [np.float32(0.0158)]
2026-08-31 03:48:58.472015: Epoch time: 108.07 s
2026-08-31 03:48:59.611135: 
2026-08-31 03:48:59.612454: Epoch 9
2026-08-31 03:48:59.613690: Current learning rate: 0.00992
2026-08-31 03:50:46.294279: train_loss -0.4809
2026-08-31 03:50:46.295705: val_loss -0.4909
2026-08-31 03:50:46.296829: Pseudo dice [np.float32(0.0119)]
2026-08-31 03:50:46.297953: Epoch time: 106.69 s
2026-08-31 03:50:47.298475: 
2026-08-31 03:50:47.299725: Epoch 10
2026-08-31 03:50:47.300441: Current learning rate: 0.00991
2026-08-31 03:52:34.358238: train_loss -0.4761
2026-08-31 03:52:34.361638: val_loss -0.4912
2026-08-31 03:52:34.400836: Pseudo dice [np.float32(0.0212)]
2026-08-31 03:52:34.402539: Epoch time: 107.06 s
2026-08-31 03:52:35.613069: 
2026-08-31 03:52:35.614446: Epoch 11
2026-08-31 03:52:35.615387: Current learning rate: 0.0099
2026-08-31 03:54:19.055961: train_loss -0.471
2026-08-31 03:54:19.081592: val_loss -0.4743
2026-08-31 03:54:19.082700: Pseudo dice [np.float32(0.0287)]
2026-08-31 03:54:19.083532: Epoch time: 103.45 s
2026-08-31 03:54:20.079645: 
2026-08-31 03:54:20.080809: Epoch 12
2026-08-31 03:54:20.081598: Current learning rate: 0.00989
2026-08-31 03:56:08.655167: train_loss -0.4637
2026-08-31 03:56:08.656442: val_loss -0.4565
2026-08-31 03:56:08.657482: Pseudo dice [np.float32(0.0261)]
2026-08-31 03:56:08.658242: Epoch time: 108.58 s
2026-08-31 03:56:09.503384: 
2026-08-31 03:56:09.504825: Epoch 13
2026-08-31 03:56:09.505698: Current learning rate: 0.00988
2026-08-31 03:57:53.780240: train_loss -0.478
2026-08-31 03:57:53.783241: val_loss -0.479
2026-08-31 03:57:53.784372: Pseudo dice [np.float32(0.0179)]
2026-08-31 03:57:53.785367: Epoch time: 104.28 s
2026-08-31 03:57:55.405758: 
2026-08-31 03:57:55.408837: Epoch 14
2026-08-31 03:57:55.409821: Current learning rate: 0.00987
2026-08-31 03:59:37.657426: train_loss -0.4739
2026-08-31 03:59:37.659066: val_loss -0.477
2026-08-31 03:59:37.660344: Pseudo dice [np.float32(0.0134)]
2026-08-31 03:59:37.661356: Epoch time: 102.26 s
2026-08-31 03:59:38.489520: 
2026-08-31 03:59:38.491162: Epoch 15
2026-08-31 03:59:38.491998: Current learning rate: 0.00986
2026-08-31 04:01:23.374521: train_loss -0.4762
2026-08-31 04:01:23.379171: val_loss -0.5141
2026-08-31 04:01:23.385489: Pseudo dice [np.float32(0.0127)]
2026-08-31 04:01:23.388567: Epoch time: 104.89 s
2026-08-31 04:01:25.262265: 
2026-08-31 04:01:25.264138: Epoch 16
2026-08-31 04:01:25.265422: Current learning rate: 0.00986
2026-08-31 04:03:12.762604: train_loss -0.4692
2026-08-31 04:03:12.765802: val_loss -0.4766
2026-08-31 04:03:12.772157: Pseudo dice [np.float32(0.017)]
2026-08-31 04:03:12.773565: Epoch time: 107.51 s
2026-08-31 04:03:13.850362: 
2026-08-31 04:03:13.851620: Epoch 17
2026-08-31 04:03:13.852518: Current learning rate: 0.00985
2026-08-31 04:05:04.569772: train_loss -0.4526
2026-08-31 04:05:04.572960: val_loss -0.4497
2026-08-31 04:05:04.574095: Pseudo dice [np.float32(0.0168)]
2026-08-31 04:05:04.575049: Epoch time: 110.72 s
2026-08-31 04:05:05.991556: 
2026-08-31 04:05:05.992997: Epoch 18
2026-08-31 04:05:05.994299: Current learning rate: 0.00984
2026-08-31 04:06:50.975713: train_loss -0.4703
2026-08-31 04:06:50.978656: val_loss -0.4834
2026-08-31 04:06:50.983284: Pseudo dice [np.float32(0.0106)]
2026-08-31 04:06:50.984318: Epoch time: 104.99 s
2026-08-31 04:06:52.673418: 
2026-08-31 04:06:52.675004: Epoch 19
2026-08-31 04:06:52.675800: Current learning rate: 0.00983
2026-08-31 04:08:36.148307: train_loss -0.4715
2026-08-31 04:08:36.165404: val_loss -0.4837
2026-08-31 04:08:36.167254: Pseudo dice [np.float32(0.0166)]
2026-08-31 04:08:36.168394: Epoch time: 103.48 s
2026-08-31 04:08:37.164223: 
2026-08-31 04:08:37.165274: Epoch 20
2026-08-31 04:08:37.166171: Current learning rate: 0.00982
2026-08-31 04:10:23.173765: train_loss -0.4861
2026-08-31 04:10:23.210483: val_loss -0.4783
2026-08-31 04:10:23.211551: Pseudo dice [np.float32(0.0107)]
2026-08-31 04:10:23.212426: Epoch time: 106.01 s
2026-08-31 04:10:24.869139: 
2026-08-31 04:10:24.870981: Epoch 21
2026-08-31 04:10:24.872217: Current learning rate: 0.00981
2026-08-31 04:12:13.953103: train_loss -0.4708
2026-08-31 04:12:13.955569: val_loss -0.4846
2026-08-31 04:12:13.956771: Pseudo dice [np.float32(0.0167)]
2026-08-31 04:12:13.957771: Epoch time: 109.09 s
2026-08-31 04:12:14.960140: 
2026-08-31 04:12:14.961692: Epoch 22
2026-08-31 04:12:14.962666: Current learning rate: 0.0098
2026-08-31 04:13:59.258666: train_loss -0.4648
2026-08-31 04:13:59.261443: val_loss -0.4747
2026-08-31 04:13:59.262570: Pseudo dice [np.float32(0.0206)]
2026-08-31 04:13:59.263444: Epoch time: 104.3 s
2026-08-31 04:14:00.566402: 
2026-08-31 04:14:00.567734: Epoch 23
2026-08-31 04:14:00.568825: Current learning rate: 0.00979
2026-08-31 04:15:47.919824: train_loss -0.484
2026-08-31 04:15:47.922115: val_loss -0.4554
2026-08-31 04:15:47.927534: Pseudo dice [np.float32(0.0287)]
2026-08-31 04:15:47.929210: Epoch time: 107.36 s
2026-08-31 04:15:48.866867: 
2026-08-31 04:15:48.868147: Epoch 24
2026-08-31 04:15:48.868972: Current learning rate: 0.00978
2026-08-31 04:17:40.469560: train_loss -0.4942
2026-08-31 04:17:40.472555: val_loss -0.4803
2026-08-31 04:17:40.475199: Pseudo dice [np.float32(0.0218)]
2026-08-31 04:17:40.478867: Epoch time: 111.61 s
2026-08-31 04:17:41.981569: 
2026-08-31 04:17:41.982866: Epoch 25
2026-08-31 04:17:41.983581: Current learning rate: 0.00977
2026-08-31 04:19:26.838830: train_loss -0.4738
2026-08-31 04:19:26.844237: val_loss -0.4839
2026-08-31 04:19:26.846900: Pseudo dice [np.float32(0.0197)]
2026-08-31 04:19:26.847758: Epoch time: 104.86 s
2026-08-31 04:19:27.959283: 
2026-08-31 04:19:27.960676: Epoch 26
2026-08-31 04:19:27.961528: Current learning rate: 0.00977
2026-08-31 04:21:10.988550: train_loss -0.4685
2026-08-31 04:21:10.989912: val_loss -0.4816
2026-08-31 04:21:10.995609: Pseudo dice [np.float32(0.0208)]
2026-08-31 04:21:10.996949: Epoch time: 103.03 s
2026-08-31 04:21:11.932673: 
2026-08-31 04:21:11.934038: Epoch 27
2026-08-31 04:21:11.934994: Current learning rate: 0.00976
2026-08-31 04:22:57.715275: train_loss -0.4683
2026-08-31 04:22:57.743694: val_loss -0.4959
2026-08-31 04:22:57.745267: Pseudo dice [np.float32(0.0156)]
2026-08-31 04:22:57.746555: Epoch time: 105.79 s
2026-08-31 04:22:59.350126: 
2026-08-31 04:22:59.354559: Epoch 28
2026-08-31 04:22:59.357014: Current learning rate: 0.00975
2026-08-31 04:24:43.069314: train_loss -0.4925
2026-08-31 04:24:43.222096: val_loss -0.4695
2026-08-31 04:24:43.223427: Pseudo dice [np.float32(0.0311)]
2026-08-31 04:24:43.224549: Epoch time: 103.72 s
2026-08-31 04:24:44.353340: 
2026-08-31 04:24:44.354549: Epoch 29
2026-08-31 04:24:44.355359: Current learning rate: 0.00974
2026-08-31 04:26:29.976252: train_loss -0.4894
2026-08-31 04:26:29.977838: val_loss -0.4904
2026-08-31 04:26:29.979290: Pseudo dice [np.float32(0.026)]
2026-08-31 04:26:29.980347: Epoch time: 105.63 s
2026-08-31 04:26:31.130834: 
2026-08-31 04:26:31.132041: Epoch 30
2026-08-31 04:26:31.132861: Current learning rate: 0.00973
2026-08-31 04:28:15.403742: train_loss -0.4985
2026-08-31 04:28:15.410595: val_loss -0.4896
2026-08-31 04:28:15.412478: Pseudo dice [np.float32(0.0252)]
2026-08-31 04:28:15.413891: Epoch time: 104.28 s
2026-08-31 04:28:16.693527: 
2026-08-31 04:28:16.694693: Epoch 31
2026-08-31 04:28:16.695497: Current learning rate: 0.00972
2026-08-31 04:30:04.684661: train_loss -0.4863
2026-08-31 04:30:04.687929: val_loss -0.486
2026-08-31 04:30:04.694161: Pseudo dice [np.float32(0.0135)]
2026-08-31 04:30:04.695554: Epoch time: 107.99 s
2026-08-31 04:30:06.167530: 
2026-08-31 04:30:06.168831: Epoch 32
2026-08-31 04:30:06.169682: Current learning rate: 0.00971
2026-08-31 04:31:51.380062: train_loss -0.4894
2026-08-31 04:31:51.385135: val_loss -0.4856
2026-08-31 04:31:51.386268: Pseudo dice [np.float32(0.0477)]
2026-08-31 04:31:51.387255: Epoch time: 105.21 s
2026-08-31 04:31:52.296301: 
2026-08-31 04:31:52.297542: Epoch 33
2026-08-31 04:31:52.298400: Current learning rate: 0.0097
2026-08-31 04:33:33.620835: train_loss -0.4894
2026-08-31 04:33:33.624250: val_loss -0.494
2026-08-31 04:33:33.628798: Pseudo dice [np.float32(0.0154)]
2026-08-31 04:33:33.629967: Epoch time: 101.33 s
2026-08-31 04:33:34.927903: 
2026-08-31 04:33:34.929357: Epoch 34
2026-08-31 04:33:34.930190: Current learning rate: 0.00969
2026-08-31 04:35:18.756181: train_loss -0.4735
2026-08-31 04:35:18.775889: val_loss -0.4363
2026-08-31 04:35:18.784168: Pseudo dice [np.float32(0.0236)]
2026-08-31 04:35:18.787019: Epoch time: 103.83 s
2026-08-31 04:35:20.570550: 
2026-08-31 04:35:20.572299: Epoch 35
2026-08-31 04:35:20.573593: Current learning rate: 0.00968
2026-08-31 04:37:08.402126: train_loss -0.4609
2026-08-31 04:37:08.408707: val_loss -0.4938
2026-08-31 04:37:08.409771: Pseudo dice [np.float32(0.0142)]
2026-08-31 04:37:08.410608: Epoch time: 107.84 s
2026-08-31 04:37:09.838340: 
2026-08-31 04:37:09.839536: Epoch 36
2026-08-31 04:37:09.840436: Current learning rate: 0.00968
2026-08-31 04:38:54.267818: train_loss -0.4845
2026-08-31 04:38:54.276181: val_loss -0.4976
2026-08-31 04:38:54.278037: Pseudo dice [np.float32(0.0299)]
2026-08-31 04:38:54.279396: Epoch time: 104.43 s
2026-08-31 04:38:55.451312: 
2026-08-31 04:38:55.453276: Epoch 37
2026-08-31 04:38:55.454211: Current learning rate: 0.00967
2026-08-31 04:40:39.830762: train_loss -0.4927
2026-08-31 04:40:39.845107: val_loss -0.5023
2026-08-31 04:40:39.846238: Pseudo dice [np.float32(0.0263)]
2026-08-31 04:40:39.847147: Epoch time: 104.38 s
2026-08-31 04:40:40.927192: 
2026-08-31 04:40:40.928566: Epoch 38
2026-08-31 04:40:40.929387: Current learning rate: 0.00966
2026-08-31 04:42:24.007565: train_loss -0.4949
2026-08-31 04:42:24.008816: val_loss -0.4868
2026-08-31 04:42:24.009843: Pseudo dice [np.float32(0.0239)]
2026-08-31 04:42:24.010767: Epoch time: 103.08 s
2026-08-31 04:42:24.905261: 
2026-08-31 04:42:24.906959: Epoch 39
2026-08-31 04:42:24.908201: Current learning rate: 0.00965
2026-08-31 04:44:10.589959: train_loss -0.4864
2026-08-31 04:44:10.592042: val_loss -0.4885
2026-08-31 04:44:10.593747: Pseudo dice [np.float32(0.0158)]
2026-08-31 04:44:10.595329: Epoch time: 105.69 s
2026-08-31 04:44:12.098807: 
2026-08-31 04:44:12.100408: Epoch 40
2026-08-31 04:44:12.101489: Current learning rate: 0.00964
2026-08-31 04:46:03.467899: train_loss -0.4927
2026-08-31 04:46:03.475449: val_loss -0.5032
2026-08-31 04:46:03.485842: Pseudo dice [np.float32(0.0235)]
2026-08-31 04:46:03.492858: Epoch time: 111.37 s
2026-08-31 04:46:04.754611: 
2026-08-31 04:46:04.755966: Epoch 41
2026-08-31 04:46:04.757004: Current learning rate: 0.00963
2026-08-31 04:47:49.125741: train_loss -0.4872
2026-08-31 04:47:49.149839: val_loss -0.4918
2026-08-31 04:47:49.151344: Pseudo dice [np.float32(0.0447)]
2026-08-31 04:47:49.152854: Epoch time: 104.37 s
2026-08-31 04:47:49.154383: Yayy! New best EMA pseudo Dice: 0.02459999918937683
2026-08-31 04:47:52.791143: 
2026-08-31 04:47:52.792434: Epoch 42
2026-08-31 04:47:52.793586: Current learning rate: 0.00962
2026-08-31 04:49:40.185428: train_loss -0.4896
2026-08-31 04:49:40.192379: val_loss -0.5017
2026-08-31 04:49:40.193607: Pseudo dice [np.float32(0.055)]
2026-08-31 04:49:40.194778: Epoch time: 107.4 s
2026-08-31 04:49:40.195833: Yayy! New best EMA pseudo Dice: 0.02759999968111515
2026-08-31 04:49:42.679658: 
2026-08-31 04:49:42.681183: Epoch 43
2026-08-31 04:49:42.682267: Current learning rate: 0.00961
2026-08-31 04:51:27.960999: train_loss -0.4933
2026-08-31 04:51:27.966092: val_loss -0.5157
2026-08-31 04:51:27.968524: Pseudo dice [np.float32(0.0294)]
2026-08-31 04:51:27.970663: Epoch time: 105.28 s
2026-08-31 04:51:27.974169: Yayy! New best EMA pseudo Dice: 0.027799999341368675
2026-08-31 04:51:30.454986: 
2026-08-31 04:51:30.456323: Epoch 44
2026-08-31 04:51:30.457440: Current learning rate: 0.0096
2026-08-31 04:53:18.671489: train_loss -0.4806
2026-08-31 04:53:18.673531: val_loss -0.4883
2026-08-31 04:53:18.675268: Pseudo dice [np.float32(0.0427)]
2026-08-31 04:53:18.676570: Epoch time: 108.22 s
2026-08-31 04:53:18.677940: Yayy! New best EMA pseudo Dice: 0.02930000051856041
2026-08-31 04:53:22.266833: 
2026-08-31 04:53:22.291164: Epoch 45
2026-08-31 04:53:22.292765: Current learning rate: 0.00959
2026-08-31 04:55:07.148594: train_loss -0.4893
2026-08-31 04:55:07.160772: val_loss -0.4973
2026-08-31 04:55:07.162372: Pseudo dice [np.float32(0.0151)]
2026-08-31 04:55:07.163788: Epoch time: 104.88 s
2026-08-31 04:55:08.244952: 
2026-08-31 04:55:08.247040: Epoch 46
2026-08-31 04:55:08.248362: Current learning rate: 0.00959
2026-08-31 04:56:51.691122: train_loss -0.4905
2026-08-31 04:56:51.700850: val_loss -0.5029
2026-08-31 04:56:51.702746: Pseudo dice [np.float32(0.0117)]
2026-08-31 04:56:51.704011: Epoch time: 103.45 s
2026-08-31 04:56:52.861033: 
2026-08-31 04:56:52.869556: Epoch 47
2026-08-31 04:56:52.870835: Current learning rate: 0.00958
2026-08-31 04:58:38.831183: train_loss -0.4977
2026-08-31 04:58:38.835311: val_loss -0.4675
2026-08-31 04:58:38.848918: Pseudo dice [np.float32(0.0522)]
2026-08-31 04:58:38.850749: Epoch time: 105.97 s
2026-08-31 04:58:39.915568: 
2026-08-31 04:58:39.917161: Epoch 48
2026-08-31 04:58:39.918431: Current learning rate: 0.00957
2026-08-31 05:00:28.583301: train_loss -0.4878
2026-08-31 05:00:28.600552: val_loss -0.4936
2026-08-31 05:00:28.608841: Pseudo dice [np.float32(0.0458)]
2026-08-31 05:00:28.610547: Epoch time: 108.67 s
2026-08-31 05:00:28.613142: Yayy! New best EMA pseudo Dice: 0.030500000342726707
2026-08-31 05:00:31.185858: 
2026-08-31 05:00:31.187236: Epoch 49
2026-08-31 05:00:31.188352: Current learning rate: 0.00956
2026-08-31 05:02:16.139612: train_loss -0.4793
2026-08-31 05:02:16.141561: val_loss -0.5063
2026-08-31 05:02:16.142882: Pseudo dice [np.float32(0.0307)]
2026-08-31 05:02:16.144196: Epoch time: 104.96 s
2026-08-31 05:02:17.791891: Yayy! New best EMA pseudo Dice: 0.03060000017285347
2026-08-31 05:02:20.015837: 
2026-08-31 05:02:20.017292: Epoch 50
2026-08-31 05:02:20.018163: Current learning rate: 0.00955
2026-08-31 05:04:05.925574: train_loss -0.4965
2026-08-31 05:04:05.927266: val_loss -0.4819
2026-08-31 05:04:05.928774: Pseudo dice [np.float32(0.0296)]
2026-08-31 05:04:05.929561: Epoch time: 105.91 s
2026-08-31 05:04:06.724157: 
2026-08-31 05:04:06.725559: Epoch 51
2026-08-31 05:04:06.726330: Current learning rate: 0.00954
2026-08-31 05:05:58.437594: train_loss -0.4865
2026-08-31 05:05:58.439557: val_loss -0.4987
2026-08-31 05:05:58.440460: Pseudo dice [np.float32(0.0228)]
2026-08-31 05:05:58.441473: Epoch time: 111.72 s
2026-08-31 05:05:59.967584: 
2026-08-31 05:05:59.975043: Epoch 52
2026-08-31 05:05:59.976304: Current learning rate: 0.00953
2026-08-31 05:07:43.946679: train_loss -0.4849
2026-08-31 05:07:43.959227: val_loss -0.4855
2026-08-31 05:07:43.960386: Pseudo dice [np.float32(0.0155)]
2026-08-31 05:07:43.961345: Epoch time: 103.98 s
2026-08-31 05:07:44.941919: 
2026-08-31 05:07:44.943455: Epoch 53
2026-08-31 05:07:44.944441: Current learning rate: 0.00952
2026-08-31 05:09:27.836926: train_loss -0.4919
2026-08-31 05:09:27.840719: val_loss -0.522
2026-08-31 05:09:27.843336: Pseudo dice [np.float32(0.0337)]
2026-08-31 05:09:27.844330: Epoch time: 102.9 s
2026-08-31 05:09:28.938724: 
2026-08-31 05:09:28.940401: Epoch 54
2026-08-31 05:09:28.941386: Current learning rate: 0.00951
2026-08-31 05:11:12.225286: train_loss -0.4845
2026-08-31 05:11:12.237095: val_loss -0.4745
2026-08-31 05:11:12.238440: Pseudo dice [np.float32(0.0237)]
2026-08-31 05:11:12.239685: Epoch time: 103.29 s
2026-08-31 05:11:13.352025: 
2026-08-31 05:11:13.353501: Epoch 55
2026-08-31 05:11:13.354584: Current learning rate: 0.0095
2026-08-31 05:13:01.379195: train_loss -0.4815
2026-08-31 05:13:01.384495: val_loss -0.484
2026-08-31 05:13:01.388922: Pseudo dice [np.float32(0.0215)]
2026-08-31 05:13:01.390142: Epoch time: 108.03 s
2026-08-31 05:13:02.897571: 
2026-08-31 05:13:02.899527: Epoch 56
2026-08-31 05:13:02.900737: Current learning rate: 0.00949
2026-08-31 05:14:48.810724: train_loss -0.4901
2026-08-31 05:14:48.819766: val_loss -0.4927
2026-08-31 05:14:48.826029: Pseudo dice [np.float32(0.0207)]
2026-08-31 05:14:48.826976: Epoch time: 105.92 s
2026-08-31 05:14:50.532140: 
2026-08-31 05:14:50.538327: Epoch 57
2026-08-31 05:14:50.539874: Current learning rate: 0.00949
2026-08-31 05:16:33.654043: train_loss -0.4907
2026-08-31 05:16:33.655028: val_loss -0.5113
2026-08-31 05:16:33.656493: Pseudo dice [np.float32(0.0121)]
2026-08-31 05:16:33.657769: Epoch time: 103.13 s
2026-08-31 05:16:34.900255: 
2026-08-31 05:16:34.902004: Epoch 58
2026-08-31 05:16:34.903039: Current learning rate: 0.00948
2026-08-31 05:18:19.049803: train_loss -0.4905
2026-08-31 05:18:19.054289: val_loss -0.5036
2026-08-31 05:18:19.057124: Pseudo dice [np.float32(0.0226)]
2026-08-31 05:18:19.058242: Epoch time: 104.15 s
2026-08-31 05:18:20.229843: 
2026-08-31 05:18:20.231387: Epoch 59
2026-08-31 05:18:20.232494: Current learning rate: 0.00947
2026-08-31 05:20:03.819415: train_loss -0.4929
2026-08-31 05:20:03.820972: val_loss -0.5113
2026-08-31 05:20:03.823627: Pseudo dice [np.float32(0.0298)]
2026-08-31 05:20:03.825031: Epoch time: 103.59 s
2026-08-31 05:20:05.114293: 
2026-08-31 05:20:05.115618: Epoch 60
2026-08-31 05:20:05.116475: Current learning rate: 0.00946
2026-08-31 05:21:53.119321: train_loss -0.5016
2026-08-31 05:21:53.121005: val_loss -0.5183
2026-08-31 05:21:53.122200: Pseudo dice [np.float32(0.0634)]
2026-08-31 05:21:53.123178: Epoch time: 108.01 s
2026-08-31 05:21:54.209971: 
2026-08-31 05:21:54.211399: Epoch 61
2026-08-31 05:21:54.212306: Current learning rate: 0.00945
2026-08-31 05:23:40.584529: train_loss -0.5019
2026-08-31 05:23:40.589672: val_loss -0.5054
2026-08-31 05:23:40.592316: Pseudo dice [np.float32(0.0144)]
2026-08-31 05:23:40.593243: Epoch time: 106.38 s
2026-08-31 05:23:42.028384: 
2026-08-31 05:23:42.029707: Epoch 62
2026-08-31 05:23:42.030579: Current learning rate: 0.00944
2026-08-31 05:25:23.226208: train_loss -0.4895
2026-08-31 05:25:23.227587: val_loss -0.4691
2026-08-31 05:25:23.228531: Pseudo dice [np.float32(0.0471)]
2026-08-31 05:25:23.229397: Epoch time: 101.2 s
2026-08-31 05:25:24.348826: 
2026-08-31 05:25:24.352767: Epoch 63
2026-08-31 05:25:24.354497: Current learning rate: 0.00943
2026-08-31 05:27:06.224213: train_loss -0.4812
2026-08-31 05:27:06.225544: val_loss -0.5063
2026-08-31 05:27:06.226574: Pseudo dice [np.float32(0.0398)]
2026-08-31 05:27:06.227509: Epoch time: 101.88 s
2026-08-31 05:27:06.228761: Yayy! New best EMA pseudo Dice: 0.030799999833106995
2026-08-31 05:27:08.437409: 
2026-08-31 05:27:08.438651: Epoch 64
2026-08-31 05:27:08.439560: Current learning rate: 0.00942
2026-08-31 05:28:51.183856: train_loss -0.4942
2026-08-31 05:28:51.185514: val_loss -0.4839
2026-08-31 05:28:51.186776: Pseudo dice [np.float32(0.0404)]
2026-08-31 05:28:51.187836: Epoch time: 102.75 s
2026-08-31 05:28:51.188753: Yayy! New best EMA pseudo Dice: 0.03180000185966492
2026-08-31 05:28:53.363904: 
2026-08-31 05:28:53.365250: Epoch 65
2026-08-31 05:28:53.366348: Current learning rate: 0.00941
2026-08-31 05:30:41.287547: train_loss -0.486
2026-08-31 05:30:41.289338: val_loss -0.4815
2026-08-31 05:30:41.290689: Pseudo dice [np.float32(0.0219)]
2026-08-31 05:30:41.291728: Epoch time: 107.93 s
2026-08-31 05:30:42.655061: 
2026-08-31 05:30:42.656650: Epoch 66
2026-08-31 05:30:42.657550: Current learning rate: 0.0094
2026-08-31 05:32:32.165179: train_loss -0.4933
2026-08-31 05:32:32.172624: val_loss -0.4967
2026-08-31 05:32:32.184063: Pseudo dice [np.float32(0.0251)]
2026-08-31 05:32:32.185322: Epoch time: 109.51 s
2026-08-31 05:32:34.141452: 
2026-08-31 05:32:34.144225: Epoch 67
2026-08-31 05:32:34.145152: Current learning rate: 0.00939
2026-08-31 05:34:24.062607: train_loss -0.5044
2026-08-31 05:34:24.064027: val_loss -0.5177
2026-08-31 05:34:24.065144: Pseudo dice [np.float32(0.0569)]
2026-08-31 05:34:24.066207: Epoch time: 109.93 s
2026-08-31 05:34:24.067123: Yayy! New best EMA pseudo Dice: 0.03290000185370445
2026-08-31 05:34:26.571426: 
2026-08-31 05:34:26.574693: Epoch 68
2026-08-31 05:34:26.576344: Current learning rate: 0.00939
2026-08-31 05:36:10.159350: train_loss -0.5042
2026-08-31 05:36:10.160775: val_loss -0.5208
2026-08-31 05:36:10.161996: Pseudo dice [np.float32(0.0465)]
2026-08-31 05:36:10.166849: Epoch time: 103.59 s
2026-08-31 05:36:10.167835: Yayy! New best EMA pseudo Dice: 0.03420000150799751
2026-08-31 05:36:12.383918: 
2026-08-31 05:36:12.385313: Epoch 69
2026-08-31 05:36:12.386389: Current learning rate: 0.00938
2026-08-31 05:37:55.721157: train_loss -0.5061
2026-08-31 05:37:55.726022: val_loss -0.5022
2026-08-31 05:37:55.730619: Pseudo dice [np.float32(0.0185)]
2026-08-31 05:37:55.731664: Epoch time: 103.34 s
2026-08-31 05:37:57.051463: 
2026-08-31 05:37:57.052759: Epoch 70
2026-08-31 05:37:57.053702: Current learning rate: 0.00937
2026-08-31 05:39:41.358259: train_loss -0.5049
2026-08-31 05:39:41.360300: val_loss -0.4923
2026-08-31 05:39:41.361617: Pseudo dice [np.float32(0.0765)]
2026-08-31 05:39:41.362685: Epoch time: 104.31 s
2026-08-31 05:39:41.363692: Yayy! New best EMA pseudo Dice: 0.03709999844431877
2026-08-31 05:39:44.129525: 
2026-08-31 05:39:44.130793: Epoch 71
2026-08-31 05:39:44.131717: Current learning rate: 0.00936
2026-08-31 05:41:27.037962: train_loss -0.4864
2026-08-31 05:41:27.039621: val_loss -0.5204
2026-08-31 05:41:27.041036: Pseudo dice [np.float32(0.0296)]
2026-08-31 05:41:27.042133: Epoch time: 102.91 s
2026-08-31 05:41:28.242981: 
2026-08-31 05:41:28.244430: Epoch 72
2026-08-31 05:41:28.245620: Current learning rate: 0.00935
2026-08-31 05:43:11.543120: train_loss -0.4893
2026-08-31 05:43:11.559222: val_loss -0.5092
2026-08-31 05:43:11.560480: Pseudo dice [np.float32(0.0204)]
2026-08-31 05:43:11.561357: Epoch time: 103.3 s
2026-08-31 05:43:12.978489: 
2026-08-31 05:43:12.979579: Epoch 73
2026-08-31 05:43:12.980601: Current learning rate: 0.00934
2026-08-31 05:44:54.883677: train_loss -0.5009
2026-08-31 05:44:54.884890: val_loss -0.5223
2026-08-31 05:44:54.885989: Pseudo dice [np.float32(0.0114)]
2026-08-31 05:44:54.886995: Epoch time: 101.91 s
2026-08-31 05:44:55.696943: 
2026-08-31 05:44:55.698477: Epoch 74
2026-08-31 05:44:55.699461: Current learning rate: 0.00933
2026-08-31 05:46:42.940901: train_loss -0.4869
2026-08-31 05:46:42.945957: val_loss -0.4889
2026-08-31 05:46:42.949069: Pseudo dice [np.float32(0.0231)]
2026-08-31 05:46:42.950530: Epoch time: 107.24 s
2026-08-31 05:46:44.108822: 
2026-08-31 05:46:44.110082: Epoch 75
2026-08-31 05:46:44.111135: Current learning rate: 0.00932
2026-08-31 05:48:31.201328: train_loss -0.4974
2026-08-31 05:48:31.206278: val_loss -0.5302
2026-08-31 05:48:31.209397: Pseudo dice [np.float32(0.0424)]
2026-08-31 05:48:31.210477: Epoch time: 107.09 s
2026-08-31 05:48:32.679661: 
2026-08-31 05:48:32.680988: Epoch 76
2026-08-31 05:48:32.681973: Current learning rate: 0.00931
2026-08-31 05:50:16.302490: train_loss -0.4931
2026-08-31 05:50:16.305449: val_loss -0.5084
2026-08-31 05:50:16.308591: Pseudo dice [np.float32(0.0454)]
2026-08-31 05:50:16.309460: Epoch time: 103.63 s
2026-08-31 05:50:17.434389: 
2026-08-31 05:50:17.435843: Epoch 77
2026-08-31 05:50:17.436908: Current learning rate: 0.0093
2026-08-31 05:52:01.709554: train_loss -0.4978
2026-08-31 05:52:01.710911: val_loss -0.5099
2026-08-31 05:52:01.711980: Pseudo dice [np.float32(0.0609)]
2026-08-31 05:52:01.713009: Epoch time: 104.28 s
2026-08-31 05:52:02.582156: 
2026-08-31 05:52:02.583586: Epoch 78
2026-08-31 05:52:02.584490: Current learning rate: 0.0093
2026-08-31 05:53:50.090434: train_loss -0.5044
2026-08-31 05:53:50.095210: val_loss -0.513
2026-08-31 05:53:50.098069: Pseudo dice [np.float32(0.0286)]
2026-08-31 05:53:50.099190: Epoch time: 107.51 s
2026-08-31 05:53:51.780656: 
2026-08-31 05:53:51.785066: Epoch 79
2026-08-31 05:53:51.786265: Current learning rate: 0.00929
2026-08-31 05:55:36.751682: train_loss -0.4815
2026-08-31 05:55:36.754104: val_loss -0.5064
2026-08-31 05:55:36.757084: Pseudo dice [np.float32(0.0269)]
2026-08-31 05:55:36.760432: Epoch time: 104.98 s
2026-08-31 05:55:38.049693: 
2026-08-31 05:55:38.051174: Epoch 80
2026-08-31 05:55:38.052357: Current learning rate: 0.00928
2026-08-31 05:57:21.564437: train_loss -0.4946
2026-08-31 05:57:21.572435: val_loss -0.5059
2026-08-31 05:57:21.596300: Pseudo dice [np.float32(0.0299)]
2026-08-31 05:57:21.597705: Epoch time: 103.51 s
2026-08-31 05:57:23.037778: 
2026-08-31 05:57:23.039448: Epoch 81
2026-08-31 05:57:23.040533: Current learning rate: 0.00927
2026-08-31 05:59:14.251828: train_loss -0.4926
2026-08-31 05:59:14.256537: val_loss -0.4883
2026-08-31 05:59:14.259455: Pseudo dice [np.float32(0.0277)]
2026-08-31 05:59:14.260832: Epoch time: 111.22 s
2026-08-31 05:59:15.615798: 
2026-08-31 05:59:15.617398: Epoch 82
2026-08-31 05:59:15.618537: Current learning rate: 0.00926
2026-08-31 06:01:03.909986: train_loss -0.4891
2026-08-31 06:01:03.913377: val_loss -0.5156
2026-08-31 06:01:03.918063: Pseudo dice [np.float32(0.0374)]
2026-08-31 06:01:03.919105: Epoch time: 108.3 s
2026-08-31 06:01:09.608031: 
2026-08-31 06:01:09.609556: Epoch 83
2026-08-31 06:01:09.610441: Current learning rate: 0.00925
2026-08-31 06:03:01.748283: train_loss -0.4919
2026-08-31 06:03:01.753410: val_loss -0.5148
2026-08-31 06:03:01.759419: Pseudo dice [np.float32(0.0118)]
2026-08-31 06:03:01.761504: Epoch time: 112.14 s
2026-08-31 06:03:02.829956: 
2026-08-31 06:03:02.831311: Epoch 84
2026-08-31 06:03:02.832273: Current learning rate: 0.00924
2026-08-31 06:04:47.865652: train_loss -0.5037
2026-08-31 06:04:47.881022: val_loss -0.5043
2026-08-31 06:04:47.882665: Pseudo dice [np.float32(0.0399)]
2026-08-31 06:04:47.883751: Epoch time: 105.04 s
2026-08-31 06:04:49.660691: 
2026-08-31 06:04:49.666087: Epoch 85
2026-08-31 06:04:49.667062: Current learning rate: 0.00923
2026-08-31 06:06:39.220797: train_loss -0.5148
2026-08-31 06:06:39.225664: val_loss -0.5218
2026-08-31 06:06:39.233319: Pseudo dice [np.float32(0.0376)]
2026-08-31 06:06:39.234591: Epoch time: 109.56 s
2026-08-31 06:06:40.464152: 
2026-08-31 06:06:40.465948: Epoch 86
2026-08-31 06:06:40.467131: Current learning rate: 0.00922
2026-08-31 06:08:26.489556: train_loss -0.4863
2026-08-31 06:08:26.496583: val_loss -0.5032
2026-08-31 06:08:26.498393: Pseudo dice [np.float32(0.0675)]
2026-08-31 06:08:26.500413: Epoch time: 106.03 s
2026-08-31 06:08:27.450346: 
2026-08-31 06:08:27.453214: Epoch 87
2026-08-31 06:08:27.455129: Current learning rate: 0.00921
2026-08-31 06:10:09.376266: train_loss -0.5013
2026-08-31 06:10:09.377295: val_loss -0.4996
2026-08-31 06:10:09.378506: Pseudo dice [np.float32(0.0405)]
2026-08-31 06:10:09.379475: Epoch time: 101.93 s
2026-08-31 06:10:10.324666: 
2026-08-31 06:10:10.325853: Epoch 88
2026-08-31 06:10:10.327004: Current learning rate: 0.0092
2026-08-31 06:11:52.444832: train_loss -0.5053
2026-08-31 06:11:52.445992: val_loss -0.5162
2026-08-31 06:11:52.447002: Pseudo dice [np.float32(0.0588)]
2026-08-31 06:11:52.447894: Epoch time: 102.12 s
2026-08-31 06:11:52.448769: Yayy! New best EMA pseudo Dice: 0.03920000046491623
2026-08-31 06:11:54.626251: 
2026-08-31 06:11:54.627503: Epoch 89
2026-08-31 06:11:54.628357: Current learning rate: 0.0092
2026-08-31 06:13:41.239777: train_loss -0.4799
2026-08-31 06:13:41.243919: val_loss -0.4907
2026-08-31 06:13:41.244872: Pseudo dice [np.float32(0.0197)]
2026-08-31 06:13:41.245759: Epoch time: 106.62 s
2026-08-31 06:13:42.221980: 
2026-08-31 06:13:42.223208: Epoch 90
2026-08-31 06:13:42.224162: Current learning rate: 0.00919
2026-08-31 06:15:32.238585: train_loss -0.4864
2026-08-31 06:15:32.240616: val_loss -0.4936
2026-08-31 06:15:32.241632: Pseudo dice [np.float32(0.0282)]
2026-08-31 06:15:32.242364: Epoch time: 110.02 s
2026-08-31 06:15:33.742283: 
2026-08-31 06:15:33.744549: Epoch 91
2026-08-31 06:15:33.745739: Current learning rate: 0.00918
2026-08-31 06:17:18.409442: train_loss -0.4982
2026-08-31 06:17:18.410607: val_loss -0.4841
2026-08-31 06:17:18.411593: Pseudo dice [np.float32(0.0355)]
2026-08-31 06:17:18.412707: Epoch time: 104.67 s
2026-08-31 06:17:19.731258: 
2026-08-31 06:17:19.732865: Epoch 92
2026-08-31 06:17:19.733884: Current learning rate: 0.00917
2026-08-31 06:19:01.847642: train_loss -0.5033
2026-08-31 06:19:01.852377: val_loss -0.4899
2026-08-31 06:19:01.855304: Pseudo dice [np.float32(0.0579)]
2026-08-31 06:19:01.856732: Epoch time: 102.12 s
2026-08-31 06:19:02.868376: 
2026-08-31 06:19:02.869717: Epoch 93
2026-08-31 06:19:02.870616: Current learning rate: 0.00916
2026-08-31 06:20:47.400410: train_loss -0.4954
2026-08-31 06:20:47.405393: val_loss -0.5235
2026-08-31 06:20:47.406653: Pseudo dice [np.float32(0.046)]
2026-08-31 06:20:47.407641: Epoch time: 104.53 s
2026-08-31 06:20:47.408396: Yayy! New best EMA pseudo Dice: 0.03920000046491623
2026-08-31 06:20:50.286281: 
2026-08-31 06:20:50.287802: Epoch 94
2026-08-31 06:20:50.288785: Current learning rate: 0.00915
2026-08-31 06:22:36.311217: train_loss -0.4865
2026-08-31 06:22:36.377871: val_loss -0.503
2026-08-31 06:22:36.379191: Pseudo dice [np.float32(0.0335)]
2026-08-31 06:22:36.380268: Epoch time: 106.03 s
2026-08-31 06:22:37.531976: 
2026-08-31 06:22:37.534918: Epoch 95
2026-08-31 06:22:37.536065: Current learning rate: 0.00914
2026-08-31 06:24:25.366124: train_loss -0.4814
2026-08-31 06:24:25.378269: val_loss -0.5099
2026-08-31 06:24:25.380646: Pseudo dice [np.float32(0.0193)]
2026-08-31 06:24:25.382482: Epoch time: 107.84 s
2026-08-31 06:24:26.841426: 
2026-08-31 06:24:26.845786: Epoch 96
2026-08-31 06:24:26.848207: Current learning rate: 0.00913
2026-08-31 06:26:12.582708: train_loss -0.5076
2026-08-31 06:26:12.587776: val_loss -0.5134
2026-08-31 06:26:12.589166: Pseudo dice [np.float32(0.0351)]
2026-08-31 06:26:12.590824: Epoch time: 105.75 s
2026-08-31 06:26:14.108453: 
2026-08-31 06:26:14.110131: Epoch 97
2026-08-31 06:26:14.110923: Current learning rate: 0.00912
2026-08-31 06:28:03.371386: train_loss -0.4992
2026-08-31 06:28:03.379872: val_loss -0.5048
2026-08-31 06:28:03.381336: Pseudo dice [np.float32(0.0321)]
2026-08-31 06:28:03.382333: Epoch time: 109.27 s
2026-08-31 06:28:04.749052: 
2026-08-31 06:28:04.750515: Epoch 98
2026-08-31 06:28:04.751432: Current learning rate: 0.00911
2026-08-31 06:29:47.961189: train_loss -0.4944
2026-08-31 06:29:47.963077: val_loss -0.4695
2026-08-31 06:29:47.964552: Pseudo dice [np.float32(0.0684)]
2026-08-31 06:29:47.965857: Epoch time: 103.21 s
2026-08-31 06:29:47.966854: Yayy! New best EMA pseudo Dice: 0.03929999843239784
2026-08-31 06:29:50.094146: 
2026-08-31 06:29:50.095392: Epoch 99
2026-08-31 06:29:50.096279: Current learning rate: 0.0091
2026-08-31 06:31:44.549540: train_loss -0.5036
2026-08-31 06:31:44.562950: val_loss -0.478
2026-08-31 06:31:44.564054: Pseudo dice [np.float32(0.0697)]
2026-08-31 06:31:44.565246: Epoch time: 114.46 s
2026-08-31 06:31:46.175582: Yayy! New best EMA pseudo Dice: 0.04230000078678131
2026-08-31 06:31:48.249580: 
2026-08-31 06:31:48.250762: Epoch 100
2026-08-31 06:31:48.251443: Current learning rate: 0.0091
2026-08-31 06:33:31.554283: train_loss -0.4947
2026-08-31 06:33:31.560036: val_loss -0.5182
2026-08-31 06:33:31.561035: Pseudo dice [np.float32(0.0581)]
2026-08-31 06:33:31.561963: Epoch time: 103.31 s
2026-08-31 06:33:31.562867: Yayy! New best EMA pseudo Dice: 0.04390000179409981
2026-08-31 06:33:34.091799: 
2026-08-31 06:33:34.093147: Epoch 101
2026-08-31 06:33:34.094034: Current learning rate: 0.00909
2026-08-31 06:35:24.199765: train_loss -0.4975
2026-08-31 06:35:24.201945: val_loss -0.5204
2026-08-31 06:35:24.202989: Pseudo dice [np.float32(0.0469)]
2026-08-31 06:35:24.203826: Epoch time: 110.11 s
2026-08-31 06:35:24.204660: Yayy! New best EMA pseudo Dice: 0.044199999421834946
2026-08-31 06:35:27.466013: 
2026-08-31 06:35:27.467489: Epoch 102
2026-08-31 06:35:27.481577: Current learning rate: 0.00908
2026-08-31 06:37:13.760638: train_loss -0.4941
2026-08-31 06:37:13.764692: val_loss -0.4935
2026-08-31 06:37:13.769150: Pseudo dice [np.float32(0.0274)]
2026-08-31 06:37:13.770406: Epoch time: 106.3 s
2026-08-31 06:37:14.915933: 
2026-08-31 06:37:14.917087: Epoch 103
2026-08-31 06:37:14.917936: Current learning rate: 0.00907
2026-08-31 06:38:57.393714: train_loss -0.4983
2026-08-31 06:38:57.394649: val_loss -0.464
2026-08-31 06:38:57.395658: Pseudo dice [np.float32(0.0251)]
2026-08-31 06:38:57.396578: Epoch time: 102.48 s
2026-08-31 06:38:58.211831: 
2026-08-31 06:38:58.213165: Epoch 104
2026-08-31 06:38:58.214117: Current learning rate: 0.00906
2026-08-31 06:40:45.131469: train_loss -0.5106
2026-08-31 06:40:45.132787: val_loss -0.5211
2026-08-31 06:40:45.133958: Pseudo dice [np.float32(0.0104)]
2026-08-31 06:40:45.135153: Epoch time: 106.92 s
2026-08-31 06:40:46.582383: 
2026-08-31 06:40:46.583835: Epoch 105
2026-08-31 06:40:46.584889: Current learning rate: 0.00905
2026-08-31 06:42:33.218758: train_loss -0.5016
2026-08-31 06:42:33.222041: val_loss -0.4824
2026-08-31 06:42:33.234273: Pseudo dice [np.float32(0.0226)]
2026-08-31 06:42:33.235578: Epoch time: 106.64 s
2026-08-31 06:42:34.758143: 
2026-08-31 06:42:34.763738: Epoch 106
2026-08-31 06:42:34.764905: Current learning rate: 0.00904
2026-08-31 06:44:33.177442: train_loss -0.4846
2026-08-31 06:44:33.180738: val_loss -0.5328
2026-08-31 06:44:33.185333: Pseudo dice [np.float32(0.0356)]
2026-08-31 06:44:33.186226: Epoch time: 118.42 s
2026-08-31 06:44:34.254015: 
2026-08-31 06:44:34.255345: Epoch 107
2026-08-31 06:44:34.256125: Current learning rate: 0.00903
2026-08-31 06:46:18.951919: train_loss -0.4984
2026-08-31 06:46:18.961651: val_loss -0.5323
2026-08-31 06:46:18.962995: Pseudo dice [np.float32(0.0975)]
2026-08-31 06:46:18.964032: Epoch time: 104.7 s
2026-08-31 06:46:20.597415: 
2026-08-31 06:46:20.598995: Epoch 108
2026-08-31 06:46:20.600006: Current learning rate: 0.00902
2026-08-31 06:48:06.395376: train_loss -0.5081
2026-08-31 06:48:06.400333: val_loss -0.5124
2026-08-31 06:48:06.404744: Pseudo dice [np.float32(0.029)]
2026-08-31 06:48:06.405904: Epoch time: 105.8 s
2026-08-31 06:48:07.572907: 
2026-08-31 06:48:07.574156: Epoch 109
2026-08-31 06:48:07.575077: Current learning rate: 0.00901
2026-08-31 06:49:57.932170: train_loss -0.5038
2026-08-31 06:49:57.933920: val_loss -0.495
2026-08-31 06:49:57.935025: Pseudo dice [np.float32(0.0851)]
2026-08-31 06:49:57.936198: Epoch time: 110.36 s
2026-08-31 06:49:57.937416: Yayy! New best EMA pseudo Dice: 0.04540000110864639
2026-08-31 06:50:00.989828: 
2026-08-31 06:50:00.991117: Epoch 110
2026-08-31 06:50:00.992073: Current learning rate: 0.009
2026-08-31 06:51:44.193928: train_loss -0.4926
2026-08-31 06:51:44.196417: val_loss -0.5188
2026-08-31 06:51:44.198347: Pseudo dice [np.float32(0.0311)]
2026-08-31 06:51:44.199619: Epoch time: 103.21 s
2026-08-31 06:51:45.367311: 
2026-08-31 06:51:45.368427: Epoch 111
2026-08-31 06:51:45.401066: Current learning rate: 0.009
2026-08-31 06:53:33.985732: train_loss -0.4993
2026-08-31 06:53:33.990053: val_loss -0.4831
2026-08-31 06:53:33.994002: Pseudo dice [np.float32(0.0511)]
2026-08-31 06:53:33.996692: Epoch time: 108.62 s
2026-08-31 06:53:35.631552: 
2026-08-31 06:53:35.633163: Epoch 112
2026-08-31 06:53:35.634317: Current learning rate: 0.00899
2026-08-31 06:55:22.800612: train_loss -0.4916
2026-08-31 06:55:22.805135: val_loss -0.511
2026-08-31 06:55:22.807846: Pseudo dice [np.float32(0.0473)]
2026-08-31 06:55:22.808810: Epoch time: 107.17 s
2026-08-31 06:55:24.331063: 
2026-08-31 06:55:24.332160: Epoch 113
2026-08-31 06:55:24.332904: Current learning rate: 0.00898
2026-08-31 06:57:11.489279: train_loss -0.5045
2026-08-31 06:57:11.497615: val_loss -0.4904
2026-08-31 06:57:11.499201: Pseudo dice [np.float32(0.0713)]
2026-08-31 06:57:11.500290: Epoch time: 107.16 s
2026-08-31 06:57:11.501160: Yayy! New best EMA pseudo Dice: 0.047600001096725464
2026-08-31 06:57:14.372459: 
2026-08-31 06:57:14.373620: Epoch 114
2026-08-31 06:57:14.374468: Current learning rate: 0.00897
2026-08-31 06:58:58.116761: train_loss -0.5065
2026-08-31 06:58:58.121255: val_loss -0.5191
2026-08-31 06:58:58.122488: Pseudo dice [np.float32(0.019)]
2026-08-31 06:58:58.123562: Epoch time: 103.75 s
2026-08-31 06:58:59.379867: 
2026-08-31 06:58:59.381470: Epoch 115
2026-08-31 06:58:59.382353: Current learning rate: 0.00896
2026-08-31 07:00:46.362823: train_loss -0.5019
2026-08-31 07:00:46.367668: val_loss -0.5189
2026-08-31 07:00:46.370573: Pseudo dice [np.float32(0.0433)]
2026-08-31 07:00:46.371798: Epoch time: 106.99 s
2026-08-31 07:00:47.534904: 
2026-08-31 07:00:47.535979: Epoch 116
2026-08-31 07:00:47.536858: Current learning rate: 0.00895
2026-08-31 07:02:35.097311: train_loss -0.4941
2026-08-31 07:02:35.104245: val_loss -0.5238
2026-08-31 07:02:35.115372: Pseudo dice [np.float32(0.0234)]
2026-08-31 07:02:35.116653: Epoch time: 107.56 s
2026-08-31 07:02:37.127270: 
2026-08-31 07:02:37.128690: Epoch 117
2026-08-31 07:02:37.129617: Current learning rate: 0.00894
2026-08-31 07:04:33.498107: train_loss -0.4981
2026-08-31 07:04:33.502993: val_loss -0.5148
2026-08-31 07:04:33.505768: Pseudo dice [np.float32(0.1127)]
2026-08-31 07:04:33.506630: Epoch time: 116.37 s
2026-08-31 07:04:33.507448: Yayy! New best EMA pseudo Dice: 0.0494999997317791
2026-08-31 07:04:36.199476: 
2026-08-31 07:04:36.200724: Epoch 118
2026-08-31 07:04:36.201638: Current learning rate: 0.00893
2026-08-31 07:06:22.125977: train_loss -0.5053
2026-08-31 07:06:22.137642: val_loss -0.5167
2026-08-31 07:06:22.138796: Pseudo dice [np.float32(0.038)]
2026-08-31 07:06:22.139909: Epoch time: 105.93 s
2026-08-31 07:06:23.628753: 
2026-08-31 07:06:23.630400: Epoch 119
2026-08-31 07:06:23.631356: Current learning rate: 0.00892
2026-08-31 07:08:08.710547: train_loss -0.5064
2026-08-31 07:08:08.731574: val_loss -0.5347
2026-08-31 07:08:08.733595: Pseudo dice [np.float32(0.0243)]
2026-08-31 07:08:08.734867: Epoch time: 105.08 s
2026-08-31 07:08:10.006949: 
2026-08-31 07:08:10.008005: Epoch 120
2026-08-31 07:08:10.008821: Current learning rate: 0.00891
2026-08-31 07:09:54.348292: train_loss -0.5012
2026-08-31 07:09:54.351558: val_loss -0.5269
2026-08-31 07:09:54.354392: Pseudo dice [np.float32(0.0733)]
2026-08-31 07:09:54.355403: Epoch time: 104.34 s
2026-08-31 07:09:56.394249: 
2026-08-31 07:09:56.396271: Epoch 121
2026-08-31 07:09:56.397315: Current learning rate: 0.0089
2026-08-31 07:11:45.049540: train_loss -0.5114
2026-08-31 07:11:45.056463: val_loss -0.4886
2026-08-31 07:11:45.062747: Pseudo dice [np.float32(0.0298)]
2026-08-31 07:11:45.065472: Epoch time: 108.66 s
2026-08-31 07:11:46.960353: 
2026-08-31 07:11:46.962122: Epoch 122
2026-08-31 07:11:46.963415: Current learning rate: 0.00889
2026-08-31 07:13:30.098833: train_loss -0.5115
2026-08-31 07:13:30.165055: val_loss -0.5255
2026-08-31 07:13:30.166149: Pseudo dice [np.float32(0.0321)]
2026-08-31 07:13:30.167070: Epoch time: 103.14 s
2026-08-31 07:13:31.215626: 
2026-08-31 07:13:31.217091: Epoch 123
2026-08-31 07:13:31.217970: Current learning rate: 0.00889
2026-08-31 07:15:15.455218: train_loss -0.5031
2026-08-31 07:15:15.456690: val_loss -0.5304
2026-08-31 07:15:15.457804: Pseudo dice [np.float32(0.0646)]
2026-08-31 07:15:15.460612: Epoch time: 104.24 s
2026-08-31 07:15:16.442088: 
2026-08-31 07:15:16.443357: Epoch 124
2026-08-31 07:15:16.444147: Current learning rate: 0.00888
2026-08-31 07:17:00.582983: train_loss -0.5077
2026-08-31 07:17:00.588882: val_loss -0.5002
2026-08-31 07:17:00.590269: Pseudo dice [np.float32(0.0394)]
2026-08-31 07:17:00.591475: Epoch time: 104.14 s
2026-08-31 07:17:01.643848: 
2026-08-31 07:17:01.645252: Epoch 125
2026-08-31 07:17:01.646055: Current learning rate: 0.00887
2026-08-31 07:18:46.317314: train_loss -0.5106
2026-08-31 07:18:46.318732: val_loss -0.5015
2026-08-31 07:18:46.319675: Pseudo dice [np.float32(0.0565)]
2026-08-31 07:18:46.320531: Epoch time: 104.68 s
2026-08-31 07:18:47.504663: 
2026-08-31 07:18:47.505870: Epoch 126
2026-08-31 07:18:47.506700: Current learning rate: 0.00886
2026-08-31 07:20:33.047854: train_loss -0.5292
2026-08-31 07:20:33.049814: val_loss -0.513
2026-08-31 07:20:33.055941: Pseudo dice [np.float32(0.0696)]
2026-08-31 07:20:33.062201: Epoch time: 105.55 s
2026-08-31 07:20:33.063495: Yayy! New best EMA pseudo Dice: 0.04969999939203262
2026-08-31 07:20:35.473105: 
2026-08-31 07:20:35.474268: Epoch 127
2026-08-31 07:20:35.475120: Current learning rate: 0.00885
2026-08-31 07:22:21.520711: train_loss -0.502
2026-08-31 07:22:21.535504: val_loss -0.5274
2026-08-31 07:22:21.536466: Pseudo dice [np.float32(0.0552)]
2026-08-31 07:22:21.537372: Epoch time: 106.05 s
2026-08-31 07:22:21.538213: Yayy! New best EMA pseudo Dice: 0.050200000405311584
2026-08-31 07:22:23.839695: 
2026-08-31 07:22:23.840844: Epoch 128
2026-08-31 07:22:23.841720: Current learning rate: 0.00884
2026-08-31 07:24:14.134081: train_loss -0.5051
2026-08-31 07:24:14.138823: val_loss -0.5285
2026-08-31 07:24:14.141769: Pseudo dice [np.float32(0.0164)]
2026-08-31 07:24:14.142886: Epoch time: 110.3 s
2026-08-31 07:24:15.217134: 
2026-08-31 07:24:15.218696: Epoch 129
2026-08-31 07:24:15.219687: Current learning rate: 0.00883
2026-08-31 07:26:00.854242: train_loss -0.5125
2026-08-31 07:26:00.859552: val_loss -0.5201
2026-08-31 07:26:00.865883: Pseudo dice [np.float32(0.0122)]
2026-08-31 07:26:00.873374: Epoch time: 105.64 s
2026-08-31 07:26:02.496233: 
2026-08-31 07:26:02.497476: Epoch 130
2026-08-31 07:26:02.498193: Current learning rate: 0.00882
2026-08-31 07:27:46.501086: train_loss -0.5023
2026-08-31 07:27:46.505711: val_loss -0.5112
2026-08-31 07:27:46.507270: Pseudo dice [np.float32(0.0339)]
2026-08-31 07:27:46.508836: Epoch time: 104.01 s
2026-08-31 07:27:47.984376: 
2026-08-31 07:27:47.985806: Epoch 131
2026-08-31 07:27:47.986653: Current learning rate: 0.00881
2026-08-31 07:29:40.211037: train_loss -0.5108
2026-08-31 07:29:40.212430: val_loss -0.4921
2026-08-31 07:29:40.213660: Pseudo dice [np.float32(0.0261)]
2026-08-31 07:29:40.214593: Epoch time: 112.23 s
2026-08-31 07:29:41.249478: 
2026-08-31 07:29:41.250812: Epoch 132
2026-08-31 07:29:41.251822: Current learning rate: 0.0088
2026-08-31 07:31:29.043091: train_loss -0.5058
2026-08-31 07:31:29.045510: val_loss -0.4952
2026-08-31 07:31:29.049736: Pseudo dice [np.float32(0.0768)]
2026-08-31 07:31:29.050991: Epoch time: 107.8 s
2026-08-31 07:31:30.752455: 
2026-08-31 07:31:30.753584: Epoch 133
2026-08-31 07:31:30.754350: Current learning rate: 0.00879
2026-08-31 07:33:22.127972: train_loss -0.5103
2026-08-31 07:33:22.136862: val_loss -0.541
2026-08-31 07:33:22.143163: Pseudo dice [np.float32(0.0282)]
2026-08-31 07:33:22.149500: Epoch time: 111.38 s
2026-08-31 07:33:23.782144: 
2026-08-31 07:33:23.783531: Epoch 134
2026-08-31 07:33:23.784699: Current learning rate: 0.00879
2026-08-31 07:35:10.131388: train_loss -0.5247
2026-08-31 07:35:10.136507: val_loss -0.4877
2026-08-31 07:35:10.141068: Pseudo dice [np.float32(0.0343)]
2026-08-31 07:35:10.142206: Epoch time: 106.35 s
2026-08-31 07:35:11.852104: 
2026-08-31 07:35:11.859037: Epoch 135
2026-08-31 07:35:11.860010: Current learning rate: 0.00878
2026-08-31 07:36:56.567957: train_loss -0.5143
2026-08-31 07:36:56.569676: val_loss -0.5123
2026-08-31 07:36:56.571064: Pseudo dice [np.float32(0.0745)]
2026-08-31 07:36:56.572032: Epoch time: 104.72 s
2026-08-31 07:36:57.793192: 
2026-08-31 07:36:57.794508: Epoch 136
2026-08-31 07:36:57.795177: Current learning rate: 0.00877
2026-08-31 07:38:47.387939: train_loss -0.5079
2026-08-31 07:38:47.392572: val_loss -0.5092
2026-08-31 07:38:47.406336: Pseudo dice [np.float32(0.0675)]
2026-08-31 07:38:47.409158: Epoch time: 109.6 s
2026-08-31 07:38:48.994689: 
2026-08-31 07:38:48.996324: Epoch 137
2026-08-31 07:38:48.997311: Current learning rate: 0.00876
2026-08-31 07:40:32.809318: train_loss -0.5048
2026-08-31 07:40:32.811137: val_loss -0.4926
2026-08-31 07:40:32.812361: Pseudo dice [np.float32(0.0521)]
2026-08-31 07:40:32.813312: Epoch time: 103.82 s
2026-08-31 07:40:33.873456: 
2026-08-31 07:40:33.874697: Epoch 138
2026-08-31 07:40:33.875465: Current learning rate: 0.00875
2026-08-31 07:42:30.632598: train_loss -0.4895
2026-08-31 07:42:30.636086: val_loss -0.5099
2026-08-31 07:42:30.640682: Pseudo dice [np.float32(0.0293)]
2026-08-31 07:42:30.641890: Epoch time: 116.76 s
2026-08-31 07:42:32.082052: 
2026-08-31 07:42:32.083578: Epoch 139
2026-08-31 07:42:32.084602: Current learning rate: 0.00874
2026-08-31 07:44:15.232134: train_loss -0.5055
2026-08-31 07:44:15.256533: val_loss -0.5136
2026-08-31 07:44:15.258673: Pseudo dice [np.float32(0.0195)]
2026-08-31 07:44:15.259995: Epoch time: 103.15 s
2026-08-31 07:44:16.389021: 
2026-08-31 07:44:16.390591: Epoch 140
2026-08-31 07:44:16.391763: Current learning rate: 0.00873
2026-08-31 07:46:10.967437: train_loss -0.5078
2026-08-31 07:46:10.970795: val_loss -0.5096
2026-08-31 07:46:10.975205: Pseudo dice [np.float32(0.0483)]
2026-08-31 07:46:10.976080: Epoch time: 114.58 s
2026-08-31 07:46:12.221001: 
2026-08-31 07:46:12.222585: Epoch 141
2026-08-31 07:46:12.223569: Current learning rate: 0.00872
2026-08-31 07:47:55.883260: train_loss -0.5033
2026-08-31 07:47:55.884534: val_loss -0.4865
2026-08-31 07:47:55.885526: Pseudo dice [np.float32(0.0143)]
2026-08-31 07:47:55.886450: Epoch time: 103.66 s
2026-08-31 07:47:57.017431: 
2026-08-31 07:47:57.018620: Epoch 142
2026-08-31 07:47:57.019495: Current learning rate: 0.00871
2026-08-31 07:49:44.431926: train_loss -0.5016
2026-08-31 07:49:44.442787: val_loss -0.5339
2026-08-31 07:49:44.443895: Pseudo dice [np.float32(0.0543)]
2026-08-31 07:49:44.444739: Epoch time: 107.42 s
2026-08-31 07:49:45.765402: 
2026-08-31 07:49:45.766675: Epoch 143
2026-08-31 07:49:45.767448: Current learning rate: 0.0087
2026-08-31 07:51:34.331122: train_loss -0.5324
2026-08-31 07:51:34.332919: val_loss -0.515
2026-08-31 07:51:34.335730: Pseudo dice [np.float32(0.14)]
2026-08-31 07:51:34.337837: Epoch time: 108.57 s
2026-08-31 07:51:34.338742: Yayy! New best EMA pseudo Dice: 0.052000001072883606
2026-08-31 07:51:36.777668: 
2026-08-31 07:51:36.778764: Epoch 144
2026-08-31 07:51:36.779525: Current learning rate: 0.00869
2026-08-31 07:53:25.126712: train_loss -0.5154
2026-08-31 07:53:25.130030: val_loss -0.5501
2026-08-31 07:53:25.145026: Pseudo dice [np.float32(0.0381)]
2026-08-31 07:53:25.146549: Epoch time: 108.35 s
2026-08-31 07:53:26.698850: 
2026-08-31 07:53:26.705014: Epoch 145
2026-08-31 07:53:26.706153: Current learning rate: 0.00868
2026-08-31 07:55:16.729934: train_loss -0.5002
2026-08-31 07:55:16.733950: val_loss -0.5184
2026-08-31 07:55:16.736776: Pseudo dice [np.float32(0.0453)]
2026-08-31 07:55:16.737847: Epoch time: 110.03 s
2026-08-31 07:55:17.846341: 
2026-08-31 07:55:17.847838: Epoch 146
2026-08-31 07:55:17.848787: Current learning rate: 0.00868
2026-08-31 07:57:06.488311: train_loss -0.4922
2026-08-31 07:57:06.493108: val_loss -0.5028
2026-08-31 07:57:06.497840: Pseudo dice [np.float32(0.0457)]
2026-08-31 07:57:06.499046: Epoch time: 108.64 s
2026-08-31 07:57:08.229432: 
2026-08-31 07:57:08.244124: Epoch 147
2026-08-31 07:57:08.245048: Current learning rate: 0.00867
2026-08-31 07:59:01.391152: train_loss -0.5112
2026-08-31 07:59:01.392380: val_loss -0.5041
2026-08-31 07:59:01.393296: Pseudo dice [np.float32(0.0539)]
2026-08-31 07:59:01.394097: Epoch time: 113.16 s
2026-08-31 07:59:02.872484: 
2026-08-31 07:59:02.874015: Epoch 148
2026-08-31 07:59:02.875057: Current learning rate: 0.00866
2026-08-31 08:00:50.612119: train_loss -0.5046
2026-08-31 08:00:50.626635: val_loss -0.5267
2026-08-31 08:00:50.627716: Pseudo dice [np.float32(0.0625)]
2026-08-31 08:00:50.628669: Epoch time: 107.74 s
2026-08-31 08:00:51.875502: 
2026-08-31 08:00:51.877671: Epoch 149
2026-08-31 08:00:51.879242: Current learning rate: 0.00865
2026-08-31 08:02:39.161181: train_loss -0.5071
2026-08-31 08:02:39.168163: val_loss -0.4951
2026-08-31 08:02:39.174464: Pseudo dice [np.float32(0.0558)]
2026-08-31 08:02:39.177411: Epoch time: 107.29 s
2026-08-31 08:02:41.769239: 
2026-08-31 08:02:41.770341: Epoch 150
2026-08-31 08:02:41.771122: Current learning rate: 0.00864
2026-08-31 08:04:29.887576: train_loss -0.5131
2026-08-31 08:04:29.890938: val_loss -0.508
2026-08-31 08:04:29.894296: Pseudo dice [np.float32(0.0146)]
2026-08-31 08:04:29.895165: Epoch time: 108.12 s
2026-08-31 08:04:31.603513: 
2026-08-31 08:04:31.605016: Epoch 151
2026-08-31 08:04:31.605968: Current learning rate: 0.00863
2026-08-31 08:06:16.606089: train_loss -0.5108
2026-08-31 08:06:16.612771: val_loss -0.5291
2026-08-31 08:06:16.615632: Pseudo dice [np.float32(0.0433)]
2026-08-31 08:06:16.616878: Epoch time: 105.01 s
2026-08-31 08:06:17.715923: 
2026-08-31 08:06:17.717237: Epoch 152
2026-08-31 08:06:17.717968: Current learning rate: 0.00862
2026-08-31 08:08:04.206285: train_loss -0.509
2026-08-31 08:08:04.213303: val_loss -0.4948
2026-08-31 08:08:04.224737: Pseudo dice [np.float32(0.0314)]
2026-08-31 08:08:04.226134: Epoch time: 106.49 s
2026-08-31 08:08:06.255889: 
2026-08-31 08:08:06.257288: Epoch 153
2026-08-31 08:08:06.258371: Current learning rate: 0.00861
2026-08-31 08:09:58.074218: train_loss -0.5044
2026-08-31 08:09:58.077031: val_loss -0.4631
2026-08-31 08:09:58.079974: Pseudo dice [np.float32(0.0256)]
2026-08-31 08:09:58.083324: Epoch time: 111.82 s
2026-08-31 08:09:59.679494: 
2026-08-31 08:09:59.681327: Epoch 154
2026-08-31 08:09:59.682518: Current learning rate: 0.0086
2026-08-31 08:11:40.960474: train_loss -0.5161
2026-08-31 08:11:40.961618: val_loss -0.5436
2026-08-31 08:11:40.962508: Pseudo dice [np.float32(0.1214)]
2026-08-31 08:11:40.963278: Epoch time: 101.28 s
2026-08-31 08:11:42.058396: 
2026-08-31 08:11:42.059686: Epoch 155
2026-08-31 08:11:42.060405: Current learning rate: 0.00859
2026-08-31 08:13:31.293465: train_loss -0.4913
2026-08-31 08:13:31.294927: val_loss -0.5394
2026-08-31 08:13:31.296089: Pseudo dice [np.float32(0.0378)]
2026-08-31 08:13:31.296942: Epoch time: 109.24 s
2026-08-31 08:13:32.203549: 
2026-08-31 08:13:32.213843: Epoch 156
2026-08-31 08:13:32.214818: Current learning rate: 0.00858
2026-08-31 08:15:21.568038: train_loss -0.5121
2026-08-31 08:15:21.574597: val_loss -0.5137
2026-08-31 08:15:21.578686: Pseudo dice [np.float32(0.088)]
2026-08-31 08:15:21.580356: Epoch time: 109.37 s
2026-08-31 08:15:21.581392: Yayy! New best EMA pseudo Dice: 0.054099999368190765
2026-08-31 08:15:24.385541: 
2026-08-31 08:15:24.386720: Epoch 157
2026-08-31 08:15:24.387458: Current learning rate: 0.00858
2026-08-31 08:17:10.907212: train_loss -0.5113
2026-08-31 08:17:10.917656: val_loss -0.4919
2026-08-31 08:17:10.927760: Pseudo dice [np.float32(0.0458)]
2026-08-31 08:17:10.929227: Epoch time: 106.52 s
2026-08-31 08:17:11.939163: 
2026-08-31 08:17:11.940237: Epoch 158
2026-08-31 08:17:11.940928: Current learning rate: 0.00857
2026-08-31 08:18:57.451311: train_loss -0.5072
2026-08-31 08:18:57.452257: val_loss -0.4927
2026-08-31 08:18:57.453370: Pseudo dice [np.float32(0.0457)]
2026-08-31 08:18:57.454524: Epoch time: 105.51 s
2026-08-31 08:18:58.653937: 
2026-08-31 08:18:58.655293: Epoch 159
2026-08-31 08:18:58.656037: Current learning rate: 0.00856
2026-08-31 08:20:46.373456: train_loss -0.5081
2026-08-31 08:20:46.374606: val_loss -0.5065
2026-08-31 08:20:46.395615: Pseudo dice [np.float32(0.0453)]
2026-08-31 08:20:46.407910: Epoch time: 107.72 s
2026-08-31 08:20:47.381258: 
2026-08-31 08:20:47.382759: Epoch 160
2026-08-31 08:20:47.383882: Current learning rate: 0.00855
2026-08-31 08:22:36.779819: train_loss -0.5013
2026-08-31 08:22:36.792423: val_loss -0.5238
2026-08-31 08:22:36.793785: Pseudo dice [np.float32(0.0311)]
2026-08-31 08:22:36.794742: Epoch time: 109.4 s
2026-08-31 08:22:37.861459: 
2026-08-31 08:22:37.862731: Epoch 161
2026-08-31 08:22:37.863488: Current learning rate: 0.00854
2026-08-31 08:24:23.882207: train_loss -0.5022
2026-08-31 08:24:23.889739: val_loss -0.5295
2026-08-31 08:24:23.891009: Pseudo dice [np.float32(0.0394)]
2026-08-31 08:24:23.892194: Epoch time: 106.02 s
2026-08-31 08:24:26.041735: 
2026-08-31 08:24:26.043069: Epoch 162
2026-08-31 08:24:26.043964: Current learning rate: 0.00853
2026-08-31 08:26:12.167883: train_loss -0.4995
2026-08-31 08:26:12.174210: val_loss -0.532
2026-08-31 08:26:12.176022: Pseudo dice [np.float32(0.1054)]
2026-08-31 08:26:12.177290: Epoch time: 106.13 s
2026-08-31 08:26:12.178391: Yayy! New best EMA pseudo Dice: 0.05429999902844429
2026-08-31 08:26:14.603953: 
2026-08-31 08:26:14.605305: Epoch 163
2026-08-31 08:26:14.606170: Current learning rate: 0.00852
2026-08-31 08:28:07.100966: train_loss -0.5021
2026-08-31 08:28:07.104072: val_loss -0.5215
2026-08-31 08:28:07.105471: Pseudo dice [np.float32(0.064)]
2026-08-31 08:28:07.106538: Epoch time: 112.5 s
2026-08-31 08:28:07.107340: Yayy! New best EMA pseudo Dice: 0.05530000105500221
2026-08-31 08:28:09.630134: 
2026-08-31 08:28:09.631136: Epoch 164
2026-08-31 08:28:09.632064: Current learning rate: 0.00851
2026-08-31 08:29:54.216631: train_loss -0.5011
2026-08-31 08:29:54.222206: val_loss -0.5148
2026-08-31 08:29:54.225098: Pseudo dice [np.float32(0.0628)]
2026-08-31 08:29:54.226211: Epoch time: 104.59 s
2026-08-31 08:29:54.227168: Yayy! New best EMA pseudo Dice: 0.05609999969601631
2026-08-31 08:29:56.978032: 
2026-08-31 08:29:56.979444: Epoch 165
2026-08-31 08:29:56.980282: Current learning rate: 0.0085
2026-08-31 08:31:46.985795: train_loss -0.5011
2026-08-31 08:31:46.995528: val_loss -0.5098
2026-08-31 08:31:47.043197: Pseudo dice [np.float32(0.0803)]
2026-08-31 08:31:47.044055: Epoch time: 110.01 s
2026-08-31 08:31:47.045003: Yayy! New best EMA pseudo Dice: 0.05849999934434891
2026-08-31 08:31:49.817094: 
2026-08-31 08:31:49.818176: Epoch 166
2026-08-31 08:31:49.818917: Current learning rate: 0.00849
2026-08-31 08:33:33.780888: train_loss -0.5046
2026-08-31 08:33:33.785080: val_loss -0.5477
2026-08-31 08:33:33.786273: Pseudo dice [np.float32(0.0333)]
2026-08-31 08:33:33.787187: Epoch time: 103.97 s
2026-08-31 08:33:34.872604: 
2026-08-31 08:33:34.873972: Epoch 167
2026-08-31 08:33:34.874910: Current learning rate: 0.00848
2026-08-31 08:35:19.226012: train_loss -0.5081
2026-08-31 08:35:19.227331: val_loss -0.5288
2026-08-31 08:35:19.228179: Pseudo dice [np.float32(0.068)]
2026-08-31 08:35:19.228937: Epoch time: 104.36 s
2026-08-31 08:35:20.099811: 
2026-08-31 08:35:20.100999: Epoch 168
2026-08-31 08:35:20.101663: Current learning rate: 0.00847
2026-08-31 08:37:06.447904: train_loss -0.5135
2026-08-31 08:37:06.449131: val_loss -0.5298
2026-08-31 08:37:06.450149: Pseudo dice [np.float32(0.0732)]
2026-08-31 08:37:06.450967: Epoch time: 106.35 s
2026-08-31 08:37:06.451705: Yayy! New best EMA pseudo Dice: 0.058800000697374344
2026-08-31 08:37:09.097352: 
2026-08-31 08:37:09.098525: Epoch 169
2026-08-31 08:37:09.099210: Current learning rate: 0.00847
2026-08-31 08:38:54.571990: train_loss -0.513
2026-08-31 08:38:54.574973: val_loss -0.5341
2026-08-31 08:38:54.579614: Pseudo dice [np.float32(0.0799)]
2026-08-31 08:38:54.580635: Epoch time: 105.48 s
2026-08-31 08:38:54.581511: Yayy! New best EMA pseudo Dice: 0.0608999989926815
2026-08-31 08:38:57.504197: 
2026-08-31 08:38:57.505407: Epoch 170
2026-08-31 08:38:57.506427: Current learning rate: 0.00846
2026-08-31 08:40:40.852133: train_loss -0.5052
2026-08-31 08:40:40.859605: val_loss -0.5135
2026-08-31 08:40:40.873719: Pseudo dice [np.float32(0.0781)]
2026-08-31 08:40:40.875593: Epoch time: 103.35 s
2026-08-31 08:40:40.876657: Yayy! New best EMA pseudo Dice: 0.06260000169277191
2026-08-31 08:40:45.410392: 
2026-08-31 08:40:45.411500: Epoch 171
2026-08-31 08:40:45.412287: Current learning rate: 0.00845
2026-08-31 08:42:29.917339: train_loss -0.5135
2026-08-31 08:42:29.920890: val_loss -0.4968
2026-08-31 08:42:29.922463: Pseudo dice [np.float32(0.0429)]
2026-08-31 08:42:29.923743: Epoch time: 104.51 s
2026-08-31 08:42:31.382429: 
2026-08-31 08:42:31.383611: Epoch 172
2026-08-31 08:42:31.384689: Current learning rate: 0.00844
2026-08-31 08:44:17.869231: train_loss -0.502
2026-08-31 08:44:17.870424: val_loss -0.5227
2026-08-31 08:44:17.874536: Pseudo dice [np.float32(0.0943)]
2026-08-31 08:44:17.877237: Epoch time: 106.49 s
2026-08-31 08:44:17.878054: Yayy! New best EMA pseudo Dice: 0.06400000303983688
2026-08-31 08:44:20.127033: 
2026-08-31 08:44:20.128186: Epoch 173
2026-08-31 08:44:20.129025: Current learning rate: 0.00843
2026-08-31 08:46:06.538048: train_loss -0.5065
2026-08-31 08:46:06.540174: val_loss -0.4718
2026-08-31 08:46:06.544265: Pseudo dice [np.float32(0.0447)]
2026-08-31 08:46:06.545717: Epoch time: 106.41 s
2026-08-31 08:46:07.584702: 
2026-08-31 08:46:07.586153: Epoch 174
2026-08-31 08:46:07.586894: Current learning rate: 0.00842
2026-08-31 08:47:50.710165: train_loss -0.5093
2026-08-31 08:47:50.718086: val_loss -0.5243
2026-08-31 08:47:50.718996: Pseudo dice [np.float32(0.0222)]
2026-08-31 08:47:50.719933: Epoch time: 103.13 s
2026-08-31 08:47:51.876209: 
2026-08-31 08:47:51.877768: Epoch 175
2026-08-31 08:47:51.878890: Current learning rate: 0.00841
2026-08-31 08:49:42.545116: train_loss -0.5102
2026-08-31 08:49:42.550089: val_loss -0.5169
2026-08-31 08:49:42.551305: Pseudo dice [np.float32(0.0775)]
2026-08-31 08:49:42.552243: Epoch time: 110.67 s
2026-08-31 08:49:44.101262: 
2026-08-31 08:49:44.102559: Epoch 176
2026-08-31 08:49:44.103322: Current learning rate: 0.0084
2026-08-31 08:51:32.152351: train_loss -0.5151
2026-08-31 08:51:32.159313: val_loss -0.4818
2026-08-31 08:51:32.165463: Pseudo dice [np.float32(0.0786)]
2026-08-31 08:51:32.169662: Epoch time: 108.05 s
2026-08-31 08:51:33.490228: 
2026-08-31 08:51:33.491537: Epoch 177
2026-08-31 08:51:33.492519: Current learning rate: 0.00839
2026-08-31 08:53:18.513244: train_loss -0.524
2026-08-31 08:53:18.529233: val_loss -0.516
2026-08-31 08:53:18.530889: Pseudo dice [np.float32(0.0386)]
2026-08-31 08:53:18.531723: Epoch time: 105.03 s
2026-08-31 08:53:19.625044: 
2026-08-31 08:53:19.626208: Epoch 178
2026-08-31 08:53:19.627116: Current learning rate: 0.00838
2026-08-31 08:55:09.129150: train_loss -0.5101
2026-08-31 08:55:09.136586: val_loss -0.5113
2026-08-31 08:55:09.137487: Pseudo dice [np.float32(0.0817)]
2026-08-31 08:55:09.138417: Epoch time: 109.51 s
2026-08-31 08:55:10.097728: 
2026-08-31 08:55:10.098713: Epoch 179
2026-08-31 08:55:10.099527: Current learning rate: 0.00837
2026-08-31 08:56:55.125296: train_loss -0.5135
2026-08-31 08:56:55.131917: val_loss -0.5291
2026-08-31 08:56:55.134013: Pseudo dice [np.float32(0.0743)]
2026-08-31 08:56:55.135029: Epoch time: 105.03 s
2026-08-31 08:56:56.770563: 
2026-08-31 08:56:56.772177: Epoch 180
2026-08-31 08:56:56.773175: Current learning rate: 0.00836
2026-08-31 08:58:39.798451: train_loss -0.5148
2026-08-31 08:58:39.799704: val_loss -0.5204
2026-08-31 08:58:39.801378: Pseudo dice [np.float32(0.0896)]
2026-08-31 08:58:39.802441: Epoch time: 103.03 s
2026-08-31 08:58:39.803268: Yayy! New best EMA pseudo Dice: 0.065700002014637
2026-08-31 08:58:42.245829: 
2026-08-31 08:58:42.246994: Epoch 181
2026-08-31 08:58:42.247995: Current learning rate: 0.00836
2026-08-31 09:00:37.149363: train_loss -0.5079
2026-08-31 09:00:37.150698: val_loss -0.5114
2026-08-31 09:00:37.152390: Pseudo dice [np.float32(0.0666)]
2026-08-31 09:00:37.153738: Epoch time: 114.91 s
2026-08-31 09:00:37.154956: Yayy! New best EMA pseudo Dice: 0.0658000037074089
2026-08-31 09:00:39.375289: 
2026-08-31 09:00:39.376642: Epoch 182
2026-08-31 09:00:39.377633: Current learning rate: 0.00835
2026-08-31 09:02:22.995164: train_loss -0.5225
2026-08-31 09:02:23.002217: val_loss -0.5198
2026-08-31 09:02:23.008007: Pseudo dice [np.float32(0.0421)]
2026-08-31 09:02:23.009273: Epoch time: 103.62 s
2026-08-31 09:02:24.115376: 
2026-08-31 09:02:24.116596: Epoch 183
2026-08-31 09:02:24.117398: Current learning rate: 0.00834
2026-08-31 09:04:11.779353: train_loss -0.4978
2026-08-31 09:04:11.781629: val_loss -0.4889
2026-08-31 09:04:11.783638: Pseudo dice [np.float32(0.1152)]
2026-08-31 09:04:11.785069: Epoch time: 107.67 s
2026-08-31 09:04:11.788725: Yayy! New best EMA pseudo Dice: 0.06859999895095825
2026-08-31 09:04:14.268637: 
2026-08-31 09:04:14.269834: Epoch 184
2026-08-31 09:04:14.270579: Current learning rate: 0.00833
2026-08-31 09:05:57.480061: train_loss -0.5137
2026-08-31 09:05:57.499021: val_loss -0.5252
2026-08-31 09:05:57.499942: Pseudo dice [np.float32(0.0465)]
2026-08-31 09:05:57.500849: Epoch time: 103.21 s
2026-08-31 09:05:59.032637: 
2026-08-31 09:05:59.033864: Epoch 185
2026-08-31 09:05:59.034811: Current learning rate: 0.00832
2026-08-31 09:07:42.712568: train_loss -0.5122
2026-08-31 09:07:42.717781: val_loss -0.545
2026-08-31 09:07:42.720899: Pseudo dice [np.float32(0.0913)]
2026-08-31 09:07:42.721914: Epoch time: 103.68 s
2026-08-31 09:07:42.722707: Yayy! New best EMA pseudo Dice: 0.06889999657869339
2026-08-31 09:07:45.451408: 
2026-08-31 09:07:45.453001: Epoch 186
2026-08-31 09:07:45.454167: Current learning rate: 0.00831
2026-08-31 09:09:34.661444: train_loss -0.504
2026-08-31 09:09:34.663571: val_loss -0.5133
2026-08-31 09:09:34.664982: Pseudo dice [np.float32(0.0428)]
2026-08-31 09:09:34.666268: Epoch time: 109.21 s
2026-08-31 09:09:36.149907: 
2026-08-31 09:09:36.151237: Epoch 187
2026-08-31 09:09:36.152221: Current learning rate: 0.0083
2026-08-31 09:11:26.944152: train_loss -0.5208
2026-08-31 09:11:26.945298: val_loss -0.5195
2026-08-31 09:11:26.946235: Pseudo dice [np.float32(0.0389)]
2026-08-31 09:11:26.947132: Epoch time: 110.8 s
2026-08-31 09:11:28.406243: 
2026-08-31 09:11:28.408369: Epoch 188
2026-08-31 09:11:28.409931: Current learning rate: 0.00829
2026-08-31 09:13:11.021283: train_loss -0.5159
2026-08-31 09:13:11.022690: val_loss -0.5078
2026-08-31 09:13:11.023981: Pseudo dice [np.float32(0.0367)]
2026-08-31 09:13:11.024987: Epoch time: 102.62 s
2026-08-31 09:13:12.506704: 
2026-08-31 09:13:12.507952: Epoch 189
2026-08-31 09:13:12.508862: Current learning rate: 0.00828
2026-08-31 09:15:02.188190: train_loss -0.4968
2026-08-31 09:15:02.190191: val_loss -0.5058
2026-08-31 09:15:02.195235: Pseudo dice [np.float32(0.0305)]
2026-08-31 09:15:02.196241: Epoch time: 109.68 s
2026-08-31 09:15:04.103238: 
2026-08-31 09:15:04.108754: Epoch 190
2026-08-31 09:15:04.110124: Current learning rate: 0.00827
2026-08-31 09:16:55.594013: train_loss -0.5018
2026-08-31 09:16:55.597254: val_loss -0.5085
2026-08-31 09:16:55.599793: Pseudo dice [np.float32(0.0686)]
2026-08-31 09:16:55.600742: Epoch time: 111.49 s
2026-08-31 09:16:56.689662: 
2026-08-31 09:16:56.690805: Epoch 191
2026-08-31 09:16:56.691679: Current learning rate: 0.00826
2026-08-31 09:18:40.508316: train_loss -0.5032
2026-08-31 09:18:40.509510: val_loss -0.5016
2026-08-31 09:18:40.510706: Pseudo dice [np.float32(0.0242)]
2026-08-31 09:18:40.511792: Epoch time: 103.82 s
2026-08-31 09:18:41.960521: 
2026-08-31 09:18:41.965575: Epoch 192
2026-08-31 09:18:41.966757: Current learning rate: 0.00825
2026-08-31 09:20:28.613496: train_loss -0.5131
2026-08-31 09:20:28.621354: val_loss -0.5173
2026-08-31 09:20:28.622576: Pseudo dice [np.float32(0.0398)]
2026-08-31 09:20:28.623530: Epoch time: 106.66 s
2026-08-31 09:20:29.692384: 
2026-08-31 09:20:29.693671: Epoch 193
2026-08-31 09:20:29.694396: Current learning rate: 0.00824
2026-08-31 09:22:18.105014: train_loss -0.516
2026-08-31 09:22:18.111985: val_loss -0.532
2026-08-31 09:22:18.113330: Pseudo dice [np.float32(0.0742)]
2026-08-31 09:22:18.114468: Epoch time: 108.41 s
2026-08-31 09:22:19.265260: 
2026-08-31 09:22:19.266693: Epoch 194
2026-08-31 09:22:19.267627: Current learning rate: 0.00824
2026-08-31 09:24:07.498754: train_loss -0.5229
2026-08-31 09:24:07.505726: val_loss -0.5161
2026-08-31 09:24:07.506966: Pseudo dice [np.float32(0.0482)]
2026-08-31 09:24:07.508105: Epoch time: 108.24 s
2026-08-31 09:24:08.642512: 
2026-08-31 09:24:08.644164: Epoch 195
2026-08-31 09:24:08.645129: Current learning rate: 0.00823
2026-08-31 09:25:56.010251: train_loss -0.5129
2026-08-31 09:25:56.026329: val_loss -0.5157
2026-08-31 09:25:56.027689: Pseudo dice [np.float32(0.0411)]
2026-08-31 09:25:56.028526: Epoch time: 107.37 s
2026-08-31 09:25:57.291550: 
2026-08-31 09:25:57.292827: Epoch 196
2026-08-31 09:25:57.293560: Current learning rate: 0.00822
2026-08-31 09:27:39.820524: train_loss -0.5066
2026-08-31 09:27:39.831240: val_loss -0.492
2026-08-31 09:27:39.832448: Pseudo dice [np.float32(0.0429)]
2026-08-31 09:27:39.833422: Epoch time: 102.53 s
2026-08-31 09:27:40.875655: 
2026-08-31 09:27:40.877023: Epoch 197
2026-08-31 09:27:40.877988: Current learning rate: 0.00821
2026-08-31 09:29:29.110053: train_loss -0.5279
2026-08-31 09:29:29.111658: val_loss -0.5186
2026-08-31 09:29:29.113006: Pseudo dice [np.float32(0.0987)]
2026-08-31 09:29:29.114056: Epoch time: 108.24 s
2026-08-31 09:29:30.957254: 
2026-08-31 09:29:30.961068: Epoch 198
2026-08-31 09:29:30.961989: Current learning rate: 0.0082
2026-08-31 09:31:20.105287: train_loss -0.5054
2026-08-31 09:31:20.111890: val_loss -0.5066
2026-08-31 09:31:20.114599: Pseudo dice [np.float32(0.0338)]
2026-08-31 09:31:20.115539: Epoch time: 109.16 s
2026-08-31 09:31:21.977575: 
2026-08-31 09:31:21.979028: Epoch 199
2026-08-31 09:31:21.979864: Current learning rate: 0.00819
2026-08-31 09:33:09.628052: train_loss -0.5009
2026-08-31 09:33:09.632756: val_loss -0.4853
2026-08-31 09:33:09.637373: Pseudo dice [np.float32(0.0857)]
2026-08-31 09:33:09.638446: Epoch time: 107.65 s
2026-08-31 09:33:12.024278: 
2026-08-31 09:33:12.025698: Epoch 200
2026-08-31 09:33:12.026641: Current learning rate: 0.00818
2026-08-31 09:34:58.689075: train_loss -0.5061
2026-08-31 09:34:58.690377: val_loss -0.5164
2026-08-31 09:34:58.691447: Pseudo dice [np.float32(0.0392)]
2026-08-31 09:34:58.692383: Epoch time: 106.67 s
2026-08-31 09:35:00.106049: 
2026-08-31 09:35:00.107618: Epoch 201
2026-08-31 09:35:00.108652: Current learning rate: 0.00817
2026-08-31 09:36:49.953005: train_loss -0.5003
2026-08-31 09:36:49.959522: val_loss -0.5084
2026-08-31 09:36:49.962330: Pseudo dice [np.float32(0.0629)]
2026-08-31 09:36:49.963475: Epoch time: 109.85 s
2026-08-31 09:36:51.300130: 
2026-08-31 09:36:51.301527: Epoch 202
2026-08-31 09:36:51.302323: Current learning rate: 0.00816
2026-08-31 09:38:34.582211: train_loss -0.4903
2026-08-31 09:38:34.585400: val_loss -0.5015
2026-08-31 09:38:34.586441: Pseudo dice [np.float32(0.0733)]
2026-08-31 09:38:34.587187: Epoch time: 103.28 s
2026-08-31 09:38:35.711758: 
2026-08-31 09:38:35.713159: Epoch 203
2026-08-31 09:38:35.714061: Current learning rate: 0.00815
2026-08-31 09:40:25.604796: train_loss -0.4849
2026-08-31 09:40:25.608264: val_loss -0.4891
2026-08-31 09:40:25.610920: Pseudo dice [np.float32(0.0378)]
2026-08-31 09:40:25.612155: Epoch time: 109.9 s
2026-08-31 09:40:26.922524: 
2026-08-31 09:40:26.923966: Epoch 204
2026-08-31 09:40:26.924973: Current learning rate: 0.00814
2026-08-31 09:42:17.881588: train_loss -0.4981
2026-08-31 09:42:17.883253: val_loss -0.4973
2026-08-31 09:42:17.884616: Pseudo dice [np.float32(0.029)]
2026-08-31 09:42:17.885568: Epoch time: 110.96 s
2026-08-31 09:42:19.250971: 
2026-08-31 09:42:19.252404: Epoch 205
2026-08-31 09:42:19.253241: Current learning rate: 0.00813
2026-08-31 09:44:06.014288: train_loss -0.484
2026-08-31 09:44:06.015585: val_loss -0.5136
2026-08-31 09:44:06.017136: Pseudo dice [np.float32(0.0328)]
2026-08-31 09:44:06.018275: Epoch time: 106.77 s
2026-08-31 09:44:07.646699: 
2026-08-31 09:44:07.651015: Epoch 206
2026-08-31 09:44:07.652247: Current learning rate: 0.00813
2026-08-31 09:46:00.785295: train_loss -0.4899
2026-08-31 09:46:00.800911: val_loss -0.5015
2026-08-31 09:46:00.803928: Pseudo dice [np.float32(0.0283)]
2026-08-31 09:46:00.805148: Epoch time: 113.14 s
2026-08-31 09:46:02.227823: 
2026-08-31 09:46:02.229176: Epoch 207
2026-08-31 09:46:02.229979: Current learning rate: 0.00812
2026-08-31 09:47:46.846285: train_loss -0.4988
2026-08-31 09:47:46.847549: val_loss -0.5422
2026-08-31 09:47:46.848676: Pseudo dice [np.float32(0.0885)]
2026-08-31 09:47:46.849669: Epoch time: 104.62 s
2026-08-31 09:47:48.001999: 
2026-08-31 09:47:48.003560: Epoch 208
2026-08-31 09:47:48.004446: Current learning rate: 0.00811
2026-08-31 09:49:36.748026: train_loss -0.4993
2026-08-31 09:49:36.749674: val_loss -0.5367
2026-08-31 09:49:36.750748: Pseudo dice [np.float32(0.053)]
2026-08-31 09:49:36.751758: Epoch time: 108.75 s
2026-08-31 09:49:38.110868: 
2026-08-31 09:49:38.112075: Epoch 209
2026-08-31 09:49:38.112810: Current learning rate: 0.0081
2026-08-31 09:51:27.591622: train_loss -0.5113
2026-08-31 09:51:27.598173: val_loss -0.512
2026-08-31 09:51:27.600827: Pseudo dice [np.float32(0.0893)]
2026-08-31 09:51:27.616412: Epoch time: 109.48 s
2026-08-31 09:51:28.576818: 
2026-08-31 09:51:28.578262: Epoch 210
2026-08-31 09:51:28.579156: Current learning rate: 0.00809
2026-08-31 09:53:16.746942: train_loss -0.5068
2026-08-31 09:53:16.763790: val_loss -0.4576
2026-08-31 09:53:16.769950: Pseudo dice [np.float32(0.09)]
2026-08-31 09:53:16.776228: Epoch time: 108.17 s
2026-08-31 09:53:18.273433: 
2026-08-31 09:53:18.274778: Epoch 211
2026-08-31 09:53:18.275524: Current learning rate: 0.00808
2026-08-31 09:55:06.267662: train_loss -0.5152
2026-08-31 09:55:06.272516: val_loss -0.5244
2026-08-31 09:55:06.278871: Pseudo dice [np.float32(0.0596)]
2026-08-31 09:55:06.314060: Epoch time: 108.0 s
2026-08-31 09:55:07.719910: 
2026-08-31 09:55:07.721434: Epoch 212
2026-08-31 09:55:07.722346: Current learning rate: 0.00807
2026-08-31 09:56:54.889213: train_loss -0.5048
2026-08-31 09:56:54.896076: val_loss -0.5158
2026-08-31 09:56:54.899102: Pseudo dice [np.float32(0.0749)]
2026-08-31 09:56:54.900238: Epoch time: 107.17 s
2026-08-31 09:56:55.948036: 
2026-08-31 09:56:55.949396: Epoch 213
2026-08-31 09:56:55.950299: Current learning rate: 0.00806
2026-08-31 09:58:43.197325: train_loss -0.5104
2026-08-31 09:58:43.206201: val_loss -0.5261
2026-08-31 09:58:43.207361: Pseudo dice [np.float32(0.0234)]
2026-08-31 09:58:43.208325: Epoch time: 107.25 s
2026-08-31 09:58:44.322149: 
2026-08-31 09:58:44.323487: Epoch 214
2026-08-31 09:58:44.324456: Current learning rate: 0.00805
2026-08-31 10:00:30.272050: train_loss -0.5152
2026-08-31 10:00:30.276949: val_loss -0.5063
2026-08-31 10:00:30.281513: Pseudo dice [np.float32(0.0416)]
2026-08-31 10:00:30.282658: Epoch time: 105.95 s
2026-08-31 10:00:31.747597: 
2026-08-31 10:00:31.749063: Epoch 215
2026-08-31 10:00:31.749892: Current learning rate: 0.00804
2026-08-31 10:02:24.094949: train_loss -0.5225
2026-08-31 10:02:24.096391: val_loss -0.5395
2026-08-31 10:02:24.097343: Pseudo dice [np.float32(0.0939)]
2026-08-31 10:02:24.101464: Epoch time: 112.35 s
2026-08-31 10:02:25.208605: 
2026-08-31 10:02:25.209949: Epoch 216
2026-08-31 10:02:25.210809: Current learning rate: 0.00803
2026-08-31 10:04:11.150848: train_loss -0.515
2026-08-31 10:04:11.157928: val_loss -0.5267
2026-08-31 10:04:11.164215: Pseudo dice [np.float32(0.0649)]
2026-08-31 10:04:11.195879: Epoch time: 105.94 s
2026-08-31 10:04:12.605345: 
2026-08-31 10:04:12.606781: Epoch 217
2026-08-31 10:04:12.607696: Current learning rate: 0.00802
2026-08-31 10:05:56.179315: train_loss -0.5131
2026-08-31 10:05:56.181098: val_loss -0.5107
2026-08-31 10:05:56.191148: Pseudo dice [np.float32(0.0131)]
2026-08-31 10:05:56.192991: Epoch time: 103.58 s
2026-08-31 10:05:57.602468: 
2026-08-31 10:05:57.604359: Epoch 218
2026-08-31 10:05:57.605736: Current learning rate: 0.00801
2026-08-31 10:07:40.835277: train_loss -0.522
2026-08-31 10:07:40.841173: val_loss -0.5368
2026-08-31 10:07:40.842901: Pseudo dice [np.float32(0.0222)]
2026-08-31 10:07:40.843936: Epoch time: 103.23 s
2026-08-31 10:07:41.801311: 
2026-08-31 10:07:41.802907: Epoch 219
2026-08-31 10:07:41.803779: Current learning rate: 0.00801
2026-08-31 10:09:30.534477: train_loss -0.4935
2026-08-31 10:09:30.538527: val_loss -0.5155
2026-08-31 10:09:30.546498: Pseudo dice [np.float32(0.0281)]
2026-08-31 10:09:30.547801: Epoch time: 108.73 s
2026-08-31 10:09:32.050185: 
2026-08-31 10:09:32.051712: Epoch 220
2026-08-31 10:09:32.052947: Current learning rate: 0.008
2026-08-31 10:11:17.264652: train_loss -0.5104
2026-08-31 10:11:17.288454: val_loss -0.5231
2026-08-31 10:11:17.290436: Pseudo dice [np.float32(0.0685)]
2026-08-31 10:11:17.292397: Epoch time: 105.22 s
2026-08-31 10:11:18.300400: 
2026-08-31 10:11:18.301596: Epoch 221
2026-08-31 10:11:18.302460: Current learning rate: 0.00799
2026-08-31 10:13:02.924795: train_loss -0.5172
2026-08-31 10:13:02.926497: val_loss -0.5382
2026-08-31 10:13:02.927717: Pseudo dice [np.float32(0.0578)]
2026-08-31 10:13:02.928667: Epoch time: 104.63 s
2026-08-31 10:13:03.897818: 
2026-08-31 10:13:03.899206: Epoch 222
2026-08-31 10:13:03.900095: Current learning rate: 0.00798
2026-08-31 10:14:46.602036: train_loss -0.5069
2026-08-31 10:14:46.603975: val_loss -0.5127
2026-08-31 10:14:46.605804: Pseudo dice [np.float32(0.0849)]
2026-08-31 10:14:46.607883: Epoch time: 102.71 s
2026-08-31 10:14:48.176157: 
2026-08-31 10:14:48.177728: Epoch 223
2026-08-31 10:14:48.178628: Current learning rate: 0.00797
2026-08-31 10:16:33.470338: train_loss -0.5289
2026-08-31 10:16:33.475068: val_loss -0.5508
2026-08-31 10:16:33.482084: Pseudo dice [np.float32(0.126)]
2026-08-31 10:16:33.483771: Epoch time: 105.3 s
2026-08-31 10:16:34.579638: 
2026-08-31 10:16:34.581120: Epoch 224
2026-08-31 10:16:34.581913: Current learning rate: 0.00796
2026-08-31 10:18:18.324939: train_loss -0.4932
2026-08-31 10:18:18.333553: val_loss -0.4957
2026-08-31 10:18:18.335187: Pseudo dice [np.float32(0.0245)]
2026-08-31 10:18:18.336586: Epoch time: 103.75 s
2026-08-31 10:18:19.781094: 
2026-08-31 10:18:19.783118: Epoch 225
2026-08-31 10:18:19.784169: Current learning rate: 0.00795
2026-08-31 10:20:07.946444: train_loss -0.4903
2026-08-31 10:20:07.952321: val_loss -0.5291
2026-08-31 10:20:07.953879: Pseudo dice [np.float32(0.0171)]
2026-08-31 10:20:07.954947: Epoch time: 108.17 s
2026-08-31 10:20:08.973014: 
2026-08-31 10:20:08.974200: Epoch 226
2026-08-31 10:20:08.975021: Current learning rate: 0.00794
2026-08-31 10:21:50.921722: train_loss -0.5083
2026-08-31 10:21:50.922855: val_loss -0.5103
2026-08-31 10:21:50.923841: Pseudo dice [np.float32(0.0136)]
2026-08-31 10:21:50.924737: Epoch time: 101.95 s
2026-08-31 10:21:51.779712: 
2026-08-31 10:21:51.781127: Epoch 227
2026-08-31 10:21:51.781889: Current learning rate: 0.00793
2026-08-31 10:23:35.283201: train_loss -0.5025
2026-08-31 10:23:35.286174: val_loss -0.5238
2026-08-31 10:23:35.290303: Pseudo dice [np.float32(0.0578)]
2026-08-31 10:23:35.304496: Epoch time: 103.51 s
2026-08-31 10:23:36.526402: 
2026-08-31 10:23:36.527713: Epoch 228
2026-08-31 10:23:36.528508: Current learning rate: 0.00792
2026-08-31 10:25:25.314361: train_loss -0.5224
2026-08-31 10:25:25.315498: val_loss -0.5115
2026-08-31 10:25:25.316699: Pseudo dice [np.float32(0.0436)]
2026-08-31 10:25:25.319324: Epoch time: 108.79 s
2026-08-31 10:25:26.607294: 
2026-08-31 10:25:26.608904: Epoch 229
2026-08-31 10:25:26.610062: Current learning rate: 0.00791
2026-08-31 10:27:11.341874: train_loss -0.5222
2026-08-31 10:27:11.345161: val_loss -0.5173
2026-08-31 10:27:11.348057: Pseudo dice [np.float32(0.0556)]
2026-08-31 10:27:11.349149: Epoch time: 104.74 s
2026-08-31 10:27:14.173315: 
2026-08-31 10:27:14.179762: Epoch 230
2026-08-31 10:27:14.180993: Current learning rate: 0.0079
2026-08-31 10:28:58.088022: train_loss -0.5181
2026-08-31 10:28:58.089702: val_loss -0.5248
2026-08-31 10:28:58.090821: Pseudo dice [np.float32(0.0703)]
2026-08-31 10:28:58.091753: Epoch time: 103.92 s
2026-08-31 10:28:59.167896: 
2026-08-31 10:28:59.169308: Epoch 231
2026-08-31 10:28:59.170254: Current learning rate: 0.00789
2026-08-31 10:30:44.315952: train_loss -0.5111
2026-08-31 10:30:44.317236: val_loss -0.4996
2026-08-31 10:30:44.318490: Pseudo dice [np.float32(0.066)]
2026-08-31 10:30:44.319447: Epoch time: 105.15 s
2026-08-31 10:30:45.471234: 
2026-08-31 10:30:45.472447: Epoch 232
2026-08-31 10:30:45.473277: Current learning rate: 0.00789
2026-08-31 10:32:31.374450: train_loss -0.5115
2026-08-31 10:32:31.380227: val_loss -0.5466
2026-08-31 10:32:31.382226: Pseudo dice [np.float32(0.1205)]
2026-08-31 10:32:31.383299: Epoch time: 105.91 s
2026-08-31 10:32:33.105206: 
2026-08-31 10:32:33.107071: Epoch 233
2026-08-31 10:32:33.108153: Current learning rate: 0.00788
2026-08-31 10:34:16.355658: train_loss -0.514
2026-08-31 10:34:16.363720: val_loss -0.5049
2026-08-31 10:34:16.394297: Pseudo dice [np.float32(0.0646)]
2026-08-31 10:34:16.395957: Epoch time: 103.25 s
2026-08-31 10:34:17.513084: 
2026-08-31 10:34:17.514791: Epoch 234
2026-08-31 10:34:17.516014: Current learning rate: 0.00787
2026-08-31 10:36:07.768374: train_loss -0.5062
2026-08-31 10:36:07.773385: val_loss -0.5303
2026-08-31 10:36:07.789306: Pseudo dice [np.float32(0.0968)]
2026-08-31 10:36:07.791220: Epoch time: 110.26 s
2026-08-31 10:36:08.927759: 
2026-08-31 10:36:08.929466: Epoch 235
2026-08-31 10:36:08.930509: Current learning rate: 0.00786
2026-08-31 10:37:52.485342: train_loss -0.5368
2026-08-31 10:37:52.486826: val_loss -0.4737
2026-08-31 10:37:52.498804: Pseudo dice [np.float32(0.0891)]
2026-08-31 10:37:52.502474: Epoch time: 103.56 s
2026-08-31 10:37:53.415027: 
2026-08-31 10:37:53.416478: Epoch 236
2026-08-31 10:37:53.417532: Current learning rate: 0.00785
2026-08-31 10:39:34.251368: train_loss -0.4972
2026-08-31 10:39:34.276971: val_loss -0.503
2026-08-31 10:39:34.278687: Pseudo dice [np.float32(0.0405)]
2026-08-31 10:39:34.279795: Epoch time: 100.84 s
2026-08-31 10:39:35.302751: 
2026-08-31 10:39:35.304297: Epoch 237
2026-08-31 10:39:35.305290: Current learning rate: 0.00784
2026-08-31 10:41:24.724633: train_loss -0.5191
2026-08-31 10:41:24.731469: val_loss -0.4753
2026-08-31 10:41:24.737612: Pseudo dice [np.float32(0.0814)]
2026-08-31 10:41:24.744068: Epoch time: 109.42 s
2026-08-31 10:41:26.015499: 
2026-08-31 10:41:26.016969: Epoch 238
2026-08-31 10:41:26.018089: Current learning rate: 0.00783
2026-08-31 10:43:12.413318: train_loss -0.5092
2026-08-31 10:43:12.429862: val_loss -0.5086
2026-08-31 10:43:12.431963: Pseudo dice [np.float32(0.0454)]
2026-08-31 10:43:12.433147: Epoch time: 106.4 s
2026-08-31 10:43:14.465404: 
2026-08-31 10:43:14.469224: Epoch 239
2026-08-31 10:43:14.470460: Current learning rate: 0.00782
2026-08-31 10:45:05.492409: train_loss -0.522
2026-08-31 10:45:05.501977: val_loss -0.5089
2026-08-31 10:45:05.504017: Pseudo dice [np.float32(0.0917)]
2026-08-31 10:45:05.505392: Epoch time: 111.03 s
2026-08-31 10:45:06.815085: 
2026-08-31 10:45:06.816640: Epoch 240
2026-08-31 10:45:06.817887: Current learning rate: 0.00781
2026-08-31 10:46:51.542804: train_loss -0.514
2026-08-31 10:46:51.551252: val_loss -0.5431
2026-08-31 10:46:51.552691: Pseudo dice [np.float32(0.0633)]
2026-08-31 10:46:51.553943: Epoch time: 104.73 s
2026-08-31 10:46:54.346093: 
2026-08-31 10:46:54.347429: Epoch 241
2026-08-31 10:46:54.348335: Current learning rate: 0.0078
2026-08-31 10:48:44.669592: train_loss -0.5044
2026-08-31 10:48:44.674991: val_loss -0.5305
2026-08-31 10:48:44.681704: Pseudo dice [np.float32(0.0882)]
2026-08-31 10:48:44.683018: Epoch time: 110.33 s
2026-08-31 10:48:45.977835: 
2026-08-31 10:48:45.979549: Epoch 242
2026-08-31 10:48:45.980556: Current learning rate: 0.00779
2026-08-31 10:50:34.030546: train_loss -0.5093
2026-08-31 10:50:34.032453: val_loss -0.5452
2026-08-31 10:50:34.035184: Pseudo dice [np.float32(0.0379)]
2026-08-31 10:50:34.050200: Epoch time: 108.06 s
2026-08-31 10:50:35.431990: 
2026-08-31 10:50:35.433561: Epoch 243
2026-08-31 10:50:35.434555: Current learning rate: 0.00778
2026-08-31 10:52:26.719025: train_loss -0.5125
2026-08-31 10:52:26.723957: val_loss -0.5517
2026-08-31 10:52:26.727711: Pseudo dice [np.float32(0.0825)]
2026-08-31 10:52:26.729614: Epoch time: 111.29 s
2026-08-31 10:52:27.910682: 
2026-08-31 10:52:27.912357: Epoch 244
2026-08-31 10:52:27.913300: Current learning rate: 0.00777
2026-08-31 10:54:15.776169: train_loss -0.5202
2026-08-31 10:54:15.801998: val_loss -0.5036
2026-08-31 10:54:15.803095: Pseudo dice [np.float32(0.1688)]
2026-08-31 10:54:15.804168: Epoch time: 107.87 s
2026-08-31 10:54:15.805279: Yayy! New best EMA pseudo Dice: 0.07750000059604645
2026-08-31 10:54:18.631650: 
2026-08-31 10:54:18.633220: Epoch 245
2026-08-31 10:54:18.634187: Current learning rate: 0.00777
2026-08-31 10:56:04.786793: train_loss -0.5212
2026-08-31 10:56:04.788318: val_loss -0.4988
2026-08-31 10:56:04.789703: Pseudo dice [np.float32(0.0396)]
2026-08-31 10:56:04.790761: Epoch time: 106.16 s
2026-08-31 10:56:06.053321: 
2026-08-31 10:56:06.054848: Epoch 246
2026-08-31 10:56:06.055842: Current learning rate: 0.00776
2026-08-31 10:57:54.013227: train_loss -0.5159
2026-08-31 10:57:54.027128: val_loss -0.5287
2026-08-31 10:57:54.029896: Pseudo dice [np.float32(0.1209)]
2026-08-31 10:57:54.031142: Epoch time: 107.96 s
2026-08-31 10:57:54.032142: Yayy! New best EMA pseudo Dice: 0.07840000092983246
2026-08-31 10:57:56.663009: 
2026-08-31 10:57:56.664726: Epoch 247
2026-08-31 10:57:56.665751: Current learning rate: 0.00775
2026-08-31 10:59:40.910777: train_loss -0.5059
2026-08-31 10:59:40.943442: val_loss -0.5565
2026-08-31 10:59:40.945861: Pseudo dice [np.float32(0.1362)]
2026-08-31 10:59:40.947247: Epoch time: 104.25 s
2026-08-31 10:59:40.948739: Yayy! New best EMA pseudo Dice: 0.08420000225305557
2026-08-31 10:59:43.356293: 
2026-08-31 10:59:43.357645: Epoch 248
2026-08-31 10:59:43.358828: Current learning rate: 0.00774
2026-08-31 11:01:34.212866: train_loss -0.5197
2026-08-31 11:01:34.224485: val_loss -0.5212
2026-08-31 11:01:34.226450: Pseudo dice [np.float32(0.0571)]
2026-08-31 11:01:34.227915: Epoch time: 110.86 s
2026-08-31 11:01:35.437415: 
2026-08-31 11:01:35.438917: Epoch 249
2026-08-31 11:01:35.439996: Current learning rate: 0.00773
2026-08-31 11:03:19.591035: train_loss -0.5064
2026-08-31 11:03:19.592899: val_loss -0.5199
2026-08-31 11:03:19.612993: Pseudo dice [np.float32(0.0647)]
2026-08-31 11:03:19.614309: Epoch time: 104.16 s
2026-08-31 11:03:21.960594: 
2026-08-31 11:03:21.962230: Epoch 250
2026-08-31 11:03:21.963414: Current learning rate: 0.00772
2026-08-31 11:05:07.467712: train_loss -0.5191
2026-08-31 11:05:07.476538: val_loss -0.5049
2026-08-31 11:05:07.481716: Pseudo dice [np.float32(0.032)]
2026-08-31 11:05:07.483036: Epoch time: 105.51 s
2026-08-31 11:05:09.207979: 
2026-08-31 11:05:09.209506: Epoch 251
2026-08-31 11:05:09.210616: Current learning rate: 0.00771
2026-08-31 11:06:56.614023: train_loss -0.5183
2026-08-31 11:06:56.621247: val_loss -0.5412
2026-08-31 11:06:56.623433: Pseudo dice [np.float32(0.0379)]
2026-08-31 11:06:56.624871: Epoch time: 107.41 s
2026-08-31 11:06:57.958086: 
2026-08-31 11:06:57.959726: Epoch 252
2026-08-31 11:06:57.960726: Current learning rate: 0.0077
2026-08-31 11:08:49.536473: train_loss -0.5259
2026-08-31 11:08:49.550611: val_loss -0.5282
2026-08-31 11:08:49.552358: Pseudo dice [np.float32(0.1574)]
2026-08-31 11:08:49.553704: Epoch time: 111.58 s
2026-08-31 11:08:50.855802: 
2026-08-31 11:08:50.857103: Epoch 253
2026-08-31 11:08:50.858176: Current learning rate: 0.00769
2026-08-31 11:10:42.166007: train_loss -0.5138
2026-08-31 11:10:42.168791: val_loss -0.5135
2026-08-31 11:10:42.169799: Pseudo dice [np.float32(0.0741)]
2026-08-31 11:10:42.170816: Epoch time: 111.31 s
2026-08-31 11:10:43.027017: 
2026-08-31 11:10:43.028670: Epoch 254
2026-08-31 11:10:43.029728: Current learning rate: 0.00768
2026-08-31 11:12:26.263409: train_loss -0.5095
2026-08-31 11:12:26.282568: val_loss -0.5064
2026-08-31 11:12:26.285310: Pseudo dice [np.float32(0.0443)]
2026-08-31 11:12:26.287189: Epoch time: 103.24 s
2026-08-31 11:12:27.752943: 
2026-08-31 11:12:27.754513: Epoch 255
2026-08-31 11:12:27.755684: Current learning rate: 0.00767
2026-08-31 11:14:17.021588: train_loss -0.5112
2026-08-31 11:14:17.029615: val_loss -0.5615
2026-08-31 11:14:17.031542: Pseudo dice [np.float32(0.1633)]
2026-08-31 11:14:17.033205: Epoch time: 109.27 s
2026-08-31 11:14:17.034678: Yayy! New best EMA pseudo Dice: 0.08460000157356262
2026-08-31 11:14:19.684159: 
2026-08-31 11:14:19.685918: Epoch 256
2026-08-31 11:14:19.686933: Current learning rate: 0.00766
2026-08-31 11:16:03.149374: train_loss -0.518
2026-08-31 11:16:03.156783: val_loss -0.5276
2026-08-31 11:16:03.158442: Pseudo dice [np.float32(0.121)]
2026-08-31 11:16:03.159811: Epoch time: 103.47 s
2026-08-31 11:16:03.161059: Yayy! New best EMA pseudo Dice: 0.08820000290870667
2026-08-31 11:16:05.682914: 
2026-08-31 11:16:05.684506: Epoch 257
2026-08-31 11:16:05.685423: Current learning rate: 0.00765
2026-08-31 11:17:50.410709: train_loss -0.5163
2026-08-31 11:17:50.412967: val_loss -0.5549
2026-08-31 11:17:50.421222: Pseudo dice [np.float32(0.1055)]
2026-08-31 11:17:50.428816: Epoch time: 104.73 s
2026-08-31 11:17:50.430226: Yayy! New best EMA pseudo Dice: 0.09000000357627869
2026-08-31 11:17:54.021433: 
2026-08-31 11:17:54.022856: Epoch 258
2026-08-31 11:17:54.023870: Current learning rate: 0.00764
2026-08-31 11:19:43.602431: train_loss -0.4981
2026-08-31 11:19:43.606802: val_loss -0.5283
2026-08-31 11:19:43.607870: Pseudo dice [np.float32(0.0536)]
2026-08-31 11:19:43.609072: Epoch time: 109.58 s
2026-08-31 11:19:45.047708: 
2026-08-31 11:19:45.049517: Epoch 259
2026-08-31 11:19:45.050553: Current learning rate: 0.00764
2026-08-31 11:21:36.288333: train_loss -0.5157
2026-08-31 11:21:36.289908: val_loss -0.5168
2026-08-31 11:21:36.291074: Pseudo dice [np.float32(0.028)]
2026-08-31 11:21:36.292132: Epoch time: 111.24 s
2026-08-31 11:21:37.706523: 
2026-08-31 11:21:37.721153: Epoch 260
2026-08-31 11:21:37.722249: Current learning rate: 0.00763
2026-08-31 11:23:26.200260: train_loss -0.512
2026-08-31 11:23:26.204847: val_loss -0.4796
2026-08-31 11:23:26.209063: Pseudo dice [np.float32(0.0686)]
2026-08-31 11:23:26.211567: Epoch time: 108.5 s
2026-08-31 11:23:27.552960: 
2026-08-31 11:23:27.554351: Epoch 261
2026-08-31 11:23:27.556418: Current learning rate: 0.00762
2026-08-31 11:25:12.956096: train_loss -0.5146
2026-08-31 11:25:12.969873: val_loss -0.5084
2026-08-31 11:25:12.971554: Pseudo dice [np.float32(0.0568)]
2026-08-31 11:25:12.973129: Epoch time: 105.41 s
2026-08-31 11:25:14.096190: 
2026-08-31 11:25:14.097803: Epoch 262
2026-08-31 11:25:14.098776: Current learning rate: 0.00761
2026-08-31 11:26:57.853166: train_loss -0.5243
2026-08-31 11:26:57.868690: val_loss -0.5037
2026-08-31 11:26:57.876097: Pseudo dice [np.float32(0.0381)]
2026-08-31 11:26:57.878027: Epoch time: 103.76 s
2026-08-31 11:26:59.282344: 
2026-08-31 11:26:59.284608: Epoch 263
2026-08-31 11:26:59.285934: Current learning rate: 0.0076
2026-08-31 11:28:40.618096: train_loss -0.508
2026-08-31 11:28:40.619295: val_loss -0.5576
2026-08-31 11:28:40.620518: Pseudo dice [np.float32(0.0686)]
2026-08-31 11:28:40.621463: Epoch time: 101.34 s
2026-08-31 11:28:41.475595: 
2026-08-31 11:28:41.477066: Epoch 264
2026-08-31 11:28:41.478074: Current learning rate: 0.00759
2026-08-31 11:30:27.315370: train_loss -0.5204
2026-08-31 11:30:27.329739: val_loss -0.5112
2026-08-31 11:30:27.331230: Pseudo dice [np.float32(0.0913)]
2026-08-31 11:30:27.332570: Epoch time: 105.84 s
2026-08-31 11:30:28.761295: 
2026-08-31 11:30:28.762739: Epoch 265
2026-08-31 11:30:28.763741: Current learning rate: 0.00758
2026-08-31 11:32:15.115754: train_loss -0.5113
2026-08-31 11:32:15.122978: val_loss -0.5281
2026-08-31 11:32:15.126283: Pseudo dice [np.float32(0.0458)]
2026-08-31 11:32:15.127669: Epoch time: 106.36 s
2026-08-31 11:32:16.419894: 
2026-08-31 11:32:16.421654: Epoch 266
2026-08-31 11:32:16.423096: Current learning rate: 0.00757
2026-08-31 11:33:59.890342: train_loss -0.5187
2026-08-31 11:33:59.896780: val_loss -0.5386
2026-08-31 11:33:59.900090: Pseudo dice [np.float32(0.0405)]
2026-08-31 11:33:59.901625: Epoch time: 103.47 s
2026-08-31 11:34:01.084805: 
2026-08-31 11:34:01.086671: Epoch 267
2026-08-31 11:34:01.087953: Current learning rate: 0.00756
2026-08-31 11:35:51.024709: train_loss -0.5213
2026-08-31 11:35:51.033747: val_loss -0.5033
2026-08-31 11:35:51.037053: Pseudo dice [np.float32(0.0723)]
2026-08-31 11:35:51.049064: Epoch time: 109.94 s
2026-08-31 11:35:52.207528: 
2026-08-31 11:35:52.209216: Epoch 268
2026-08-31 11:35:52.210328: Current learning rate: 0.00755
2026-08-31 11:37:40.237532: train_loss -0.5071
2026-08-31 11:37:40.245435: val_loss -0.5414
2026-08-31 11:37:40.248889: Pseudo dice [np.float32(0.0388)]
2026-08-31 11:37:40.250288: Epoch time: 108.03 s
2026-08-31 11:37:41.887851: 
2026-08-31 11:37:41.890466: Epoch 269
2026-08-31 11:37:41.892361: Current learning rate: 0.00754
2026-08-31 11:39:24.461607: train_loss -0.5142
2026-08-31 11:39:24.469436: val_loss -0.534
2026-08-31 11:39:24.476259: Pseudo dice [np.float32(0.0859)]
2026-08-31 11:39:24.511635: Epoch time: 102.58 s
2026-08-31 11:39:25.867692: 
2026-08-31 11:39:25.869634: Epoch 270
2026-08-31 11:39:25.871023: Current learning rate: 0.00753
2026-08-31 11:41:08.953715: train_loss -0.5345
2026-08-31 11:41:08.958925: val_loss -0.5016
2026-08-31 11:41:08.962201: Pseudo dice [np.float32(0.0686)]
2026-08-31 11:41:08.963268: Epoch time: 103.09 s
2026-08-31 11:41:10.582216: 
2026-08-31 11:41:10.583949: Epoch 271
2026-08-31 11:41:10.584956: Current learning rate: 0.00752
2026-08-31 11:42:57.164674: train_loss -0.5142
2026-08-31 11:42:57.172830: val_loss -0.5029
2026-08-31 11:42:57.179582: Pseudo dice [np.float32(0.0879)]
2026-08-31 11:42:57.180822: Epoch time: 106.58 s
2026-08-31 11:42:58.464263: 
2026-08-31 11:42:58.466211: Epoch 272
2026-08-31 11:42:58.467434: Current learning rate: 0.00751
2026-08-31 11:44:42.242552: train_loss -0.5178
2026-08-31 11:44:42.244365: val_loss -0.4862
2026-08-31 11:44:42.262642: Pseudo dice [np.float32(0.1193)]
2026-08-31 11:44:42.264261: Epoch time: 103.78 s
2026-08-31 11:44:43.216797: 
2026-08-31 11:44:43.218649: Epoch 273
2026-08-31 11:44:43.219710: Current learning rate: 0.00751
2026-08-31 11:46:24.374703: train_loss -0.5291
2026-08-31 11:46:24.376596: val_loss -0.5356
2026-08-31 11:46:24.377993: Pseudo dice [np.float32(0.069)]
2026-08-31 11:46:24.379100: Epoch time: 101.16 s
2026-08-31 11:46:25.229489: 
2026-08-31 11:46:25.231349: Epoch 274
2026-08-31 11:46:25.232321: Current learning rate: 0.0075
2026-08-31 11:48:15.836797: train_loss -0.5167
2026-08-31 11:48:15.838497: val_loss -0.5195
2026-08-31 11:48:15.840024: Pseudo dice [np.float32(0.0364)]
2026-08-31 11:48:15.841161: Epoch time: 110.61 s
2026-08-31 11:48:16.863700: 
2026-08-31 11:48:16.865222: Epoch 275
2026-08-31 11:48:16.866359: Current learning rate: 0.00749
2026-08-31 11:49:58.472637: train_loss -0.5332
2026-08-31 11:49:58.474123: val_loss -0.4909
2026-08-31 11:49:58.475338: Pseudo dice [np.float32(0.1168)]
2026-08-31 11:49:58.476370: Epoch time: 101.61 s
2026-08-31 11:49:59.339498: 
2026-08-31 11:49:59.341026: Epoch 276
2026-08-31 11:49:59.341928: Current learning rate: 0.00748
2026-08-31 11:51:54.357020: train_loss -0.5167
2026-08-31 11:51:54.362716: val_loss -0.5337
2026-08-31 11:51:54.364489: Pseudo dice [np.float32(0.0509)]
2026-08-31 11:51:54.366254: Epoch time: 115.02 s
2026-08-31 11:51:55.682288: 
2026-08-31 11:51:55.683906: Epoch 277
2026-08-31 11:51:55.684907: Current learning rate: 0.00747
2026-08-31 11:53:44.226898: train_loss -0.54
2026-08-31 11:53:44.230017: val_loss -0.534
2026-08-31 11:53:44.236985: Pseudo dice [np.float32(0.0797)]
2026-08-31 11:53:44.238053: Epoch time: 108.55 s
2026-08-31 11:53:45.242458: 
2026-08-31 11:53:45.243983: Epoch 278
2026-08-31 11:53:45.245002: Current learning rate: 0.00746
2026-08-31 11:55:36.618817: train_loss -0.5224
2026-08-31 11:55:36.621079: val_loss -0.4564
2026-08-31 11:55:36.622662: Pseudo dice [np.float32(0.0599)]
2026-08-31 11:55:36.624091: Epoch time: 111.38 s
2026-08-31 11:55:38.272027: 
2026-08-31 11:55:38.276479: Epoch 279
2026-08-31 11:55:38.277741: Current learning rate: 0.00745
2026-08-31 11:57:29.340530: train_loss -0.5142
2026-08-31 11:57:29.345849: val_loss -0.5381
2026-08-31 11:57:29.350851: Pseudo dice [np.float32(0.046)]
2026-08-31 11:57:29.363259: Epoch time: 111.07 s
2026-08-31 11:57:30.676745: 
2026-08-31 11:57:30.678533: Epoch 280
2026-08-31 11:57:30.679680: Current learning rate: 0.00744
2026-08-31 11:59:17.598919: train_loss -0.5145
2026-08-31 11:59:17.602001: val_loss -0.5001
2026-08-31 11:59:17.606309: Pseudo dice [np.float32(0.1055)]
2026-08-31 11:59:17.607909: Epoch time: 106.92 s
2026-08-31 11:59:18.969255: 
2026-08-31 11:59:18.970907: Epoch 281
2026-08-31 11:59:18.972057: Current learning rate: 0.00743
2026-08-31 12:01:03.901453: train_loss -0.5057
2026-08-31 12:01:03.904574: val_loss -0.5167
2026-08-31 12:01:03.912916: Pseudo dice [np.float32(0.0651)]
2026-08-31 12:01:03.914682: Epoch time: 104.93 s
2026-08-31 12:01:05.239125: 
2026-08-31 12:01:05.240992: Epoch 282
2026-08-31 12:01:05.242097: Current learning rate: 0.00742
2026-08-31 12:02:54.710471: train_loss -0.5265
2026-08-31 12:02:54.730456: val_loss -0.5435
2026-08-31 12:02:54.732373: Pseudo dice [np.float32(0.1096)]
2026-08-31 12:02:54.733856: Epoch time: 109.47 s
2026-08-31 12:02:56.261694: 
2026-08-31 12:02:56.263423: Epoch 283
2026-08-31 12:02:56.264506: Current learning rate: 0.00741
2026-08-31 12:04:42.629946: train_loss -0.5354
2026-08-31 12:04:42.632547: val_loss -0.5381
2026-08-31 12:04:42.633967: Pseudo dice [np.float32(0.0527)]
2026-08-31 12:04:42.635089: Epoch time: 106.37 s
2026-08-31 12:04:43.778759: 
2026-08-31 12:04:43.780246: Epoch 284
2026-08-31 12:04:43.781285: Current learning rate: 0.0074
2026-08-31 12:06:27.321082: train_loss -0.5225
2026-08-31 12:06:27.324873: val_loss -0.5286
2026-08-31 12:06:27.326502: Pseudo dice [np.float32(0.0233)]
2026-08-31 12:06:27.327925: Epoch time: 103.54 s
2026-08-31 12:06:28.263938: 
2026-08-31 12:06:28.265504: Epoch 285
2026-08-31 12:06:28.266423: Current learning rate: 0.00739
2026-08-31 12:08:10.592187: train_loss -0.511
2026-08-31 12:08:10.603061: val_loss -0.538
2026-08-31 12:08:10.604928: Pseudo dice [np.float32(0.0244)]
2026-08-31 12:08:10.608670: Epoch time: 102.33 s
2026-08-31 12:08:11.652972: 
2026-08-31 12:08:11.654393: Epoch 286
2026-08-31 12:08:11.655559: Current learning rate: 0.00738
2026-08-31 12:09:56.401705: train_loss -0.5034
2026-08-31 12:09:56.412712: val_loss -0.5289
2026-08-31 12:09:56.414069: Pseudo dice [np.float32(0.0387)]
2026-08-31 12:09:56.415145: Epoch time: 104.75 s
2026-08-31 12:09:57.953702: 
2026-08-31 12:09:57.956332: Epoch 287
2026-08-31 12:09:57.957638: Current learning rate: 0.00738
2026-08-31 12:11:51.482095: train_loss -0.5287
2026-08-31 12:11:51.483737: val_loss -0.5279
2026-08-31 12:11:51.485204: Pseudo dice [np.float32(0.0645)]
2026-08-31 12:11:51.486465: Epoch time: 113.53 s
2026-08-31 12:11:52.946965: 
2026-08-31 12:11:52.948671: Epoch 288
2026-08-31 12:11:52.949943: Current learning rate: 0.00737
2026-08-31 12:13:51.302896: train_loss -0.5251
2026-08-31 12:13:51.304511: val_loss -0.528
2026-08-31 12:13:51.305546: Pseudo dice [np.float32(0.0391)]
2026-08-31 12:13:51.306557: Epoch time: 118.36 s
2026-08-31 12:13:52.168334: 
2026-08-31 12:13:52.169876: Epoch 289
2026-08-31 12:13:52.170834: Current learning rate: 0.00736
2026-08-31 12:15:35.271162: train_loss -0.5241
2026-08-31 12:15:35.273086: val_loss -0.5292
2026-08-31 12:15:35.274482: Pseudo dice [np.float32(0.061)]
2026-08-31 12:15:35.275938: Epoch time: 103.11 s
2026-08-31 12:15:37.525324: 
2026-08-31 12:15:37.529750: Epoch 290
2026-08-31 12:15:37.532507: Current learning rate: 0.00735
2026-08-31 12:17:27.654972: train_loss -0.5168
2026-08-31 12:17:27.656886: val_loss -0.5105
2026-08-31 12:17:27.658306: Pseudo dice [np.float32(0.0657)]
2026-08-31 12:17:27.659612: Epoch time: 110.13 s
2026-08-31 12:17:29.158342: 
2026-08-31 12:17:29.159981: Epoch 291
2026-08-31 12:17:29.161167: Current learning rate: 0.00734
2026-08-31 12:19:15.322731: train_loss -0.5281
2026-08-31 12:19:15.337302: val_loss -0.5332
2026-08-31 12:19:15.338535: Pseudo dice [np.float32(0.0529)]
2026-08-31 12:19:15.339856: Epoch time: 106.17 s
2026-08-31 12:19:16.359827: 
2026-08-31 12:19:16.361185: Epoch 292
2026-08-31 12:19:16.362227: Current learning rate: 0.00733
2026-08-31 12:21:03.669628: train_loss -0.5264
2026-08-31 12:21:03.682459: val_loss -0.5292
2026-08-31 12:21:03.684370: Pseudo dice [np.float32(0.1605)]
2026-08-31 12:21:03.685558: Epoch time: 107.31 s
2026-08-31 12:21:05.104062: 
2026-08-31 12:21:05.105878: Epoch 293
2026-08-31 12:21:05.106963: Current learning rate: 0.00732
2026-08-31 12:22:49.807635: train_loss -0.5192
2026-08-31 12:22:49.809184: val_loss -0.5187
2026-08-31 12:22:49.810458: Pseudo dice [np.float32(0.018)]
2026-08-31 12:22:49.811521: Epoch time: 104.7 s
2026-08-31 12:22:51.556008: 
2026-08-31 12:22:51.557967: Epoch 294
2026-08-31 12:22:51.559232: Current learning rate: 0.00731
2026-08-31 12:24:44.045237: train_loss -0.5418
2026-08-31 12:24:44.047140: val_loss -0.5162
2026-08-31 12:24:44.048752: Pseudo dice [np.float32(0.0524)]
2026-08-31 12:24:44.050214: Epoch time: 112.49 s
2026-08-31 12:24:45.591866: 
2026-08-31 12:24:45.595168: Epoch 295
2026-08-31 12:24:45.597944: Current learning rate: 0.0073
2026-08-31 12:26:35.241796: train_loss -0.5181
2026-08-31 12:26:35.243955: val_loss -0.528
2026-08-31 12:26:35.245579: Pseudo dice [np.float32(0.0581)]
2026-08-31 12:26:35.247018: Epoch time: 109.65 s
2026-08-31 12:26:36.464830: 
2026-08-31 12:26:36.466638: Epoch 296
2026-08-31 12:26:36.467746: Current learning rate: 0.00729
2026-08-31 12:28:21.193350: train_loss -0.5095
2026-08-31 12:28:21.198606: val_loss -0.4896
2026-08-31 12:28:21.209825: Pseudo dice [np.float32(0.0765)]
2026-08-31 12:28:21.212199: Epoch time: 104.73 s
2026-08-31 12:28:22.678436: 
2026-08-31 12:28:22.680309: Epoch 297
2026-08-31 12:28:22.681614: Current learning rate: 0.00728
2026-08-31 12:30:07.981257: train_loss -0.5132
2026-08-31 12:30:07.986874: val_loss -0.5256
2026-08-31 12:30:07.995150: Pseudo dice [np.float32(0.0395)]
2026-08-31 12:30:07.997396: Epoch time: 105.31 s
2026-08-31 12:30:09.139506: 
2026-08-31 12:30:09.141070: Epoch 298
2026-08-31 12:30:09.142131: Current learning rate: 0.00727
2026-08-31 12:31:55.502018: train_loss -0.5276
2026-08-31 12:31:55.503552: val_loss -0.5334
2026-08-31 12:31:55.510276: Pseudo dice [np.float32(0.1059)]
2026-08-31 12:31:55.511404: Epoch time: 106.36 s
2026-08-31 12:31:56.720293: 
2026-08-31 12:31:56.721971: Epoch 299
2026-08-31 12:31:56.723230: Current learning rate: 0.00726
2026-08-31 12:33:43.773868: train_loss -0.523
2026-08-31 12:33:43.775542: val_loss -0.4907
2026-08-31 12:33:43.776942: Pseudo dice [np.float32(0.055)]
2026-08-31 12:33:43.778163: Epoch time: 107.06 s
2026-08-31 12:33:46.579353: 
2026-08-31 12:33:46.580732: Epoch 300
2026-08-31 12:33:46.581954: Current learning rate: 0.00725
2026-08-31 12:35:29.496567: train_loss -0.5256
2026-08-31 12:35:29.498220: val_loss -0.5433
2026-08-31 12:35:29.499416: Pseudo dice [np.float32(0.0543)]
2026-08-31 12:35:29.500789: Epoch time: 102.92 s
2026-08-31 12:35:30.942244: 
2026-08-31 12:35:30.943861: Epoch 301
2026-08-31 12:35:30.944872: Current learning rate: 0.00724
2026-08-31 12:37:16.024403: train_loss -0.5289
2026-08-31 12:37:16.045441: val_loss -0.5154
2026-08-31 12:37:16.046908: Pseudo dice [np.float32(0.1381)]
2026-08-31 12:37:16.048179: Epoch time: 105.08 s
2026-08-31 12:37:17.523487: 
2026-08-31 12:37:17.525006: Epoch 302
2026-08-31 12:37:17.526003: Current learning rate: 0.00724
2026-08-31 12:39:05.335784: train_loss -0.513
2026-08-31 12:39:05.341103: val_loss -0.5288
2026-08-31 12:39:05.342924: Pseudo dice [np.float32(0.0872)]
2026-08-31 12:39:05.344499: Epoch time: 107.81 s
2026-08-31 12:39:06.731888: 
2026-08-31 12:39:06.733411: Epoch 303
2026-08-31 12:39:06.734578: Current learning rate: 0.00723
2026-08-31 12:40:49.225133: train_loss -0.5292
2026-08-31 12:40:49.227065: val_loss -0.5368
2026-08-31 12:40:49.228954: Pseudo dice [np.float32(0.1523)]
2026-08-31 12:40:49.230307: Epoch time: 102.5 s
2026-08-31 12:40:50.102839: 
2026-08-31 12:40:50.104511: Epoch 304
2026-08-31 12:40:50.105570: Current learning rate: 0.00722
2026-08-31 12:42:33.803051: train_loss -0.5175
2026-08-31 12:42:33.805172: val_loss -0.5225
2026-08-31 12:42:33.806375: Pseudo dice [np.float32(0.0583)]
2026-08-31 12:42:33.807437: Epoch time: 103.7 s
2026-08-31 12:42:35.376804: 
2026-08-31 12:42:35.378388: Epoch 305
2026-08-31 12:42:35.379482: Current learning rate: 0.00721
2026-08-31 12:44:21.635166: train_loss -0.5305
2026-08-31 12:44:21.640645: val_loss -0.5388
2026-08-31 12:44:21.653694: Pseudo dice [np.float32(0.1165)]
2026-08-31 12:44:21.655231: Epoch time: 106.26 s
2026-08-31 12:44:23.329031: 
2026-08-31 12:44:23.335828: Epoch 306
2026-08-31 12:44:23.336761: Current learning rate: 0.0072
2026-08-31 12:46:15.100634: train_loss -0.5216
2026-08-31 12:46:15.102399: val_loss -0.5387
2026-08-31 12:46:15.103789: Pseudo dice [np.float32(0.1485)]
2026-08-31 12:46:15.105004: Epoch time: 111.77 s
2026-08-31 12:46:16.345375: 
2026-08-31 12:46:16.347057: Epoch 307
2026-08-31 12:46:16.348195: Current learning rate: 0.00719
2026-08-31 12:47:59.384219: train_loss -0.5268
2026-08-31 12:47:59.385880: val_loss -0.5354
2026-08-31 12:47:59.403286: Pseudo dice [np.float32(0.12)]
2026-08-31 12:47:59.405170: Epoch time: 103.04 s
2026-08-31 12:47:59.406738: Yayy! New best EMA pseudo Dice: 0.09210000187158585
2026-08-31 12:48:01.828718: 
2026-08-31 12:48:01.829909: Epoch 308
2026-08-31 12:48:01.830749: Current learning rate: 0.00718
2026-08-31 12:49:49.135526: train_loss -0.5302
2026-08-31 12:49:49.138752: val_loss -0.5345
2026-08-31 12:49:49.141087: Pseudo dice [np.float32(0.1422)]
2026-08-31 12:49:49.142417: Epoch time: 107.31 s
2026-08-31 12:49:49.143514: Yayy! New best EMA pseudo Dice: 0.09709999710321426
2026-08-31 12:49:51.549509: 
2026-08-31 12:49:51.550957: Epoch 309
2026-08-31 12:49:51.552085: Current learning rate: 0.00717
2026-08-31 12:51:39.096704: train_loss -0.5255
2026-08-31 12:51:39.105186: val_loss -0.5261
2026-08-31 12:51:39.106879: Pseudo dice [np.float32(0.0514)]
2026-08-31 12:51:39.108142: Epoch time: 107.55 s
2026-08-31 12:51:40.331864: 
2026-08-31 12:51:40.333518: Epoch 310
2026-08-31 12:51:40.334781: Current learning rate: 0.00716
2026-08-31 12:53:22.713411: train_loss -0.5308
2026-08-31 12:53:22.726126: val_loss -0.5191
2026-08-31 12:53:22.727588: Pseudo dice [np.float32(0.0547)]
2026-08-31 12:53:22.728833: Epoch time: 102.38 s
2026-08-31 12:53:24.208336: 
2026-08-31 12:53:24.209720: Epoch 311
2026-08-31 12:53:24.210782: Current learning rate: 0.00715
2026-08-31 12:55:08.493886: train_loss -0.5184
2026-08-31 12:55:08.501307: val_loss -0.5289
2026-08-31 12:55:08.503334: Pseudo dice [np.float32(0.039)]
2026-08-31 12:55:08.504688: Epoch time: 104.29 s
2026-08-31 12:55:09.577919: 
2026-08-31 12:55:09.579445: Epoch 312
2026-08-31 12:55:09.580583: Current learning rate: 0.00714
2026-08-31 12:56:54.576828: train_loss -0.5322
2026-08-31 12:56:54.579626: val_loss -0.5247
2026-08-31 12:56:54.584242: Pseudo dice [np.float32(0.0992)]
2026-08-31 12:56:54.586187: Epoch time: 105.0 s
2026-08-31 12:56:55.526776: 
2026-08-31 12:56:55.528554: Epoch 313
2026-08-31 12:56:55.529720: Current learning rate: 0.00713
2026-08-31 12:58:40.316266: train_loss -0.5196
2026-08-31 12:58:40.318788: val_loss -0.5355
2026-08-31 12:58:40.320186: Pseudo dice [np.float32(0.1395)]
2026-08-31 12:58:40.321704: Epoch time: 104.79 s
2026-08-31 12:58:41.699263: 
2026-08-31 12:58:41.701661: Epoch 314
2026-08-31 12:58:41.703037: Current learning rate: 0.00712
2026-08-31 13:00:25.752549: train_loss -0.5163
2026-08-31 13:00:25.765951: val_loss -0.5154
2026-08-31 13:00:25.772667: Pseudo dice [np.float32(0.0789)]
2026-08-31 13:00:25.773948: Epoch time: 104.06 s
2026-08-31 13:00:27.057565: 
2026-08-31 13:00:27.059119: Epoch 315
2026-08-31 13:00:27.060208: Current learning rate: 0.00711
2026-08-31 13:02:09.564886: train_loss -0.5178
2026-08-31 13:02:09.566615: val_loss -0.555
2026-08-31 13:02:09.567816: Pseudo dice [np.float32(0.0463)]
2026-08-31 13:02:09.568886: Epoch time: 102.51 s
2026-08-31 13:02:11.307993: 
2026-08-31 13:02:11.311554: Epoch 316
2026-08-31 13:02:11.312838: Current learning rate: 0.0071
2026-08-31 13:03:57.784361: train_loss -0.5256
2026-08-31 13:03:57.791338: val_loss -0.5151
2026-08-31 13:03:57.797998: Pseudo dice [np.float32(0.0606)]
2026-08-31 13:03:57.799422: Epoch time: 106.48 s
2026-08-31 13:03:59.378662: 
2026-08-31 13:03:59.380140: Epoch 317
2026-08-31 13:03:59.381101: Current learning rate: 0.0071
2026-08-31 13:05:52.627886: train_loss -0.5273
2026-08-31 13:05:52.635323: val_loss -0.5501
2026-08-31 13:05:52.645340: Pseudo dice [np.float32(0.1547)]
2026-08-31 13:05:52.646670: Epoch time: 113.25 s
2026-08-31 13:05:54.372938: 
2026-08-31 13:05:54.388048: Epoch 318
2026-08-31 13:05:54.389514: Current learning rate: 0.00709
2026-08-31 13:07:40.728359: train_loss -0.5245
2026-08-31 13:07:40.735729: val_loss -0.537
2026-08-31 13:07:40.744097: Pseudo dice [np.float32(0.0825)]
2026-08-31 13:07:40.747502: Epoch time: 106.36 s
2026-08-31 13:07:42.102085: 
2026-08-31 13:07:42.103596: Epoch 319
2026-08-31 13:07:42.104771: Current learning rate: 0.00708
2026-08-31 13:09:27.871361: train_loss -0.5249
2026-08-31 13:09:27.877873: val_loss -0.5027
2026-08-31 13:09:27.880664: Pseudo dice [np.float32(0.0595)]
2026-08-31 13:09:27.882001: Epoch time: 105.77 s
2026-08-31 13:09:29.481283: 
2026-08-31 13:09:29.486717: Epoch 320
2026-08-31 13:09:29.488015: Current learning rate: 0.00707
2026-08-31 13:11:13.631605: train_loss -0.5176
2026-08-31 13:11:13.635424: val_loss -0.5114
2026-08-31 13:11:13.636951: Pseudo dice [np.float32(0.1003)]
2026-08-31 13:11:13.638388: Epoch time: 104.15 s
2026-08-31 13:11:16.486763: 
2026-08-31 13:11:16.491231: Epoch 321
2026-08-31 13:11:16.492245: Current learning rate: 0.00706
2026-08-31 13:13:03.499569: train_loss -0.5325
2026-08-31 13:13:03.503836: val_loss -0.523
2026-08-31 13:13:03.504991: Pseudo dice [np.float32(0.0446)]
2026-08-31 13:13:03.506381: Epoch time: 107.02 s
2026-08-31 13:13:04.840765: 
2026-08-31 13:13:04.851951: Epoch 322
2026-08-31 13:13:04.853326: Current learning rate: 0.00705
2026-08-31 13:14:51.391267: train_loss -0.5452
2026-08-31 13:14:51.397476: val_loss -0.4956
2026-08-31 13:14:51.398920: Pseudo dice [np.float32(0.0733)]
2026-08-31 13:14:51.399965: Epoch time: 106.55 s
2026-08-31 13:14:52.616425: 
2026-08-31 13:14:52.617995: Epoch 323
2026-08-31 13:14:52.619215: Current learning rate: 0.00704
2026-08-31 13:16:34.797490: train_loss -0.523
2026-08-31 13:16:34.810997: val_loss -0.5049
2026-08-31 13:16:34.811968: Pseudo dice [np.float32(0.0496)]
2026-08-31 13:16:34.812927: Epoch time: 102.18 s
2026-08-31 13:16:36.270767: 
2026-08-31 13:16:36.272518: Epoch 324
2026-08-31 13:16:36.273641: Current learning rate: 0.00703
2026-08-31 13:18:24.157566: train_loss -0.5344
2026-08-31 13:18:24.166761: val_loss -0.5105
2026-08-31 13:18:24.175302: Pseudo dice [np.float32(0.1748)]
2026-08-31 13:18:24.177526: Epoch time: 107.89 s
2026-08-31 13:18:26.138600: 
2026-08-31 13:18:26.140290: Epoch 325
2026-08-31 13:18:26.141651: Current learning rate: 0.00702
2026-08-31 13:20:13.468808: train_loss -0.5288
2026-08-31 13:20:13.498459: val_loss -0.4881
2026-08-31 13:20:13.500877: Pseudo dice [np.float32(0.074)]
2026-08-31 13:20:13.502273: Epoch time: 107.33 s
2026-08-31 13:20:14.899379: 
2026-08-31 13:20:14.900882: Epoch 326
2026-08-31 13:20:14.902010: Current learning rate: 0.00701
2026-08-31 13:22:02.714594: train_loss -0.5229
2026-08-31 13:22:02.716259: val_loss -0.5136
2026-08-31 13:22:02.717555: Pseudo dice [np.float32(0.0873)]
2026-08-31 13:22:02.719087: Epoch time: 107.82 s
2026-08-31 13:22:03.853516: 
2026-08-31 13:22:03.854992: Epoch 327
2026-08-31 13:22:03.856263: Current learning rate: 0.007
2026-08-31 13:23:45.538753: train_loss -0.5293
2026-08-31 13:23:45.540737: val_loss -0.5022
2026-08-31 13:23:45.542009: Pseudo dice [np.float32(0.0239)]
2026-08-31 13:23:45.542913: Epoch time: 101.69 s
2026-08-31 13:23:46.479574: 
2026-08-31 13:23:46.481683: Epoch 328
2026-08-31 13:23:46.482795: Current learning rate: 0.00699
2026-08-31 13:25:30.604558: train_loss -0.5202
2026-08-31 13:25:30.606503: val_loss -0.5709
2026-08-31 13:25:30.607908: Pseudo dice [np.float32(0.0951)]
2026-08-31 13:25:30.609703: Epoch time: 104.13 s
2026-08-31 13:25:31.676138: 
2026-08-31 13:25:31.677748: Epoch 329
2026-08-31 13:25:31.678714: Current learning rate: 0.00698
2026-08-31 13:27:20.556923: train_loss -0.5278
2026-08-31 13:27:20.559386: val_loss -0.5275
2026-08-31 13:27:20.561003: Pseudo dice [np.float32(0.0991)]
2026-08-31 13:27:20.562940: Epoch time: 108.88 s
2026-08-31 13:27:21.473694: 
2026-08-31 13:27:21.474974: Epoch 330
2026-08-31 13:27:21.476093: Current learning rate: 0.00697
2026-08-31 13:29:41.116663: train_loss -0.5304
2026-08-31 13:29:41.118510: val_loss -0.5359
2026-08-31 13:29:41.120260: Pseudo dice [np.float32(0.0752)]
2026-08-31 13:29:41.121989: Epoch time: 139.64 s
2026-08-31 13:29:42.146066: 
2026-08-31 13:29:42.148023: Epoch 331
2026-08-31 13:29:42.149734: Current learning rate: 0.00696
2026-08-31 13:31:35.116845: train_loss -0.5321
2026-08-31 13:31:35.120318: val_loss -0.5358
2026-08-31 13:31:35.127699: Pseudo dice [np.float32(0.1685)]
2026-08-31 13:31:35.130013: Epoch time: 112.97 s
2026-08-31 13:31:36.788696: 
2026-08-31 13:31:36.790360: Epoch 332
2026-08-31 13:31:36.791647: Current learning rate: 0.00696
2026-08-31 13:33:40.416200: train_loss -0.5241
2026-08-31 13:33:40.417653: val_loss -0.5099
2026-08-31 13:33:40.418768: Pseudo dice [np.float32(0.0655)]
2026-08-31 13:33:40.419690: Epoch time: 123.63 s
2026-08-31 13:33:41.395045: 
2026-08-31 13:33:41.396739: Epoch 333
2026-08-31 13:33:41.397970: Current learning rate: 0.00695
2026-08-31 13:35:27.924217: train_loss -0.5124
2026-08-31 13:35:27.944672: val_loss -0.5263
2026-08-31 13:35:27.946031: Pseudo dice [np.float32(0.0488)]
2026-08-31 13:35:27.947190: Epoch time: 106.53 s
2026-08-31 13:35:29.673263: 
2026-08-31 13:35:29.675279: Epoch 334
2026-08-31 13:35:29.676598: Current learning rate: 0.00694
2026-08-31 13:37:12.920567: train_loss -0.5327
2026-08-31 13:37:12.937719: val_loss -0.5054
2026-08-31 13:37:12.939345: Pseudo dice [np.float32(0.1143)]
2026-08-31 13:37:12.940393: Epoch time: 103.25 s
2026-08-31 13:37:14.088600: 
2026-08-31 13:37:14.090205: Epoch 335
2026-08-31 13:37:14.091229: Current learning rate: 0.00693
2026-08-31 13:38:57.274773: train_loss -0.5252
2026-08-31 13:38:57.307814: val_loss -0.5399
2026-08-31 13:38:57.309780: Pseudo dice [np.float32(0.1487)]
2026-08-31 13:38:57.311009: Epoch time: 103.19 s
2026-08-31 13:38:58.539739: 
2026-08-31 13:38:58.541268: Epoch 336
2026-08-31 13:38:58.542279: Current learning rate: 0.00692
2026-08-31 13:40:46.880492: train_loss -0.5269
2026-08-31 13:40:46.883549: val_loss -0.5452
2026-08-31 13:40:46.885098: Pseudo dice [np.float32(0.0493)]
2026-08-31 13:40:46.886606: Epoch time: 108.34 s
2026-08-31 13:40:48.334066: 
2026-08-31 13:40:48.335662: Epoch 337
2026-08-31 13:40:48.336777: Current learning rate: 0.00691
2026-08-31 13:42:32.922012: train_loss -0.5393
2026-08-31 13:42:32.928804: val_loss -0.513
2026-08-31 13:42:32.930997: Pseudo dice [np.float32(0.1089)]
2026-08-31 13:42:32.932528: Epoch time: 104.59 s
2026-08-31 13:42:34.789750: 
2026-08-31 13:42:34.803415: Epoch 338
2026-08-31 13:42:34.805075: Current learning rate: 0.0069
2026-08-31 13:44:19.722887: train_loss -0.5309
2026-08-31 13:44:19.724312: val_loss -0.5661
2026-08-31 13:44:19.725463: Pseudo dice [np.float32(0.1727)]
2026-08-31 13:44:19.726655: Epoch time: 104.94 s
2026-08-31 13:44:19.727816: Yayy! New best EMA pseudo Dice: 0.09960000216960907
2026-08-31 13:44:22.886810: 
2026-08-31 13:44:22.888503: Epoch 339
2026-08-31 13:44:22.889520: Current learning rate: 0.00689
2026-08-31 13:46:07.414788: train_loss -0.5182
2026-08-31 13:46:07.484798: val_loss -0.5284
2026-08-31 13:46:07.486672: Pseudo dice [np.float32(0.0367)]
2026-08-31 13:46:07.488033: Epoch time: 104.53 s
2026-08-31 13:46:08.604311: 
2026-08-31 13:46:08.605584: Epoch 340
2026-08-31 13:46:08.606483: Current learning rate: 0.00688
2026-08-31 13:47:55.815536: train_loss -0.5225
2026-08-31 13:47:55.830481: val_loss -0.5297
2026-08-31 13:47:55.832623: Pseudo dice [np.float32(0.1347)]
2026-08-31 13:47:55.834207: Epoch time: 107.21 s
2026-08-31 13:47:57.176483: 
2026-08-31 13:47:57.178371: Epoch 341
2026-08-31 13:47:57.179563: Current learning rate: 0.00687
2026-08-31 13:49:42.255660: train_loss -0.5357
2026-08-31 13:49:42.269299: val_loss -0.5028
2026-08-31 13:49:42.270607: Pseudo dice [np.float32(0.1008)]
2026-08-31 13:49:42.271970: Epoch time: 105.08 s
2026-08-31 13:49:43.648382: 
2026-08-31 13:49:43.649826: Epoch 342
2026-08-31 13:49:43.650846: Current learning rate: 0.00686
2026-08-31 13:51:28.572913: train_loss -0.5249
2026-08-31 13:51:28.582752: val_loss -0.5192
2026-08-31 13:51:28.584297: Pseudo dice [np.float32(0.0642)]
2026-08-31 13:51:28.585784: Epoch time: 104.93 s
2026-08-31 13:51:31.282734: 
2026-08-31 13:51:31.284244: Epoch 343
2026-08-31 13:51:31.285252: Current learning rate: 0.00685
2026-08-31 13:53:18.883491: train_loss -0.5341
2026-08-31 13:53:18.918691: val_loss -0.5095
2026-08-31 13:53:18.920446: Pseudo dice [np.float32(0.149)]
2026-08-31 13:53:18.921651: Epoch time: 107.6 s
2026-08-31 13:53:18.922984: Yayy! New best EMA pseudo Dice: 0.09989999979734421
2026-08-31 13:53:21.534106: 
2026-08-31 13:53:21.535589: Epoch 344
2026-08-31 13:53:21.536605: Current learning rate: 0.00684
2026-08-31 13:55:11.852769: train_loss -0.5269
2026-08-31 13:55:11.869416: val_loss -0.4873
2026-08-31 13:55:11.871135: Pseudo dice [np.float32(0.0948)]
2026-08-31 13:55:11.872707: Epoch time: 110.32 s
2026-08-31 13:55:13.992185: 
2026-08-31 13:55:13.993822: Epoch 345
2026-08-31 13:55:13.995015: Current learning rate: 0.00683
2026-08-31 13:56:59.307082: train_loss -0.5226
2026-08-31 13:56:59.313289: val_loss -0.4939
2026-08-31 13:56:59.315057: Pseudo dice [np.float32(0.057)]
2026-08-31 13:56:59.316298: Epoch time: 105.32 s
2026-08-31 13:57:00.743723: 
2026-08-31 13:57:00.745551: Epoch 346
2026-08-31 13:57:00.746604: Current learning rate: 0.00682
2026-08-31 13:58:47.199446: train_loss -0.5178
2026-08-31 13:58:47.201755: val_loss -0.4976
2026-08-31 13:58:47.207038: Pseudo dice [np.float32(0.0727)]
2026-08-31 13:58:47.210331: Epoch time: 106.46 s
2026-08-31 13:58:48.322856: 
2026-08-31 13:58:48.324488: Epoch 347
2026-08-31 13:58:48.325594: Current learning rate: 0.00681
2026-08-31 14:00:30.684006: train_loss -0.5431
2026-08-31 14:00:30.685364: val_loss -0.5156
2026-08-31 14:00:30.686540: Pseudo dice [np.float32(0.1074)]
2026-08-31 14:00:30.687509: Epoch time: 102.36 s
2026-08-31 14:00:31.573989: 
2026-08-31 14:00:31.587351: Epoch 348
2026-08-31 14:00:31.588478: Current learning rate: 0.0068
2026-08-31 14:02:21.884922: train_loss -0.5135
2026-08-31 14:02:21.891044: val_loss -0.5356
2026-08-31 14:02:21.897207: Pseudo dice [np.float32(0.0991)]
2026-08-31 14:02:21.908123: Epoch time: 110.31 s
2026-08-31 14:02:23.935722: 
2026-08-31 14:02:23.937556: Epoch 349
2026-08-31 14:02:23.938575: Current learning rate: 0.0068
2026-08-31 14:04:06.600516: train_loss -0.5421
2026-08-31 14:04:06.602319: val_loss -0.5318
2026-08-31 14:04:06.603280: Pseudo dice [np.float32(0.1123)]
2026-08-31 14:04:06.604215: Epoch time: 102.67 s
2026-08-31 14:04:08.982136: 
2026-08-31 14:04:08.983384: Epoch 350
2026-08-31 14:04:08.984544: Current learning rate: 0.00679
2026-08-31 14:05:56.033997: train_loss -0.5138
2026-08-31 14:05:56.036124: val_loss -0.5442
2026-08-31 14:05:56.037559: Pseudo dice [np.float32(0.043)]
2026-08-31 14:05:56.038991: Epoch time: 107.05 s
2026-08-31 14:05:57.699727: 
2026-08-31 14:05:57.701961: Epoch 351
2026-08-31 14:05:57.703145: Current learning rate: 0.00678
2026-08-31 14:07:42.289559: train_loss -0.5055
2026-08-31 14:07:42.291326: val_loss -0.5419
2026-08-31 14:07:42.292606: Pseudo dice [np.float32(0.0358)]
2026-08-31 14:07:42.293843: Epoch time: 104.59 s
2026-08-31 14:07:44.156652: 
2026-08-31 14:07:44.158954: Epoch 352
2026-08-31 14:07:44.160348: Current learning rate: 0.00677
2026-08-31 14:09:33.770803: train_loss -0.5348
2026-08-31 14:09:33.784696: val_loss -0.5336
2026-08-31 14:09:33.792667: Pseudo dice [np.float32(0.1845)]
2026-08-31 14:09:33.794197: Epoch time: 109.62 s
2026-08-31 14:09:35.325745: 
2026-08-31 14:09:35.327448: Epoch 353
2026-08-31 14:09:35.328535: Current learning rate: 0.00676
2026-08-31 14:11:20.189763: train_loss -0.5414
2026-08-31 14:11:20.191763: val_loss -0.5197
2026-08-31 14:11:20.193305: Pseudo dice [np.float32(0.1658)]
2026-08-31 14:11:20.194706: Epoch time: 104.87 s
2026-08-31 14:11:20.196051: Yayy! New best EMA pseudo Dice: 0.10260000079870224
2026-08-31 14:11:22.777519: 
2026-08-31 14:11:22.779006: Epoch 354
2026-08-31 14:11:22.780268: Current learning rate: 0.00675
2026-08-31 14:13:05.361246: train_loss -0.5219
2026-08-31 14:13:05.364898: val_loss -0.5602
2026-08-31 14:13:05.367842: Pseudo dice [np.float32(0.0687)]
2026-08-31 14:13:05.369213: Epoch time: 102.59 s
2026-08-31 14:13:06.447658: 
2026-08-31 14:13:06.449335: Epoch 355
2026-08-31 14:13:06.450440: Current learning rate: 0.00674
2026-08-31 14:14:50.826812: train_loss -0.5215
2026-08-31 14:14:50.833817: val_loss -0.5409
2026-08-31 14:14:50.837389: Pseudo dice [np.float32(0.1776)]
2026-08-31 14:14:50.842463: Epoch time: 104.38 s
2026-08-31 14:14:50.843739: Yayy! New best EMA pseudo Dice: 0.10700000077486038
2026-08-31 14:14:53.547463: 
2026-08-31 14:14:53.549085: Epoch 356
2026-08-31 14:14:53.550272: Current learning rate: 0.00673
2026-08-31 14:16:39.220808: train_loss -0.5193
2026-08-31 14:16:39.222517: val_loss -0.5364
2026-08-31 14:16:39.223701: Pseudo dice [np.float32(0.0421)]
2026-08-31 14:16:39.225131: Epoch time: 105.68 s
2026-08-31 14:16:40.294516: 
2026-08-31 14:16:40.296320: Epoch 357
2026-08-31 14:16:40.297576: Current learning rate: 0.00672
2026-08-31 14:18:24.870763: train_loss -0.5352
2026-08-31 14:18:24.872047: val_loss -0.5079
2026-08-31 14:18:24.873377: Pseudo dice [np.float32(0.0429)]
2026-08-31 14:18:24.874669: Epoch time: 104.58 s
2026-08-31 14:18:26.273830: 
2026-08-31 14:18:26.275469: Epoch 358
2026-08-31 14:18:26.276472: Current learning rate: 0.00671
2026-08-31 14:20:11.972319: train_loss -0.5205
2026-08-31 14:20:11.973773: val_loss -0.4987
2026-08-31 14:20:11.975216: Pseudo dice [np.float32(0.0588)]
2026-08-31 14:20:11.976637: Epoch time: 105.7 s
2026-08-31 14:20:14.534584: 
2026-08-31 14:20:14.536153: Epoch 359
2026-08-31 14:20:14.537364: Current learning rate: 0.0067
2026-08-31 14:21:59.299598: train_loss -0.5169
2026-08-31 14:21:59.303566: val_loss -0.5041
2026-08-31 14:21:59.306888: Pseudo dice [np.float32(0.0743)]
2026-08-31 14:21:59.308044: Epoch time: 104.77 s
2026-08-31 14:22:00.957007: 
2026-08-31 14:22:00.958591: Epoch 360
2026-08-31 14:22:00.959763: Current learning rate: 0.00669
2026-08-31 14:23:44.386814: train_loss -0.5252
2026-08-31 14:23:44.388756: val_loss -0.5029
2026-08-31 14:23:44.390244: Pseudo dice [np.float32(0.1083)]
2026-08-31 14:23:44.393161: Epoch time: 103.43 s
2026-08-31 14:23:45.771008: 
2026-08-31 14:23:45.772570: Epoch 361
2026-08-31 14:23:45.773513: Current learning rate: 0.00668
2026-08-31 14:25:30.458669: train_loss -0.5346
2026-08-31 14:25:30.460294: val_loss -0.5253
2026-08-31 14:25:30.461606: Pseudo dice [np.float32(0.0282)]
2026-08-31 14:25:30.462757: Epoch time: 104.69 s
2026-08-31 14:25:31.684679: 
2026-08-31 14:25:31.686197: Epoch 362
2026-08-31 14:25:31.687141: Current learning rate: 0.00667
2026-08-31 14:27:16.151123: train_loss -0.5369
2026-08-31 14:27:16.152407: val_loss -0.5235
2026-08-31 14:27:16.153774: Pseudo dice [np.float32(0.0404)]
2026-08-31 14:27:16.154995: Epoch time: 104.47 s
2026-08-31 14:27:17.440363: 
2026-08-31 14:27:17.442204: Epoch 363
2026-08-31 14:27:17.443618: Current learning rate: 0.00666
2026-08-31 14:29:03.210294: train_loss -0.5312
2026-08-31 14:29:03.212226: val_loss -0.508
2026-08-31 14:29:03.214852: Pseudo dice [np.float32(0.0998)]
2026-08-31 14:29:03.216099: Epoch time: 105.77 s
2026-08-31 14:29:04.592753: 
2026-08-31 14:29:04.594287: Epoch 364
2026-08-31 14:29:04.595276: Current learning rate: 0.00665
2026-08-31 14:30:48.889277: train_loss -0.5367
2026-08-31 14:30:48.896212: val_loss -0.4945
2026-08-31 14:30:48.908690: Pseudo dice [np.float32(0.0605)]
2026-08-31 14:30:48.920432: Epoch time: 104.3 s
2026-08-31 14:30:50.237996: 
2026-08-31 14:30:50.239650: Epoch 365
2026-08-31 14:30:50.240748: Current learning rate: 0.00665
2026-08-31 14:32:41.444889: train_loss -0.5195
2026-08-31 14:32:41.446581: val_loss -0.5157
2026-08-31 14:32:41.448438: Pseudo dice [np.float32(0.0652)]
2026-08-31 14:32:41.449984: Epoch time: 111.21 s
2026-08-31 14:32:43.058836: 
2026-08-31 14:32:43.060670: Epoch 366
2026-08-31 14:32:43.061804: Current learning rate: 0.00664
2026-08-31 14:34:33.665683: train_loss -0.5282
2026-08-31 14:34:33.669206: val_loss -0.5167
2026-08-31 14:34:33.672465: Pseudo dice [np.float32(0.0708)]
2026-08-31 14:34:33.673477: Epoch time: 110.61 s
2026-08-31 14:34:35.061939: 
2026-08-31 14:34:35.063606: Epoch 367
2026-08-31 14:34:35.064772: Current learning rate: 0.00663
2026-08-31 14:36:22.422374: train_loss -0.5371
2026-08-31 14:36:22.443270: val_loss -0.4886
2026-08-31 14:36:22.479485: Pseudo dice [np.float32(0.1618)]
2026-08-31 14:36:22.480816: Epoch time: 107.36 s
2026-08-31 14:36:23.956292: 
2026-08-31 14:36:23.957812: Epoch 368
2026-08-31 14:36:23.958959: Current learning rate: 0.00662
2026-08-31 14:38:09.933926: train_loss -0.5348
2026-08-31 14:38:09.941697: val_loss -0.539
2026-08-31 14:38:09.943246: Pseudo dice [np.float32(0.0443)]
2026-08-31 14:38:09.944458: Epoch time: 105.98 s
2026-08-31 14:38:11.093850: 
2026-08-31 14:38:11.095481: Epoch 369
2026-08-31 14:38:11.096682: Current learning rate: 0.00661
2026-08-31 14:39:53.770859: train_loss -0.527
2026-08-31 14:39:53.780612: val_loss -0.5201
2026-08-31 14:39:53.782104: Pseudo dice [np.float32(0.0623)]
2026-08-31 14:39:53.783513: Epoch time: 102.68 s
2026-08-31 14:39:55.109405: 
2026-08-31 14:39:55.111028: Epoch 370
2026-08-31 14:39:55.112099: Current learning rate: 0.0066
2026-08-31 14:41:41.068433: train_loss -0.5217
2026-08-31 14:41:41.097063: val_loss -0.54
2026-08-31 14:41:41.098782: Pseudo dice [np.float32(0.0371)]
2026-08-31 14:41:41.100090: Epoch time: 105.96 s
2026-08-31 14:41:42.326899: 
2026-08-31 14:41:42.328361: Epoch 371
2026-08-31 14:41:42.329470: Current learning rate: 0.00659
2026-08-31 14:43:25.521800: train_loss -0.5331
2026-08-31 14:43:25.540008: val_loss -0.5467
2026-08-31 14:43:25.541538: Pseudo dice [np.float32(0.1208)]
2026-08-31 14:43:25.542819: Epoch time: 103.2 s
2026-08-31 14:43:26.465899: 
2026-08-31 14:43:26.467335: Epoch 372
2026-08-31 14:43:26.468282: Current learning rate: 0.00658
2026-08-31 14:45:13.640826: train_loss -0.5152
2026-08-31 14:45:13.644390: val_loss -0.5026
2026-08-31 14:45:13.646021: Pseudo dice [np.float32(0.1355)]
2026-08-31 14:45:13.647132: Epoch time: 107.18 s
2026-08-31 14:45:14.993271: 
2026-08-31 14:45:14.995181: Epoch 373
2026-08-31 14:45:14.996149: Current learning rate: 0.00657
2026-08-31 14:47:03.450605: train_loss -0.5309
2026-08-31 14:47:03.453029: val_loss -0.511
2026-08-31 14:47:03.455243: Pseudo dice [np.float32(0.0763)]
2026-08-31 14:47:03.456738: Epoch time: 108.46 s
2026-08-31 14:47:06.998319: 
2026-08-31 14:47:07.000229: Epoch 374
2026-08-31 14:47:07.001301: Current learning rate: 0.00656
2026-08-31 14:48:50.062008: train_loss -0.5284
2026-08-31 14:48:50.063779: val_loss -0.5546
2026-08-31 14:48:50.077628: Pseudo dice [np.float32(0.1251)]
2026-08-31 14:48:50.079305: Epoch time: 103.07 s
2026-08-31 14:48:51.257992: 
2026-08-31 14:48:51.259449: Epoch 375
2026-08-31 14:48:51.260475: Current learning rate: 0.00655
2026-08-31 14:50:42.162350: train_loss -0.5275
2026-08-31 14:50:42.187591: val_loss -0.5619
2026-08-31 14:50:42.189158: Pseudo dice [np.float32(0.2123)]
2026-08-31 14:50:42.190315: Epoch time: 110.91 s
2026-08-31 14:50:43.482443: 
2026-08-31 14:50:43.484263: Epoch 376
2026-08-31 14:50:43.485246: Current learning rate: 0.00654
2026-08-31 14:52:31.562078: train_loss -0.527
2026-08-31 14:52:31.563763: val_loss -0.5044
2026-08-31 14:52:31.565467: Pseudo dice [np.float32(0.1371)]
2026-08-31 14:52:31.566574: Epoch time: 108.08 s
2026-08-31 14:52:32.632459: 
2026-08-31 14:52:32.633848: Epoch 377
2026-08-31 14:52:32.634756: Current learning rate: 0.00653
2026-08-31 14:54:14.817164: train_loss -0.5217
2026-08-31 14:54:14.836061: val_loss -0.5692
2026-08-31 14:54:14.837173: Pseudo dice [np.float32(0.0643)]
2026-08-31 14:54:14.838207: Epoch time: 102.19 s
2026-08-31 14:54:15.782590: 
2026-08-31 14:54:15.784333: Epoch 378
2026-08-31 14:54:15.785535: Current learning rate: 0.00652
2026-08-31 14:55:59.506853: train_loss -0.528
2026-08-31 14:55:59.517419: val_loss -0.5357
2026-08-31 14:55:59.518908: Pseudo dice [np.float32(0.0752)]
2026-08-31 14:55:59.520500: Epoch time: 103.73 s
2026-08-31 14:56:00.910394: 
2026-08-31 14:56:00.911781: Epoch 379
2026-08-31 14:56:00.913478: Current learning rate: 0.00651
2026-08-31 14:58:09.900852: train_loss -0.535
2026-08-31 14:58:09.903476: val_loss -0.5545
2026-08-31 14:58:09.904598: Pseudo dice [np.float32(0.1424)]
2026-08-31 14:58:09.905708: Epoch time: 128.99 s
2026-08-31 14:58:11.088277: 
2026-08-31 14:58:11.089604: Epoch 380
2026-08-31 14:58:11.090632: Current learning rate: 0.0065
2026-08-31 15:00:03.866292: train_loss -0.542
2026-08-31 15:00:03.877012: val_loss -0.5405
2026-08-31 15:00:03.883687: Pseudo dice [np.float32(0.1245)]
2026-08-31 15:00:03.886064: Epoch time: 112.78 s
2026-08-31 15:00:05.380083: 
2026-08-31 15:00:05.381696: Epoch 381
2026-08-31 15:00:05.382965: Current learning rate: 0.00649
2026-08-31 15:01:54.998688: train_loss -0.5477
2026-08-31 15:01:55.005239: val_loss -0.5374
2026-08-31 15:01:55.007217: Pseudo dice [np.float32(0.0279)]
2026-08-31 15:01:55.008312: Epoch time: 109.62 s
2026-08-31 15:01:56.341926: 
2026-08-31 15:01:56.343613: Epoch 382
2026-08-31 15:01:56.344644: Current learning rate: 0.00648
2026-08-31 15:03:45.958016: train_loss -0.529
2026-08-31 15:03:45.963529: val_loss -0.5077
2026-08-31 15:03:45.964757: Pseudo dice [np.float32(0.1234)]
2026-08-31 15:03:45.965928: Epoch time: 109.62 s
2026-08-31 15:03:47.462152: 
2026-08-31 15:03:47.463477: Epoch 383
2026-08-31 15:03:47.464524: Current learning rate: 0.00648
2026-08-31 15:05:30.842268: train_loss -0.5433
2026-08-31 15:05:30.845458: val_loss -0.5556
2026-08-31 15:05:30.850028: Pseudo dice [np.float32(0.0926)]
2026-08-31 15:05:30.851343: Epoch time: 103.38 s
2026-08-31 15:05:31.762700: 
2026-08-31 15:05:31.764032: Epoch 384
2026-08-31 15:05:31.765136: Current learning rate: 0.00647
2026-08-31 15:07:17.564589: train_loss -0.5434
2026-08-31 15:07:17.571934: val_loss -0.5083
2026-08-31 15:07:17.573688: Pseudo dice [np.float32(0.0796)]
2026-08-31 15:07:17.575316: Epoch time: 105.8 s
2026-08-31 15:07:18.801328: 
2026-08-31 15:07:18.803154: Epoch 385
2026-08-31 15:07:18.804656: Current learning rate: 0.00646
2026-08-31 15:09:03.951237: train_loss -0.5393
2026-08-31 15:09:03.952807: val_loss -0.5355
2026-08-31 15:09:03.954126: Pseudo dice [np.float32(0.0789)]
2026-08-31 15:09:03.955424: Epoch time: 105.15 s
2026-08-31 15:09:05.066823: 
2026-08-31 15:09:05.068325: Epoch 386
2026-08-31 15:09:05.069325: Current learning rate: 0.00645
2026-08-31 15:10:48.784722: train_loss -0.5315
2026-08-31 15:10:48.787554: val_loss -0.5157
2026-08-31 15:10:48.792395: Pseudo dice [np.float32(0.1163)]
2026-08-31 15:10:48.794329: Epoch time: 103.72 s
2026-08-31 15:10:50.808545: 
2026-08-31 15:10:50.810717: Epoch 387
2026-08-31 15:10:50.812417: Current learning rate: 0.00644
2026-08-31 15:12:34.705217: train_loss -0.5265
2026-08-31 15:12:34.706657: val_loss -0.5344
2026-08-31 15:12:34.707806: Pseudo dice [np.float32(0.0692)]
2026-08-31 15:12:34.708766: Epoch time: 103.9 s
2026-08-31 15:12:35.729658: 
2026-08-31 15:12:35.731987: Epoch 388
2026-08-31 15:12:35.733608: Current learning rate: 0.00643
2026-08-31 15:14:21.998184: train_loss -0.5299
2026-08-31 15:14:22.010495: val_loss -0.4925
2026-08-31 15:14:22.011863: Pseudo dice [np.float32(0.069)]
2026-08-31 15:14:22.013136: Epoch time: 106.27 s
2026-08-31 15:14:23.410942: 
2026-08-31 15:14:23.412493: Epoch 389
2026-08-31 15:14:23.413587: Current learning rate: 0.00642
2026-08-31 15:16:15.576583: train_loss -0.5311
2026-08-31 15:16:15.627087: val_loss -0.5269
2026-08-31 15:16:15.628821: Pseudo dice [np.float32(0.0537)]
2026-08-31 15:16:15.629882: Epoch time: 112.17 s
2026-08-31 15:16:16.883060: 
2026-08-31 15:16:16.884476: Epoch 390
2026-08-31 15:16:16.885488: Current learning rate: 0.00641
2026-08-31 15:18:03.540897: train_loss -0.5337
2026-08-31 15:18:03.542671: val_loss -0.5473
2026-08-31 15:18:03.544189: Pseudo dice [np.float32(0.0602)]
2026-08-31 15:18:03.545678: Epoch time: 106.66 s
2026-08-31 15:18:04.809095: 
2026-08-31 15:18:04.810612: Epoch 391
2026-08-31 15:18:04.811659: Current learning rate: 0.0064
2026-08-31 15:19:47.912707: train_loss -0.5248
2026-08-31 15:19:47.958295: val_loss -0.5011
2026-08-31 15:19:47.959805: Pseudo dice [np.float32(0.0803)]
2026-08-31 15:19:47.960869: Epoch time: 103.11 s
2026-08-31 15:19:49.112240: 
2026-08-31 15:19:49.113999: Epoch 392
2026-08-31 15:19:49.115192: Current learning rate: 0.00639
2026-08-31 15:21:33.182673: train_loss -0.5223
2026-08-31 15:21:33.197371: val_loss -0.5124
2026-08-31 15:21:33.199172: Pseudo dice [np.float32(0.1825)]
2026-08-31 15:21:33.200503: Epoch time: 104.07 s
2026-08-31 15:21:34.431720: 
2026-08-31 15:21:34.433530: Epoch 393
2026-08-31 15:21:34.434583: Current learning rate: 0.00638
2026-08-31 15:23:21.010945: train_loss -0.5465
2026-08-31 15:23:21.017659: val_loss -0.5499
2026-08-31 15:23:21.019294: Pseudo dice [np.float32(0.1001)]
2026-08-31 15:23:21.020785: Epoch time: 106.58 s
2026-08-31 15:23:22.351504: 
2026-08-31 15:23:22.358716: Epoch 394
2026-08-31 15:23:22.361249: Current learning rate: 0.00637
2026-08-31 15:25:08.981700: train_loss -0.537
2026-08-31 15:25:09.004572: val_loss -0.5128
2026-08-31 15:25:09.005854: Pseudo dice [np.float32(0.1477)]
2026-08-31 15:25:09.007013: Epoch time: 106.64 s
2026-08-31 15:25:10.218854: 
2026-08-31 15:25:10.220459: Epoch 395
2026-08-31 15:25:10.221513: Current learning rate: 0.00636
2026-08-31 15:26:53.564263: train_loss -0.5425
2026-08-31 15:26:53.566201: val_loss -0.5443
2026-08-31 15:26:53.567854: Pseudo dice [np.float32(0.1677)]
2026-08-31 15:26:53.569719: Epoch time: 103.35 s
2026-08-31 15:26:53.571031: Yayy! New best EMA pseudo Dice: 0.10719999670982361
2026-08-31 15:26:57.242628: 
2026-08-31 15:26:57.243884: Epoch 396
2026-08-31 15:26:57.244928: Current learning rate: 0.00635
2026-08-31 15:28:42.901859: train_loss -0.5378
2026-08-31 15:28:42.934927: val_loss -0.5461
2026-08-31 15:28:42.936522: Pseudo dice [np.float32(0.3066)]
2026-08-31 15:28:42.937740: Epoch time: 105.66 s
2026-08-31 15:28:42.942286: Yayy! New best EMA pseudo Dice: 0.12710000574588776
2026-08-31 15:28:45.623940: 
2026-08-31 15:28:45.625634: Epoch 397
2026-08-31 15:28:45.626676: Current learning rate: 0.00634
2026-08-31 15:30:34.771557: train_loss -0.5119
2026-08-31 15:30:34.773741: val_loss -0.5135
2026-08-31 15:30:34.775362: Pseudo dice [np.float32(0.0614)]
2026-08-31 15:30:34.776714: Epoch time: 109.15 s
2026-08-31 15:30:36.022433: 
2026-08-31 15:30:36.024191: Epoch 398
2026-08-31 15:30:36.025606: Current learning rate: 0.00633
2026-08-31 15:32:18.297020: train_loss -0.5237
2026-08-31 15:32:18.326467: val_loss -0.5247
2026-08-31 15:32:18.328119: Pseudo dice [np.float32(0.0703)]
2026-08-31 15:32:18.329410: Epoch time: 102.28 s
2026-08-31 15:32:20.999871: 
2026-08-31 15:32:21.001381: Epoch 399
2026-08-31 15:32:21.002330: Current learning rate: 0.00632
2026-08-31 15:34:10.967407: train_loss -0.5383
2026-08-31 15:34:10.996859: val_loss -0.5167
2026-08-31 15:34:10.998347: Pseudo dice [np.float32(0.094)]
2026-08-31 15:34:10.999530: Epoch time: 109.97 s
2026-08-31 15:34:13.466541: 
2026-08-31 15:34:13.468012: Epoch 400
2026-08-31 15:34:13.469026: Current learning rate: 0.00631
2026-08-31 15:35:56.285450: train_loss -0.552
2026-08-31 15:35:56.304321: val_loss -0.5365
2026-08-31 15:35:56.305953: Pseudo dice [np.float32(0.1021)]
2026-08-31 15:35:56.307175: Epoch time: 102.82 s
2026-08-31 15:35:57.507932: 
2026-08-31 15:35:57.509597: Epoch 401
2026-08-31 15:35:57.510725: Current learning rate: 0.0063
2026-08-31 15:37:43.898370: train_loss -0.524
2026-08-31 15:37:43.900052: val_loss -0.5355
2026-08-31 15:37:43.901328: Pseudo dice [np.float32(0.1004)]
2026-08-31 15:37:43.902459: Epoch time: 106.39 s
2026-08-31 15:37:44.870344: 
2026-08-31 15:37:44.872086: Epoch 402
2026-08-31 15:37:44.873351: Current learning rate: 0.0063
2026-08-31 15:39:36.012008: train_loss -0.5489
2026-08-31 15:39:36.053367: val_loss -0.5036
2026-08-31 15:39:36.055001: Pseudo dice [np.float32(0.0603)]
2026-08-31 15:39:36.056582: Epoch time: 111.14 s
2026-08-31 15:39:37.331193: 
2026-08-31 15:39:37.332965: Epoch 403
2026-08-31 15:39:37.334156: Current learning rate: 0.00629
2026-08-31 15:41:23.502311: train_loss -0.5464
2026-08-31 15:41:23.559885: val_loss -0.502
2026-08-31 15:41:23.561641: Pseudo dice [np.float32(0.0711)]
2026-08-31 15:41:23.562970: Epoch time: 106.17 s
2026-08-31 15:41:24.682795: 
2026-08-31 15:41:24.684385: Epoch 404
2026-08-31 15:41:24.685424: Current learning rate: 0.00628
2026-08-31 15:43:08.046759: train_loss -0.5316
2026-08-31 15:43:08.063848: val_loss -0.5147
2026-08-31 15:43:08.095955: Pseudo dice [np.float32(0.052)]
2026-08-31 15:43:08.097517: Epoch time: 103.37 s
2026-08-31 15:43:09.613795: 
2026-08-31 15:43:09.616187: Epoch 405
2026-08-31 15:43:09.617529: Current learning rate: 0.00627
2026-08-31 15:44:53.250984: train_loss -0.5378
2026-08-31 15:44:53.264852: val_loss -0.5282
2026-08-31 15:44:53.266431: Pseudo dice [np.float32(0.1773)]
2026-08-31 15:44:53.267644: Epoch time: 103.64 s
2026-08-31 15:44:54.351301: 
2026-08-31 15:44:54.352685: Epoch 406
2026-08-31 15:44:54.353645: Current learning rate: 0.00626
2026-08-31 15:46:43.784089: train_loss -0.538
2026-08-31 15:46:43.787032: val_loss -0.5521
2026-08-31 15:46:43.789206: Pseudo dice [np.float32(0.1238)]
2026-08-31 15:46:43.790983: Epoch time: 109.44 s
2026-08-31 15:46:45.425215: 
2026-08-31 15:46:45.430753: Epoch 407
2026-08-31 15:46:45.432090: Current learning rate: 0.00625
2026-08-31 15:48:31.687618: train_loss -0.5335
2026-08-31 15:48:31.690742: val_loss -0.5469
2026-08-31 15:48:31.698882: Pseudo dice [np.float32(0.0326)]
2026-08-31 15:48:31.700578: Epoch time: 106.27 s
2026-08-31 15:48:33.139334: 
2026-08-31 15:48:33.141022: Epoch 408
2026-08-31 15:48:33.142063: Current learning rate: 0.00624
2026-08-31 15:50:19.790171: train_loss -0.5475
2026-08-31 15:50:19.791780: val_loss -0.5359
2026-08-31 15:50:19.793136: Pseudo dice [np.float32(0.0769)]
2026-08-31 15:50:19.795220: Epoch time: 106.65 s
2026-08-31 15:50:21.399793: 
2026-08-31 15:50:21.401263: Epoch 409
2026-08-31 15:50:21.402231: Current learning rate: 0.00623
2026-08-31 15:52:06.167836: train_loss -0.5382
2026-08-31 15:52:06.169450: val_loss -0.5667
2026-08-31 15:52:06.170660: Pseudo dice [np.float32(0.0935)]
2026-08-31 15:52:06.171774: Epoch time: 104.77 s
2026-08-31 15:52:07.377805: 
2026-08-31 15:52:07.379193: Epoch 410
2026-08-31 15:52:07.380255: Current learning rate: 0.00622
2026-08-31 15:53:51.887341: train_loss -0.5444
2026-08-31 15:53:51.922968: val_loss -0.5005
2026-08-31 15:53:51.925042: Pseudo dice [np.float32(0.1035)]
2026-08-31 15:53:51.927336: Epoch time: 104.51 s
2026-08-31 15:53:53.203027: 
2026-08-31 15:53:53.204478: Epoch 411
2026-08-31 15:53:53.205558: Current learning rate: 0.00621
2026-08-31 15:55:41.309356: train_loss -0.5325
2026-08-31 15:55:41.311056: val_loss -0.5478
2026-08-31 15:55:41.312430: Pseudo dice [np.float32(0.0741)]
2026-08-31 15:55:41.313777: Epoch time: 108.11 s
2026-08-31 15:55:42.511328: 
2026-08-31 15:55:42.512811: Epoch 412
2026-08-31 15:55:42.514174: Current learning rate: 0.0062
2026-08-31 15:57:26.257983: train_loss -0.5258
2026-08-31 15:57:26.260409: val_loss -0.5378
2026-08-31 15:57:26.261638: Pseudo dice [np.float32(0.0546)]
2026-08-31 15:57:26.262738: Epoch time: 103.75 s
2026-08-31 15:57:27.859866: 
2026-08-31 15:57:27.861197: Epoch 413
2026-08-31 15:57:27.862322: Current learning rate: 0.00619
2026-08-31 15:59:13.443296: train_loss -0.5414
2026-08-31 15:59:13.448455: val_loss -0.5319
2026-08-31 15:59:13.450065: Pseudo dice [np.float32(0.1894)]
2026-08-31 15:59:13.451580: Epoch time: 105.59 s
2026-08-31 15:59:14.690681: 
2026-08-31 15:59:14.692516: Epoch 414
2026-08-31 15:59:14.693862: Current learning rate: 0.00618
2026-08-31 16:01:00.623598: train_loss -0.5293
2026-08-31 16:01:00.625654: val_loss -0.5438
2026-08-31 16:01:00.626889: Pseudo dice [np.float32(0.0798)]
2026-08-31 16:01:00.639299: Epoch time: 105.94 s
2026-08-31 16:01:01.873680: 
2026-08-31 16:01:01.875253: Epoch 415
2026-08-31 16:01:01.876292: Current learning rate: 0.00617
2026-08-31 16:02:50.179964: train_loss -0.5217
2026-08-31 16:02:50.181732: val_loss -0.5546
2026-08-31 16:02:50.187216: Pseudo dice [np.float32(0.1583)]
2026-08-31 16:02:50.190220: Epoch time: 108.31 s
2026-08-31 16:02:51.552016: 
2026-08-31 16:02:51.553818: Epoch 416
2026-08-31 16:02:51.554945: Current learning rate: 0.00616
2026-08-31 16:04:36.448671: train_loss -0.521
2026-08-31 16:04:36.456091: val_loss -0.5327
2026-08-31 16:04:36.470985: Pseudo dice [np.float32(0.0829)]
2026-08-31 16:04:36.472526: Epoch time: 104.9 s
2026-08-31 16:04:37.890346: 
2026-08-31 16:04:37.891733: Epoch 417
2026-08-31 16:04:37.892861: Current learning rate: 0.00615
2026-08-31 16:06:23.279254: train_loss -0.5527
2026-08-31 16:06:23.286688: val_loss -0.535
2026-08-31 16:06:23.288277: Pseudo dice [np.float32(0.0748)]
2026-08-31 16:06:23.289659: Epoch time: 105.39 s
2026-08-31 16:06:25.233667: 
2026-08-31 16:06:25.235177: Epoch 418
2026-08-31 16:06:25.236383: Current learning rate: 0.00614
2026-08-31 16:08:14.980856: train_loss -0.5239
2026-08-31 16:08:14.986190: val_loss -0.5375
2026-08-31 16:08:14.989389: Pseudo dice [np.float32(0.0929)]
2026-08-31 16:08:14.990654: Epoch time: 109.75 s
2026-08-31 16:08:16.360418: 
2026-08-31 16:08:16.362708: Epoch 419
2026-08-31 16:08:16.364122: Current learning rate: 0.00613
2026-08-31 16:10:04.678285: train_loss -0.5517
2026-08-31 16:10:04.679694: val_loss -0.5535
2026-08-31 16:10:04.680780: Pseudo dice [np.float32(0.0722)]
2026-08-31 16:10:04.681783: Epoch time: 108.32 s
2026-08-31 16:10:05.664135: 
2026-08-31 16:10:05.665788: Epoch 420
2026-08-31 16:10:05.666944: Current learning rate: 0.00612
2026-08-31 16:11:54.537044: train_loss -0.5502
2026-08-31 16:11:54.576578: val_loss -0.5077
2026-08-31 16:11:54.577746: Pseudo dice [np.float32(0.0964)]
2026-08-31 16:11:54.578688: Epoch time: 108.88 s
2026-08-31 16:11:56.340548: 
2026-08-31 16:11:56.342556: Epoch 421
2026-08-31 16:11:56.343794: Current learning rate: 0.00612
2026-08-31 16:13:43.241419: train_loss -0.5303
2026-08-31 16:13:43.243271: val_loss -0.5437
2026-08-31 16:13:43.244765: Pseudo dice [np.float32(0.0973)]
2026-08-31 16:13:43.246146: Epoch time: 106.9 s
2026-08-31 16:13:44.214482: 
2026-08-31 16:13:44.215933: Epoch 422
2026-08-31 16:13:44.216972: Current learning rate: 0.00611
2026-08-31 16:15:28.802234: train_loss -0.5204
2026-08-31 16:15:28.806031: val_loss -0.5408
2026-08-31 16:15:28.810166: Pseudo dice [np.float32(0.0807)]
2026-08-31 16:15:28.825996: Epoch time: 104.59 s
2026-08-31 16:15:29.847870: 
2026-08-31 16:15:29.849816: Epoch 423
2026-08-31 16:15:29.850931: Current learning rate: 0.0061
2026-08-31 16:17:21.753726: train_loss -0.514
2026-08-31 16:17:21.760739: val_loss -0.5135
2026-08-31 16:17:21.764052: Pseudo dice [np.float32(0.0502)]
2026-08-31 16:17:21.765643: Epoch time: 111.91 s
2026-08-31 16:17:23.322723: 
2026-08-31 16:17:23.324671: Epoch 424
2026-08-31 16:17:23.325741: Current learning rate: 0.00609
2026-08-31 16:19:11.043650: train_loss -0.5342
2026-08-31 16:19:11.053025: val_loss -0.5485
2026-08-31 16:19:11.054814: Pseudo dice [np.float32(0.1065)]
2026-08-31 16:19:11.056221: Epoch time: 107.72 s
2026-08-31 16:19:12.334076: 
2026-08-31 16:19:12.335441: Epoch 425
2026-08-31 16:19:12.336530: Current learning rate: 0.00608
2026-08-31 16:21:00.416475: train_loss -0.5219
2026-08-31 16:21:00.418773: val_loss -0.5533
2026-08-31 16:21:00.419979: Pseudo dice [np.float32(0.0535)]
2026-08-31 16:21:00.420992: Epoch time: 108.08 s
2026-08-31 16:21:01.634040: 
2026-08-31 16:21:01.637552: Epoch 426
2026-08-31 16:21:01.640048: Current learning rate: 0.00607
2026-08-31 16:22:46.701969: train_loss -0.5355
2026-08-31 16:22:46.719115: val_loss -0.5491
2026-08-31 16:22:46.720739: Pseudo dice [np.float32(0.0981)]
2026-08-31 16:22:46.721994: Epoch time: 105.07 s
2026-08-31 16:22:47.819765: 
2026-08-31 16:22:47.821436: Epoch 427
2026-08-31 16:22:47.822610: Current learning rate: 0.00606
2026-08-31 16:24:35.632204: train_loss -0.5583
2026-08-31 16:24:35.633901: val_loss -0.567
2026-08-31 16:24:35.635194: Pseudo dice [np.float32(0.2408)]
2026-08-31 16:24:35.636408: Epoch time: 107.81 s
2026-08-31 16:24:36.536774: 
2026-08-31 16:24:36.538195: Epoch 428
2026-08-31 16:24:36.539313: Current learning rate: 0.00605
2026-08-31 16:26:24.047430: train_loss -0.5232
2026-08-31 16:26:24.052688: val_loss -0.5312
2026-08-31 16:26:24.057509: Pseudo dice [np.float32(0.0805)]
2026-08-31 16:26:24.059253: Epoch time: 107.51 s
2026-08-31 16:26:26.123148: 
2026-08-31 16:26:26.124704: Epoch 429
2026-08-31 16:26:26.126107: Current learning rate: 0.00604
2026-08-31 16:28:17.414256: train_loss -0.5138
2026-08-31 16:28:17.417535: val_loss -0.5683
2026-08-31 16:28:17.421638: Pseudo dice [np.float32(0.1217)]
2026-08-31 16:28:17.423048: Epoch time: 111.29 s
2026-08-31 16:28:18.794046: 
2026-08-31 16:28:18.795910: Epoch 430
2026-08-31 16:28:18.797021: Current learning rate: 0.00603
2026-08-31 16:30:03.202042: train_loss -0.5414
2026-08-31 16:30:03.207334: val_loss -0.5578
2026-08-31 16:30:03.209343: Pseudo dice [np.float32(0.1078)]
2026-08-31 16:30:03.211015: Epoch time: 104.41 s
2026-08-31 16:30:04.543359: 
2026-08-31 16:30:04.544964: Epoch 431
2026-08-31 16:30:04.546179: Current learning rate: 0.00602
2026-08-31 16:31:46.992395: train_loss -0.5385
2026-08-31 16:31:46.994623: val_loss -0.5358
2026-08-31 16:31:46.996077: Pseudo dice [np.float32(0.0773)]
2026-08-31 16:31:46.997481: Epoch time: 102.45 s
2026-08-31 16:31:47.863407: 
2026-08-31 16:31:47.865123: Epoch 432
2026-08-31 16:31:47.866106: Current learning rate: 0.00601
2026-08-31 16:33:34.566978: train_loss -0.5692
2026-08-31 16:33:34.568826: val_loss -0.6057
2026-08-31 16:33:34.570261: Pseudo dice [np.float32(0.2823)]
2026-08-31 16:33:34.571445: Epoch time: 106.71 s
2026-08-31 16:33:35.814385: 
2026-08-31 16:33:35.817049: Epoch 433
2026-08-31 16:33:35.819015: Current learning rate: 0.006
2026-08-31 16:35:22.853261: train_loss -0.5282
2026-08-31 16:35:22.855067: val_loss -0.5024
2026-08-31 16:35:22.856337: Pseudo dice [np.float32(0.0434)]
2026-08-31 16:35:22.857477: Epoch time: 107.04 s
2026-08-31 16:35:24.309869: 
2026-08-31 16:35:24.311803: Epoch 434
2026-08-31 16:35:24.312974: Current learning rate: 0.00599
2026-08-31 16:37:07.508490: train_loss -0.5387
2026-08-31 16:37:07.551849: val_loss -0.5092
2026-08-31 16:37:07.553479: Pseudo dice [np.float32(0.163)]
2026-08-31 16:37:07.554908: Epoch time: 103.2 s
2026-08-31 16:37:08.447193: 
2026-08-31 16:37:08.448760: Epoch 435
2026-08-31 16:37:08.449688: Current learning rate: 0.00598
2026-08-31 16:38:52.215404: train_loss -0.5514
2026-08-31 16:38:52.227351: val_loss -0.5279
2026-08-31 16:38:52.228909: Pseudo dice [np.float32(0.1912)]
2026-08-31 16:38:52.230278: Epoch time: 103.77 s
2026-08-31 16:38:54.124812: 
2026-08-31 16:38:54.139268: Epoch 436
2026-08-31 16:38:54.140961: Current learning rate: 0.00597
2026-08-31 16:40:47.021366: train_loss -0.513
2026-08-31 16:40:47.037275: val_loss -0.526
2026-08-31 16:40:47.038908: Pseudo dice [np.float32(0.0228)]
2026-08-31 16:40:47.040408: Epoch time: 112.9 s
2026-08-31 16:40:48.667344: 
2026-08-31 16:40:48.668867: Epoch 437
2026-08-31 16:40:48.670036: Current learning rate: 0.00596
2026-08-31 16:42:38.162599: train_loss -0.5285
2026-08-31 16:42:38.163713: val_loss -0.5265
2026-08-31 16:42:38.164733: Pseudo dice [np.float32(0.1167)]
2026-08-31 16:42:38.165760: Epoch time: 109.5 s
2026-08-31 16:42:39.892704: 
2026-08-31 16:42:39.894489: Epoch 438
2026-08-31 16:42:39.895674: Current learning rate: 0.00595
2026-08-31 16:44:25.905371: train_loss -0.5484
2026-08-31 16:44:25.908868: val_loss -0.531
2026-08-31 16:44:25.913003: Pseudo dice [np.float32(0.1358)]
2026-08-31 16:44:25.914600: Epoch time: 106.02 s
2026-08-31 16:44:27.101117: 
2026-08-31 16:44:27.105823: Epoch 439
2026-08-31 16:44:27.107077: Current learning rate: 0.00594
2026-08-31 16:46:14.278820: train_loss -0.55
2026-08-31 16:46:14.283216: val_loss -0.5072
2026-08-31 16:46:14.285686: Pseudo dice [np.float32(0.1088)]
2026-08-31 16:46:14.290165: Epoch time: 107.18 s
2026-08-31 16:46:15.555305: 
2026-08-31 16:46:15.556784: Epoch 440
2026-08-31 16:46:15.557801: Current learning rate: 0.00593
2026-08-31 16:48:07.038895: train_loss -0.5634
2026-08-31 16:48:07.041023: val_loss -0.529
2026-08-31 16:48:07.042713: Pseudo dice [np.float32(0.0782)]
2026-08-31 16:48:07.093411: Epoch time: 111.46 s
2026-08-31 16:48:09.314148: 
2026-08-31 16:48:09.319543: Epoch 441
2026-08-31 16:48:09.320925: Current learning rate: 0.00592
2026-08-31 16:49:58.297397: train_loss -0.5357
2026-08-31 16:49:58.307433: val_loss -0.5107
2026-08-31 16:49:58.308906: Pseudo dice [np.float32(0.0923)]
2026-08-31 16:49:58.310179: Epoch time: 108.99 s
2026-08-31 16:49:59.466293: 
2026-08-31 16:49:59.468127: Epoch 442
2026-08-31 16:49:59.469313: Current learning rate: 0.00592
2026-08-31 16:51:41.263343: train_loss -0.5367
2026-08-31 16:51:41.264636: val_loss -0.5498
2026-08-31 16:51:41.265898: Pseudo dice [np.float32(0.1287)]
2026-08-31 16:51:41.267065: Epoch time: 101.8 s
2026-08-31 16:51:42.123008: 
2026-08-31 16:51:42.124834: Epoch 443
2026-08-31 16:51:42.125941: Current learning rate: 0.00591
2026-08-31 16:53:30.573988: train_loss -0.5515
2026-08-31 16:53:30.575485: val_loss -0.5357
2026-08-31 16:53:30.576771: Pseudo dice [np.float32(0.1098)]
2026-08-31 16:53:30.577987: Epoch time: 108.45 s
2026-08-31 16:53:31.567908: 
2026-08-31 16:53:31.569651: Epoch 444
2026-08-31 16:53:31.570635: Current learning rate: 0.0059
2026-08-31 16:55:20.276378: train_loss -0.5416
2026-08-31 16:55:20.294333: val_loss -0.5507
2026-08-31 16:55:20.295795: Pseudo dice [np.float32(0.1289)]
2026-08-31 16:55:20.296998: Epoch time: 108.71 s
2026-08-31 16:55:21.492079: 
2026-08-31 16:55:21.494027: Epoch 445
2026-08-31 16:55:21.495091: Current learning rate: 0.00589
2026-08-31 16:57:07.029372: train_loss -0.5397
2026-08-31 16:57:07.032886: val_loss -0.5375
2026-08-31 16:57:07.034732: Pseudo dice [np.float32(0.1278)]
2026-08-31 16:57:07.036374: Epoch time: 105.54 s
2026-08-31 16:57:08.210938: 
2026-08-31 16:57:08.212605: Epoch 446
2026-08-31 16:57:08.213709: Current learning rate: 0.00588
2026-08-31 16:58:52.731715: train_loss -0.5477
2026-08-31 16:58:52.738254: val_loss -0.5367
2026-08-31 16:58:52.740323: Pseudo dice [np.float32(0.1467)]
2026-08-31 16:58:52.741637: Epoch time: 104.52 s
2026-08-31 16:58:54.033406: 
2026-08-31 16:58:54.035381: Epoch 447
2026-08-31 16:58:54.036583: Current learning rate: 0.00587
2026-08-31 17:00:39.438581: train_loss -0.537
2026-08-31 17:00:39.446106: val_loss -0.5299
2026-08-31 17:00:39.452762: Pseudo dice [np.float32(0.1011)]
2026-08-31 17:00:39.453980: Epoch time: 105.41 s
2026-08-31 17:00:41.046379: 
2026-08-31 17:00:41.048156: Epoch 448
2026-08-31 17:00:41.049208: Current learning rate: 0.00586
2026-08-31 17:02:25.548333: train_loss -0.5338
2026-08-31 17:02:25.555421: val_loss -0.5564
2026-08-31 17:02:25.577357: Pseudo dice [np.float32(0.2237)]
2026-08-31 17:02:25.579273: Epoch time: 104.5 s
2026-08-31 17:02:25.580544: Yayy! New best EMA pseudo Dice: 0.12720000743865967
2026-08-31 17:02:28.576631: 
2026-08-31 17:02:28.577905: Epoch 449
2026-08-31 17:02:28.578744: Current learning rate: 0.00585
2026-08-31 17:04:14.372742: train_loss -0.5539
2026-08-31 17:04:14.380312: val_loss -0.5337
2026-08-31 17:04:14.382034: Pseudo dice [np.float32(0.1029)]
2026-08-31 17:04:14.383785: Epoch time: 105.8 s
2026-08-31 17:04:16.760215: 
2026-08-31 17:04:16.761766: Epoch 450
2026-08-31 17:04:16.762888: Current learning rate: 0.00584
2026-08-31 17:06:04.025006: train_loss -0.5268
2026-08-31 17:06:04.037829: val_loss -0.5697
2026-08-31 17:06:04.039215: Pseudo dice [np.float32(0.133)]
2026-08-31 17:06:04.040446: Epoch time: 107.27 s
2026-08-31 17:06:05.554616: 
2026-08-31 17:06:05.570264: Epoch 451
2026-08-31 17:06:05.572653: Current learning rate: 0.00583
2026-08-31 17:07:51.670267: train_loss -0.5352
2026-08-31 17:07:51.675341: val_loss -0.5085
2026-08-31 17:07:51.678273: Pseudo dice [np.float32(0.0701)]
2026-08-31 17:07:51.680018: Epoch time: 106.12 s
2026-08-31 17:07:52.760562: 
2026-08-31 17:07:52.762092: Epoch 452
2026-08-31 17:07:52.763247: Current learning rate: 0.00582
2026-08-31 17:09:40.396609: train_loss -0.5271
2026-08-31 17:09:40.402761: val_loss -0.536
2026-08-31 17:09:40.434862: Pseudo dice [np.float32(0.0865)]
2026-08-31 17:09:40.436166: Epoch time: 107.63 s
2026-08-31 17:09:41.732551: 
2026-08-31 17:09:41.734039: Epoch 453
2026-08-31 17:09:41.735162: Current learning rate: 0.00581
2026-08-31 17:11:28.474890: train_loss -0.535
2026-08-31 17:11:28.484207: val_loss -0.5478
2026-08-31 17:11:28.492635: Pseudo dice [np.float32(0.0597)]
2026-08-31 17:11:28.494473: Epoch time: 106.74 s
2026-08-31 17:11:29.894252: 
2026-08-31 17:11:29.895799: Epoch 454
2026-08-31 17:11:29.896812: Current learning rate: 0.0058
2026-08-31 17:13:20.414184: train_loss -0.5356
2026-08-31 17:13:20.416182: val_loss -0.5703
2026-08-31 17:13:20.417646: Pseudo dice [np.float32(0.1406)]
2026-08-31 17:13:20.419121: Epoch time: 110.52 s
2026-08-31 17:13:21.827980: 
2026-08-31 17:13:21.829798: Epoch 455
2026-08-31 17:13:21.830726: Current learning rate: 0.00579
2026-08-31 17:15:35.890188: train_loss -0.5412
2026-08-31 17:15:35.891784: val_loss -0.5302
2026-08-31 17:15:35.892895: Pseudo dice [np.float32(0.0503)]
2026-08-31 17:15:35.894007: Epoch time: 134.06 s
2026-08-31 17:15:36.741152: 
2026-08-31 17:15:36.742658: Epoch 456
2026-08-31 17:15:36.743798: Current learning rate: 0.00578
2026-08-31 17:18:04.387003: train_loss -0.5583
2026-08-31 17:18:04.388764: val_loss -0.557
2026-08-31 17:18:04.390133: Pseudo dice [np.float32(0.1565)]
2026-08-31 17:18:04.391010: Epoch time: 147.65 s
2026-08-31 17:18:05.277591: 
2026-08-31 17:18:05.279247: Epoch 457
2026-08-31 17:18:05.280322: Current learning rate: 0.00577
2026-08-31 17:19:49.398726: train_loss -0.5581
2026-08-31 17:19:49.399873: val_loss -0.5388
2026-08-31 17:19:49.400948: Pseudo dice [np.float32(0.1665)]
2026-08-31 17:19:49.401901: Epoch time: 104.12 s
2026-08-31 17:19:50.256523: 
2026-08-31 17:19:50.258290: Epoch 458
2026-08-31 17:19:50.259316: Current learning rate: 0.00576
2026-08-31 17:22:05.874979: train_loss -0.5364
2026-08-31 17:22:05.877147: val_loss -0.5741
2026-08-31 17:22:05.878294: Pseudo dice [np.float32(0.0926)]
2026-08-31 17:22:05.879394: Epoch time: 135.62 s
2026-08-31 17:22:06.741520: 
2026-08-31 17:22:06.742909: Epoch 459
2026-08-31 17:22:06.743859: Current learning rate: 0.00575
2026-08-31 17:23:50.905124: train_loss -0.5382
2026-08-31 17:23:50.907202: val_loss -0.5173
2026-08-31 17:23:50.908923: Pseudo dice [np.float32(0.0268)]
2026-08-31 17:23:50.910330: Epoch time: 104.17 s
2026-08-31 17:23:53.067032: 
2026-08-31 17:23:53.072951: Epoch 460
2026-08-31 17:23:53.074262: Current learning rate: 0.00574
2026-08-31 17:25:49.702424: train_loss -0.5531
2026-08-31 17:25:49.704211: val_loss -0.4926
2026-08-31 17:25:49.708064: Pseudo dice [np.float32(0.1615)]
2026-08-31 17:25:49.709265: Epoch time: 116.64 s
2026-08-31 17:25:51.455617: 
2026-08-31 17:25:51.463005: Epoch 461
2026-08-31 17:25:51.464245: Current learning rate: 0.00573
2026-08-31 17:27:38.174139: train_loss -0.5408
2026-08-31 17:27:38.185450: val_loss -0.541
2026-08-31 17:27:38.192173: Pseudo dice [np.float32(0.1064)]
2026-08-31 17:27:38.193616: Epoch time: 106.72 s
2026-08-31 17:27:39.486776: 
2026-08-31 17:27:39.488235: Epoch 462
2026-08-31 17:27:39.489220: Current learning rate: 0.00572
2026-08-31 17:29:33.692906: train_loss -0.527
2026-08-31 17:29:33.696964: val_loss -0.5453
2026-08-31 17:29:33.698560: Pseudo dice [np.float32(0.0857)]
2026-08-31 17:29:33.703091: Epoch time: 114.21 s
2026-08-31 17:29:35.349558: 
2026-08-31 17:29:35.351178: Epoch 463
2026-08-31 17:29:35.352254: Current learning rate: 0.00571
2026-08-31 17:31:20.710002: train_loss -0.5279
2026-08-31 17:31:20.713628: val_loss -0.529
2026-08-31 17:31:20.715052: Pseudo dice [np.float32(0.0843)]
2026-08-31 17:31:20.716394: Epoch time: 105.36 s
2026-08-31 17:31:21.924424: 
2026-08-31 17:31:21.926281: Epoch 464
2026-08-31 17:31:21.927393: Current learning rate: 0.0057
2026-08-31 17:33:08.939222: train_loss -0.5214
2026-08-31 17:33:08.943657: val_loss -0.5092
2026-08-31 17:33:08.947817: Pseudo dice [np.float32(0.1845)]
2026-08-31 17:33:08.949445: Epoch time: 107.02 s
2026-08-31 17:33:10.156115: 
2026-08-31 17:33:10.157423: Epoch 465
2026-08-31 17:33:10.158478: Current learning rate: 0.0057
2026-08-31 17:34:57.676769: train_loss -0.5371
2026-08-31 17:34:57.680327: val_loss -0.5421
2026-08-31 17:34:57.681851: Pseudo dice [np.float32(0.0256)]
2026-08-31 17:34:57.683014: Epoch time: 107.52 s
2026-08-31 17:34:59.002588: 
2026-08-31 17:34:59.004262: Epoch 466
2026-08-31 17:34:59.005412: Current learning rate: 0.00569
2026-08-31 17:36:51.515984: train_loss -0.5444
2026-08-31 17:36:51.518160: val_loss -0.5415
2026-08-31 17:36:51.519814: Pseudo dice [np.float32(0.0741)]
2026-08-31 17:36:51.521262: Epoch time: 112.52 s
2026-08-31 17:36:52.535029: 
2026-08-31 17:36:52.536688: Epoch 467
2026-08-31 17:36:52.537634: Current learning rate: 0.00568
2026-08-31 17:39:05.196627: train_loss -0.55
2026-08-31 17:39:05.197974: val_loss -0.5032
2026-08-31 17:39:05.199162: Pseudo dice [np.float32(0.083)]
2026-08-31 17:39:05.200156: Epoch time: 132.66 s
2026-08-31 17:39:06.047063: 
2026-08-31 17:39:06.048403: Epoch 468
2026-08-31 17:39:06.049287: Current learning rate: 0.00567
2026-08-31 17:40:51.431634: train_loss -0.5195
2026-08-31 17:40:51.435515: val_loss -0.5565
2026-08-31 17:40:51.437202: Pseudo dice [np.float32(0.2054)]
2026-08-31 17:40:51.438727: Epoch time: 105.39 s
2026-08-31 17:40:53.260037: 
2026-08-31 17:40:53.267315: Epoch 469
2026-08-31 17:40:53.268545: Current learning rate: 0.00566
2026-08-31 17:42:36.332099: train_loss -0.5515
2026-08-31 17:42:36.337535: val_loss -0.508
2026-08-31 17:42:36.340771: Pseudo dice [np.float32(0.04)]
2026-08-31 17:42:36.341949: Epoch time: 103.08 s
2026-08-31 17:42:38.183233: 
2026-08-31 17:42:38.184830: Epoch 470
2026-08-31 17:42:38.185874: Current learning rate: 0.00565
2026-08-31 17:44:25.788775: train_loss -0.5252
2026-08-31 17:44:25.798314: val_loss -0.5286
2026-08-31 17:44:25.799846: Pseudo dice [np.float32(0.1243)]
2026-08-31 17:44:25.801148: Epoch time: 107.61 s
2026-08-31 17:44:27.377285: 
2026-08-31 17:44:27.379137: Epoch 471
2026-08-31 17:44:27.380394: Current learning rate: 0.00564
2026-08-31 17:46:10.925428: train_loss -0.5511
2026-08-31 17:46:10.931963: val_loss -0.5226
2026-08-31 17:46:10.933530: Pseudo dice [np.float32(0.2017)]
2026-08-31 17:46:10.934654: Epoch time: 103.55 s
2026-08-31 17:46:12.229948: 
2026-08-31 17:46:12.231486: Epoch 472
2026-08-31 17:46:12.232685: Current learning rate: 0.00563
2026-08-31 17:47:59.407358: train_loss -0.5337
2026-08-31 17:47:59.415524: val_loss -0.5214
2026-08-31 17:47:59.417043: Pseudo dice [np.float32(0.0597)]
2026-08-31 17:47:59.418432: Epoch time: 107.18 s
2026-08-31 17:48:00.564495: 
2026-08-31 17:48:00.565988: Epoch 473
2026-08-31 17:48:00.567160: Current learning rate: 0.00562
2026-08-31 17:49:50.751641: train_loss -0.5271
2026-08-31 17:49:50.754098: val_loss -0.5584
2026-08-31 17:49:50.755231: Pseudo dice [np.float32(0.1112)]
2026-08-31 17:49:50.760880: Epoch time: 110.19 s
2026-08-31 17:49:52.231446: 
2026-08-31 17:49:52.233798: Epoch 474
2026-08-31 17:49:52.235100: Current learning rate: 0.00561
2026-08-31 17:51:40.773194: train_loss -0.5605
2026-08-31 17:51:40.774812: val_loss -0.5486
2026-08-31 17:51:40.781557: Pseudo dice [np.float32(0.0967)]
2026-08-31 17:51:40.782805: Epoch time: 108.54 s
2026-08-31 17:51:41.905962: 
2026-08-31 17:51:41.907323: Epoch 475
2026-08-31 17:51:41.908433: Current learning rate: 0.0056
2026-08-31 17:53:33.675833: train_loss -0.549
2026-08-31 17:53:33.677080: val_loss -0.5374
2026-08-31 17:53:33.678446: Pseudo dice [np.float32(0.2105)]
2026-08-31 17:53:33.689498: Epoch time: 111.76 s
2026-08-31 17:53:35.057069: 
2026-08-31 17:53:35.058461: Epoch 476
2026-08-31 17:53:35.059491: Current learning rate: 0.00559
2026-08-31 17:55:30.558395: train_loss -0.5469
2026-08-31 17:55:30.564955: val_loss -0.5555
2026-08-31 17:55:30.566830: Pseudo dice [np.float32(0.1056)]
2026-08-31 17:55:30.568261: Epoch time: 115.5 s
2026-08-31 17:55:31.804802: 
2026-08-31 17:55:31.806233: Epoch 477
2026-08-31 17:55:31.807239: Current learning rate: 0.00558
2026-08-31 17:57:13.204159: train_loss -0.549
2026-08-31 17:57:13.219344: val_loss -0.5837
2026-08-31 17:57:13.220577: Pseudo dice [np.float32(0.2301)]
2026-08-31 17:57:13.221672: Epoch time: 101.4 s
2026-08-31 17:57:13.222941: Yayy! New best EMA pseudo Dice: 0.12880000472068787
2026-08-31 17:57:15.810381: 
2026-08-31 17:57:15.811923: Epoch 478
2026-08-31 17:57:15.812947: Current learning rate: 0.00557
2026-08-31 17:58:58.925507: train_loss -0.5288
2026-08-31 17:58:58.934412: val_loss -0.5195
2026-08-31 17:58:58.936212: Pseudo dice [np.float32(0.1316)]
2026-08-31 17:58:58.939339: Epoch time: 103.12 s
2026-08-31 17:58:58.940743: Yayy! New best EMA pseudo Dice: 0.1289999932050705
2026-08-31 17:59:02.039958: 
2026-08-31 17:59:02.041432: Epoch 479
2026-08-31 17:59:02.042470: Current learning rate: 0.00556
2026-08-31 18:00:47.646390: train_loss -0.5373
2026-08-31 18:00:47.651957: val_loss -0.5528
2026-08-31 18:00:47.655510: Pseudo dice [np.float32(0.1475)]
2026-08-31 18:00:47.656680: Epoch time: 105.61 s
2026-08-31 18:00:47.657754: Yayy! New best EMA pseudo Dice: 0.13089999556541443
2026-08-31 18:00:51.704311: 
2026-08-31 18:00:51.705620: Epoch 480
2026-08-31 18:00:51.706643: Current learning rate: 0.00555
2026-08-31 18:02:34.289357: train_loss -0.5332
2026-08-31 18:02:34.290674: val_loss -0.5565
2026-08-31 18:02:34.291815: Pseudo dice [np.float32(0.0688)]
2026-08-31 18:02:34.292921: Epoch time: 102.59 s
2026-08-31 18:02:35.156651: 
2026-08-31 18:02:35.157951: Epoch 481
2026-08-31 18:02:35.158938: Current learning rate: 0.00554
2026-08-31 18:04:22.899405: train_loss -0.535
2026-08-31 18:04:22.901354: val_loss -0.5305
2026-08-31 18:04:22.902859: Pseudo dice [np.float32(0.1158)]
2026-08-31 18:04:22.904151: Epoch time: 107.75 s
2026-08-31 18:04:24.671609: 
2026-08-31 18:04:24.673885: Epoch 482
2026-08-31 18:04:24.675026: Current learning rate: 0.00553
2026-08-31 18:06:06.463646: train_loss -0.5246
2026-08-31 18:06:06.467288: val_loss -0.5704
2026-08-31 18:06:06.474305: Pseudo dice [np.float32(0.1536)]
2026-08-31 18:06:06.475456: Epoch time: 101.8 s
2026-08-31 18:06:07.351171: 
2026-08-31 18:06:07.352693: Epoch 483
2026-08-31 18:06:07.353757: Current learning rate: 0.00552
2026-08-31 18:07:50.371088: train_loss -0.5354
2026-08-31 18:07:50.372350: val_loss -0.5461
2026-08-31 18:07:50.377131: Pseudo dice [np.float32(0.1018)]
2026-08-31 18:07:50.378452: Epoch time: 103.02 s
2026-08-31 18:07:51.560414: 
2026-08-31 18:07:51.562188: Epoch 484
2026-08-31 18:07:51.563368: Current learning rate: 0.00551
2026-08-31 18:09:40.691312: train_loss -0.5408
2026-08-31 18:09:40.696758: val_loss -0.5504
2026-08-31 18:09:40.698397: Pseudo dice [np.float32(0.143)]
2026-08-31 18:09:40.699932: Epoch time: 109.13 s
2026-08-31 18:09:42.457002: 
2026-08-31 18:09:42.459080: Epoch 485
2026-08-31 18:09:42.460517: Current learning rate: 0.0055
2026-08-31 18:11:28.169955: train_loss -0.5305
2026-08-31 18:11:28.171680: val_loss -0.5339
2026-08-31 18:11:28.173255: Pseudo dice [np.float32(0.061)]
2026-08-31 18:11:28.174701: Epoch time: 105.72 s
2026-08-31 18:11:29.654214: 
2026-08-31 18:11:29.655643: Epoch 486
2026-08-31 18:11:29.656941: Current learning rate: 0.00549
2026-08-31 18:13:17.765246: train_loss -0.5368
2026-08-31 18:13:17.769779: val_loss -0.5154
2026-08-31 18:13:17.771547: Pseudo dice [np.float32(0.1188)]
2026-08-31 18:13:17.773058: Epoch time: 108.11 s
2026-08-31 18:13:19.033413: 
2026-08-31 18:13:19.034905: Epoch 487
2026-08-31 18:13:19.035883: Current learning rate: 0.00548
2026-08-31 18:15:06.419623: train_loss -0.5431
2026-08-31 18:15:06.423456: val_loss -0.5714
2026-08-31 18:15:06.425177: Pseudo dice [np.float32(0.1886)]
2026-08-31 18:15:06.430381: Epoch time: 107.39 s
2026-08-31 18:15:07.756654: 
2026-08-31 18:15:07.758355: Epoch 488
2026-08-31 18:15:07.759413: Current learning rate: 0.00547
2026-08-31 18:16:52.917234: train_loss -0.539
2026-08-31 18:16:52.918428: val_loss -0.5172
2026-08-31 18:16:52.919744: Pseudo dice [np.float32(0.0599)]
2026-08-31 18:16:52.921049: Epoch time: 105.16 s
2026-08-31 18:16:53.887162: 
2026-08-31 18:16:53.889723: Epoch 489
2026-08-31 18:16:53.890920: Current learning rate: 0.00546
2026-08-31 18:18:38.095027: train_loss -0.521
2026-08-31 18:18:38.105333: val_loss -0.5065
2026-08-31 18:18:38.106372: Pseudo dice [np.float32(0.0437)]
2026-08-31 18:18:38.107340: Epoch time: 104.21 s
2026-08-31 18:18:40.110218: 
2026-08-31 18:18:40.111933: Epoch 490
2026-08-31 18:18:40.113098: Current learning rate: 0.00546
2026-08-31 18:21:10.385031: train_loss -0.5109
2026-08-31 18:21:10.386780: val_loss -0.4781
2026-08-31 18:21:10.388442: Pseudo dice [np.float32(0.0466)]
2026-08-31 18:21:10.389684: Epoch time: 150.28 s
2026-08-31 18:21:11.317244: 
2026-08-31 18:21:11.319216: Epoch 491
2026-08-31 18:21:11.320238: Current learning rate: 0.00545
2026-08-31 18:22:54.066624: train_loss -0.5322
2026-08-31 18:22:54.068120: val_loss -0.5156
2026-08-31 18:22:54.069397: Pseudo dice [np.float32(0.044)]
2026-08-31 18:22:54.073559: Epoch time: 102.75 s
2026-08-31 18:22:54.948908: 
2026-08-31 18:22:54.951084: Epoch 492
2026-08-31 18:22:54.953344: Current learning rate: 0.00544
2026-08-31 18:24:42.914921: train_loss -0.5384
2026-08-31 18:24:42.916939: val_loss -0.5253
2026-08-31 18:24:42.919017: Pseudo dice [np.float32(0.0783)]
2026-08-31 18:24:42.920570: Epoch time: 107.96 s
2026-08-31 18:24:45.114802: 
2026-08-31 18:24:45.121579: Epoch 493
2026-08-31 18:24:45.122846: Current learning rate: 0.00543
2026-08-31 18:26:28.621956: train_loss -0.5475
2026-08-31 18:26:28.623599: val_loss -0.6018
2026-08-31 18:26:28.625320: Pseudo dice [np.float32(0.1169)]
2026-08-31 18:26:28.627202: Epoch time: 103.51 s
2026-08-31 18:26:29.533478: 
2026-08-31 18:26:29.534990: Epoch 494
2026-08-31 18:26:29.535959: Current learning rate: 0.00542
2026-08-31 18:28:13.601781: train_loss -0.5446
2026-08-31 18:28:13.608921: val_loss -0.5291
2026-08-31 18:28:13.610475: Pseudo dice [np.float32(0.0614)]
2026-08-31 18:28:13.611642: Epoch time: 104.07 s
2026-08-31 18:28:14.496085: 
2026-08-31 18:28:14.498331: Epoch 495
2026-08-31 18:28:14.500433: Current learning rate: 0.00541
2026-08-31 18:30:05.818568: train_loss -0.5359
2026-08-31 18:30:05.820010: val_loss -0.5244
2026-08-31 18:30:05.821300: Pseudo dice [np.float32(0.2423)]
2026-08-31 18:30:05.822418: Epoch time: 111.32 s
2026-08-31 18:30:06.762445: 
2026-08-31 18:30:06.763927: Epoch 496
2026-08-31 18:30:06.764933: Current learning rate: 0.0054
2026-08-31 18:31:49.933759: train_loss -0.5534
2026-08-31 18:31:49.938229: val_loss -0.5003
2026-08-31 18:31:49.939797: Pseudo dice [np.float32(0.1339)]
2026-08-31 18:31:49.983563: Epoch time: 103.17 s
2026-08-31 18:31:51.169866: 
2026-08-31 18:31:51.171722: Epoch 497
2026-08-31 18:31:51.172910: Current learning rate: 0.00539
2026-08-31 18:33:35.463627: train_loss -0.5298
2026-08-31 18:33:35.473702: val_loss -0.502
2026-08-31 18:33:35.475705: Pseudo dice [np.float32(0.0987)]
2026-08-31 18:33:35.477358: Epoch time: 104.29 s
2026-08-31 18:33:37.103985: 
2026-08-31 18:33:37.105739: Epoch 498
2026-08-31 18:33:37.106995: Current learning rate: 0.00538
2026-08-31 18:35:26.165993: train_loss -0.5401
2026-08-31 18:35:26.167928: val_loss -0.5525
2026-08-31 18:35:26.169398: Pseudo dice [np.float32(0.1062)]
2026-08-31 18:35:26.170622: Epoch time: 109.06 s
2026-08-31 18:35:27.505876: 
2026-08-31 18:35:27.507782: Epoch 499
2026-08-31 18:35:27.508902: Current learning rate: 0.00537
2026-08-31 18:37:36.709792: train_loss -0.5178
2026-08-31 18:37:36.711419: val_loss -0.5645
2026-08-31 18:37:36.712651: Pseudo dice [np.float32(0.1907)]
2026-08-31 18:37:36.713642: Epoch time: 129.21 s
2026-08-31 18:37:39.219663: 
2026-08-31 18:37:39.221267: Epoch 500
2026-08-31 18:37:39.222487: Current learning rate: 0.00536
2026-08-31 18:39:29.017552: train_loss -0.5397
2026-08-31 18:39:29.019237: val_loss -0.5504
2026-08-31 18:39:29.020706: Pseudo dice [np.float32(0.048)]
2026-08-31 18:39:29.022058: Epoch time: 109.8 s
2026-08-31 18:39:30.015672: 
2026-08-31 18:39:30.017121: Epoch 501
2026-08-31 18:39:30.018177: Current learning rate: 0.00535
2026-08-31 18:41:13.430604: train_loss -0.5225
2026-08-31 18:41:13.437422: val_loss -0.5361
2026-08-31 18:41:13.448083: Pseudo dice [np.float32(0.1671)]
2026-08-31 18:41:13.450089: Epoch time: 103.42 s
2026-08-31 18:41:14.623067: 
2026-08-31 18:41:14.624587: Epoch 502
2026-08-31 18:41:14.625594: Current learning rate: 0.00534
2026-08-31 18:43:00.627869: train_loss -0.5616
2026-08-31 18:43:00.633417: val_loss -0.5459
2026-08-31 18:43:00.638234: Pseudo dice [np.float32(0.1188)]
2026-08-31 18:43:00.639889: Epoch time: 106.01 s
2026-08-31 18:43:02.382136: 
2026-08-31 18:43:02.384833: Epoch 503
2026-08-31 18:43:02.386381: Current learning rate: 0.00533
2026-08-31 18:44:44.902339: train_loss -0.5684
2026-08-31 18:44:44.911322: val_loss -0.5211
2026-08-31 18:44:44.912669: Pseudo dice [np.float32(0.15)]
2026-08-31 18:44:44.914463: Epoch time: 102.52 s
2026-08-31 18:44:46.011702: 
2026-08-31 18:44:46.013682: Epoch 504
2026-08-31 18:44:46.014680: Current learning rate: 0.00532
2026-08-31 18:46:31.305365: train_loss -0.5492
2026-08-31 18:46:31.319091: val_loss -0.5513
2026-08-31 18:46:31.320366: Pseudo dice [np.float32(0.1579)]
2026-08-31 18:46:31.321762: Epoch time: 105.3 s
2026-08-31 18:46:33.020943: 
2026-08-31 18:46:33.023173: Epoch 505
2026-08-31 18:46:33.024671: Current learning rate: 0.00531
2026-08-31 18:48:17.428826: train_loss -0.544
2026-08-31 18:48:17.433540: val_loss -0.5674
2026-08-31 18:48:17.435002: Pseudo dice [np.float32(0.099)]
2026-08-31 18:48:17.436052: Epoch time: 104.41 s
2026-08-31 18:48:18.677737: 
2026-08-31 18:48:18.679566: Epoch 506
2026-08-31 18:48:18.680656: Current learning rate: 0.0053
2026-08-31 18:50:05.226310: train_loss -0.5312
2026-08-31 18:50:05.230093: val_loss -0.526
2026-08-31 18:50:05.231660: Pseudo dice [np.float32(0.091)]
2026-08-31 18:50:05.232958: Epoch time: 106.55 s
2026-08-31 18:50:07.069805: 
2026-08-31 18:50:07.071447: Epoch 507
2026-08-31 18:50:07.072420: Current learning rate: 0.00529
2026-08-31 18:51:51.689854: train_loss -0.5515
2026-08-31 18:51:51.692045: val_loss -0.5584
2026-08-31 18:51:51.693933: Pseudo dice [np.float32(0.201)]
2026-08-31 18:51:51.695249: Epoch time: 104.62 s
2026-08-31 18:51:52.853330: 
2026-08-31 18:51:52.854928: Epoch 508
2026-08-31 18:51:52.856117: Current learning rate: 0.00528
2026-08-31 18:53:35.735370: train_loss -0.5403
2026-08-31 18:53:35.738993: val_loss -0.576
2026-08-31 18:53:35.742701: Pseudo dice [np.float32(0.1912)]
2026-08-31 18:53:35.744618: Epoch time: 102.88 s
2026-08-31 18:53:35.746058: Yayy! New best EMA pseudo Dice: 0.13339999318122864
2026-08-31 18:53:38.449345: 
2026-08-31 18:53:38.450864: Epoch 509
2026-08-31 18:53:38.451900: Current learning rate: 0.00527
2026-08-31 18:55:23.736471: train_loss -0.5419
2026-08-31 18:55:23.743369: val_loss -0.5513
2026-08-31 18:55:23.745283: Pseudo dice [np.float32(0.0987)]
2026-08-31 18:55:23.746655: Epoch time: 105.29 s
2026-08-31 18:55:26.298674: 
2026-08-31 18:55:26.300474: Epoch 510
2026-08-31 18:55:26.301465: Current learning rate: 0.00526
2026-08-31 18:57:18.909839: train_loss -0.5517
2026-08-31 18:57:18.917146: val_loss -0.5573
2026-08-31 18:57:18.918988: Pseudo dice [np.float32(0.0787)]
2026-08-31 18:57:18.920416: Epoch time: 112.61 s
2026-08-31 18:57:20.162001: 
2026-08-31 18:57:20.163853: Epoch 511
2026-08-31 18:57:20.164952: Current learning rate: 0.00525
2026-08-31 18:59:08.435640: train_loss -0.545
2026-08-31 18:59:08.437275: val_loss -0.5761
2026-08-31 18:59:08.438527: Pseudo dice [np.float32(0.1445)]
2026-08-31 18:59:08.439579: Epoch time: 108.27 s
2026-08-31 18:59:10.166198: 
2026-08-31 18:59:10.168057: Epoch 512
2026-08-31 18:59:10.169400: Current learning rate: 0.00524
2026-08-31 19:01:01.276512: train_loss -0.5387
2026-08-31 19:01:01.281004: val_loss -0.4939
2026-08-31 19:01:01.282516: Pseudo dice [np.float32(0.0998)]
2026-08-31 19:01:01.283795: Epoch time: 111.1 s
2026-08-31 19:01:02.511981: 
2026-08-31 19:01:02.513573: Epoch 513
2026-08-31 19:01:02.514695: Current learning rate: 0.00523
2026-08-31 19:02:45.508298: train_loss -0.5562
2026-08-31 19:02:45.514374: val_loss -0.5161
2026-08-31 19:02:45.521444: Pseudo dice [np.float32(0.0696)]
2026-08-31 19:02:45.523093: Epoch time: 103.0 s
2026-08-31 19:02:46.941614: 
2026-08-31 19:02:46.944163: Epoch 514
2026-08-31 19:02:46.946364: Current learning rate: 0.00522
2026-08-31 19:04:29.355927: train_loss -0.5492
2026-08-31 19:04:29.357590: val_loss -0.5542
2026-08-31 19:04:29.358977: Pseudo dice [np.float32(0.1273)]
2026-08-31 19:04:29.359974: Epoch time: 102.42 s
2026-08-31 19:04:30.257169: 
2026-08-31 19:04:30.258740: Epoch 515
2026-08-31 19:04:30.259891: Current learning rate: 0.00521
2026-08-31 19:06:15.606843: train_loss -0.5613
2026-08-31 19:06:15.608409: val_loss -0.5801
2026-08-31 19:06:15.610006: Pseudo dice [np.float32(0.1296)]
2026-08-31 19:06:15.611230: Epoch time: 105.35 s
2026-08-31 19:06:16.616940: 
2026-08-31 19:06:16.618244: Epoch 516
2026-08-31 19:06:16.619354: Current learning rate: 0.0052
2026-08-31 19:08:22.765859: train_loss -0.5414
2026-08-31 19:08:22.767205: val_loss -0.5398
2026-08-31 19:08:22.768793: Pseudo dice [np.float32(0.1605)]
2026-08-31 19:08:22.770002: Epoch time: 126.15 s
2026-08-31 19:08:23.711201: 
2026-08-31 19:08:23.712614: Epoch 517
2026-08-31 19:08:23.713656: Current learning rate: 0.00519
2026-08-31 19:10:07.939890: train_loss -0.5597
2026-08-31 19:10:07.941365: val_loss -0.5533
2026-08-31 19:10:07.942647: Pseudo dice [np.float32(0.1395)]
2026-08-31 19:10:07.943743: Epoch time: 104.23 s
2026-08-31 19:10:08.887041: 
2026-08-31 19:10:08.888777: Epoch 518
2026-08-31 19:10:08.889889: Current learning rate: 0.00518
2026-08-31 19:12:20.914647: train_loss -0.5462
2026-08-31 19:12:20.916569: val_loss -0.5363
2026-08-31 19:12:20.918022: Pseudo dice [np.float32(0.1612)]
2026-08-31 19:12:20.919089: Epoch time: 132.03 s
2026-08-31 19:12:21.797649: 
2026-08-31 19:12:21.799090: Epoch 519
2026-08-31 19:12:21.800147: Current learning rate: 0.00518
2026-08-31 19:14:27.288126: train_loss -0.5304
2026-08-31 19:14:27.289465: val_loss -0.5444
2026-08-31 19:14:27.290679: Pseudo dice [np.float32(0.0693)]
2026-08-31 19:14:27.291823: Epoch time: 125.49 s
2026-08-31 19:14:28.484083: 
2026-08-31 19:14:30.082683: Epoch 520
2026-08-31 19:14:30.084777: Current learning rate: 0.00517
2026-08-31 19:16:17.469501: train_loss -0.5232
2026-08-31 19:16:17.471083: val_loss -0.5272
2026-08-31 19:16:17.472534: Pseudo dice [np.float32(0.0379)]
2026-08-31 19:16:17.474064: Epoch time: 108.99 s
2026-08-31 19:16:18.355385: 
2026-08-31 19:16:18.356860: Epoch 521
2026-08-31 19:16:18.357868: Current learning rate: 0.00516
2026-08-31 19:18:06.165118: train_loss -0.5188
2026-08-31 19:18:06.169556: val_loss -0.5218
2026-08-31 19:18:06.177212: Pseudo dice [np.float32(0.0418)]
2026-08-31 19:18:06.192964: Epoch time: 107.81 s
2026-08-31 19:18:07.258206: 
2026-08-31 19:18:07.259921: Epoch 522
2026-08-31 19:18:07.261053: Current learning rate: 0.00515
2026-08-31 19:19:50.245201: train_loss -0.5327
2026-08-31 19:19:50.247351: val_loss -0.4778
2026-08-31 19:19:50.255119: Pseudo dice [np.float32(0.0716)]
2026-08-31 19:19:50.258178: Epoch time: 102.99 s
2026-08-31 19:19:51.375749: 
2026-08-31 19:19:51.377321: Epoch 523
2026-08-31 19:19:51.378461: Current learning rate: 0.00514
2026-08-31 19:21:40.445719: train_loss -0.5392
2026-08-31 19:21:40.450927: val_loss -0.4938
2026-08-31 19:21:40.465187: Pseudo dice [np.float32(0.0706)]
2026-08-31 19:21:40.467186: Epoch time: 109.07 s
2026-08-31 19:21:42.086679: 
2026-08-31 19:21:42.088970: Epoch 524
2026-08-31 19:21:42.090451: Current learning rate: 0.00513
2026-08-31 19:23:30.809268: train_loss -0.5278
2026-08-31 19:23:30.810714: val_loss -0.4905
2026-08-31 19:23:30.817140: Pseudo dice [np.float32(0.1385)]
2026-08-31 19:23:30.818327: Epoch time: 108.73 s
2026-08-31 19:23:31.932052: 
2026-08-31 19:23:31.933644: Epoch 525
2026-08-31 19:23:31.934772: Current learning rate: 0.00512
2026-08-31 19:25:16.031989: train_loss -0.5408
2026-08-31 19:25:16.047339: val_loss -0.567
2026-08-31 19:25:16.048671: Pseudo dice [np.float32(0.1556)]
2026-08-31 19:25:16.049987: Epoch time: 104.1 s
2026-08-31 19:25:17.091262: 
2026-08-31 19:25:17.092856: Epoch 526
2026-08-31 19:25:17.093971: Current learning rate: 0.00511
2026-08-31 19:27:01.953050: train_loss -0.5541
2026-08-31 19:27:01.960238: val_loss -0.4801
2026-08-31 19:27:01.975067: Pseudo dice [np.float32(0.0778)]
2026-08-31 19:27:01.976547: Epoch time: 104.86 s
2026-08-31 19:27:03.397679: 
2026-08-31 19:27:03.399598: Epoch 527
2026-08-31 19:27:03.400697: Current learning rate: 0.0051
2026-08-31 19:28:57.447955: train_loss -0.5542
2026-08-31 19:28:57.450010: val_loss -0.5664
2026-08-31 19:28:57.451571: Pseudo dice [np.float32(0.2344)]
2026-08-31 19:28:57.453216: Epoch time: 114.05 s
2026-08-31 19:28:58.934619: 
2026-08-31 19:28:58.936424: Epoch 528
2026-08-31 19:28:58.937460: Current learning rate: 0.00509
2026-08-31 19:30:47.267550: train_loss -0.553
2026-08-31 19:30:47.268879: val_loss -0.5314
2026-08-31 19:30:47.270313: Pseudo dice [np.float32(0.1221)]
2026-08-31 19:30:47.274550: Epoch time: 108.34 s
2026-08-31 19:30:48.538611: 
2026-08-31 19:30:48.540355: Epoch 529
2026-08-31 19:30:48.541764: Current learning rate: 0.00508
2026-08-31 19:32:31.054963: train_loss -0.5234
2026-08-31 19:32:31.059080: val_loss -0.5509
2026-08-31 19:32:31.062736: Pseudo dice [np.float32(0.1066)]
2026-08-31 19:32:31.064135: Epoch time: 102.52 s
2026-08-31 19:32:32.652615: 
2026-08-31 19:32:32.654304: Epoch 530
2026-08-31 19:32:32.655640: Current learning rate: 0.00507
2026-08-31 19:34:20.378001: train_loss -0.5495
2026-08-31 19:34:20.379939: val_loss -0.5605
2026-08-31 19:34:20.381136: Pseudo dice [np.float32(0.081)]
2026-08-31 19:34:20.382441: Epoch time: 107.73 s
2026-08-31 19:34:22.597375: 
2026-08-31 19:34:22.602195: Epoch 531
2026-08-31 19:34:22.603402: Current learning rate: 0.00506
2026-08-31 19:36:14.928032: train_loss -0.5342
2026-08-31 19:36:14.932294: val_loss -0.575
2026-08-31 19:36:14.934266: Pseudo dice [np.float32(0.0807)]
2026-08-31 19:36:14.935772: Epoch time: 112.33 s
2026-08-31 19:36:16.440259: 
2026-08-31 19:36:16.441995: Epoch 532
2026-08-31 19:36:16.443003: Current learning rate: 0.00505
2026-08-31 19:38:08.269904: train_loss -0.5303
2026-08-31 19:38:08.289800: val_loss -0.5128
2026-08-31 19:38:08.290986: Pseudo dice [np.float32(0.1448)]
2026-08-31 19:38:08.292077: Epoch time: 111.83 s
2026-08-31 19:38:10.072007: 
2026-08-31 19:38:10.083982: Epoch 533
2026-08-31 19:38:10.085070: Current learning rate: 0.00504
2026-08-31 19:40:06.005684: train_loss -0.5462
2026-08-31 19:40:06.009964: val_loss -0.488
2026-08-31 19:40:06.014452: Pseudo dice [np.float32(0.0611)]
2026-08-31 19:40:06.015643: Epoch time: 115.93 s
2026-08-31 19:40:07.945085: 
2026-08-31 19:40:07.951530: Epoch 534
2026-08-31 19:40:07.953056: Current learning rate: 0.00503
2026-08-31 19:41:54.335977: train_loss -0.5572
2026-08-31 19:41:54.341228: val_loss -0.5127
2026-08-31 19:41:54.344558: Pseudo dice [np.float32(0.0584)]
2026-08-31 19:41:54.345763: Epoch time: 106.39 s
2026-08-31 19:41:55.497644: 
2026-08-31 19:41:55.499218: Epoch 535
2026-08-31 19:41:55.500361: Current learning rate: 0.00502
2026-08-31 19:43:39.343266: train_loss -0.5596
2026-08-31 19:43:39.346411: val_loss -0.5763
2026-08-31 19:43:39.350665: Pseudo dice [np.float32(0.2596)]
2026-08-31 19:43:39.353280: Epoch time: 103.85 s
2026-08-31 19:43:40.704298: 
2026-08-31 19:43:40.705936: Epoch 536
2026-08-31 19:43:40.707347: Current learning rate: 0.00501
2026-08-31 19:45:31.335753: train_loss -0.5339
2026-08-31 19:45:31.339801: val_loss -0.5654
2026-08-31 19:45:31.341684: Pseudo dice [np.float32(0.0767)]
2026-08-31 19:45:31.342909: Epoch time: 110.63 s
2026-08-31 19:45:33.570305: 
2026-08-31 19:45:33.572653: Epoch 537
2026-08-31 19:45:33.573883: Current learning rate: 0.005
2026-08-31 19:47:17.718042: train_loss -0.5515
2026-08-31 19:47:17.725368: val_loss -0.5466
2026-08-31 19:47:17.733581: Pseudo dice [np.float32(0.1006)]
2026-08-31 19:47:17.737141: Epoch time: 104.15 s
2026-08-31 19:47:19.705618: 
2026-08-31 19:47:19.707319: Epoch 538
2026-08-31 19:47:19.708361: Current learning rate: 0.00499
2026-08-31 19:49:09.352974: train_loss -0.5502
2026-08-31 19:49:09.358566: val_loss -0.4512
2026-08-31 19:49:09.360022: Pseudo dice [np.float32(0.0616)]
2026-08-31 19:49:09.361310: Epoch time: 109.65 s
2026-08-31 19:49:10.729360: 
2026-08-31 19:49:10.730729: Epoch 539
2026-08-31 19:49:10.731853: Current learning rate: 0.00498
2026-08-31 19:50:54.727939: train_loss -0.5407
2026-08-31 19:50:54.729597: val_loss -0.567
2026-08-31 19:50:54.730952: Pseudo dice [np.float32(0.0539)]
2026-08-31 19:50:54.732435: Epoch time: 104.0 s
2026-08-31 19:50:56.388832: 
2026-08-31 19:50:56.390922: Epoch 540
2026-08-31 19:50:56.392354: Current learning rate: 0.00497
2026-08-31 19:52:42.902226: train_loss -0.5461
2026-08-31 19:52:42.903679: val_loss -0.5682
2026-08-31 19:52:42.904830: Pseudo dice [np.float32(0.3051)]
2026-08-31 19:52:42.909368: Epoch time: 106.52 s
2026-08-31 19:52:43.989338: 
2026-08-31 19:52:43.991174: Epoch 541
2026-08-31 19:52:43.992284: Current learning rate: 0.00496
2026-08-31 19:55:19.033307: train_loss -0.5567
2026-08-31 19:55:19.034982: val_loss -0.5446
2026-08-31 19:55:19.036043: Pseudo dice [np.float32(0.06)]
2026-08-31 19:55:19.036911: Epoch time: 155.05 s
2026-08-31 19:55:19.925572: 
2026-08-31 19:55:19.926978: Epoch 542
2026-08-31 19:55:19.928100: Current learning rate: 0.00495
2026-08-31 19:57:00.379085: train_loss -0.5391
2026-08-31 19:57:00.380759: val_loss -0.5536
2026-08-31 19:57:00.382044: Pseudo dice [np.float32(0.1214)]
2026-08-31 19:57:00.383346: Epoch time: 100.46 s
2026-08-31 19:57:01.291866: 
2026-08-31 19:57:01.293356: Epoch 543
2026-08-31 19:57:01.294389: Current learning rate: 0.00494
2026-08-31 19:58:54.142837: train_loss -0.5504
2026-08-31 19:58:54.144528: val_loss -0.4959
2026-08-31 19:58:54.145924: Pseudo dice [np.float32(0.2188)]
2026-08-31 19:58:54.147265: Epoch time: 112.85 s
2026-08-31 19:58:55.032242: 
2026-08-31 19:58:55.033784: Epoch 544
2026-08-31 19:58:55.034777: Current learning rate: 0.00493
2026-08-31 20:00:43.229156: train_loss -0.5471
2026-08-31 20:00:43.230862: val_loss -0.5257
2026-08-31 20:00:43.232293: Pseudo dice [np.float32(0.0547)]
2026-08-31 20:00:43.233615: Epoch time: 108.2 s
2026-08-31 20:00:44.306706: 
2026-08-31 20:00:44.308201: Epoch 545
2026-08-31 20:00:44.309185: Current learning rate: 0.00492
2026-08-31 20:02:32.625026: train_loss -0.5505
2026-08-31 20:02:32.628352: val_loss -0.5632
2026-08-31 20:02:32.629598: Pseudo dice [np.float32(0.1364)]
2026-08-31 20:02:32.630701: Epoch time: 108.32 s
2026-08-31 20:02:34.559656: 
2026-08-31 20:02:34.561671: Epoch 546
2026-08-31 20:02:34.562993: Current learning rate: 0.00491
2026-08-31 20:04:23.675671: train_loss -0.5455
2026-08-31 20:04:23.677318: val_loss -0.5217
2026-08-31 20:04:23.682283: Pseudo dice [np.float32(0.141)]
2026-08-31 20:04:23.688690: Epoch time: 109.12 s
2026-08-31 20:04:24.832004: 
2026-08-31 20:04:24.833667: Epoch 547
2026-08-31 20:04:24.834839: Current learning rate: 0.0049
2026-08-31 20:06:07.366155: train_loss -0.5419
2026-08-31 20:06:07.373187: val_loss -0.5449
2026-08-31 20:06:07.376441: Pseudo dice [np.float32(0.077)]
2026-08-31 20:06:07.377567: Epoch time: 102.54 s
2026-08-31 20:06:09.042680: 
2026-08-31 20:06:09.044163: Epoch 548
2026-08-31 20:06:09.045163: Current learning rate: 0.00489
2026-08-31 20:07:54.708574: train_loss -0.5734
2026-08-31 20:07:54.710971: val_loss -0.5412
2026-08-31 20:07:54.712064: Pseudo dice [np.float32(0.1036)]
2026-08-31 20:07:54.713145: Epoch time: 105.67 s
2026-08-31 20:07:56.705855: 
2026-08-31 20:07:56.707499: Epoch 549
2026-08-31 20:07:56.708441: Current learning rate: 0.00488
2026-08-31 20:09:40.550438: train_loss -0.5786
2026-08-31 20:09:40.551885: val_loss -0.5469
2026-08-31 20:09:40.553440: Pseudo dice [np.float32(0.0906)]
2026-08-31 20:09:40.558470: Epoch time: 103.85 s
2026-08-31 20:09:42.821420: 
2026-08-31 20:09:42.822734: Epoch 550
2026-08-31 20:09:42.823837: Current learning rate: 0.00487
2026-08-31 20:11:32.872131: train_loss -0.5435
2026-08-31 20:11:32.873552: val_loss -0.5815
2026-08-31 20:11:32.874823: Pseudo dice [np.float32(0.1309)]
2026-08-31 20:11:32.875974: Epoch time: 110.05 s
2026-08-31 20:11:34.363070: 
2026-08-31 20:11:34.364539: Epoch 551
2026-08-31 20:11:34.365532: Current learning rate: 0.00486
2026-08-31 20:13:20.731250: train_loss -0.5503
2026-08-31 20:13:20.763661: val_loss -0.5236
2026-08-31 20:13:20.765612: Pseudo dice [np.float32(0.0864)]
2026-08-31 20:13:20.767046: Epoch time: 106.37 s
2026-08-31 20:13:22.141221: 
2026-08-31 20:13:22.142664: Epoch 552
2026-08-31 20:13:22.143870: Current learning rate: 0.00485
2026-08-31 20:15:04.885933: train_loss -0.5626
2026-08-31 20:15:04.891284: val_loss -0.5178
2026-08-31 20:15:04.892817: Pseudo dice [np.float32(0.0513)]
2026-08-31 20:15:04.894068: Epoch time: 102.75 s
2026-08-31 20:15:06.992095: 
2026-08-31 20:15:06.998177: Epoch 553
2026-08-31 20:15:06.999563: Current learning rate: 0.00484
2026-08-31 20:16:54.574652: train_loss -0.5225
2026-08-31 20:16:54.589440: val_loss -0.5019
2026-08-31 20:16:54.590816: Pseudo dice [np.float32(0.0507)]
2026-08-31 20:16:54.591997: Epoch time: 107.59 s
2026-08-31 20:16:55.639398: 
2026-08-31 20:16:55.641129: Epoch 554
2026-08-31 20:16:55.642403: Current learning rate: 0.00484
2026-08-31 20:18:39.873745: train_loss -0.5408
2026-08-31 20:18:39.875528: val_loss -0.5627
2026-08-31 20:18:39.877097: Pseudo dice [np.float32(0.1707)]
2026-08-31 20:18:39.878427: Epoch time: 104.24 s
2026-08-31 20:18:41.024294: 
2026-08-31 20:18:41.025755: Epoch 555
2026-08-31 20:18:41.026857: Current learning rate: 0.00483
2026-08-31 20:20:25.225738: train_loss -0.5572
2026-08-31 20:20:25.232708: val_loss -0.5375
2026-08-31 20:20:25.234392: Pseudo dice [np.float32(0.1638)]
2026-08-31 20:20:25.235946: Epoch time: 104.2 s
2026-08-31 20:20:26.496057: 
2026-08-31 20:20:26.497712: Epoch 556
2026-08-31 20:20:26.498948: Current learning rate: 0.00482
2026-08-31 20:22:10.141616: train_loss -0.5551
2026-08-31 20:22:10.178990: val_loss -0.5645
2026-08-31 20:22:10.180829: Pseudo dice [np.float32(0.1598)]
2026-08-31 20:22:10.182042: Epoch time: 103.65 s
2026-08-31 20:22:11.747937: 
2026-08-31 20:22:11.749789: Epoch 557
2026-08-31 20:22:11.750898: Current learning rate: 0.00481
2026-08-31 20:23:57.112993: train_loss -0.5469
2026-08-31 20:23:57.119093: val_loss -0.5542
2026-08-31 20:23:57.122226: Pseudo dice [np.float32(0.2097)]
2026-08-31 20:23:57.123317: Epoch time: 105.37 s
2026-08-31 20:23:58.474416: 
2026-08-31 20:23:58.475807: Epoch 558
2026-08-31 20:23:58.476809: Current learning rate: 0.0048
2026-08-31 20:25:40.748483: train_loss -0.5476
2026-08-31 20:25:40.754218: val_loss -0.5398
2026-08-31 20:25:40.756105: Pseudo dice [np.float32(0.1244)]
2026-08-31 20:25:40.757714: Epoch time: 102.28 s
2026-08-31 20:25:42.718107: 
2026-08-31 20:25:42.720090: Epoch 559
2026-08-31 20:25:42.721332: Current learning rate: 0.00479
2026-08-31 20:27:35.282085: train_loss -0.5285
2026-08-31 20:27:35.283511: val_loss -0.5887
2026-08-31 20:27:35.284618: Pseudo dice [np.float32(0.2169)]
2026-08-31 20:27:35.285717: Epoch time: 112.57 s
2026-08-31 20:27:35.286756: Yayy! New best EMA pseudo Dice: 0.1363999992609024
2026-08-31 20:27:39.082107: 
2026-08-31 20:27:39.083804: Epoch 560
2026-08-31 20:27:39.085152: Current learning rate: 0.00478
2026-08-31 20:30:16.905621: train_loss -0.5689
2026-08-31 20:30:16.907151: val_loss -0.5756
2026-08-31 20:30:16.908635: Pseudo dice [np.float32(0.1108)]
2026-08-31 20:30:16.909754: Epoch time: 157.83 s
2026-08-31 20:30:17.802679: 
2026-08-31 20:30:17.803980: Epoch 561
2026-08-31 20:30:17.805107: Current learning rate: 0.00477
2026-08-31 20:32:02.319435: train_loss -0.5336
2026-08-31 20:32:02.323465: val_loss -0.5795
2026-08-31 20:32:02.327142: Pseudo dice [np.float32(0.0744)]
2026-08-31 20:32:02.328598: Epoch time: 104.52 s
2026-08-31 20:32:03.733004: 
2026-08-31 20:32:03.734938: Epoch 562
2026-08-31 20:32:03.736331: Current learning rate: 0.00476
2026-08-31 20:33:48.076267: train_loss -0.557
2026-08-31 20:33:48.077624: val_loss -0.5936
2026-08-31 20:33:48.078713: Pseudo dice [np.float32(0.1292)]
2026-08-31 20:33:48.079756: Epoch time: 104.35 s
2026-08-31 20:33:49.249918: 
2026-08-31 20:33:49.254175: Epoch 563
2026-08-31 20:33:49.255163: Current learning rate: 0.00475
2026-08-31 20:35:34.799018: train_loss -0.5645
2026-08-31 20:35:34.803049: val_loss -0.5472
2026-08-31 20:35:34.804984: Pseudo dice [np.float32(0.2302)]
2026-08-31 20:35:34.806560: Epoch time: 105.55 s
2026-08-31 20:35:34.808161: Yayy! New best EMA pseudo Dice: 0.13819999992847443
2026-08-31 20:35:38.427820: 
2026-08-31 20:35:38.429248: Epoch 564
2026-08-31 20:35:38.430310: Current learning rate: 0.00474
2026-08-31 20:37:25.255481: train_loss -0.5628
2026-08-31 20:37:25.261022: val_loss -0.5848
2026-08-31 20:37:25.264713: Pseudo dice [np.float32(0.0716)]
2026-08-31 20:37:25.266145: Epoch time: 106.83 s
2026-08-31 20:37:26.359629: 
2026-08-31 20:37:26.361207: Epoch 565
2026-08-31 20:37:26.362300: Current learning rate: 0.00473
2026-08-31 20:39:11.829010: train_loss -0.5512
2026-08-31 20:39:11.831634: val_loss -0.597
2026-08-31 20:39:11.839464: Pseudo dice [np.float32(0.1446)]
2026-08-31 20:39:11.840737: Epoch time: 105.47 s
2026-08-31 20:39:13.223999: 
2026-08-31 20:39:13.225634: Epoch 566
2026-08-31 20:39:13.226630: Current learning rate: 0.00472
2026-08-31 20:41:03.004849: train_loss -0.539
2026-08-31 20:41:03.022497: val_loss -0.5211
2026-08-31 20:41:03.024841: Pseudo dice [np.float32(0.0646)]
2026-08-31 20:41:03.027665: Epoch time: 109.78 s
2026-08-31 20:41:04.482401: 
2026-08-31 20:41:04.483841: Epoch 567
2026-08-31 20:41:04.484825: Current learning rate: 0.00471
2026-08-31 20:42:54.768927: train_loss -0.5512
2026-08-31 20:42:54.782506: val_loss -0.555
2026-08-31 20:42:54.784471: Pseudo dice [np.float32(0.0999)]
2026-08-31 20:42:54.795746: Epoch time: 110.29 s
2026-08-31 20:42:56.169265: 
2026-08-31 20:42:56.171088: Epoch 568
2026-08-31 20:42:56.172242: Current learning rate: 0.0047
2026-08-31 20:44:41.073722: train_loss -0.5609
2026-08-31 20:44:41.077629: val_loss -0.5948
2026-08-31 20:44:41.078878: Pseudo dice [np.float32(0.0925)]
2026-08-31 20:44:41.079928: Epoch time: 104.91 s
2026-08-31 20:44:42.715266: 
2026-08-31 20:44:42.716948: Epoch 569
2026-08-31 20:44:42.718143: Current learning rate: 0.00469
2026-08-31 20:46:25.857293: train_loss -0.5686
2026-08-31 20:46:25.860734: val_loss -0.5902
2026-08-31 20:46:25.862369: Pseudo dice [np.float32(0.2958)]
2026-08-31 20:46:25.863728: Epoch time: 103.14 s
2026-08-31 20:46:27.564259: 
2026-08-31 20:46:27.566083: Epoch 570
2026-08-31 20:46:27.567274: Current learning rate: 0.00468
2026-08-31 20:48:13.255986: train_loss -0.5412
2026-08-31 20:48:13.259896: val_loss -0.5219
2026-08-31 20:48:13.265277: Pseudo dice [np.float32(0.1713)]
2026-08-31 20:48:13.268545: Epoch time: 105.69 s
2026-08-31 20:48:13.269637: Yayy! New best EMA pseudo Dice: 0.1412000060081482
2026-08-31 20:48:16.307686: 
2026-08-31 20:48:16.309057: Epoch 571
2026-08-31 20:48:16.310099: Current learning rate: 0.00467
2026-08-31 20:50:00.425932: train_loss -0.5468
2026-08-31 20:50:00.439370: val_loss -0.5766
2026-08-31 20:50:00.442900: Pseudo dice [np.float32(0.0379)]
2026-08-31 20:50:00.444229: Epoch time: 104.12 s
2026-08-31 20:50:02.236806: 
2026-08-31 20:50:02.238611: Epoch 572
2026-08-31 20:50:02.239692: Current learning rate: 0.00466
2026-08-31 20:51:47.079054: train_loss -0.5687
2026-08-31 20:51:47.080879: val_loss -0.5624
2026-08-31 20:51:47.087026: Pseudo dice [np.float32(0.0856)]
2026-08-31 20:51:47.129565: Epoch time: 104.85 s
2026-08-31 20:51:48.200747: 
2026-08-31 20:51:48.202214: Epoch 573
2026-08-31 20:51:48.203299: Current learning rate: 0.00465
2026-08-31 20:53:35.710621: train_loss -0.5486
2026-08-31 20:53:35.737807: val_loss -0.556
2026-08-31 20:53:35.739582: Pseudo dice [np.float32(0.1317)]
2026-08-31 20:53:35.741222: Epoch time: 107.51 s
2026-08-31 20:53:38.241515: 
2026-08-31 20:53:38.243073: Epoch 574
2026-08-31 20:53:38.244387: Current learning rate: 0.00464
2026-08-31 20:55:29.763512: train_loss -0.5607
2026-08-31 20:55:29.765651: val_loss -0.5598
2026-08-31 20:55:29.767297: Pseudo dice [np.float32(0.0924)]
2026-08-31 20:55:29.770883: Epoch time: 111.52 s
2026-08-31 20:55:31.122226: 
2026-08-31 20:55:31.123515: Epoch 575
2026-08-31 20:55:31.124545: Current learning rate: 0.00463
2026-08-31 20:57:16.825403: train_loss -0.5571
2026-08-31 20:57:16.827271: val_loss -0.5761
2026-08-31 20:57:16.828580: Pseudo dice [np.float32(0.1491)]
2026-08-31 20:57:16.829649: Epoch time: 105.71 s
2026-08-31 20:57:18.130421: 
2026-08-31 20:57:18.131978: Epoch 576
2026-08-31 20:57:18.133238: Current learning rate: 0.00462
2026-08-31 20:59:08.155773: train_loss -0.5632
2026-08-31 20:59:08.158196: val_loss -0.5277
2026-08-31 20:59:08.159531: Pseudo dice [np.float32(0.2393)]
2026-08-31 20:59:08.160754: Epoch time: 110.03 s
2026-08-31 20:59:09.831889: 
2026-08-31 20:59:09.833648: Epoch 577
2026-08-31 20:59:09.834958: Current learning rate: 0.00461
2026-08-31 21:01:01.181303: train_loss -0.5325
2026-08-31 21:01:01.190279: val_loss -0.5566
2026-08-31 21:01:01.198790: Pseudo dice [np.float32(0.1384)]
2026-08-31 21:01:01.202116: Epoch time: 111.35 s
2026-08-31 21:01:02.594002: 
2026-08-31 21:01:02.595522: Epoch 578
2026-08-31 21:01:02.596528: Current learning rate: 0.0046
2026-08-31 21:02:49.377558: train_loss -0.5431
2026-08-31 21:02:50.177520: val_loss -0.5535
2026-08-31 21:02:50.767233: Pseudo dice [np.float32(0.1901)]
2026-08-31 21:02:50.768603: Epoch time: 106.79 s
2026-08-31 21:02:50.769575: Yayy! New best EMA pseudo Dice: 0.14270000159740448
2026-08-31 21:02:53.421023: 
2026-08-31 21:02:53.423003: Epoch 579
2026-08-31 21:02:53.424296: Current learning rate: 0.00459
2026-08-31 21:04:36.669072: train_loss -0.5652
2026-08-31 21:04:36.689047: val_loss -0.5656
2026-08-31 21:04:36.690756: Pseudo dice [np.float32(0.176)]
2026-08-31 21:04:36.692251: Epoch time: 103.25 s
2026-08-31 21:04:36.693712: Yayy! New best EMA pseudo Dice: 0.1459999978542328
2026-08-31 21:04:39.212565: 
2026-08-31 21:04:39.213966: Epoch 580
2026-08-31 21:04:39.215025: Current learning rate: 0.00458
2026-08-31 21:06:23.339748: train_loss -0.5424
2026-08-31 21:06:23.346666: val_loss -0.5538
2026-08-31 21:06:23.355139: Pseudo dice [np.float32(0.1908)]
2026-08-31 21:06:23.356792: Epoch time: 104.13 s
2026-08-31 21:06:23.357894: Yayy! New best EMA pseudo Dice: 0.15049999952316284
2026-08-31 21:06:26.423739: 
2026-08-31 21:06:26.425254: Epoch 581
2026-08-31 21:06:26.426403: Current learning rate: 0.00457
2026-08-31 21:08:13.508068: train_loss -0.5554
2026-08-31 21:08:13.518108: val_loss -0.5361
2026-08-31 21:08:13.521285: Pseudo dice [np.float32(0.0621)]
2026-08-31 21:08:13.522498: Epoch time: 107.09 s
2026-08-31 21:08:14.830772: 
2026-08-31 21:08:14.832142: Epoch 582
2026-08-31 21:08:14.833280: Current learning rate: 0.00456
2026-08-31 21:10:02.219143: train_loss -0.5407
2026-08-31 21:10:02.220646: val_loss -0.537
2026-08-31 21:10:02.222167: Pseudo dice [np.float32(0.1231)]
2026-08-31 21:10:02.223684: Epoch time: 107.39 s
2026-08-31 21:10:03.561371: 
2026-08-31 21:10:03.562712: Epoch 583
2026-08-31 21:10:03.563812: Current learning rate: 0.00455
2026-08-31 21:11:48.124540: train_loss -0.5486
2026-08-31 21:11:48.128584: val_loss -0.5748
2026-08-31 21:11:48.133893: Pseudo dice [np.float32(0.1652)]
2026-08-31 21:11:48.135326: Epoch time: 104.57 s
2026-08-31 21:11:49.405753: 
2026-08-31 21:11:49.407241: Epoch 584
2026-08-31 21:11:49.408277: Current learning rate: 0.00454
2026-08-31 21:13:34.778681: train_loss -0.5711
2026-08-31 21:13:34.780248: val_loss -0.5427
2026-08-31 21:13:34.781922: Pseudo dice [np.float32(0.1816)]
2026-08-31 21:13:34.783363: Epoch time: 105.38 s
2026-08-31 21:13:35.847852: 
2026-08-31 21:13:35.849549: Epoch 585
2026-08-31 21:13:35.850814: Current learning rate: 0.00453
2026-08-31 21:15:22.981363: train_loss -0.5617
2026-08-31 21:15:22.983032: val_loss -0.5422
2026-08-31 21:15:22.986067: Pseudo dice [np.float32(0.1628)]
2026-08-31 21:15:22.987311: Epoch time: 107.14 s
2026-08-31 21:15:24.312630: 
2026-08-31 21:15:24.314255: Epoch 586
2026-08-31 21:15:24.315320: Current learning rate: 0.00452
2026-08-31 21:17:11.131212: train_loss -0.5511
2026-08-31 21:17:11.132529: val_loss -0.5497
2026-08-31 21:17:11.133582: Pseudo dice [np.float32(0.0964)]
2026-08-31 21:17:11.134538: Epoch time: 106.82 s
2026-08-31 21:17:12.760626: 
2026-08-31 21:17:12.768289: Epoch 587
2026-08-31 21:17:12.769794: Current learning rate: 0.00451
2026-08-31 21:19:05.337445: train_loss -0.5505
2026-08-31 21:19:05.343399: val_loss -0.5962
2026-08-31 21:19:05.344515: Pseudo dice [np.float32(0.293)]
2026-08-31 21:19:05.345604: Epoch time: 112.58 s
2026-08-31 21:19:05.346514: Yayy! New best EMA pseudo Dice: 0.15780000388622284
2026-08-31 21:19:08.154187: 
2026-08-31 21:19:08.155587: Epoch 588
2026-08-31 21:19:08.156881: Current learning rate: 0.0045
2026-08-31 21:21:00.348436: train_loss -0.5281
2026-08-31 21:21:00.365179: val_loss -0.5211
2026-08-31 21:21:00.367125: Pseudo dice [np.float32(0.1168)]
2026-08-31 21:21:00.368575: Epoch time: 112.2 s
2026-08-31 21:21:01.780385: 
2026-08-31 21:21:01.781905: Epoch 589
2026-08-31 21:21:01.783055: Current learning rate: 0.00449
2026-08-31 21:22:49.775150: train_loss -0.5317
2026-08-31 21:22:49.782653: val_loss -0.5564
2026-08-31 21:22:49.793141: Pseudo dice [np.float32(0.042)]
2026-08-31 21:22:49.796289: Epoch time: 108.0 s
2026-08-31 21:22:51.231263: 
2026-08-31 21:22:51.233066: Epoch 590
2026-08-31 21:22:51.234328: Current learning rate: 0.00448
2026-08-31 21:24:33.593727: train_loss -0.5539
2026-08-31 21:24:33.595556: val_loss -0.5455
2026-08-31 21:24:33.597095: Pseudo dice [np.float32(0.1471)]
2026-08-31 21:24:33.598589: Epoch time: 102.36 s
2026-08-31 21:24:34.502582: 
2026-08-31 21:24:34.505324: Epoch 591
2026-08-31 21:24:34.506439: Current learning rate: 0.00447
2026-08-31 21:26:17.763028: train_loss -0.5774
2026-08-31 21:26:17.769117: val_loss -0.4885
2026-08-31 21:26:17.772934: Pseudo dice [np.float32(0.1729)]
2026-08-31 21:26:17.774369: Epoch time: 103.26 s
2026-08-31 21:26:19.178907: 
2026-08-31 21:26:19.180334: Epoch 592
2026-08-31 21:26:19.181396: Current learning rate: 0.00446
2026-08-31 21:28:04.335500: train_loss -0.5567
2026-08-31 21:28:04.346461: val_loss -0.5294
2026-08-31 21:28:04.354883: Pseudo dice [np.float32(0.1826)]
2026-08-31 21:28:04.362133: Epoch time: 105.16 s
2026-08-31 21:28:05.985959: 
2026-08-31 21:28:05.987459: Epoch 593
2026-08-31 21:28:05.988427: Current learning rate: 0.00445
2026-08-31 21:29:52.529576: train_loss -0.5389
2026-08-31 21:29:52.532089: val_loss -0.5811
2026-08-31 21:29:52.533182: Pseudo dice [np.float32(0.0699)]
2026-08-31 21:29:52.534257: Epoch time: 106.55 s
2026-08-31 21:29:53.451540: 
2026-08-31 21:29:53.452736: Epoch 594
2026-08-31 21:29:53.453651: Current learning rate: 0.00444
2026-08-31 21:31:40.880230: train_loss -0.5477
2026-08-31 21:31:40.912763: val_loss -0.5861
2026-08-31 21:31:40.914337: Pseudo dice [np.float32(0.1422)]
2026-08-31 21:31:40.915545: Epoch time: 107.43 s
2026-08-31 21:31:42.110282: 
2026-08-31 21:31:42.111677: Epoch 595
2026-08-31 21:31:42.112752: Current learning rate: 0.00443
2026-08-31 21:33:24.845387: train_loss -0.5833
2026-08-31 21:33:24.848420: val_loss -0.5583
2026-08-31 21:33:24.850069: Pseudo dice [np.float32(0.0883)]
2026-08-31 21:33:24.851758: Epoch time: 102.74 s
2026-08-31 21:33:26.611728: 
2026-08-31 21:33:26.616049: Epoch 596
2026-08-31 21:33:26.617951: Current learning rate: 0.00442
2026-08-31 21:35:18.173277: train_loss -0.556
2026-08-31 21:35:18.184206: val_loss -0.5207
2026-08-31 21:35:18.189503: Pseudo dice [np.float32(0.0802)]
2026-08-31 21:35:18.192676: Epoch time: 111.57 s
2026-08-31 21:35:19.814646: 
2026-08-31 21:35:19.816089: Epoch 597
2026-08-31 21:35:19.817188: Current learning rate: 0.00441
2026-08-31 21:37:07.523674: train_loss -0.5434
2026-08-31 21:37:07.533190: val_loss -0.5449
2026-08-31 21:37:07.541507: Pseudo dice [np.float32(0.0276)]
2026-08-31 21:37:07.543059: Epoch time: 107.71 s
2026-08-31 21:37:09.930613: 
2026-08-31 21:37:09.932352: Epoch 598
2026-08-31 21:37:09.933438: Current learning rate: 0.0044
2026-08-31 21:38:53.540433: train_loss -0.5477
2026-08-31 21:38:53.545456: val_loss -0.5073
2026-08-31 21:38:53.547035: Pseudo dice [np.float32(0.0486)]
2026-08-31 21:38:53.548409: Epoch time: 103.61 s
2026-08-31 21:38:55.341060: 
2026-08-31 21:38:55.348131: Epoch 599
2026-08-31 21:38:55.349530: Current learning rate: 0.00439
2026-08-31 21:40:41.979417: train_loss -0.5607
2026-08-31 21:40:41.986316: val_loss -0.5021
2026-08-31 21:40:41.987818: Pseudo dice [np.float32(0.1573)]
2026-08-31 21:40:41.989142: Epoch time: 106.64 s
2026-08-31 21:40:44.262446: 
2026-08-31 21:40:44.263858: Epoch 600
2026-08-31 21:40:44.265130: Current learning rate: 0.00438
2026-08-31 21:42:34.215487: train_loss -0.5741
2026-08-31 21:42:34.216972: val_loss -0.5966
2026-08-31 21:42:38.767331: Pseudo dice [np.float32(0.0581)]
2026-08-31 21:42:42.972887: Epoch time: 109.96 s
2026-08-31 21:42:44.905893: 
2026-08-31 21:42:45.064420: Epoch 601
2026-08-31 21:42:45.065631: Current learning rate: 0.00437
2026-08-31 21:44:28.224561: train_loss -0.5484
2026-08-31 21:44:28.226865: val_loss -0.5182
2026-08-31 21:44:28.228334: Pseudo dice [np.float32(0.1483)]
2026-08-31 21:44:28.229682: Epoch time: 103.32 s
2026-08-31 21:44:29.307443: 
2026-08-31 21:44:29.308965: Epoch 602
2026-08-31 21:44:29.309976: Current learning rate: 0.00436
2026-08-31 21:46:15.239451: train_loss -0.5864
2026-08-31 21:46:15.250224: val_loss -0.5104
2026-08-31 21:46:15.251658: Pseudo dice [np.float32(0.142)]
2026-08-31 21:46:15.253106: Epoch time: 105.93 s
2026-08-31 21:46:17.001416: 
2026-08-31 21:46:17.007381: Epoch 603
2026-08-31 21:46:17.008900: Current learning rate: 0.00435
2026-08-31 21:48:07.104766: train_loss -0.5872
2026-08-31 21:48:07.118605: val_loss -0.5749
2026-08-31 21:48:07.119814: Pseudo dice [np.float32(0.13)]
2026-08-31 21:48:07.120881: Epoch time: 110.11 s
2026-08-31 21:48:08.446552: 
2026-08-31 21:48:08.448041: Epoch 604
2026-08-31 21:48:08.449164: Current learning rate: 0.00434
2026-08-31 21:50:00.092861: train_loss -0.56
2026-08-31 21:50:00.100388: val_loss -0.5525
2026-08-31 21:50:00.108816: Pseudo dice [np.float32(0.0531)]
2026-08-31 21:50:00.112142: Epoch time: 111.65 s
2026-08-31 21:50:01.380366: 
2026-08-31 21:50:01.381740: Epoch 605
2026-08-31 21:50:01.382775: Current learning rate: 0.00433
2026-08-31 21:51:50.030828: train_loss -0.5608
2026-08-31 21:51:50.049915: val_loss -0.567
2026-08-31 21:51:50.051595: Pseudo dice [np.float32(0.2494)]
2026-08-31 21:51:50.052864: Epoch time: 108.65 s
2026-08-31 21:51:51.910236: 
2026-08-31 21:51:51.914626: Epoch 606
2026-08-31 21:51:51.916096: Current learning rate: 0.00432
2026-08-31 21:53:45.862630: train_loss -0.5798
2026-08-31 21:53:45.869514: val_loss -0.6198
2026-08-31 21:53:45.871200: Pseudo dice [np.float32(0.5226)]
2026-08-31 21:53:45.872558: Epoch time: 113.95 s
2026-08-31 21:53:45.873762: Yayy! New best EMA pseudo Dice: 0.16590000689029694
2026-08-31 21:53:48.298653: 
2026-08-31 21:53:48.300195: Epoch 607
2026-08-31 21:53:48.301272: Current learning rate: 0.00431
2026-08-31 21:55:31.719903: train_loss -0.5571
2026-08-31 21:55:31.721384: val_loss -0.561
2026-08-31 21:55:31.722847: Pseudo dice [np.float32(0.1196)]
2026-08-31 21:55:31.724183: Epoch time: 103.42 s
2026-08-31 21:55:32.590410: 
2026-08-31 21:55:32.592021: Epoch 608
2026-08-31 21:55:32.593333: Current learning rate: 0.0043
2026-08-31 21:57:17.454575: train_loss -0.5655
2026-08-31 21:57:17.458624: val_loss -0.5152
2026-08-31 21:57:17.460373: Pseudo dice [np.float32(0.2076)]
2026-08-31 21:57:17.461942: Epoch time: 104.87 s
2026-08-31 21:57:17.463371: Yayy! New best EMA pseudo Dice: 0.16590000689029694
2026-08-31 21:57:20.755159: 
2026-08-31 21:57:20.756746: Epoch 609
2026-08-31 21:57:20.757857: Current learning rate: 0.00429
2026-08-31 21:59:05.454906: train_loss -0.5768
2026-08-31 21:59:05.461845: val_loss -0.6223
2026-08-31 21:59:05.470201: Pseudo dice [np.float32(0.1926)]
2026-08-31 21:59:05.471708: Epoch time: 104.7 s
2026-08-31 21:59:05.472954: Yayy! New best EMA pseudo Dice: 0.16859999299049377
2026-08-31 21:59:08.701821: 
2026-08-31 21:59:08.703333: Epoch 610
2026-08-31 21:59:08.704423: Current learning rate: 0.00429
2026-08-31 22:00:56.609156: train_loss -0.5594
2026-08-31 22:00:56.613435: val_loss -0.5401
2026-08-31 22:00:56.615216: Pseudo dice [np.float32(0.1527)]
2026-08-31 22:00:56.616551: Epoch time: 107.91 s
2026-08-31 22:00:57.536779: 
2026-08-31 22:00:57.538362: Epoch 611
2026-08-31 22:00:57.539553: Current learning rate: 0.00428
2026-08-31 22:02:45.451000: train_loss -0.573
2026-08-31 22:02:45.454579: val_loss -0.5492
2026-08-31 22:02:45.481433: Pseudo dice [np.float32(0.1026)]
2026-08-31 22:02:45.482770: Epoch time: 107.92 s
2026-08-31 22:02:47.453034: 
2026-08-31 22:02:47.454573: Epoch 612
2026-08-31 22:02:47.455558: Current learning rate: 0.00427
2026-08-31 22:04:30.261593: train_loss -0.5548
2026-08-31 22:04:30.263274: val_loss -0.5472
2026-08-31 22:04:30.264558: Pseudo dice [np.float32(0.0949)]
2026-08-31 22:04:30.265651: Epoch time: 102.81 s
2026-08-31 22:04:31.454703: 
2026-08-31 22:04:31.456106: Epoch 613
2026-08-31 22:04:31.457175: Current learning rate: 0.00426
2026-08-31 22:06:18.691911: train_loss -0.5586
2026-08-31 22:06:18.694749: val_loss -0.5155
2026-08-31 22:06:18.698102: Pseudo dice [np.float32(0.2071)]
2026-08-31 22:06:18.702365: Epoch time: 107.24 s
2026-08-31 22:06:20.044514: 
2026-08-31 22:06:20.046505: Epoch 614
2026-08-31 22:06:20.047698: Current learning rate: 0.00425
2026-08-31 22:08:05.689776: train_loss -0.5488
2026-08-31 22:08:05.691736: val_loss -0.5527
2026-08-31 22:08:05.700125: Pseudo dice [np.float32(0.1374)]
2026-08-31 22:08:05.702364: Epoch time: 105.65 s
2026-08-31 22:08:07.188207: 
2026-08-31 22:08:07.189768: Epoch 615
2026-08-31 22:08:07.190774: Current learning rate: 0.00424
2026-08-31 22:09:53.381294: train_loss -0.5551
2026-08-31 22:09:53.389856: val_loss -0.5643
2026-08-31 22:09:53.391377: Pseudo dice [np.float32(0.0736)]
2026-08-31 22:09:53.392467: Epoch time: 106.2 s
2026-08-31 22:09:54.749464: 
2026-08-31 22:09:54.751107: Epoch 616
2026-08-31 22:09:54.752004: Current learning rate: 0.00423
2026-08-31 22:11:37.174258: train_loss -0.5549
2026-08-31 22:11:37.178248: val_loss -0.5853
2026-08-31 22:11:37.179991: Pseudo dice [np.float32(0.3355)]
2026-08-31 22:11:37.181239: Epoch time: 102.43 s
2026-08-31 22:11:38.396766: 
2026-08-31 22:11:38.398394: Epoch 617
2026-08-31 22:11:38.399487: Current learning rate: 0.00422
2026-08-31 22:13:22.013504: train_loss -0.5751
2026-08-31 22:13:22.016790: val_loss -0.6148
2026-08-31 22:13:22.020188: Pseudo dice [np.float32(0.1837)]
2026-08-31 22:13:22.021503: Epoch time: 103.62 s
2026-08-31 22:13:22.022664: Yayy! New best EMA pseudo Dice: 0.16910000145435333
2026-08-31 22:13:24.628284: 
2026-08-31 22:13:24.629650: Epoch 618
2026-08-31 22:13:24.630538: Current learning rate: 0.00421
2026-08-31 22:15:10.599234: train_loss -0.5642
2026-08-31 22:15:10.601208: val_loss -0.5611
2026-08-31 22:15:10.602591: Pseudo dice [np.float32(0.2738)]
2026-08-31 22:15:10.604123: Epoch time: 105.94 s
2026-08-31 22:15:10.605223: Yayy! New best EMA pseudo Dice: 0.17949999868869781
2026-08-31 22:15:13.801619: 
2026-08-31 22:15:13.803434: Epoch 619
2026-08-31 22:15:13.804651: Current learning rate: 0.0042
2026-08-31 22:16:59.348134: train_loss -0.5657
2026-08-31 22:16:59.354662: val_loss -0.5581
2026-08-31 22:16:59.356147: Pseudo dice [np.float32(0.1962)]
2026-08-31 22:16:59.357589: Epoch time: 105.55 s
2026-08-31 22:16:59.358788: Yayy! New best EMA pseudo Dice: 0.18119999766349792
2026-08-31 22:17:02.541289: 
2026-08-31 22:17:02.543086: Epoch 620
2026-08-31 22:17:02.544154: Current learning rate: 0.00419
2026-08-31 22:18:51.896263: train_loss -0.5781
2026-08-31 22:18:51.905087: val_loss -0.581
2026-08-31 22:18:51.906957: Pseudo dice [np.float32(0.3251)]
2026-08-31 22:18:51.908680: Epoch time: 109.36 s
2026-08-31 22:18:51.910558: Yayy! New best EMA pseudo Dice: 0.1956000030040741
2026-08-31 22:18:54.824664: 
2026-08-31 22:18:54.826487: Epoch 621
2026-08-31 22:18:54.827781: Current learning rate: 0.00418
2026-08-31 22:20:38.780862: train_loss -0.5671
2026-08-31 22:20:38.785861: val_loss -0.5588
2026-08-31 22:20:38.793282: Pseudo dice [np.float32(0.1467)]
2026-08-31 22:20:38.794557: Epoch time: 103.96 s
2026-08-31 22:20:40.069558: 
2026-08-31 22:20:40.071065: Epoch 622
2026-08-31 22:20:40.072125: Current learning rate: 0.00417
2026-08-31 22:22:23.134021: train_loss -0.5644
2026-08-31 22:22:23.137347: val_loss -0.5868
2026-08-31 22:22:23.140331: Pseudo dice [np.float32(0.0716)]
2026-08-31 22:22:23.141608: Epoch time: 103.07 s
2026-08-31 22:22:24.573081: 
2026-08-31 22:22:24.574522: Epoch 623
2026-08-31 22:22:24.575658: Current learning rate: 0.00416
2026-08-31 22:24:12.320025: train_loss -0.581
2026-08-31 22:24:12.323898: val_loss -0.5788
2026-08-31 22:24:12.329762: Pseudo dice [np.float32(0.1181)]
2026-08-31 22:24:12.336460: Epoch time: 107.75 s
2026-08-31 22:24:13.529060: 
2026-08-31 22:24:13.530477: Epoch 624
2026-08-31 22:24:13.531593: Current learning rate: 0.00415
2026-08-31 22:25:59.207625: train_loss -0.5769
2026-08-31 22:25:59.212403: val_loss -0.5352
2026-08-31 22:25:59.213727: Pseudo dice [np.float32(0.1892)]
2026-08-31 22:25:59.215387: Epoch time: 105.68 s
2026-08-31 22:26:00.562333: 
2026-08-31 22:26:00.564333: Epoch 625
2026-08-31 22:26:00.565525: Current learning rate: 0.00414
2026-08-31 22:27:46.811952: train_loss -0.5678
2026-08-31 22:27:46.817491: val_loss -0.5741
2026-08-31 22:27:46.829388: Pseudo dice [np.float32(0.2586)]
2026-08-31 22:27:46.831099: Epoch time: 106.25 s
2026-08-31 22:27:48.766128: 
2026-08-31 22:27:48.773560: Epoch 626
2026-08-31 22:27:48.782687: Current learning rate: 0.00413
2026-08-31 22:29:35.528393: train_loss -0.5874
2026-08-31 22:29:35.548629: val_loss -0.5882
2026-08-31 22:29:35.550374: Pseudo dice [np.float32(0.1181)]
2026-08-31 22:29:35.551730: Epoch time: 106.77 s
2026-08-31 22:29:36.973518: 
2026-08-31 22:29:36.974970: Epoch 627
2026-08-31 22:29:36.976167: Current learning rate: 0.00412
2026-08-31 22:31:29.946067: train_loss -0.5446
2026-08-31 22:31:29.959809: val_loss -0.5946
2026-08-31 22:31:29.961228: Pseudo dice [np.float32(0.1365)]
2026-08-31 22:31:29.962511: Epoch time: 112.97 s
2026-08-31 22:31:30.991515: 
2026-08-31 22:31:30.993199: Epoch 628
2026-08-31 22:31:30.994459: Current learning rate: 0.00411
2026-08-31 22:33:13.699075: train_loss -0.5641
2026-08-31 22:33:13.705384: val_loss -0.573
2026-08-31 22:33:13.707453: Pseudo dice [np.float32(0.1113)]
2026-08-31 22:33:13.708871: Epoch time: 102.71 s
2026-08-31 22:33:15.692365: 
2026-08-31 22:33:15.694054: Epoch 629
2026-08-31 22:33:15.695009: Current learning rate: 0.0041
2026-08-31 22:35:03.844370: train_loss -0.5616
2026-08-31 22:35:03.849900: val_loss -0.5895
2026-08-31 22:35:03.861470: Pseudo dice [np.float32(0.0947)]
2026-08-31 22:35:03.862619: Epoch time: 108.15 s
2026-08-31 22:35:04.973657: 
2026-08-31 22:35:04.975778: Epoch 630
2026-08-31 22:35:04.977213: Current learning rate: 0.00409
2026-08-31 22:36:47.777837: train_loss -0.5574
2026-08-31 22:36:47.782993: val_loss -0.5012
2026-08-31 22:36:47.787151: Pseudo dice [np.float32(0.208)]
2026-08-31 22:36:47.788439: Epoch time: 102.81 s
2026-08-31 22:36:49.012452: 
2026-08-31 22:36:49.013865: Epoch 631
2026-08-31 22:36:49.014910: Current learning rate: 0.00408
2026-08-31 22:38:41.141994: train_loss -0.5723
2026-08-31 22:38:41.153659: val_loss -0.5939
2026-08-31 22:38:41.155447: Pseudo dice [np.float32(0.1195)]
2026-08-31 22:38:41.157199: Epoch time: 112.13 s
2026-08-31 22:38:42.704010: 
2026-08-31 22:38:42.705665: Epoch 632
2026-08-31 22:38:42.706708: Current learning rate: 0.00407
2026-08-31 22:40:24.540518: train_loss -0.5753
2026-08-31 22:40:24.541957: val_loss -0.5873
2026-08-31 22:40:24.543151: Pseudo dice [np.float32(0.1541)]
2026-08-31 22:40:24.544326: Epoch time: 101.84 s
2026-08-31 22:40:25.419919: 
2026-08-31 22:40:25.421440: Epoch 633
2026-08-31 22:40:25.422392: Current learning rate: 0.00406
2026-08-31 22:42:05.129084: train_loss -0.5547
2026-08-31 22:42:05.130726: val_loss -0.5745
2026-08-31 22:42:05.131910: Pseudo dice [np.float32(0.2743)]
2026-08-31 22:42:05.132854: Epoch time: 99.71 s
2026-08-31 22:42:06.022715: 
2026-08-31 22:42:06.024358: Epoch 634
2026-08-31 22:42:06.025824: Current learning rate: 0.00405
2026-08-31 22:43:48.849521: train_loss -0.5581
2026-08-31 22:43:48.850935: val_loss -0.575
2026-08-31 22:43:48.852159: Pseudo dice [np.float32(0.1972)]
2026-08-31 22:43:48.853149: Epoch time: 102.83 s
2026-08-31 22:43:49.726076: 
2026-08-31 22:43:49.727937: Epoch 635
2026-08-31 22:43:49.729241: Current learning rate: 0.00404
2026-08-31 22:45:39.856797: train_loss -0.5602
2026-08-31 22:45:39.863605: val_loss -0.4637
2026-08-31 22:45:39.865156: Pseudo dice [np.float32(0.2127)]
2026-08-31 22:45:39.866513: Epoch time: 110.13 s
2026-08-31 22:45:41.111154: 
2026-08-31 22:45:41.112839: Epoch 636
2026-08-31 22:45:41.114166: Current learning rate: 0.00403
2026-08-31 22:47:29.058899: train_loss -0.5333
2026-08-31 22:47:29.076723: val_loss -0.5583
2026-08-31 22:47:29.078576: Pseudo dice [np.float32(0.0767)]
2026-08-31 22:47:29.079894: Epoch time: 107.95 s
2026-08-31 22:47:30.155690: 
2026-08-31 22:47:30.157289: Epoch 637
2026-08-31 22:47:30.158195: Current learning rate: 0.00402
2026-08-31 22:49:12.422889: train_loss -0.564
2026-08-31 22:49:12.428599: val_loss -0.5801
2026-08-31 22:49:12.431687: Pseudo dice [np.float32(0.422)]
2026-08-31 22:49:12.432664: Epoch time: 102.27 s
2026-08-31 22:49:13.481072: 
2026-08-31 22:49:13.482911: Epoch 638
2026-08-31 22:49:13.484101: Current learning rate: 0.00401
2026-08-31 22:51:04.323385: train_loss -0.5664
2026-08-31 22:51:04.329695: val_loss -0.5825
2026-08-31 22:51:04.331097: Pseudo dice [np.float32(0.1217)]
2026-08-31 22:51:04.332640: Epoch time: 110.84 s
2026-08-31 22:51:05.945387: 
2026-08-31 22:51:05.947181: Epoch 639
2026-08-31 22:51:05.948325: Current learning rate: 0.004
2026-08-31 22:52:47.735343: train_loss -0.5776
2026-08-31 22:52:47.737063: val_loss -0.5556
2026-08-31 22:52:47.738409: Pseudo dice [np.float32(0.2548)]
2026-08-31 22:52:47.739560: Epoch time: 101.79 s
2026-08-31 22:52:48.630982: 
2026-08-31 22:52:48.632486: Epoch 640
2026-08-31 22:52:48.633446: Current learning rate: 0.00399
2026-08-31 22:54:37.290684: train_loss -0.5699
2026-08-31 22:54:37.311802: val_loss -0.5998
2026-08-31 22:54:37.313120: Pseudo dice [np.float32(0.1608)]
2026-08-31 22:54:37.314529: Epoch time: 108.66 s
2026-08-31 22:54:38.925843: 
2026-08-31 22:54:38.927373: Epoch 641
2026-08-31 22:54:38.928396: Current learning rate: 0.00398
2026-08-31 22:56:24.422802: train_loss -0.5408
2026-08-31 22:56:24.431964: val_loss -0.5662
2026-08-31 22:56:24.433312: Pseudo dice [np.float32(0.0843)]
2026-08-31 22:56:24.434357: Epoch time: 105.5 s
2026-08-31 22:56:25.437540: 
2026-08-31 22:56:25.439006: Epoch 642
2026-08-31 22:56:25.440172: Current learning rate: 0.00397
2026-08-31 22:58:13.094418: train_loss -0.5537
2026-08-31 22:58:13.107514: val_loss -0.5491
2026-08-31 22:58:13.109157: Pseudo dice [np.float32(0.0883)]
2026-08-31 22:58:13.110839: Epoch time: 107.66 s
2026-08-31 22:58:14.403622: 
2026-08-31 22:58:14.405079: Epoch 643
2026-08-31 22:58:14.406136: Current learning rate: 0.00396
2026-08-31 22:59:59.864967: train_loss -0.547
2026-08-31 22:59:59.868025: val_loss -0.5431
2026-08-31 22:59:59.869809: Pseudo dice [np.float32(0.1102)]
2026-08-31 22:59:59.871438: Epoch time: 105.46 s
2026-08-31 23:00:01.419740: 
2026-08-31 23:00:01.421147: Epoch 644
2026-08-31 23:00:01.422193: Current learning rate: 0.00395
2026-08-31 23:01:48.265074: train_loss -0.5549
2026-08-31 23:01:48.313703: val_loss -0.5699
2026-08-31 23:01:48.315508: Pseudo dice [np.float32(0.065)]
2026-08-31 23:01:48.316750: Epoch time: 106.85 s
2026-08-31 23:01:49.272391: 
2026-08-31 23:01:49.274009: Epoch 645
2026-08-31 23:01:49.275052: Current learning rate: 0.00394
2026-08-31 23:03:34.934272: train_loss -0.5788
2026-08-31 23:03:34.935940: val_loss -0.5914
2026-08-31 23:03:34.937488: Pseudo dice [np.float32(0.1641)]
2026-08-31 23:03:34.938719: Epoch time: 105.66 s
2026-08-31 23:03:35.976854: 
2026-08-31 23:03:35.978788: Epoch 646
2026-08-31 23:03:35.979956: Current learning rate: 0.00393
2026-08-31 23:05:23.678171: train_loss -0.5743
2026-08-31 23:05:23.686294: val_loss -0.5438
2026-08-31 23:05:23.687657: Pseudo dice [np.float32(0.2303)]
2026-08-31 23:05:23.688758: Epoch time: 107.7 s
2026-08-31 23:05:25.118241: 
2026-08-31 23:05:25.119787: Epoch 647
2026-08-31 23:05:25.120802: Current learning rate: 0.00392
2026-08-31 23:07:14.381638: train_loss -0.5679
2026-08-31 23:07:14.394626: val_loss -0.5689
2026-08-31 23:07:14.396210: Pseudo dice [np.float32(0.1694)]
2026-08-31 23:07:14.397581: Epoch time: 109.27 s
2026-08-31 23:07:16.007382: 
2026-08-31 23:07:16.009266: Epoch 648
2026-08-31 23:07:16.010513: Current learning rate: 0.00391
2026-08-31 23:09:03.740824: train_loss -0.5772
2026-08-31 23:09:03.743531: val_loss -0.5775
2026-08-31 23:09:03.744748: Pseudo dice [np.float32(0.1783)]
2026-08-31 23:09:03.745784: Epoch time: 107.74 s
2026-08-31 23:09:04.634783: 
2026-08-31 23:09:04.636632: Epoch 649
2026-08-31 23:09:04.637615: Current learning rate: 0.0039
2026-08-31 23:10:46.969220: train_loss -0.5597
2026-08-31 23:10:46.974832: val_loss -0.5553
2026-08-31 23:10:46.976495: Pseudo dice [np.float32(0.0645)]
2026-08-31 23:10:46.977926: Epoch time: 102.33 s
2026-08-31 23:10:49.408534: 
2026-08-31 23:10:49.410054: Epoch 650
2026-08-31 23:10:49.411178: Current learning rate: 0.00389
2026-08-31 23:12:32.140926: train_loss -0.568
2026-08-31 23:12:32.142549: val_loss -0.5699
2026-08-31 23:12:32.143842: Pseudo dice [np.float32(0.0769)]
2026-08-31 23:12:32.144875: Epoch time: 102.73 s
2026-08-31 23:12:33.059996: 
2026-08-31 23:12:33.062026: Epoch 651
2026-08-31 23:12:33.063117: Current learning rate: 0.00388
2026-08-31 23:14:23.704548: train_loss -0.5578
2026-08-31 23:14:23.723088: val_loss -0.6212
2026-08-31 23:14:23.724405: Pseudo dice [np.float32(0.259)]
2026-08-31 23:14:23.725611: Epoch time: 110.65 s
2026-08-31 23:14:25.189231: 
2026-08-31 23:14:25.191444: Epoch 652
2026-08-31 23:14:25.192626: Current learning rate: 0.00387
2026-08-31 23:16:10.782272: train_loss -0.5687
2026-08-31 23:16:10.794105: val_loss -0.532
2026-08-31 23:16:10.796263: Pseudo dice [np.float32(0.2)]
2026-08-31 23:16:10.798145: Epoch time: 105.6 s
2026-08-31 23:16:12.056083: 
2026-08-31 23:16:12.057981: Epoch 653
2026-08-31 23:16:12.059154: Current learning rate: 0.00386
2026-08-31 23:18:01.720680: train_loss -0.5659
2026-08-31 23:18:01.737385: val_loss -0.5849
2026-08-31 23:18:01.739023: Pseudo dice [np.float32(0.0871)]
2026-08-31 23:18:01.740559: Epoch time: 109.67 s
2026-08-31 23:18:02.864116: 
2026-08-31 23:18:02.866022: Epoch 654
2026-08-31 23:18:02.867180: Current learning rate: 0.00385
2026-08-31 23:19:50.905278: train_loss -0.5704
2026-08-31 23:19:50.906970: val_loss -0.5468
2026-08-31 23:19:50.908373: Pseudo dice [np.float32(0.192)]
2026-08-31 23:19:50.909394: Epoch time: 108.04 s
2026-08-31 23:19:52.618820: 
2026-08-31 23:19:52.620723: Epoch 655
2026-08-31 23:19:52.621752: Current learning rate: 0.00384
2026-08-31 23:21:35.677719: train_loss -0.5834
2026-08-31 23:21:35.682020: val_loss -0.5481
2026-08-31 23:21:35.686162: Pseudo dice [np.float32(0.1844)]
2026-08-31 23:21:35.697024: Epoch time: 103.06 s
2026-08-31 23:21:37.012426: 
2026-08-31 23:21:37.014223: Epoch 656
2026-08-31 23:21:37.015387: Current learning rate: 0.00383
2026-08-31 23:23:20.906827: train_loss -0.567
2026-08-31 23:23:20.911250: val_loss -0.5591
2026-08-31 23:23:20.916322: Pseudo dice [np.float32(0.116)]
2026-08-31 23:23:20.917476: Epoch time: 103.9 s
2026-08-31 23:23:22.406367: 
2026-08-31 23:23:22.407977: Epoch 657
2026-08-31 23:23:22.409096: Current learning rate: 0.00382
2026-08-31 23:25:11.592994: train_loss -0.5568
2026-08-31 23:25:11.600646: val_loss -0.5976
2026-08-31 23:25:11.614676: Pseudo dice [np.float32(0.0421)]
2026-08-31 23:25:11.616754: Epoch time: 109.19 s
2026-08-31 23:25:12.944560: 
2026-08-31 23:25:12.946443: Epoch 658
2026-08-31 23:25:12.947725: Current learning rate: 0.00381
2026-08-31 23:26:56.785328: train_loss -0.5439
2026-08-31 23:26:56.794322: val_loss -0.5461
2026-08-31 23:26:56.802853: Pseudo dice [np.float32(0.0852)]
2026-08-31 23:26:56.804122: Epoch time: 103.84 s
2026-08-31 23:26:58.318310: 
2026-08-31 23:26:58.329627: Epoch 659
2026-08-31 23:26:58.331705: Current learning rate: 0.0038
2026-08-31 23:28:46.145886: train_loss -0.5583
2026-08-31 23:28:46.153606: val_loss -0.586
2026-08-31 23:28:46.158530: Pseudo dice [np.float32(0.0729)]
2026-08-31 23:28:46.159546: Epoch time: 107.83 s
2026-08-31 23:28:47.398629: 
2026-08-31 23:28:47.400327: Epoch 660
2026-08-31 23:28:47.401479: Current learning rate: 0.00379
2026-08-31 23:30:34.308602: train_loss -0.5861
2026-08-31 23:30:34.319964: val_loss -0.6022
2026-08-31 23:30:34.321543: Pseudo dice [np.float32(0.2746)]
2026-08-31 23:30:34.323165: Epoch time: 106.91 s
2026-08-31 23:30:35.786580: 
2026-08-31 23:30:35.788295: Epoch 661
2026-08-31 23:30:35.789452: Current learning rate: 0.00378
2026-08-31 23:32:19.313532: train_loss -0.5799
2026-08-31 23:32:19.317186: val_loss -0.6017
2026-08-31 23:32:19.318938: Pseudo dice [np.float32(0.2184)]
2026-08-31 23:32:19.319988: Epoch time: 103.53 s
2026-08-31 23:32:20.537395: 
2026-08-31 23:32:20.538938: Epoch 662
2026-08-31 23:32:20.540018: Current learning rate: 0.00377
2026-08-31 23:34:07.997808: train_loss -0.5783
2026-08-31 23:34:08.013668: val_loss -0.5275
2026-08-31 23:34:08.015036: Pseudo dice [np.float32(0.1683)]
2026-08-31 23:34:08.016152: Epoch time: 107.46 s
2026-08-31 23:34:09.427357: 
2026-08-31 23:34:09.428609: Epoch 663
2026-08-31 23:34:09.429650: Current learning rate: 0.00376
2026-08-31 23:35:57.119900: train_loss -0.5236
2026-08-31 23:35:57.125705: val_loss -0.5102
2026-08-31 23:35:57.126710: Pseudo dice [np.float32(0.0468)]
2026-08-31 23:35:57.127851: Epoch time: 107.7 s
2026-08-31 23:35:58.554673: 
2026-08-31 23:35:58.556805: Epoch 664
2026-08-31 23:35:58.558165: Current learning rate: 0.00375
2026-08-31 23:37:47.831786: train_loss -0.5351
2026-08-31 23:37:47.852593: val_loss -0.5717
2026-08-31 23:37:47.854518: Pseudo dice [np.float32(0.1235)]
2026-08-31 23:37:47.856081: Epoch time: 109.28 s
2026-08-31 23:37:48.940135: 
2026-08-31 23:37:48.941991: Epoch 665
2026-08-31 23:37:48.943145: Current learning rate: 0.00374
2026-08-31 23:39:33.360100: train_loss -0.5507
2026-08-31 23:39:33.362460: val_loss -0.521
2026-08-31 23:39:33.364166: Pseudo dice [np.float32(0.0989)]
2026-08-31 23:39:33.365455: Epoch time: 104.42 s
2026-08-31 23:39:35.285303: 
2026-08-31 23:39:35.292614: Epoch 666
2026-08-31 23:39:35.293882: Current learning rate: 0.00373
2026-08-31 23:41:23.752167: train_loss -0.5696
2026-08-31 23:41:23.761407: val_loss -0.6144
2026-08-31 23:41:23.774472: Pseudo dice [np.float32(0.1507)]
2026-08-31 23:41:23.776018: Epoch time: 108.47 s
2026-08-31 23:41:25.256427: 
2026-08-31 23:41:25.257898: Epoch 667
2026-08-31 23:41:25.258876: Current learning rate: 0.00372
2026-08-31 23:43:09.355017: train_loss -0.5603
2026-08-31 23:43:09.356532: val_loss -0.5185
2026-08-31 23:43:09.357832: Pseudo dice [np.float32(0.2645)]
2026-08-31 23:43:09.359011: Epoch time: 104.1 s
2026-08-31 23:43:11.089636: 
2026-08-31 23:43:11.091434: Epoch 668
2026-08-31 23:43:11.092611: Current learning rate: 0.00371
2026-08-31 23:44:57.159049: train_loss -0.5886
2026-08-31 23:44:57.160435: val_loss -0.5744
2026-08-31 23:44:57.161639: Pseudo dice [np.float32(0.1705)]
2026-08-31 23:44:57.163136: Epoch time: 106.07 s
2026-08-31 23:44:58.513152: 
2026-08-31 23:44:58.514821: Epoch 669
2026-08-31 23:44:58.516027: Current learning rate: 0.0037
2026-08-31 23:46:39.212840: train_loss -0.5689
2026-08-31 23:46:39.214235: val_loss -0.5718
2026-08-31 23:46:39.215524: Pseudo dice [np.float32(0.3072)]
2026-08-31 23:46:39.216618: Epoch time: 100.7 s
2026-08-31 23:46:40.099679: 
2026-08-31 23:46:40.101066: Epoch 670
2026-08-31 23:46:40.102007: Current learning rate: 0.00369
2026-08-31 23:48:23.780761: train_loss -0.5711
2026-08-31 23:48:23.782549: val_loss -0.5818
2026-08-31 23:48:23.783687: Pseudo dice [np.float32(0.3212)]
2026-08-31 23:48:23.784723: Epoch time: 103.68 s
2026-08-31 23:48:25.012824: 
2026-08-31 23:48:25.014789: Epoch 671
2026-08-31 23:48:25.015850: Current learning rate: 0.00368
2026-08-31 23:50:14.772060: train_loss -0.5715
2026-08-31 23:50:14.777210: val_loss -0.5441
2026-08-31 23:50:14.778653: Pseudo dice [np.float32(0.239)]
2026-08-31 23:50:14.780192: Epoch time: 109.76 s
2026-08-31 23:50:16.107385: 
2026-08-31 23:50:16.108914: Epoch 672
2026-08-31 23:50:16.110193: Current learning rate: 0.00367
2026-08-31 23:52:01.471517: train_loss -0.5433
2026-08-31 23:52:01.478385: val_loss -0.563
2026-08-31 23:52:01.481711: Pseudo dice [np.float32(0.1338)]
2026-08-31 23:52:01.482933: Epoch time: 105.37 s
2026-08-31 23:52:03.790832: 
2026-08-31 23:52:03.792254: Epoch 673
2026-08-31 23:52:03.793314: Current learning rate: 0.00366
2026-08-31 23:53:47.793280: train_loss -0.5676
2026-08-31 23:53:47.817261: val_loss -0.5642
2026-08-31 23:53:47.819337: Pseudo dice [np.float32(0.0879)]
2026-08-31 23:53:47.820670: Epoch time: 104.0 s
2026-08-31 23:53:49.347319: 
2026-08-31 23:53:49.349230: Epoch 674
2026-08-31 23:53:49.350612: Current learning rate: 0.00365
2026-08-31 23:55:35.346412: train_loss -0.5913
2026-08-31 23:55:35.406657: val_loss -0.6209
2026-08-31 23:55:35.408513: Pseudo dice [np.float32(0.2339)]
2026-08-31 23:55:35.409675: Epoch time: 106.0 s
2026-08-31 23:55:37.346248: 
2026-08-31 23:55:37.360730: Epoch 675
2026-08-31 23:55:37.361961: Current learning rate: 0.00364
2026-08-31 23:57:23.590659: train_loss -0.5827
2026-08-31 23:57:23.601094: val_loss -0.5666
2026-08-31 23:57:23.602930: Pseudo dice [np.float32(0.2262)]
2026-08-31 23:57:23.604531: Epoch time: 106.24 s
2026-08-31 23:57:25.486366: 
2026-08-31 23:57:25.488032: Epoch 676
2026-08-31 23:57:25.489220: Current learning rate: 0.00363
2026-08-31 23:59:10.559946: train_loss -0.5943
2026-08-31 23:59:10.578433: val_loss -0.5737
2026-08-31 23:59:10.586814: Pseudo dice [np.float32(0.1486)]
2026-08-31 23:59:10.595208: Epoch time: 105.08 s
2026-08-31 23:59:12.436683: 
2026-08-31 23:59:12.438212: Epoch 677
2026-08-31 23:59:12.439325: Current learning rate: 0.00362
2026-09-01 00:00:54.495375: train_loss -0.5841
2026-09-01 00:00:54.497158: val_loss -0.5477
2026-09-01 00:00:54.498845: Pseudo dice [np.float32(0.1168)]
2026-09-01 00:00:54.501559: Epoch time: 102.06 s
2026-09-01 00:00:55.423750: 
2026-09-01 00:00:55.425452: Epoch 678
2026-09-01 00:00:55.426503: Current learning rate: 0.00361
2026-09-01 00:02:38.704357: train_loss -0.5764
2026-09-01 00:02:38.705541: val_loss -0.6026
2026-09-01 00:02:38.706795: Pseudo dice [np.float32(0.1651)]
2026-09-01 00:02:38.708042: Epoch time: 103.28 s
2026-09-01 00:02:39.779765: 
2026-09-01 00:02:39.781211: Epoch 679
2026-09-01 00:02:39.782238: Current learning rate: 0.0036
2026-09-01 00:04:28.311467: train_loss -0.5732
2026-09-01 00:04:28.324524: val_loss -0.5621
2026-09-01 00:04:28.326511: Pseudo dice [np.float32(0.2016)]
2026-09-01 00:04:28.327754: Epoch time: 108.53 s
2026-09-01 00:04:29.771528: 
2026-09-01 00:04:29.774880: Epoch 680
2026-09-01 00:04:29.776271: Current learning rate: 0.00359
2026-09-01 00:06:17.667688: train_loss -0.5807
2026-09-01 00:06:17.679631: val_loss -0.571
2026-09-01 00:06:17.681933: Pseudo dice [np.float32(0.1393)]
2026-09-01 00:06:17.683406: Epoch time: 107.9 s
2026-09-01 00:06:19.205826: 
2026-09-01 00:06:19.207864: Epoch 681
2026-09-01 00:06:19.209502: Current learning rate: 0.00358
2026-09-01 00:08:07.727874: train_loss -0.5656
2026-09-01 00:08:07.731075: val_loss -0.5515
2026-09-01 00:08:07.732795: Pseudo dice [np.float32(0.1068)]
2026-09-01 00:08:07.734271: Epoch time: 108.52 s
2026-09-01 00:08:09.047927: 
2026-09-01 00:08:09.049587: Epoch 682
2026-09-01 00:08:09.050731: Current learning rate: 0.00357
2026-09-01 00:09:53.920873: train_loss -0.5742
2026-09-01 00:09:53.932239: val_loss -0.6112
2026-09-01 00:09:53.933696: Pseudo dice [np.float32(0.1671)]
2026-09-01 00:09:53.934865: Epoch time: 104.88 s
2026-09-01 00:09:55.953834: 
2026-09-01 00:09:55.955565: Epoch 683
2026-09-01 00:09:55.956683: Current learning rate: 0.00356
2026-09-01 00:11:43.549228: train_loss -0.5932
2026-09-01 00:11:43.554238: val_loss -0.534
2026-09-01 00:11:43.557400: Pseudo dice [np.float32(0.3536)]
2026-09-01 00:11:43.558677: Epoch time: 107.6 s
2026-09-01 00:11:44.679533: 
2026-09-01 00:11:44.681265: Epoch 684
2026-09-01 00:11:44.682323: Current learning rate: 0.00355
2026-09-01 00:13:31.915021: train_loss -0.5846
2026-09-01 00:13:31.918849: val_loss -0.6089
2026-09-01 00:13:31.923006: Pseudo dice [np.float32(0.205)]
2026-09-01 00:13:31.924265: Epoch time: 107.24 s
2026-09-01 00:13:33.020002: 
2026-09-01 00:13:33.021666: Epoch 685
2026-09-01 00:13:33.022672: Current learning rate: 0.00354
2026-09-01 00:15:22.831739: train_loss -0.5954
2026-09-01 00:15:22.838101: val_loss -0.5723
2026-09-01 00:15:22.839685: Pseudo dice [np.float32(0.1654)]
2026-09-01 00:15:22.840852: Epoch time: 109.81 s
2026-09-01 00:15:24.668706: 
2026-09-01 00:15:24.670120: Epoch 686
2026-09-01 00:15:24.671129: Current learning rate: 0.00353
2026-09-01 00:17:08.209853: train_loss -0.5677
2026-09-01 00:17:08.214005: val_loss -0.5668
2026-09-01 00:17:08.218856: Pseudo dice [np.float32(0.2128)]
2026-09-01 00:17:08.220227: Epoch time: 103.54 s
2026-09-01 00:17:09.372728: 
2026-09-01 00:17:09.374511: Epoch 687
2026-09-01 00:17:09.375946: Current learning rate: 0.00352
2026-09-01 00:18:57.384032: train_loss -0.5928
2026-09-01 00:18:57.405097: val_loss -0.577
2026-09-01 00:18:57.406667: Pseudo dice [np.float32(0.3014)]
2026-09-01 00:18:57.408025: Epoch time: 108.01 s
2026-09-01 00:18:57.409451: Yayy! New best EMA pseudo Dice: 0.19910000264644623
2026-09-01 00:19:00.261966: 
2026-09-01 00:19:00.263565: Epoch 688
2026-09-01 00:19:00.264529: Current learning rate: 0.00351
2026-09-01 00:20:49.494293: train_loss -0.5863
2026-09-01 00:20:49.498270: val_loss -0.5746
2026-09-01 00:20:49.499434: Pseudo dice [np.float32(0.1151)]
2026-09-01 00:20:49.500973: Epoch time: 109.23 s
2026-09-01 00:20:50.672562: 
2026-09-01 00:20:50.674196: Epoch 689
2026-09-01 00:20:50.675401: Current learning rate: 0.0035
2026-09-01 00:22:41.230659: train_loss -0.5718
2026-09-01 00:22:41.232505: val_loss -0.6007
2026-09-01 00:22:41.234022: Pseudo dice [np.float32(0.1137)]
2026-09-01 00:22:41.235445: Epoch time: 110.56 s
2026-09-01 00:22:42.632417: 
2026-09-01 00:22:42.633832: Epoch 690
2026-09-01 00:22:42.634965: Current learning rate: 0.00349
2026-09-01 00:24:26.257159: train_loss -0.6081
2026-09-01 00:24:26.258896: val_loss -0.5901
2026-09-01 00:24:26.260152: Pseudo dice [np.float32(0.3113)]
2026-09-01 00:24:26.261411: Epoch time: 103.63 s
2026-09-01 00:24:27.780401: 
2026-09-01 00:24:27.782417: Epoch 691
2026-09-01 00:24:27.783812: Current learning rate: 0.00348
2026-09-01 00:26:16.770371: train_loss -0.6066
2026-09-01 00:26:16.785164: val_loss -0.6064
2026-09-01 00:26:16.786478: Pseudo dice [np.float32(0.3275)]
2026-09-01 00:26:16.787613: Epoch time: 108.98 s
2026-09-01 00:26:16.788645: Yayy! New best EMA pseudo Dice: 0.20900000631809235
2026-09-01 00:26:19.100777: 
2026-09-01 00:26:19.102359: Epoch 692
2026-09-01 00:26:19.103434: Current learning rate: 0.00346
2026-09-01 00:28:04.062078: train_loss -0.5858
2026-09-01 00:28:04.063822: val_loss -0.5682
2026-09-01 00:28:04.065278: Pseudo dice [np.float32(0.252)]
2026-09-01 00:28:04.066526: Epoch time: 104.96 s
2026-09-01 00:28:04.067976: Yayy! New best EMA pseudo Dice: 0.21330000460147858
2026-09-01 00:28:06.702583: 
2026-09-01 00:28:06.704062: Epoch 693
2026-09-01 00:28:06.704983: Current learning rate: 0.00345
2026-09-01 00:29:51.066617: train_loss -0.5706
2026-09-01 00:29:51.074493: val_loss -0.5633
2026-09-01 00:29:51.076002: Pseudo dice [np.float32(0.1529)]
2026-09-01 00:29:51.077646: Epoch time: 104.37 s
2026-09-01 00:29:52.545030: 
2026-09-01 00:29:52.546288: Epoch 694
2026-09-01 00:29:52.547265: Current learning rate: 0.00344
2026-09-01 00:31:39.269860: train_loss -0.5886
2026-09-01 00:31:39.290898: val_loss -0.6164
2026-09-01 00:31:39.292267: Pseudo dice [np.float32(0.1584)]
2026-09-01 00:31:39.293362: Epoch time: 106.73 s
2026-09-01 00:31:40.467187: 
2026-09-01 00:31:40.468796: Epoch 695
2026-09-01 00:31:40.469957: Current learning rate: 0.00343
2026-09-01 00:33:24.826490: train_loss -0.5709
2026-09-01 00:33:24.828490: val_loss -0.51
2026-09-01 00:33:24.829948: Pseudo dice [np.float32(0.1645)]
2026-09-01 00:33:24.831053: Epoch time: 104.36 s
2026-09-01 00:33:25.732454: 
2026-09-01 00:33:25.734196: Epoch 696
2026-09-01 00:33:25.735292: Current learning rate: 0.00342
2026-09-01 00:35:19.079661: train_loss -0.5283
2026-09-01 00:35:19.084886: val_loss -0.5439
2026-09-01 00:35:19.090598: Pseudo dice [np.float32(0.0885)]
2026-09-01 00:35:19.092182: Epoch time: 113.35 s
2026-09-01 00:35:20.180965: 
2026-09-01 00:35:20.182677: Epoch 697
2026-09-01 00:35:20.183845: Current learning rate: 0.00341
2026-09-01 00:37:04.343643: train_loss -0.5535
2026-09-01 00:37:04.346745: val_loss -0.5685
2026-09-01 00:37:04.347996: Pseudo dice [np.float32(0.1341)]
2026-09-01 00:37:04.349341: Epoch time: 104.16 s
2026-09-01 00:37:05.804534: 
2026-09-01 00:37:05.806394: Epoch 698
2026-09-01 00:37:05.807715: Current learning rate: 0.0034
2026-09-01 00:38:49.149794: train_loss -0.5609
2026-09-01 00:38:49.155772: val_loss -0.5959
2026-09-01 00:38:49.157353: Pseudo dice [np.float32(0.1286)]
2026-09-01 00:38:49.158689: Epoch time: 103.35 s
2026-09-01 00:38:50.189247: 
2026-09-01 00:38:50.190787: Epoch 699
2026-09-01 00:38:50.191841: Current learning rate: 0.00339
2026-09-01 00:40:37.103572: train_loss -0.5908
2026-09-01 00:40:37.109001: val_loss -0.5351
2026-09-01 00:40:37.110918: Pseudo dice [np.float32(0.1094)]
2026-09-01 00:40:37.130204: Epoch time: 106.92 s
2026-09-01 00:40:39.662698: 
2026-09-01 00:40:39.664066: Epoch 700
2026-09-01 00:40:39.665097: Current learning rate: 0.00338
2026-09-01 00:42:22.328566: train_loss -0.5639
2026-09-01 00:42:22.332536: val_loss -0.5879
2026-09-01 00:42:22.333946: Pseudo dice [np.float32(0.0481)]
2026-09-01 00:42:22.335151: Epoch time: 102.67 s
2026-09-01 00:42:23.278044: 
2026-09-01 00:42:23.279329: Epoch 701
2026-09-01 00:42:23.280384: Current learning rate: 0.00337
2026-09-01 00:44:08.211643: train_loss -0.5637
2026-09-01 00:44:08.214841: val_loss -0.5605
2026-09-01 00:44:08.219024: Pseudo dice [np.float32(0.1864)]
2026-09-01 00:44:08.220227: Epoch time: 104.94 s
2026-09-01 00:44:09.647378: 
2026-09-01 00:44:09.649004: Epoch 702
2026-09-01 00:44:09.650321: Current learning rate: 0.00336
2026-09-01 00:45:52.280841: train_loss -0.5776
2026-09-01 00:45:52.285696: val_loss -0.581
2026-09-01 00:45:52.288763: Pseudo dice [np.float32(0.1931)]
2026-09-01 00:45:52.290299: Epoch time: 102.64 s
2026-09-01 00:45:53.320677: 
2026-09-01 00:45:53.322107: Epoch 703
2026-09-01 00:45:53.323184: Current learning rate: 0.00335
2026-09-01 00:47:40.128241: train_loss -0.5876
2026-09-01 00:47:40.133950: val_loss -0.6072
2026-09-01 00:47:40.147460: Pseudo dice [np.float32(0.2472)]
2026-09-01 00:47:40.148898: Epoch time: 106.81 s
2026-09-01 00:47:41.758791: 
2026-09-01 00:47:41.760821: Epoch 704
2026-09-01 00:47:41.762292: Current learning rate: 0.00334
2026-09-01 00:49:33.845599: train_loss -0.5807
2026-09-01 00:49:33.874919: val_loss -0.5546
2026-09-01 00:49:33.876582: Pseudo dice [np.float32(0.095)]
2026-09-01 00:49:33.878000: Epoch time: 112.09 s
2026-09-01 00:49:35.587928: 
2026-09-01 00:49:35.589554: Epoch 705
2026-09-01 00:49:35.590787: Current learning rate: 0.00333
2026-09-01 00:51:20.810942: train_loss -0.6081
2026-09-01 00:51:20.816263: val_loss -0.6523
2026-09-01 00:51:20.817625: Pseudo dice [np.float32(0.1587)]
2026-09-01 00:51:20.819090: Epoch time: 105.23 s
2026-09-01 00:51:22.083684: 
2026-09-01 00:51:22.085430: Epoch 706
2026-09-01 00:51:22.086581: Current learning rate: 0.00332
2026-09-01 00:53:06.492870: train_loss -0.588
2026-09-01 00:53:06.507312: val_loss -0.5049
2026-09-01 00:53:06.508612: Pseudo dice [np.float32(0.1311)]
2026-09-01 00:53:06.509811: Epoch time: 104.41 s
2026-09-01 00:53:07.835389: 
2026-09-01 00:53:07.837367: Epoch 707
2026-09-01 00:53:07.838557: Current learning rate: 0.00331
2026-09-01 00:54:54.640095: train_loss -0.5495
2026-09-01 00:54:54.658242: val_loss -0.5697
2026-09-01 00:54:54.660142: Pseudo dice [np.float32(0.2185)]
2026-09-01 00:54:54.661590: Epoch time: 106.81 s
2026-09-01 00:54:55.798993: 
2026-09-01 00:54:55.800351: Epoch 708
2026-09-01 00:54:55.801482: Current learning rate: 0.0033
2026-09-01 00:56:38.299752: train_loss -0.5804
2026-09-01 00:56:38.320187: val_loss -0.5336
2026-09-01 00:56:38.321789: Pseudo dice [np.float32(0.1148)]
2026-09-01 00:56:38.322905: Epoch time: 102.5 s
2026-09-01 00:56:39.405674: 
2026-09-01 00:56:39.407152: Epoch 709
2026-09-01 00:56:39.408213: Current learning rate: 0.00329
2026-09-01 00:58:22.740816: train_loss -0.581
2026-09-01 00:58:22.744736: val_loss -0.6286
2026-09-01 00:58:22.746994: Pseudo dice [np.float32(0.3008)]
2026-09-01 00:58:22.748142: Epoch time: 103.34 s
2026-09-01 00:58:24.215183: 
2026-09-01 00:58:24.217037: Epoch 710
2026-09-01 00:58:24.218372: Current learning rate: 0.00328
2026-09-01 01:00:06.847158: train_loss -0.6029
2026-09-01 01:00:06.848899: val_loss -0.5563
2026-09-01 01:00:06.850252: Pseudo dice [np.float32(0.3882)]
2026-09-01 01:00:06.851568: Epoch time: 102.64 s
2026-09-01 01:00:09.628610: 
2026-09-01 01:00:09.630239: Epoch 711
2026-09-01 01:00:09.631339: Current learning rate: 0.00327
2026-09-01 01:01:49.862365: train_loss -0.5808
2026-09-01 01:01:49.863873: val_loss -0.5579
2026-09-01 01:01:49.865202: Pseudo dice [np.float32(0.1446)]
2026-09-01 01:01:49.866341: Epoch time: 100.24 s
2026-09-01 01:01:50.792856: 
2026-09-01 01:01:50.794079: Epoch 712
2026-09-01 01:01:50.795167: Current learning rate: 0.00326
2026-09-01 01:03:32.341234: train_loss -0.5829
2026-09-01 01:03:32.343119: val_loss -0.5681
2026-09-01 01:03:32.344397: Pseudo dice [np.float32(0.1301)]
2026-09-01 01:03:32.345469: Epoch time: 101.55 s
2026-09-01 01:03:33.269620: 
2026-09-01 01:03:33.271095: Epoch 713
2026-09-01 01:03:33.272182: Current learning rate: 0.00325
2026-09-01 01:05:14.311255: train_loss -0.5885
2026-09-01 01:05:14.319695: val_loss -0.6244
2026-09-01 01:05:14.321338: Pseudo dice [np.float32(0.2503)]
2026-09-01 01:05:14.322402: Epoch time: 101.04 s
2026-09-01 01:05:15.276522: 
2026-09-01 01:05:15.277874: Epoch 714
2026-09-01 01:05:15.278778: Current learning rate: 0.00324
2026-09-01 01:07:04.562578: train_loss -0.5773
2026-09-01 01:07:04.573924: val_loss -0.573
2026-09-01 01:07:04.575345: Pseudo dice [np.float32(0.2036)]
2026-09-01 01:07:04.576929: Epoch time: 109.29 s
2026-09-01 01:07:05.745360: 
2026-09-01 01:07:05.747289: Epoch 715
2026-09-01 01:07:05.748454: Current learning rate: 0.00323
2026-09-01 01:08:51.748787: train_loss -0.5959
2026-09-01 01:08:51.761628: val_loss -0.5479
2026-09-01 01:08:51.763224: Pseudo dice [np.float32(0.1588)]
2026-09-01 01:08:51.764533: Epoch time: 106.01 s
2026-09-01 01:08:53.115639: 
2026-09-01 01:08:53.117656: Epoch 716
2026-09-01 01:08:53.118852: Current learning rate: 0.00322
2026-09-01 01:10:44.081711: train_loss -0.5911
2026-09-01 01:10:44.088748: val_loss -0.5439
2026-09-01 01:10:44.090084: Pseudo dice [np.float32(0.1925)]
2026-09-01 01:10:44.091265: Epoch time: 110.97 s
2026-09-01 01:10:46.308837: 
2026-09-01 01:10:46.310469: Epoch 717
2026-09-01 01:10:46.311410: Current learning rate: 0.00321
2026-09-01 01:12:36.303812: train_loss -0.5957
2026-09-01 01:12:36.323997: val_loss -0.6233
2026-09-01 01:12:36.325559: Pseudo dice [np.float32(0.2456)]
2026-09-01 01:12:36.326802: Epoch time: 110.0 s
2026-09-01 01:12:37.614447: 
2026-09-01 01:12:37.616461: Epoch 718
2026-09-01 01:12:37.617821: Current learning rate: 0.0032
2026-09-01 01:14:21.985398: train_loss -0.6066
2026-09-01 01:14:22.002729: val_loss -0.5874
2026-09-01 01:14:22.003898: Pseudo dice [np.float32(0.2751)]
2026-09-01 01:14:22.005220: Epoch time: 104.37 s
2026-09-01 01:14:23.560436: 
2026-09-01 01:14:23.562091: Epoch 719
2026-09-01 01:14:23.563207: Current learning rate: 0.00319
2026-09-01 01:16:09.632905: train_loss -0.606
2026-09-01 01:16:09.646749: val_loss -0.6063
2026-09-01 01:16:09.647911: Pseudo dice [np.float32(0.2724)]
2026-09-01 01:16:09.649043: Epoch time: 106.08 s
2026-09-01 01:16:10.945511: 
2026-09-01 01:16:10.947005: Epoch 720
2026-09-01 01:16:10.948064: Current learning rate: 0.00318
2026-09-01 01:17:53.774168: train_loss -0.6076
2026-09-01 01:17:53.776269: val_loss -0.641
2026-09-01 01:17:53.777517: Pseudo dice [np.float32(0.2788)]
2026-09-01 01:17:53.778592: Epoch time: 102.83 s
2026-09-01 01:17:53.779633: Yayy! New best EMA pseudo Dice: 0.21709999442100525
2026-09-01 01:17:56.683387: 
2026-09-01 01:17:56.685081: Epoch 721
2026-09-01 01:17:56.686271: Current learning rate: 0.00317
2026-09-01 01:19:44.288061: train_loss -0.5877
2026-09-01 01:19:44.297339: val_loss -0.5955
2026-09-01 01:19:44.302542: Pseudo dice [np.float32(0.3251)]
2026-09-01 01:19:44.308673: Epoch time: 107.61 s
2026-09-01 01:19:44.310347: Yayy! New best EMA pseudo Dice: 0.22789999842643738
2026-09-01 01:19:47.341642: 
2026-09-01 01:19:47.343322: Epoch 722
2026-09-01 01:19:47.344213: Current learning rate: 0.00316
2026-09-01 01:21:33.304238: train_loss -0.5894
2026-09-01 01:21:33.307994: val_loss -0.6021
2026-09-01 01:21:33.309096: Pseudo dice [np.float32(0.2005)]
2026-09-01 01:21:33.310052: Epoch time: 105.97 s
2026-09-01 01:21:34.894481: 
2026-09-01 01:21:34.896304: Epoch 723
2026-09-01 01:21:34.897521: Current learning rate: 0.00315
2026-09-01 01:23:22.750686: train_loss -0.5774
2026-09-01 01:23:22.759625: val_loss -0.6429
2026-09-01 01:23:22.761108: Pseudo dice [np.float32(0.3045)]
2026-09-01 01:23:22.762324: Epoch time: 107.86 s
2026-09-01 01:23:22.771483: Yayy! New best EMA pseudo Dice: 0.23309999704360962
2026-09-01 01:23:25.348032: 
2026-09-01 01:23:25.349441: Epoch 724
2026-09-01 01:23:25.350434: Current learning rate: 0.00314
2026-09-01 01:25:17.723231: train_loss -0.6167
2026-09-01 01:25:17.727241: val_loss -0.599
2026-09-01 01:25:17.728874: Pseudo dice [np.float32(0.1177)]
2026-09-01 01:25:17.730218: Epoch time: 112.38 s
2026-09-01 01:25:19.865727: 
2026-09-01 01:25:19.872834: Epoch 725
2026-09-01 01:25:19.874492: Current learning rate: 0.00313
2026-09-01 01:27:06.447034: train_loss -0.601
2026-09-01 01:27:06.448887: val_loss -0.6375
2026-09-01 01:27:06.450512: Pseudo dice [np.float32(0.4205)]
2026-09-01 01:27:06.451656: Epoch time: 106.59 s
2026-09-01 01:27:06.452711: Yayy! New best EMA pseudo Dice: 0.24150000512599945
2026-09-01 01:27:09.751401: 
2026-09-01 01:27:09.753283: Epoch 726
2026-09-01 01:27:09.754379: Current learning rate: 0.00312
2026-09-01 01:28:57.692807: train_loss -0.6092
2026-09-01 01:28:57.697949: val_loss -0.5277
2026-09-01 01:28:57.699610: Pseudo dice [np.float32(0.242)]
2026-09-01 01:28:57.700729: Epoch time: 107.94 s
2026-09-01 01:28:57.701807: Yayy! New best EMA pseudo Dice: 0.24150000512599945
2026-09-01 01:29:01.373079: 
2026-09-01 01:29:01.374626: Epoch 727
2026-09-01 01:29:01.375650: Current learning rate: 0.00311
2026-09-01 01:30:55.884580: train_loss -0.6097
2026-09-01 01:30:55.895090: val_loss -0.6339
2026-09-01 01:30:55.896796: Pseudo dice [np.float32(0.287)]
2026-09-01 01:30:55.898418: Epoch time: 114.52 s
2026-09-01 01:30:55.900092: Yayy! New best EMA pseudo Dice: 0.24609999358654022
2026-09-01 01:30:58.759164: 
2026-09-01 01:30:58.760580: Epoch 728
2026-09-01 01:30:58.761702: Current learning rate: 0.0031
2026-09-01 01:32:42.822095: train_loss -0.6077
2026-09-01 01:32:42.824405: val_loss -0.584
2026-09-01 01:32:42.826186: Pseudo dice [np.float32(0.3027)]
2026-09-01 01:32:42.827394: Epoch time: 104.07 s
2026-09-01 01:32:42.828560: Yayy! New best EMA pseudo Dice: 0.2517000138759613
2026-09-01 01:32:45.469484: 
2026-09-01 01:32:45.471192: Epoch 729
2026-09-01 01:32:45.472290: Current learning rate: 0.00309
2026-09-01 01:34:30.542174: train_loss -0.6064
2026-09-01 01:34:30.544521: val_loss -0.5852
2026-09-01 01:34:30.545751: Pseudo dice [np.float32(0.1614)]
2026-09-01 01:34:30.546839: Epoch time: 105.08 s
2026-09-01 01:34:32.293417: 
2026-09-01 01:34:32.295006: Epoch 730
2026-09-01 01:34:32.295985: Current learning rate: 0.00308
2026-09-01 01:36:23.075608: train_loss -0.5931
2026-09-01 01:36:23.079712: val_loss -0.6217
2026-09-01 01:36:23.081532: Pseudo dice [np.float32(0.1796)]
2026-09-01 01:36:23.082739: Epoch time: 110.78 s
2026-09-01 01:36:24.629149: 
2026-09-01 01:36:24.630894: Epoch 731
2026-09-01 01:36:24.632038: Current learning rate: 0.00307
2026-09-01 01:38:08.997167: train_loss -0.5892
2026-09-01 01:38:08.998415: val_loss -0.6076
2026-09-01 01:38:09.024281: Pseudo dice [np.float32(0.1634)]
2026-09-01 01:38:09.025853: Epoch time: 104.37 s
2026-09-01 01:38:10.132840: 
2026-09-01 01:38:10.134508: Epoch 732
2026-09-01 01:38:10.135445: Current learning rate: 0.00306
2026-09-01 01:39:58.311789: train_loss -0.598
2026-09-01 01:39:58.313291: val_loss -0.5789
2026-09-01 01:39:58.314845: Pseudo dice [np.float32(0.2637)]
2026-09-01 01:39:58.316303: Epoch time: 108.18 s
2026-09-01 01:39:59.819287: 
2026-09-01 01:39:59.821208: Epoch 733
2026-09-01 01:39:59.822748: Current learning rate: 0.00305
2026-09-01 01:41:41.273403: train_loss -0.612
2026-09-01 01:41:41.274761: val_loss -0.6192
2026-09-01 01:41:41.276317: Pseudo dice [np.float32(0.4704)]
2026-09-01 01:41:41.277494: Epoch time: 101.46 s
2026-09-01 01:41:41.278593: Yayy! New best EMA pseudo Dice: 0.2563000023365021
2026-09-01 01:41:43.470898: 
2026-09-01 01:41:43.472495: Epoch 734
2026-09-01 01:41:43.473770: Current learning rate: 0.00304
2026-09-01 01:43:29.637024: train_loss -0.5897
2026-09-01 01:43:29.639480: val_loss -0.5823
2026-09-01 01:43:29.643124: Pseudo dice [np.float32(0.2631)]
2026-09-01 01:43:29.646176: Epoch time: 106.17 s
2026-09-01 01:43:29.647465: Yayy! New best EMA pseudo Dice: 0.25699999928474426
2026-09-01 01:43:32.476903: 
2026-09-01 01:43:32.478511: Epoch 735
2026-09-01 01:43:32.479523: Current learning rate: 0.00303
2026-09-01 01:45:16.314822: train_loss -0.5866
2026-09-01 01:45:16.321696: val_loss -0.5388
2026-09-01 01:45:16.341048: Pseudo dice [np.float32(0.1047)]
2026-09-01 01:45:16.342637: Epoch time: 103.84 s
2026-09-01 01:45:17.720870: 
2026-09-01 01:45:17.722623: Epoch 736
2026-09-01 01:45:17.723945: Current learning rate: 0.00302
2026-09-01 01:47:04.482162: train_loss -0.5936
2026-09-01 01:47:04.489195: val_loss -0.584
2026-09-01 01:47:04.490904: Pseudo dice [np.float32(0.3376)]
2026-09-01 01:47:04.492132: Epoch time: 106.76 s
2026-09-01 01:47:05.838555: 
2026-09-01 01:47:05.839934: Epoch 737
2026-09-01 01:47:05.841236: Current learning rate: 0.00301
2026-09-01 01:48:51.476723: train_loss -0.5865
2026-09-01 01:48:51.480608: val_loss -0.5938
2026-09-01 01:48:51.487819: Pseudo dice [np.float32(0.2857)]
2026-09-01 01:48:51.489209: Epoch time: 105.64 s
2026-09-01 01:48:52.865534: 
2026-09-01 01:48:52.867290: Epoch 738
2026-09-01 01:48:52.868598: Current learning rate: 0.003
2026-09-01 01:50:43.248626: train_loss -0.5979
2026-09-01 01:50:43.270193: val_loss -0.5874
2026-09-01 01:50:43.272141: Pseudo dice [np.float32(0.0713)]
2026-09-01 01:50:43.273683: Epoch time: 110.39 s
2026-09-01 01:50:44.780640: 
2026-09-01 01:50:44.782541: Epoch 739
2026-09-01 01:50:44.783653: Current learning rate: 0.00299
2026-09-01 01:52:32.205585: train_loss -0.5772
2026-09-01 01:52:32.222788: val_loss -0.5695
2026-09-01 01:52:32.224311: Pseudo dice [np.float32(0.1143)]
2026-09-01 01:52:32.225814: Epoch time: 107.43 s
2026-09-01 01:52:33.638199: 
2026-09-01 01:52:33.640162: Epoch 740
2026-09-01 01:52:33.641387: Current learning rate: 0.00297
2026-09-01 01:54:22.712332: train_loss -0.5519
2026-09-01 01:54:22.717399: val_loss -0.6515
2026-09-01 01:54:22.720634: Pseudo dice [np.float32(0.2371)]
2026-09-01 01:54:22.721995: Epoch time: 109.08 s
2026-09-01 01:54:23.904922: 
2026-09-01 01:54:23.906558: Epoch 741
2026-09-01 01:54:23.908251: Current learning rate: 0.00296
2026-09-01 01:56:11.627031: train_loss -0.5846
2026-09-01 01:56:11.632335: val_loss -0.6
2026-09-01 01:56:11.637740: Pseudo dice [np.float32(0.3009)]
2026-09-01 01:56:11.640143: Epoch time: 107.72 s
2026-09-01 01:56:13.609976: 
2026-09-01 01:56:13.614351: Epoch 742
2026-09-01 01:56:13.615408: Current learning rate: 0.00295
2026-09-01 01:57:56.636645: train_loss -0.5973
2026-09-01 01:57:56.643238: val_loss -0.6103
2026-09-01 01:57:56.645081: Pseudo dice [np.float32(0.2116)]
2026-09-01 01:57:56.646588: Epoch time: 103.03 s
2026-09-01 01:57:57.713348: 
2026-09-01 01:57:57.714949: Epoch 743
2026-09-01 01:57:57.716125: Current learning rate: 0.00294
2026-09-01 01:59:40.082020: train_loss -0.5749
2026-09-01 01:59:40.090208: val_loss -0.6055
2026-09-01 01:59:40.091657: Pseudo dice [np.float32(0.2149)]
2026-09-01 01:59:40.092723: Epoch time: 102.37 s
2026-09-01 01:59:41.412463: 
2026-09-01 01:59:41.414258: Epoch 744
2026-09-01 01:59:41.415336: Current learning rate: 0.00293
2026-09-01 02:01:28.001035: train_loss -0.5925
2026-09-01 02:01:28.002307: val_loss -0.6269
2026-09-01 02:01:28.003747: Pseudo dice [np.float32(0.1542)]
2026-09-01 02:01:28.005022: Epoch time: 106.59 s
2026-09-01 02:01:29.262134: 
2026-09-01 02:01:29.264253: Epoch 745
2026-09-01 02:01:29.265171: Current learning rate: 0.00292
2026-09-01 02:03:10.391145: train_loss -0.5972
2026-09-01 02:03:10.392790: val_loss -0.6087
2026-09-01 02:03:10.393968: Pseudo dice [np.float32(0.1637)]
2026-09-01 02:03:10.394966: Epoch time: 101.13 s
2026-09-01 02:03:11.276436: 
2026-09-01 02:03:11.277939: Epoch 746
2026-09-01 02:03:11.279042: Current learning rate: 0.00291
2026-09-01 02:04:58.766420: train_loss -0.5975
2026-09-01 02:04:58.771757: val_loss -0.4729
2026-09-01 02:04:58.777802: Pseudo dice [np.float32(0.0695)]
2026-09-01 02:04:58.779972: Epoch time: 107.49 s
2026-09-01 02:05:00.567466: 
2026-09-01 02:05:00.569351: Epoch 747
2026-09-01 02:05:00.570500: Current learning rate: 0.0029
2026-09-01 02:06:53.479162: train_loss -0.5644
2026-09-01 02:06:53.520421: val_loss -0.5388
2026-09-01 02:06:53.522293: Pseudo dice [np.float32(0.1671)]
2026-09-01 02:06:53.523843: Epoch time: 112.91 s
2026-09-01 02:06:55.455781: 
2026-09-01 02:06:55.457482: Epoch 748
2026-09-01 02:06:55.458874: Current learning rate: 0.00289
2026-09-01 02:08:38.169055: train_loss -0.5617
2026-09-01 02:08:38.170605: val_loss -0.519
2026-09-01 02:08:38.172083: Pseudo dice [np.float32(0.0757)]
2026-09-01 02:08:38.173670: Epoch time: 102.72 s
2026-09-01 02:08:39.080929: 
2026-09-01 02:08:39.082688: Epoch 749
2026-09-01 02:08:39.083750: Current learning rate: 0.00288
2026-09-01 02:10:21.070300: train_loss -0.5555
2026-09-01 02:10:21.072052: val_loss -0.5452
2026-09-01 02:10:21.073444: Pseudo dice [np.float32(0.0752)]
2026-09-01 02:10:21.074735: Epoch time: 101.99 s
2026-09-01 02:10:23.334678: 
2026-09-01 02:10:23.337234: Epoch 750
2026-09-01 02:10:23.338465: Current learning rate: 0.00287
2026-09-01 02:12:12.451328: train_loss -0.5653
2026-09-01 02:12:12.454939: val_loss -0.5772
2026-09-01 02:12:12.456501: Pseudo dice [np.float32(0.2192)]
2026-09-01 02:12:12.457823: Epoch time: 109.12 s
2026-09-01 02:12:14.107457: 
2026-09-01 02:12:14.109348: Epoch 751
2026-09-01 02:12:14.110454: Current learning rate: 0.00286
2026-09-01 02:14:02.355180: train_loss -0.5815
2026-09-01 02:14:02.369648: val_loss -0.5633
2026-09-01 02:14:02.375234: Pseudo dice [np.float32(0.1192)]
2026-09-01 02:14:02.377151: Epoch time: 108.25 s
2026-09-01 02:14:03.643732: 
2026-09-01 02:14:03.645518: Epoch 752
2026-09-01 02:14:03.646608: Current learning rate: 0.00285
2026-09-01 02:15:46.496350: train_loss -0.5952
2026-09-01 02:15:46.508880: val_loss -0.6058
2026-09-01 02:15:46.511464: Pseudo dice [np.float32(0.1062)]
2026-09-01 02:15:46.513142: Epoch time: 102.85 s
2026-09-01 02:15:48.408243: 
2026-09-01 02:15:48.415214: Epoch 753
2026-09-01 02:15:48.416537: Current learning rate: 0.00284
2026-09-01 02:17:37.011752: train_loss -0.6022
2026-09-01 02:17:37.017060: val_loss -0.591
2026-09-01 02:17:37.020475: Pseudo dice [np.float32(0.1863)]
2026-09-01 02:17:37.022034: Epoch time: 108.61 s
2026-09-01 02:17:38.169341: 
2026-09-01 02:17:38.171245: Epoch 754
2026-09-01 02:17:38.172213: Current learning rate: 0.00283
2026-09-01 02:19:21.210413: train_loss -0.5941
2026-09-01 02:19:21.231214: val_loss -0.5997
2026-09-01 02:19:21.232991: Pseudo dice [np.float32(0.2353)]
2026-09-01 02:19:21.234238: Epoch time: 103.04 s
2026-09-01 02:19:22.364212: 
2026-09-01 02:19:22.365834: Epoch 755
2026-09-01 02:19:22.367188: Current learning rate: 0.00282
2026-09-01 02:21:05.550608: train_loss -0.5991
2026-09-01 02:21:05.555852: val_loss -0.5601
2026-09-01 02:21:05.559094: Pseudo dice [np.float32(0.0817)]
2026-09-01 02:21:05.560206: Epoch time: 103.19 s
2026-09-01 02:21:06.931781: 
2026-09-01 02:21:06.933272: Epoch 756
2026-09-01 02:21:06.934307: Current learning rate: 0.00281
2026-09-01 02:22:56.682213: train_loss -0.6037
2026-09-01 02:22:56.687326: val_loss -0.5988
2026-09-01 02:22:56.689011: Pseudo dice [np.float32(0.3381)]
2026-09-01 02:22:56.690552: Epoch time: 109.75 s
2026-09-01 02:22:57.824211: 
2026-09-01 02:22:57.825718: Epoch 757
2026-09-01 02:22:57.826725: Current learning rate: 0.0028
2026-09-01 02:24:47.652018: train_loss -0.6056
2026-09-01 02:24:47.653516: val_loss -0.6185
2026-09-01 02:24:47.654811: Pseudo dice [np.float32(0.2262)]
2026-09-01 02:24:47.655957: Epoch time: 109.83 s
2026-09-01 02:24:48.756335: 
2026-09-01 02:24:48.758031: Epoch 758
2026-09-01 02:24:48.759288: Current learning rate: 0.00279
2026-09-01 02:26:35.804950: train_loss -0.5916
2026-09-01 02:26:35.813541: val_loss -0.6378
2026-09-01 02:26:35.815411: Pseudo dice [np.float32(0.3669)]
2026-09-01 02:26:35.817105: Epoch time: 107.05 s
2026-09-01 02:26:36.864619: 
2026-09-01 02:26:36.866150: Epoch 759
2026-09-01 02:26:36.867100: Current learning rate: 0.00278
2026-09-01 02:28:21.450480: train_loss -0.5756
2026-09-01 02:28:21.454512: val_loss -0.6841
2026-09-01 02:28:21.456228: Pseudo dice [np.float32(0.3631)]
2026-09-01 02:28:21.457679: Epoch time: 104.59 s
2026-09-01 02:28:22.747937: 
2026-09-01 02:28:22.749458: Epoch 760
2026-09-01 02:28:22.750488: Current learning rate: 0.00277
2026-09-01 02:30:12.317338: train_loss -0.6032
2026-09-01 02:30:12.319224: val_loss -0.5395
2026-09-01 02:30:12.320346: Pseudo dice [np.float32(0.1714)]
2026-09-01 02:30:12.321620: Epoch time: 109.57 s
2026-09-01 02:30:13.536565: 
2026-09-01 02:30:13.538143: Epoch 761
2026-09-01 02:30:13.539088: Current learning rate: 0.00276
2026-09-01 02:31:57.946305: train_loss -0.6087
2026-09-01 02:31:57.948180: val_loss -0.5585
2026-09-01 02:31:57.949851: Pseudo dice [np.float32(0.3043)]
2026-09-01 02:31:57.951212: Epoch time: 104.41 s
2026-09-01 02:31:59.563020: 
2026-09-01 02:31:59.564970: Epoch 762
2026-09-01 02:31:59.566098: Current learning rate: 0.00275
2026-09-01 02:33:47.998686: train_loss -0.5713
2026-09-01 02:33:48.008757: val_loss -0.5839
2026-09-01 02:33:48.009904: Pseudo dice [np.float32(0.2388)]
2026-09-01 02:33:48.010912: Epoch time: 108.44 s
2026-09-01 02:33:50.341821: 
2026-09-01 02:33:50.356059: Epoch 763
2026-09-01 02:33:50.357421: Current learning rate: 0.00274
2026-09-01 02:35:37.076356: train_loss -0.5809
2026-09-01 02:35:37.077697: val_loss -0.6109
2026-09-01 02:35:37.078844: Pseudo dice [np.float32(0.3709)]
2026-09-01 02:35:37.079977: Epoch time: 106.74 s
2026-09-01 02:35:38.163885: 
2026-09-01 02:35:38.165566: Epoch 764
2026-09-01 02:35:38.166729: Current learning rate: 0.00273
2026-09-01 02:37:22.983589: train_loss -0.6009
2026-09-01 02:37:22.985027: val_loss -0.584
2026-09-01 02:37:22.986377: Pseudo dice [np.float32(0.172)]
2026-09-01 02:37:22.987510: Epoch time: 104.82 s
2026-09-01 02:37:23.902360: 
2026-09-01 02:37:23.903673: Epoch 765
2026-09-01 02:37:23.904730: Current learning rate: 0.00272
2026-09-01 02:39:06.708464: train_loss -0.5912
2026-09-01 02:39:06.710485: val_loss -0.5189
2026-09-01 02:39:06.712033: Pseudo dice [np.float32(0.1614)]
2026-09-01 02:39:06.713415: Epoch time: 102.8 s
2026-09-01 02:39:08.188292: 
2026-09-01 02:39:08.190161: Epoch 766
2026-09-01 02:39:08.191388: Current learning rate: 0.00271
2026-09-01 02:41:01.076541: train_loss -0.595
2026-09-01 02:41:01.084534: val_loss -0.5665
2026-09-01 02:41:01.086070: Pseudo dice [np.float32(0.2331)]
2026-09-01 02:41:01.087488: Epoch time: 112.89 s
2026-09-01 02:41:02.383172: 
2026-09-01 02:41:02.384849: Epoch 767
2026-09-01 02:41:02.385929: Current learning rate: 0.0027
2026-09-01 02:42:49.073986: train_loss -0.6054
2026-09-01 02:42:49.082813: val_loss -0.476
2026-09-01 02:42:49.091861: Pseudo dice [np.float32(0.1601)]
2026-09-01 02:42:49.093078: Epoch time: 106.69 s
2026-09-01 02:42:50.977590: 
2026-09-01 02:42:50.979303: Epoch 768
2026-09-01 02:42:50.980546: Current learning rate: 0.00268
2026-09-01 02:44:37.670983: train_loss -0.5978
2026-09-01 02:44:37.672944: val_loss -0.6277
2026-09-01 02:44:37.674438: Pseudo dice [np.float32(0.2191)]
2026-09-01 02:44:37.675905: Epoch time: 106.69 s
2026-09-01 02:44:38.728866: 
2026-09-01 02:44:38.730490: Epoch 769
2026-09-01 02:44:38.731548: Current learning rate: 0.00267
2026-09-01 02:46:31.053583: train_loss -0.6038
2026-09-01 02:46:31.064890: val_loss -0.6303
2026-09-01 02:46:31.076966: Pseudo dice [np.float32(0.2792)]
2026-09-01 02:46:31.078696: Epoch time: 112.33 s
2026-09-01 02:46:32.642755: 
2026-09-01 02:46:32.644826: Epoch 770
2026-09-01 02:46:32.645934: Current learning rate: 0.00266
2026-09-01 02:48:17.209736: train_loss -0.5855
2026-09-01 02:48:17.211921: val_loss -0.6744
2026-09-01 02:48:17.213530: Pseudo dice [np.float32(0.2646)]
2026-09-01 02:48:17.214785: Epoch time: 104.57 s
2026-09-01 02:48:18.237212: 
2026-09-01 02:48:18.238666: Epoch 771
2026-09-01 02:48:18.239825: Current learning rate: 0.00265
2026-09-01 02:50:05.051833: train_loss -0.5964
2026-09-01 02:50:05.057289: val_loss -0.5576
2026-09-01 02:50:05.059307: Pseudo dice [np.float32(0.109)]
2026-09-01 02:50:05.060580: Epoch time: 106.82 s
2026-09-01 02:50:07.069047: 
2026-09-01 02:50:07.076797: Epoch 772
2026-09-01 02:50:07.078313: Current learning rate: 0.00264
2026-09-01 02:51:50.842780: train_loss -0.6044
2026-09-01 02:51:50.845596: val_loss -0.6015
2026-09-01 02:51:50.847107: Pseudo dice [np.float32(0.1641)]
2026-09-01 02:51:50.848730: Epoch time: 103.78 s
2026-09-01 02:51:52.180236: 
2026-09-01 02:51:52.182118: Epoch 773
2026-09-01 02:51:52.183615: Current learning rate: 0.00263
2026-09-01 02:53:39.070269: train_loss -0.6236
2026-09-01 02:53:39.076176: val_loss -0.6141
2026-09-01 02:53:39.077707: Pseudo dice [np.float32(0.1495)]
2026-09-01 02:53:39.078904: Epoch time: 106.89 s
2026-09-01 02:53:40.671345: 
2026-09-01 02:53:40.673656: Epoch 774
2026-09-01 02:53:40.674943: Current learning rate: 0.00262
2026-09-01 02:55:26.300745: train_loss -0.591
2026-09-01 02:55:26.302532: val_loss -0.6079
2026-09-01 02:55:26.303990: Pseudo dice [np.float32(0.2561)]
2026-09-01 02:55:26.305381: Epoch time: 105.63 s
2026-09-01 02:55:28.034263: 
2026-09-01 02:55:28.036207: Epoch 775
2026-09-01 02:55:28.037571: Current learning rate: 0.00261
2026-09-01 02:57:17.100137: train_loss -0.5988
2026-09-01 02:57:17.110404: val_loss -0.5832
2026-09-01 02:57:17.111666: Pseudo dice [np.float32(0.2722)]
2026-09-01 02:57:17.112669: Epoch time: 109.07 s
2026-09-01 02:57:18.398732: 
2026-09-01 02:57:18.400890: Epoch 776
2026-09-01 02:57:18.402293: Current learning rate: 0.0026
2026-09-01 02:59:08.985435: train_loss -0.5948
2026-09-01 02:59:08.987259: val_loss -0.5476
2026-09-01 02:59:08.988711: Pseudo dice [np.float32(0.2311)]
2026-09-01 02:59:08.989943: Epoch time: 110.59 s
2026-09-01 02:59:10.197989: 
2026-09-01 02:59:10.199589: Epoch 777
2026-09-01 02:59:10.200500: Current learning rate: 0.00259
2026-09-01 03:00:55.205950: train_loss -0.5939
2026-09-01 03:00:55.212939: val_loss -0.5987
2026-09-01 03:00:55.215104: Pseudo dice [np.float32(0.2671)]
2026-09-01 03:00:55.216681: Epoch time: 105.01 s
2026-09-01 03:00:56.768449: 
2026-09-01 03:00:56.770244: Epoch 778
2026-09-01 03:00:56.771707: Current learning rate: 0.00258
2026-09-01 03:02:45.054677: train_loss -0.5833
2026-09-01 03:02:45.060263: val_loss -0.5859
2026-09-01 03:02:45.061960: Pseudo dice [np.float32(0.4644)]
2026-09-01 03:02:45.063158: Epoch time: 108.29 s
2026-09-01 03:02:46.840299: 
2026-09-01 03:02:46.842016: Epoch 779
2026-09-01 03:02:46.843167: Current learning rate: 0.00257
2026-09-01 03:04:30.763269: train_loss -0.5935
2026-09-01 03:04:30.764828: val_loss -0.5384
2026-09-01 03:04:30.766294: Pseudo dice [np.float32(0.1787)]
2026-09-01 03:04:30.768896: Epoch time: 103.93 s
2026-09-01 03:04:31.829772: 
2026-09-01 03:04:31.831508: Epoch 780
2026-09-01 03:04:31.832608: Current learning rate: 0.00256
2026-09-01 03:06:17.156487: train_loss -0.6095
2026-09-01 03:06:17.173558: val_loss -0.5493
2026-09-01 03:06:17.175503: Pseudo dice [np.float32(0.3051)]
2026-09-01 03:06:17.176984: Epoch time: 105.33 s
2026-09-01 03:06:18.281299: 
2026-09-01 03:06:18.282888: Epoch 781
2026-09-01 03:06:18.283995: Current learning rate: 0.00255
2026-09-01 03:08:02.000837: train_loss -0.647
2026-09-01 03:08:02.005124: val_loss -0.6109
2026-09-01 03:08:02.007301: Pseudo dice [np.float32(0.2557)]
2026-09-01 03:08:02.009020: Epoch time: 103.72 s
2026-09-01 03:08:03.287977: 
2026-09-01 03:08:03.289640: Epoch 782
2026-09-01 03:08:03.290778: Current learning rate: 0.00254
2026-09-01 03:09:52.021173: train_loss -0.6157
2026-09-01 03:09:52.029948: val_loss -0.5686
2026-09-01 03:09:52.034890: Pseudo dice [np.float32(0.4444)]
2026-09-01 03:09:52.045166: Epoch time: 108.74 s
2026-09-01 03:09:52.047657: Yayy! New best EMA pseudo Dice: 0.2676999866962433
2026-09-01 03:09:55.197023: 
2026-09-01 03:09:55.198619: Epoch 783
2026-09-01 03:09:55.199661: Current learning rate: 0.00253
2026-09-01 03:11:39.150960: train_loss -0.6085
2026-09-01 03:11:39.152771: val_loss -0.5707
2026-09-01 03:11:39.154146: Pseudo dice [np.float32(0.195)]
2026-09-01 03:11:39.155314: Epoch time: 103.96 s
2026-09-01 03:11:40.066021: 
2026-09-01 03:11:40.067689: Epoch 784
2026-09-01 03:11:40.068668: Current learning rate: 0.00252
2026-09-01 03:13:33.738946: train_loss -0.5932
2026-09-01 03:13:33.740606: val_loss -0.5558
2026-09-01 03:13:33.741961: Pseudo dice [np.float32(0.1154)]
2026-09-01 03:13:33.743084: Epoch time: 113.68 s
2026-09-01 03:13:34.701616: 
2026-09-01 03:13:34.703442: Epoch 785
2026-09-01 03:13:34.704417: Current learning rate: 0.00251
2026-09-01 03:15:23.872753: train_loss -0.601
2026-09-01 03:15:23.879533: val_loss -0.6394
2026-09-01 03:15:23.881534: Pseudo dice [np.float32(0.4581)]
2026-09-01 03:15:23.882839: Epoch time: 109.17 s
2026-09-01 03:15:25.169270: 
2026-09-01 03:15:25.170851: Epoch 786
2026-09-01 03:15:25.171946: Current learning rate: 0.0025
2026-09-01 03:17:10.808203: train_loss -0.5858
2026-09-01 03:17:10.817862: val_loss -0.5562
2026-09-01 03:17:10.820366: Pseudo dice [np.float32(0.1281)]
2026-09-01 03:17:10.821707: Epoch time: 105.64 s
2026-09-01 03:17:12.360192: 
2026-09-01 03:17:12.362172: Epoch 787
2026-09-01 03:17:12.363396: Current learning rate: 0.00249
2026-09-01 03:18:58.158870: train_loss -0.5973
2026-09-01 03:18:58.164696: val_loss -0.5603
2026-09-01 03:18:58.166230: Pseudo dice [np.float32(0.2487)]
2026-09-01 03:18:58.167622: Epoch time: 105.8 s
2026-09-01 03:18:59.362851: 
2026-09-01 03:18:59.364558: Epoch 788
2026-09-01 03:18:59.365602: Current learning rate: 0.00248
2026-09-01 03:20:44.432148: train_loss -0.5962
2026-09-01 03:20:44.436601: val_loss -0.6188
2026-09-01 03:20:44.438074: Pseudo dice [np.float32(0.2029)]
2026-09-01 03:20:44.439429: Epoch time: 105.07 s
2026-09-01 03:20:45.758526: 
2026-09-01 03:20:45.760233: Epoch 789
2026-09-01 03:20:45.761261: Current learning rate: 0.00247
2026-09-01 03:22:28.925870: train_loss -0.5999
2026-09-01 03:22:28.927600: val_loss -0.6191
2026-09-01 03:22:28.929244: Pseudo dice [np.float32(0.2684)]
2026-09-01 03:22:28.946275: Epoch time: 103.17 s
2026-09-01 03:22:30.230699: 
2026-09-01 03:22:30.232272: Epoch 790
2026-09-01 03:22:30.233283: Current learning rate: 0.00245
2026-09-01 03:24:21.495639: train_loss -0.615
2026-09-01 03:24:21.503296: val_loss -0.6181
2026-09-01 03:24:21.506653: Pseudo dice [np.float32(0.4571)]
2026-09-01 03:24:21.508071: Epoch time: 111.27 s
2026-09-01 03:24:21.509227: Yayy! New best EMA pseudo Dice: 0.27059999108314514
2026-09-01 03:24:24.308813: 
2026-09-01 03:24:24.310646: Epoch 791
2026-09-01 03:24:24.311867: Current learning rate: 0.00244
2026-09-01 03:26:05.543317: train_loss -0.621
2026-09-01 03:26:05.550080: val_loss -0.6104
2026-09-01 03:26:05.551916: Pseudo dice [np.float32(0.3328)]
2026-09-01 03:26:05.553210: Epoch time: 101.24 s
2026-09-01 03:26:05.554455: Yayy! New best EMA pseudo Dice: 0.2768000066280365
2026-09-01 03:26:07.854274: 
2026-09-01 03:26:07.856144: Epoch 792
2026-09-01 03:26:07.857284: Current learning rate: 0.00243
2026-09-01 03:27:50.457094: train_loss -0.5965
2026-09-01 03:27:50.464145: val_loss -0.5161
2026-09-01 03:27:50.479690: Pseudo dice [np.float32(0.3704)]
2026-09-01 03:27:50.481259: Epoch time: 102.61 s
2026-09-01 03:27:50.482232: Yayy! New best EMA pseudo Dice: 0.28619998693466187
2026-09-01 03:27:52.810550: 
2026-09-01 03:27:52.812144: Epoch 793
2026-09-01 03:27:52.813256: Current learning rate: 0.00242
2026-09-01 03:29:37.588524: train_loss -0.5674
2026-09-01 03:29:37.620886: val_loss -0.5441
2026-09-01 03:29:37.622858: Pseudo dice [np.float32(0.1132)]
2026-09-01 03:29:37.624242: Epoch time: 104.78 s
2026-09-01 03:29:39.052225: 
2026-09-01 03:29:39.053792: Epoch 794
2026-09-01 03:29:39.054896: Current learning rate: 0.00241
2026-09-01 03:31:24.020877: train_loss -0.5988
2026-09-01 03:31:24.025224: val_loss -0.5778
2026-09-01 03:31:24.030181: Pseudo dice [np.float32(0.0922)]
2026-09-01 03:31:24.031872: Epoch time: 104.97 s
2026-09-01 03:31:25.307435: 
2026-09-01 03:31:25.309313: Epoch 795
2026-09-01 03:31:25.310300: Current learning rate: 0.0024
2026-09-01 03:33:13.196552: train_loss -0.6108
2026-09-01 03:33:13.209818: val_loss -0.6007
2026-09-01 03:33:13.224386: Pseudo dice [np.float32(0.1822)]
2026-09-01 03:33:13.227151: Epoch time: 107.89 s
2026-09-01 03:33:14.931762: 
2026-09-01 03:33:14.933551: Epoch 796
2026-09-01 03:33:14.934538: Current learning rate: 0.00239
2026-09-01 03:35:00.424554: train_loss -0.596
2026-09-01 03:35:00.427984: val_loss -0.626
2026-09-01 03:35:00.432100: Pseudo dice [np.float32(0.335)]
2026-09-01 03:35:00.437665: Epoch time: 105.5 s
2026-09-01 03:35:01.507905: 
2026-09-01 03:35:01.509490: Epoch 797
2026-09-01 03:35:01.510515: Current learning rate: 0.00238
2026-09-01 03:36:44.469657: train_loss -0.6097
2026-09-01 03:36:44.471885: val_loss -0.6237
2026-09-01 03:36:44.473391: Pseudo dice [np.float32(0.1115)]
2026-09-01 03:36:44.474866: Epoch time: 102.96 s
2026-09-01 03:36:45.647021: 
2026-09-01 03:36:45.648572: Epoch 798
2026-09-01 03:36:45.649497: Current learning rate: 0.00237
2026-09-01 03:38:27.025924: train_loss -0.607
2026-09-01 03:38:27.027717: val_loss -0.6291
2026-09-01 03:38:27.029505: Pseudo dice [np.float32(0.2216)]
2026-09-01 03:38:27.031085: Epoch time: 101.38 s
2026-09-01 03:38:27.939955: 
2026-09-01 03:38:27.941584: Epoch 799
2026-09-01 03:38:27.942690: Current learning rate: 0.00236
2026-09-01 03:40:12.012640: train_loss -0.6126
2026-09-01 03:40:12.026551: val_loss -0.6074
2026-09-01 03:40:12.028478: Pseudo dice [np.float32(0.3215)]
2026-09-01 03:40:12.029887: Epoch time: 104.08 s
2026-09-01 03:40:14.964345: 
2026-09-01 03:40:14.966182: Epoch 800
2026-09-01 03:40:14.967340: Current learning rate: 0.00235
2026-09-01 03:41:57.422094: train_loss -0.6279
2026-09-01 03:41:57.423829: val_loss -0.6462
2026-09-01 03:41:57.424994: Pseudo dice [np.float32(0.1972)]
2026-09-01 03:41:57.425971: Epoch time: 102.46 s
2026-09-01 03:41:58.324821: 
2026-09-01 03:41:58.326226: Epoch 801
2026-09-01 03:41:58.327313: Current learning rate: 0.00234
2026-09-01 03:43:43.287627: train_loss -0.6006
2026-09-01 03:43:43.290167: val_loss -0.5846
2026-09-01 03:43:43.299720: Pseudo dice [np.float32(0.2256)]
2026-09-01 03:43:43.301463: Epoch time: 104.96 s
2026-09-01 03:43:44.958887: 
2026-09-01 03:43:44.960987: Epoch 802
2026-09-01 03:43:44.962023: Current learning rate: 0.00233
2026-09-01 03:45:34.955435: train_loss -0.5865
2026-09-01 03:45:34.957132: val_loss -0.6043
2026-09-01 03:45:34.958431: Pseudo dice [np.float32(0.2188)]
2026-09-01 03:45:34.960031: Epoch time: 110.0 s
2026-09-01 03:45:36.267752: 
2026-09-01 03:45:36.269438: Epoch 803
2026-09-01 03:45:36.270639: Current learning rate: 0.00232
2026-09-01 03:47:25.346710: train_loss -0.6114
2026-09-01 03:47:25.351566: val_loss -0.5912
2026-09-01 03:47:25.353034: Pseudo dice [np.float32(0.1131)]
2026-09-01 03:47:25.354269: Epoch time: 109.08 s
2026-09-01 03:47:26.485954: 
2026-09-01 03:47:26.487416: Epoch 804
2026-09-01 03:47:26.488430: Current learning rate: 0.00231
2026-09-01 03:49:19.166951: train_loss -0.6148
2026-09-01 03:49:19.171934: val_loss -0.5836
2026-09-01 03:49:19.173241: Pseudo dice [np.float32(0.2044)]
2026-09-01 03:49:19.174458: Epoch time: 112.68 s
2026-09-01 03:49:21.309642: 
2026-09-01 03:49:21.311841: Epoch 805
2026-09-01 03:49:21.312953: Current learning rate: 0.0023
2026-09-01 03:51:11.578284: train_loss -0.6283
2026-09-01 03:51:11.634263: val_loss -0.5367
2026-09-01 03:51:11.636158: Pseudo dice [np.float32(0.2016)]
2026-09-01 03:51:11.637624: Epoch time: 110.27 s
2026-09-01 03:51:12.691369: 
2026-09-01 03:51:12.693022: Epoch 806
2026-09-01 03:51:12.694336: Current learning rate: 0.00229
2026-09-01 03:52:58.810938: train_loss -0.5962
2026-09-01 03:52:58.815491: val_loss -0.5782
2026-09-01 03:52:58.817687: Pseudo dice [np.float32(0.3762)]
2026-09-01 03:52:58.819564: Epoch time: 106.12 s
2026-09-01 03:53:00.070402: 
2026-09-01 03:53:00.072274: Epoch 807
2026-09-01 03:53:00.073325: Current learning rate: 0.00228
2026-09-01 03:54:51.630032: train_loss -0.6218
2026-09-01 03:54:51.631983: val_loss -0.6571
2026-09-01 03:54:51.633908: Pseudo dice [np.float32(0.3832)]
2026-09-01 03:54:51.635179: Epoch time: 111.56 s
2026-09-01 03:54:52.645274: 
2026-09-01 03:54:52.647218: Epoch 808
2026-09-01 03:54:52.648195: Current learning rate: 0.00226
2026-09-01 03:56:36.483736: train_loss -0.6335
2026-09-01 03:56:36.485810: val_loss -0.575
2026-09-01 03:56:36.487377: Pseudo dice [np.float32(0.1931)]
2026-09-01 03:56:36.490161: Epoch time: 103.84 s
2026-09-01 03:56:37.806851: 
2026-09-01 03:56:37.808788: Epoch 809
2026-09-01 03:56:37.809841: Current learning rate: 0.00225
2026-09-01 03:58:20.193402: train_loss -0.6373
2026-09-01 03:58:20.194981: val_loss -0.642
2026-09-01 03:58:20.200722: Pseudo dice [np.float32(0.3366)]
2026-09-01 03:58:20.201859: Epoch time: 102.39 s
2026-09-01 03:58:21.280707: 
2026-09-01 03:58:21.282387: Epoch 810
2026-09-01 03:58:21.283545: Current learning rate: 0.00224
2026-09-01 04:00:06.269073: train_loss -0.586
2026-09-01 04:00:06.281489: val_loss -0.6011
2026-09-01 04:00:06.283323: Pseudo dice [np.float32(0.2869)]
2026-09-01 04:00:06.284662: Epoch time: 104.99 s
2026-09-01 04:00:08.485218: 
2026-09-01 04:00:08.487114: Epoch 811
2026-09-01 04:00:08.488510: Current learning rate: 0.00223
2026-09-01 04:01:52.979576: train_loss -0.6289
2026-09-01 04:01:52.994533: val_loss -0.6775
2026-09-01 04:01:52.996199: Pseudo dice [np.float32(0.3228)]
2026-09-01 04:01:52.997570: Epoch time: 104.5 s
2026-09-01 04:01:53.943514: 
2026-09-01 04:01:53.945239: Epoch 812
2026-09-01 04:01:53.946350: Current learning rate: 0.00222
2026-09-01 04:03:39.038905: train_loss -0.5813
2026-09-01 04:03:39.051027: val_loss -0.6182
2026-09-01 04:03:39.052816: Pseudo dice [np.float32(0.2646)]
2026-09-01 04:03:39.053921: Epoch time: 105.1 s
2026-09-01 04:03:40.347345: 
2026-09-01 04:03:40.349452: Epoch 813
2026-09-01 04:03:40.350764: Current learning rate: 0.00221
2026-09-01 04:05:23.630775: train_loss -0.6113
2026-09-01 04:05:23.638063: val_loss -0.5396
2026-09-01 04:05:23.639509: Pseudo dice [np.float32(0.2697)]
2026-09-01 04:05:23.640777: Epoch time: 103.29 s
2026-09-01 04:05:25.273572: 
2026-09-01 04:05:25.275362: Epoch 814
2026-09-01 04:05:25.276489: Current learning rate: 0.0022
2026-09-01 04:07:10.450435: train_loss -0.6109
2026-09-01 04:07:10.460010: val_loss -0.6066
2026-09-01 04:07:10.463456: Pseudo dice [np.float32(0.1426)]
2026-09-01 04:07:10.464820: Epoch time: 105.18 s
2026-09-01 04:07:13.802815: 
2026-09-01 04:07:13.804362: Epoch 815
2026-09-01 04:07:13.805434: Current learning rate: 0.00219
2026-09-01 04:09:00.399405: train_loss -0.5933
2026-09-01 04:09:00.401184: val_loss -0.5637
2026-09-01 04:09:00.402491: Pseudo dice [np.float32(0.2044)]
2026-09-01 04:09:00.403746: Epoch time: 106.6 s
2026-09-01 04:09:01.866354: 
2026-09-01 04:09:01.868628: Epoch 816
2026-09-01 04:09:01.869594: Current learning rate: 0.00218
2026-09-01 04:10:47.260919: train_loss -0.5925
2026-09-01 04:10:47.262699: val_loss -0.6107
2026-09-01 04:10:47.263864: Pseudo dice [np.float32(0.2513)]
2026-09-01 04:10:47.264775: Epoch time: 105.4 s
2026-09-01 04:10:48.600910: 
2026-09-01 04:10:48.602776: Epoch 817
2026-09-01 04:10:48.603813: Current learning rate: 0.00217
2026-09-01 04:12:33.128958: train_loss -0.6174
2026-09-01 04:12:33.130708: val_loss -0.5894
2026-09-01 04:12:33.136967: Pseudo dice [np.float32(0.1749)]
2026-09-01 04:12:33.138350: Epoch time: 104.53 s
2026-09-01 04:12:34.542449: 
2026-09-01 04:12:34.544465: Epoch 818
2026-09-01 04:12:34.545493: Current learning rate: 0.00216
2026-09-01 04:14:18.900516: train_loss -0.6187
2026-09-01 04:14:18.911503: val_loss -0.6415
2026-09-01 04:14:18.913345: Pseudo dice [np.float32(0.4236)]
2026-09-01 04:14:18.914770: Epoch time: 104.36 s
2026-09-01 04:14:20.174079: 
2026-09-01 04:14:20.175870: Epoch 819
2026-09-01 04:14:20.176874: Current learning rate: 0.00215
2026-09-01 04:16:04.142447: train_loss -0.6387
2026-09-01 04:16:04.160235: val_loss -0.5725
2026-09-01 04:16:04.162101: Pseudo dice [np.float32(0.213)]
2026-09-01 04:16:04.163997: Epoch time: 103.97 s
2026-09-01 04:16:05.700177: 
2026-09-01 04:16:05.702043: Epoch 820
2026-09-01 04:16:05.703428: Current learning rate: 0.00214
2026-09-01 04:17:56.745138: train_loss -0.607
2026-09-01 04:17:56.781689: val_loss -0.61
2026-09-01 04:17:56.783976: Pseudo dice [np.float32(0.2976)]
2026-09-01 04:17:56.785410: Epoch time: 111.05 s
2026-09-01 04:17:58.352722: 
2026-09-01 04:17:58.354870: Epoch 821
2026-09-01 04:17:58.356128: Current learning rate: 0.00213
2026-09-01 04:19:44.313941: train_loss -0.6068
2026-09-01 04:19:44.320349: val_loss -0.6231
2026-09-01 04:19:44.322588: Pseudo dice [np.float32(0.257)]
2026-09-01 04:19:44.323662: Epoch time: 105.96 s
2026-09-01 04:19:45.570908: 
2026-09-01 04:19:45.572560: Epoch 822
2026-09-01 04:19:45.573550: Current learning rate: 0.00212
2026-09-01 04:21:29.291903: train_loss -0.614
2026-09-01 04:21:29.295209: val_loss -0.637
2026-09-01 04:21:29.299392: Pseudo dice [np.float32(0.2819)]
2026-09-01 04:21:29.300817: Epoch time: 103.72 s
2026-09-01 04:21:30.860789: 
2026-09-01 04:21:30.862517: Epoch 823
2026-09-01 04:21:30.863682: Current learning rate: 0.0021
2026-09-01 04:23:13.280962: train_loss -0.6089
2026-09-01 04:23:13.285989: val_loss -0.5986
2026-09-01 04:23:13.289510: Pseudo dice [np.float32(0.2516)]
2026-09-01 04:23:13.290941: Epoch time: 102.42 s
2026-09-01 04:23:14.936941: 
2026-09-01 04:23:14.938827: Epoch 824
2026-09-01 04:23:14.940288: Current learning rate: 0.00209
2026-09-01 04:24:58.640342: train_loss -0.6189
2026-09-01 04:24:58.641973: val_loss -0.6337
2026-09-01 04:24:58.643116: Pseudo dice [np.float32(0.4916)]
2026-09-01 04:24:58.644359: Epoch time: 103.71 s
2026-09-01 04:25:00.790762: 
2026-09-01 04:25:00.792748: Epoch 825
2026-09-01 04:25:00.794462: Current learning rate: 0.00208
2026-09-01 04:26:46.735004: train_loss -0.6298
2026-09-01 04:26:46.741461: val_loss -0.5826
2026-09-01 04:26:46.742766: Pseudo dice [np.float32(0.3896)]
2026-09-01 04:26:46.743805: Epoch time: 105.95 s
2026-09-01 04:26:46.744938: Yayy! New best EMA pseudo Dice: 0.2937999963760376
2026-09-01 04:26:49.893830: 
2026-09-01 04:26:49.895681: Epoch 826
2026-09-01 04:26:49.896814: Current learning rate: 0.00207
2026-09-01 04:28:42.440816: train_loss -0.6168
2026-09-01 04:28:42.445757: val_loss -0.6196
2026-09-01 04:28:42.447145: Pseudo dice [np.float32(0.1762)]
2026-09-01 04:28:42.448347: Epoch time: 112.55 s
2026-09-01 04:28:43.992404: 
2026-09-01 04:28:43.994103: Epoch 827
2026-09-01 04:28:43.995140: Current learning rate: 0.00206
2026-09-01 04:30:26.551542: train_loss -0.6065
2026-09-01 04:30:26.591618: val_loss -0.6215
2026-09-01 04:30:26.593327: Pseudo dice [np.float32(0.2003)]
2026-09-01 04:30:26.594624: Epoch time: 102.56 s
2026-09-01 04:30:28.182562: 
2026-09-01 04:30:28.186869: Epoch 828
2026-09-01 04:30:28.187913: Current learning rate: 0.00205
2026-09-01 04:32:14.227345: train_loss -0.6137
2026-09-01 04:32:14.231035: val_loss -0.6641
2026-09-01 04:32:14.232944: Pseudo dice [np.float32(0.2861)]
2026-09-01 04:32:14.234409: Epoch time: 106.05 s
2026-09-01 04:32:15.534937: 
2026-09-01 04:32:15.537167: Epoch 829
2026-09-01 04:32:15.538764: Current learning rate: 0.00204
2026-09-01 04:34:01.244266: train_loss -0.6184
2026-09-01 04:34:01.246032: val_loss -0.5782
2026-09-01 04:34:01.247345: Pseudo dice [np.float32(0.147)]
2026-09-01 04:34:01.248527: Epoch time: 105.71 s
2026-09-01 04:34:02.414439: 
2026-09-01 04:34:02.416199: Epoch 830
2026-09-01 04:34:02.417211: Current learning rate: 0.00203
2026-09-01 04:35:50.325798: train_loss -0.6272
2026-09-01 04:35:50.333491: val_loss -0.5811
2026-09-01 04:35:50.340055: Pseudo dice [np.float32(0.3232)]
2026-09-01 04:35:50.341430: Epoch time: 107.91 s
2026-09-01 04:35:51.445283: 
2026-09-01 04:35:51.446914: Epoch 831
2026-09-01 04:35:51.447860: Current learning rate: 0.00202
2026-09-01 04:37:36.863451: train_loss -0.6001
2026-09-01 04:37:36.866599: val_loss -0.5767
2026-09-01 04:37:36.867909: Pseudo dice [np.float32(0.5019)]
2026-09-01 04:37:36.868963: Epoch time: 105.42 s
2026-09-01 04:37:38.101239: 
2026-09-01 04:37:38.103146: Epoch 832
2026-09-01 04:37:38.104220: Current learning rate: 0.00201
2026-09-01 04:39:21.701065: train_loss -0.6091
2026-09-01 04:39:21.707772: val_loss -0.5747
2026-09-01 04:39:21.712440: Pseudo dice [np.float32(0.1999)]
2026-09-01 04:39:21.714276: Epoch time: 103.6 s
2026-09-01 04:39:23.118656: 
2026-09-01 04:39:23.120988: Epoch 833
2026-09-01 04:39:23.122299: Current learning rate: 0.002
2026-09-01 04:41:16.606707: train_loss -0.6283
2026-09-01 04:41:16.613581: val_loss -0.6753
2026-09-01 04:41:16.615374: Pseudo dice [np.float32(0.4586)]
2026-09-01 04:41:16.616933: Epoch time: 113.49 s
2026-09-01 04:41:16.618219: Yayy! New best EMA pseudo Dice: 0.3000999987125397
2026-09-01 04:41:20.442286: 
2026-09-01 04:41:20.443795: Epoch 834
2026-09-01 04:41:20.444945: Current learning rate: 0.00199
2026-09-01 04:43:08.939639: train_loss -0.6375
2026-09-01 04:43:08.941605: val_loss -0.5875
2026-09-01 04:43:08.943309: Pseudo dice [np.float32(0.4488)]
2026-09-01 04:43:08.944605: Epoch time: 108.5 s
2026-09-01 04:43:08.945858: Yayy! New best EMA pseudo Dice: 0.3149999976158142
2026-09-01 04:43:11.616190: 
2026-09-01 04:43:11.617996: Epoch 835
2026-09-01 04:43:11.619187: Current learning rate: 0.00198
2026-09-01 04:44:59.622853: train_loss -0.6246
2026-09-01 04:44:59.624577: val_loss -0.6466
2026-09-01 04:44:59.625886: Pseudo dice [np.float32(0.178)]
2026-09-01 04:44:59.626901: Epoch time: 108.01 s
2026-09-01 04:45:01.093070: 
2026-09-01 04:45:01.100462: Epoch 836
2026-09-01 04:45:01.102220: Current learning rate: 0.00196
2026-09-01 04:46:48.546600: train_loss -0.6161
2026-09-01 04:46:48.555311: val_loss -0.5941
2026-09-01 04:46:48.559461: Pseudo dice [np.float32(0.2724)]
2026-09-01 04:46:48.571097: Epoch time: 107.46 s
2026-09-01 04:46:50.173209: 
2026-09-01 04:46:50.175139: Epoch 837
2026-09-01 04:46:50.176154: Current learning rate: 0.00195
2026-09-01 04:48:35.440696: train_loss -0.5951
2026-09-01 04:48:35.442091: val_loss -0.6288
2026-09-01 04:48:35.443402: Pseudo dice [np.float32(0.3672)]
2026-09-01 04:48:35.444485: Epoch time: 105.27 s
2026-09-01 04:48:37.234860: 
2026-09-01 04:48:37.240664: Epoch 838
2026-09-01 04:48:37.241848: Current learning rate: 0.00194
2026-09-01 04:50:28.484481: train_loss -0.611
2026-09-01 04:50:28.487977: val_loss -0.5896
2026-09-01 04:50:28.489617: Pseudo dice [np.float32(0.1968)]
2026-09-01 04:50:28.491270: Epoch time: 111.25 s
2026-09-01 04:50:29.718846: 
2026-09-01 04:50:29.720913: Epoch 839
2026-09-01 04:50:29.721888: Current learning rate: 0.00193
2026-09-01 04:52:16.317598: train_loss -0.6056
2026-09-01 04:52:16.320488: val_loss -0.6
2026-09-01 04:52:16.322416: Pseudo dice [np.float32(0.4139)]
2026-09-01 04:52:16.323987: Epoch time: 106.6 s
2026-09-01 04:52:17.782565: 
2026-09-01 04:52:17.784486: Epoch 840
2026-09-01 04:52:17.785782: Current learning rate: 0.00192
2026-09-01 04:54:01.578846: train_loss -0.6187
2026-09-01 04:54:01.580512: val_loss -0.629
2026-09-01 04:54:01.582057: Pseudo dice [np.float32(0.2114)]
2026-09-01 04:54:01.583239: Epoch time: 103.8 s
2026-09-01 04:54:02.686028: 
2026-09-01 04:54:02.688079: Epoch 841
2026-09-01 04:54:02.689185: Current learning rate: 0.00191
2026-09-01 04:55:48.639444: train_loss -0.6382
2026-09-01 04:55:48.641718: val_loss -0.6679
2026-09-01 04:55:48.643179: Pseudo dice [np.float32(0.4913)]
2026-09-01 04:55:48.645150: Epoch time: 105.96 s
2026-09-01 04:55:48.646529: Yayy! New best EMA pseudo Dice: 0.31630000472068787
2026-09-01 04:55:51.410738: 
2026-09-01 04:55:51.412403: Epoch 842
2026-09-01 04:55:51.413471: Current learning rate: 0.0019
2026-09-01 04:57:39.775682: train_loss -0.6138
2026-09-01 04:57:39.780762: val_loss -0.6498
2026-09-01 04:57:39.792042: Pseudo dice [np.float32(0.4782)]
2026-09-01 04:57:39.793390: Epoch time: 108.36 s
2026-09-01 04:57:39.794792: Yayy! New best EMA pseudo Dice: 0.33250001072883606
2026-09-01 04:57:42.336991: 
2026-09-01 04:57:42.338741: Epoch 843
2026-09-01 04:57:42.340042: Current learning rate: 0.00189
2026-09-01 04:59:33.800333: train_loss -0.6269
2026-09-01 04:59:33.809786: val_loss -0.5465
2026-09-01 04:59:33.816534: Pseudo dice [np.float32(0.4636)]
2026-09-01 04:59:33.818663: Epoch time: 111.47 s
2026-09-01 04:59:33.819829: Yayy! New best EMA pseudo Dice: 0.3456000089645386
2026-09-01 04:59:38.595578: 
2026-09-01 04:59:38.597467: Epoch 844
2026-09-01 04:59:38.599003: Current learning rate: 0.00188
2026-09-01 05:01:23.961462: train_loss -0.6191
2026-09-01 05:01:23.964807: val_loss -0.5839
2026-09-01 05:01:23.968289: Pseudo dice [np.float32(0.4301)]
2026-09-01 05:01:23.970044: Epoch time: 105.37 s
2026-09-01 05:01:23.971041: Yayy! New best EMA pseudo Dice: 0.35409998893737793
2026-09-01 05:01:26.532782: 
2026-09-01 05:01:26.534353: Epoch 845
2026-09-01 05:01:26.535418: Current learning rate: 0.00187
2026-09-01 05:03:15.456747: train_loss -0.6336
2026-09-01 05:03:15.465787: val_loss -0.653
2026-09-01 05:03:15.476040: Pseudo dice [np.float32(0.3481)]
2026-09-01 05:03:15.477501: Epoch time: 108.93 s
2026-09-01 05:03:16.918192: 
2026-09-01 05:03:16.920207: Epoch 846
2026-09-01 05:03:16.921404: Current learning rate: 0.00186
2026-09-01 05:05:04.587832: train_loss -0.6321
2026-09-01 05:05:04.593289: val_loss -0.6067
2026-09-01 05:05:04.598204: Pseudo dice [np.float32(0.1796)]
2026-09-01 05:05:04.599634: Epoch time: 107.67 s
2026-09-01 05:05:05.943891: 
2026-09-01 05:05:05.945795: Epoch 847
2026-09-01 05:05:05.946767: Current learning rate: 0.00185
2026-09-01 05:06:49.728330: train_loss -0.6324
2026-09-01 05:06:49.759062: val_loss -0.5775
2026-09-01 05:06:49.760540: Pseudo dice [np.float32(0.2625)]
2026-09-01 05:06:49.765187: Epoch time: 103.79 s
2026-09-01 05:06:50.921622: 
2026-09-01 05:06:50.923239: Epoch 848
2026-09-01 05:06:50.924279: Current learning rate: 0.00184
2026-09-01 05:08:32.773604: train_loss -0.6281
2026-09-01 05:08:32.775161: val_loss -0.6536
2026-09-01 05:08:32.776308: Pseudo dice [np.float32(0.2561)]
2026-09-01 05:08:32.777532: Epoch time: 101.85 s
2026-09-01 05:08:33.672245: 
2026-09-01 05:08:33.673838: Epoch 849
2026-09-01 05:08:33.674934: Current learning rate: 0.00182
2026-09-01 05:10:20.355276: train_loss -0.6393
2026-09-01 05:10:20.364293: val_loss -0.6211
2026-09-01 05:10:20.387561: Pseudo dice [np.float32(0.2222)]
2026-09-01 05:10:20.389194: Epoch time: 106.69 s
2026-09-01 05:10:23.973704: 
2026-09-01 05:10:23.978067: Epoch 850
2026-09-01 05:10:23.980975: Current learning rate: 0.00181
2026-09-01 05:12:11.175516: train_loss -0.6137
2026-09-01 05:12:11.177084: val_loss -0.6936
2026-09-01 05:12:11.178380: Pseudo dice [np.float32(0.447)]
2026-09-01 05:12:11.179723: Epoch time: 107.2 s
2026-09-01 05:12:12.354692: 
2026-09-01 05:12:12.356471: Epoch 851
2026-09-01 05:12:12.357438: Current learning rate: 0.0018
2026-09-01 05:13:56.827710: train_loss -0.6271
2026-09-01 05:13:56.837096: val_loss -0.6124
2026-09-01 05:13:56.839406: Pseudo dice [np.float32(0.452)]
2026-09-01 05:13:56.841277: Epoch time: 104.47 s
2026-09-01 05:13:57.773533: 
2026-09-01 05:13:57.775483: Epoch 852
2026-09-01 05:13:57.776661: Current learning rate: 0.00179
2026-09-01 05:15:47.078555: train_loss -0.6385
2026-09-01 05:15:47.084046: val_loss -0.6342
2026-09-01 05:15:47.087417: Pseudo dice [np.float32(0.4733)]
2026-09-01 05:15:47.088567: Epoch time: 109.31 s
2026-09-01 05:15:50.043061: 
2026-09-01 05:15:50.044753: Epoch 853
2026-09-01 05:15:50.045929: Current learning rate: 0.00178
2026-09-01 05:17:34.255616: train_loss -0.6403
2026-09-01 05:17:34.263700: val_loss -0.6146
2026-09-01 05:17:34.265055: Pseudo dice [np.float32(0.5572)]
2026-09-01 05:17:34.265982: Epoch time: 104.21 s
2026-09-01 05:17:34.267064: Yayy! New best EMA pseudo Dice: 0.3718999922275543
2026-09-01 05:17:36.678306: 
2026-09-01 05:17:36.679643: Epoch 854
2026-09-01 05:17:36.680772: Current learning rate: 0.00177
2026-09-01 05:19:20.228869: train_loss -0.6428
2026-09-01 05:19:20.231333: val_loss -0.6193
2026-09-01 05:19:20.233033: Pseudo dice [np.float32(0.3221)]
2026-09-01 05:19:20.238340: Epoch time: 103.55 s
2026-09-01 05:19:22.272762: 
2026-09-01 05:19:22.277612: Epoch 855
2026-09-01 05:19:22.279143: Current learning rate: 0.00176
2026-09-01 05:21:13.808835: train_loss -0.6195
2026-09-01 05:21:13.826973: val_loss -0.6279
2026-09-01 05:21:13.829007: Pseudo dice [np.float32(0.6212)]
2026-09-01 05:21:13.830344: Epoch time: 111.54 s
2026-09-01 05:21:13.831387: Yayy! New best EMA pseudo Dice: 0.39239999651908875
2026-09-01 05:21:16.793643: 
2026-09-01 05:21:16.795447: Epoch 856
2026-09-01 05:21:16.796499: Current learning rate: 0.00175
2026-09-01 05:23:02.031053: train_loss -0.6412
2026-09-01 05:23:02.037316: val_loss -0.5881
2026-09-01 05:23:02.041447: Pseudo dice [np.float32(0.3829)]
2026-09-01 05:23:02.045650: Epoch time: 105.24 s
2026-09-01 05:23:03.787391: 
2026-09-01 05:23:03.789311: Epoch 857
2026-09-01 05:23:03.790625: Current learning rate: 0.00174
2026-09-01 05:24:47.839766: train_loss -0.6167
2026-09-01 05:24:47.854261: val_loss -0.6442
2026-09-01 05:24:47.855685: Pseudo dice [np.float32(0.538)]
2026-09-01 05:24:47.856953: Epoch time: 104.06 s
2026-09-01 05:24:47.858097: Yayy! New best EMA pseudo Dice: 0.40610000491142273
2026-09-01 05:24:50.316597: 
2026-09-01 05:24:50.318131: Epoch 858
2026-09-01 05:24:50.319202: Current learning rate: 0.00173
2026-09-01 05:26:43.077384: train_loss -0.6247
2026-09-01 05:26:43.082213: val_loss -0.5794
2026-09-01 05:26:43.095354: Pseudo dice [np.float32(0.1493)]
2026-09-01 05:26:43.096780: Epoch time: 112.76 s
2026-09-01 05:26:44.054807: 
2026-09-01 05:26:44.056217: Epoch 859
2026-09-01 05:26:44.057274: Current learning rate: 0.00172
2026-09-01 05:28:32.573073: train_loss -0.6243
2026-09-01 05:28:32.593718: val_loss -0.6238
2026-09-01 05:28:32.600302: Pseudo dice [np.float32(0.5385)]
2026-09-01 05:28:32.601600: Epoch time: 108.52 s
2026-09-01 05:28:33.985496: 
2026-09-01 05:28:33.986904: Epoch 860
2026-09-01 05:28:33.988143: Current learning rate: 0.0017
2026-09-01 05:30:22.052652: train_loss -0.6417
2026-09-01 05:30:22.055933: val_loss -0.6019
2026-09-01 05:30:22.060656: Pseudo dice [np.float32(0.2969)]
2026-09-01 05:30:22.061960: Epoch time: 108.07 s
2026-09-01 05:30:23.166649: 
2026-09-01 05:30:23.168448: Epoch 861
2026-09-01 05:30:23.169794: Current learning rate: 0.00169
2026-09-01 05:32:08.774844: train_loss -0.6406
2026-09-01 05:32:08.776691: val_loss -0.629
2026-09-01 05:32:08.778028: Pseudo dice [np.float32(0.1187)]
2026-09-01 05:32:08.779209: Epoch time: 105.61 s
2026-09-01 05:32:10.425715: 
2026-09-01 05:32:10.431807: Epoch 862
2026-09-01 05:32:10.433100: Current learning rate: 0.00168
2026-09-01 05:34:02.678164: train_loss -0.6064
2026-09-01 05:34:02.700041: val_loss -0.5736
2026-09-01 05:34:02.701550: Pseudo dice [np.float32(0.4659)]
2026-09-01 05:34:02.702835: Epoch time: 112.25 s
2026-09-01 05:34:04.453567: 
2026-09-01 05:34:04.455307: Epoch 863
2026-09-01 05:34:04.456691: Current learning rate: 0.00167
2026-09-01 05:36:04.561942: train_loss -0.6423
2026-09-01 05:36:04.568455: val_loss -0.6351
2026-09-01 05:36:04.577485: Pseudo dice [np.float32(0.5195)]
2026-09-01 05:36:04.592403: Epoch time: 120.11 s
2026-09-01 05:36:06.320078: 
2026-09-01 05:36:06.326010: Epoch 864
2026-09-01 05:36:06.327125: Current learning rate: 0.00166
2026-09-01 05:37:49.544355: train_loss -0.6492
2026-09-01 05:37:49.557079: val_loss -0.6579
2026-09-01 05:37:49.558285: Pseudo dice [np.float32(0.5216)]
2026-09-01 05:37:49.559650: Epoch time: 103.23 s
2026-09-01 05:37:50.493596: 
2026-09-01 05:37:50.495265: Epoch 865
2026-09-01 05:37:50.496464: Current learning rate: 0.00165
2026-09-01 05:39:37.641363: train_loss -0.6093
2026-09-01 05:39:37.643189: val_loss -0.6486
2026-09-01 05:39:37.644586: Pseudo dice [np.float32(0.4665)]
2026-09-01 05:39:37.645605: Epoch time: 107.15 s
2026-09-01 05:39:39.056589: 
2026-09-01 05:39:39.058594: Epoch 866
2026-09-01 05:39:39.059589: Current learning rate: 0.00164
2026-09-01 05:41:23.979816: train_loss -0.6181
2026-09-01 05:41:23.981593: val_loss -0.612
2026-09-01 05:41:23.983631: Pseudo dice [np.float32(0.2037)]
2026-09-01 05:41:23.984825: Epoch time: 104.93 s
2026-09-01 05:41:25.374705: 
2026-09-01 05:41:25.377017: Epoch 867
2026-09-01 05:41:25.378305: Current learning rate: 0.00163
2026-09-01 05:43:20.706062: train_loss -0.628
2026-09-01 05:43:20.714931: val_loss -0.6342
2026-09-01 05:43:20.716758: Pseudo dice [np.float32(0.5185)]
2026-09-01 05:43:20.722779: Epoch time: 115.33 s
2026-09-01 05:43:22.301354: 
2026-09-01 05:43:22.303308: Epoch 868
2026-09-01 05:43:22.304430: Current learning rate: 0.00162
2026-09-01 05:45:06.155862: train_loss -0.6151
2026-09-01 05:45:06.164799: val_loss -0.5976
2026-09-01 05:45:06.167133: Pseudo dice [np.float32(0.1382)]
2026-09-01 05:45:06.168941: Epoch time: 103.86 s
2026-09-01 05:45:07.678960: 
2026-09-01 05:45:07.680765: Epoch 869
2026-09-01 05:45:07.682203: Current learning rate: 0.00161
2026-09-01 05:46:52.959383: train_loss -0.6317
2026-09-01 05:46:52.989557: val_loss -0.5806
2026-09-01 05:46:52.990719: Pseudo dice [np.float32(0.2102)]
2026-09-01 05:46:52.994507: Epoch time: 105.28 s
2026-09-01 05:46:54.314103: 
2026-09-01 05:46:54.316016: Epoch 870
2026-09-01 05:46:54.317080: Current learning rate: 0.00159
2026-09-01 05:48:37.172495: train_loss -0.6328
2026-09-01 05:48:37.176488: val_loss -0.603
2026-09-01 05:48:37.177804: Pseudo dice [np.float32(0.2331)]
2026-09-01 05:48:37.178824: Epoch time: 102.86 s
2026-09-01 05:48:38.558762: 
2026-09-01 05:48:38.560405: Epoch 871
2026-09-01 05:48:38.561318: Current learning rate: 0.00158
2026-09-01 05:50:27.578608: train_loss -0.6416
2026-09-01 05:50:27.583889: val_loss -0.5836
2026-09-01 05:50:27.616928: Pseudo dice [np.float32(0.2236)]
2026-09-01 05:50:27.618767: Epoch time: 109.02 s
2026-09-01 05:50:28.833147: 
2026-09-01 05:50:28.834964: Epoch 872
2026-09-01 05:50:28.835904: Current learning rate: 0.00157
2026-09-01 05:52:18.024933: train_loss -0.648
2026-09-01 05:52:18.042644: val_loss -0.6261
2026-09-01 05:52:18.051036: Pseudo dice [np.float32(0.5034)]
2026-09-01 05:52:18.052294: Epoch time: 109.19 s
2026-09-01 05:52:19.541717: 
2026-09-01 05:52:19.543544: Epoch 873
2026-09-01 05:52:19.544693: Current learning rate: 0.00156
2026-09-01 05:54:06.166631: train_loss -0.6516
2026-09-01 05:54:06.171802: val_loss -0.565
2026-09-01 05:54:06.190024: Pseudo dice [np.float32(0.2917)]
2026-09-01 05:54:06.193659: Epoch time: 106.63 s
2026-09-01 05:54:07.699337: 
2026-09-01 05:54:07.701451: Epoch 874
2026-09-01 05:54:07.702550: Current learning rate: 0.00155
2026-09-01 05:55:55.670186: train_loss -0.606
2026-09-01 05:55:55.675511: val_loss -0.6914
2026-09-01 05:55:55.678783: Pseudo dice [np.float32(0.4838)]
2026-09-01 05:55:55.679936: Epoch time: 107.97 s
2026-09-01 05:55:56.782049: 
2026-09-01 05:55:56.783597: Epoch 875
2026-09-01 05:55:56.784829: Current learning rate: 0.00154
2026-09-01 05:57:40.082098: train_loss -0.6515
2026-09-01 05:57:40.099078: val_loss -0.638
2026-09-01 05:57:40.103351: Pseudo dice [np.float32(0.4858)]
2026-09-01 05:57:40.104680: Epoch time: 103.3 s
2026-09-01 05:57:41.704746: 
2026-09-01 05:57:41.706978: Epoch 876
2026-09-01 05:57:41.708232: Current learning rate: 0.00153
2026-09-01 05:59:26.371057: train_loss -0.6595
2026-09-01 05:59:26.385717: val_loss -0.6023
2026-09-01 05:59:26.387320: Pseudo dice [np.float32(0.4581)]
2026-09-01 05:59:26.388603: Epoch time: 104.67 s
2026-09-01 05:59:27.886671: 
2026-09-01 05:59:27.888233: Epoch 877
2026-09-01 05:59:27.889160: Current learning rate: 0.00152
2026-09-01 06:01:16.072536: train_loss -0.6018
2026-09-01 06:01:16.077092: val_loss -0.5497
2026-09-01 06:01:16.078464: Pseudo dice [np.float32(0.3046)]
2026-09-01 06:01:16.079762: Epoch time: 108.19 s
2026-09-01 06:01:17.534492: 
2026-09-01 06:01:17.540353: Epoch 878
2026-09-01 06:01:17.541904: Current learning rate: 0.00151
2026-09-01 06:03:02.958161: train_loss -0.611
2026-09-01 06:03:02.962200: val_loss -0.6077
2026-09-01 06:03:02.965872: Pseudo dice [np.float32(0.2828)]
2026-09-01 06:03:02.967484: Epoch time: 105.43 s
2026-09-01 06:03:04.455960: 
2026-09-01 06:03:04.470401: Epoch 879
2026-09-01 06:03:04.472101: Current learning rate: 0.00149
2026-09-01 06:04:47.672501: train_loss -0.6404
2026-09-01 06:04:47.693727: val_loss -0.6915
2026-09-01 06:04:47.695495: Pseudo dice [np.float32(0.3323)]
2026-09-01 06:04:47.697239: Epoch time: 103.22 s
2026-09-01 06:04:49.324095: 
2026-09-01 06:04:49.325778: Epoch 880
2026-09-01 06:04:49.326893: Current learning rate: 0.00148
2026-09-01 06:06:36.777372: train_loss -0.636
2026-09-01 06:06:36.782407: val_loss -0.5368
2026-09-01 06:06:36.785856: Pseudo dice [np.float32(0.177)]
2026-09-01 06:06:36.787363: Epoch time: 107.46 s
2026-09-01 06:06:38.360885: 
2026-09-01 06:06:38.362571: Epoch 881
2026-09-01 06:06:38.363808: Current learning rate: 0.00147
2026-09-01 06:08:22.226088: train_loss -0.6588
2026-09-01 06:08:22.229928: val_loss -0.6112
2026-09-01 06:08:22.247886: Pseudo dice [np.float32(0.3392)]
2026-09-01 06:08:22.249411: Epoch time: 103.87 s
2026-09-01 06:08:23.724889: 
2026-09-01 06:08:23.726736: Epoch 882
2026-09-01 06:08:23.727728: Current learning rate: 0.00146
2026-09-01 06:10:14.919204: train_loss -0.6484
2026-09-01 06:10:14.921106: val_loss -0.6563
2026-09-01 06:10:14.922589: Pseudo dice [np.float32(0.426)]
2026-09-01 06:10:14.923764: Epoch time: 111.2 s
2026-09-01 06:10:17.332007: 
2026-09-01 06:10:17.333742: Epoch 883
2026-09-01 06:10:17.335022: Current learning rate: 0.00145
2026-09-01 06:12:06.827508: train_loss -0.631
2026-09-01 06:12:06.841499: val_loss -0.5682
2026-09-01 06:12:06.843121: Pseudo dice [np.float32(0.2583)]
2026-09-01 06:12:06.844573: Epoch time: 109.5 s
2026-09-01 06:12:08.546344: 
2026-09-01 06:12:08.548769: Epoch 884
2026-09-01 06:12:08.550075: Current learning rate: 0.00144
2026-09-01 06:13:53.164309: train_loss -0.6199
2026-09-01 06:13:53.168324: val_loss -0.6179
2026-09-01 06:13:53.169737: Pseudo dice [np.float32(0.4191)]
2026-09-01 06:13:53.170747: Epoch time: 104.62 s
2026-09-01 06:13:54.885277: 
2026-09-01 06:13:54.886964: Epoch 885
2026-09-01 06:13:54.887905: Current learning rate: 0.00143
2026-09-01 06:15:43.830618: train_loss -0.64
2026-09-01 06:15:43.840140: val_loss -0.5746
2026-09-01 06:15:43.841829: Pseudo dice [np.float32(0.2432)]
2026-09-01 06:15:43.843090: Epoch time: 108.95 s
2026-09-01 06:15:45.229123: 
2026-09-01 06:15:45.231469: Epoch 886
2026-09-01 06:15:45.232765: Current learning rate: 0.00142
2026-09-01 06:17:38.899832: train_loss -0.6412
2026-09-01 06:17:38.902861: val_loss -0.6035
2026-09-01 06:17:38.904315: Pseudo dice [np.float32(0.4432)]
2026-09-01 06:17:38.905586: Epoch time: 113.67 s
2026-09-01 06:17:40.608930: 
2026-09-01 06:17:40.611066: Epoch 887
2026-09-01 06:17:40.612319: Current learning rate: 0.00141
2026-09-01 06:19:37.648289: train_loss -0.605
2026-09-01 06:19:37.652700: val_loss -0.5814
2026-09-01 06:19:37.654487: Pseudo dice [np.float32(0.3536)]
2026-09-01 06:19:37.655944: Epoch time: 117.04 s
2026-09-01 06:19:39.050284: 
2026-09-01 06:19:39.051940: Epoch 888
2026-09-01 06:19:39.053448: Current learning rate: 0.00139
2026-09-01 06:21:30.077311: train_loss -0.635
2026-09-01 06:21:30.083511: val_loss -0.622
2026-09-01 06:21:30.105493: Pseudo dice [np.float32(0.2709)]
2026-09-01 06:21:30.111996: Epoch time: 111.03 s
2026-09-01 06:21:31.365849: 
2026-09-01 06:21:31.367804: Epoch 889
2026-09-01 06:21:31.368942: Current learning rate: 0.00138
2026-09-01 06:23:19.960669: train_loss -0.6662
2026-09-01 06:23:19.962562: val_loss -0.6201
2026-09-01 06:23:19.964077: Pseudo dice [np.float32(0.2048)]
2026-09-01 06:23:19.996784: Epoch time: 108.6 s
2026-09-01 06:23:21.378000: 
2026-09-01 06:23:21.379893: Epoch 890
2026-09-01 06:23:21.380838: Current learning rate: 0.00137
2026-09-01 06:25:05.855405: train_loss -0.6427
2026-09-01 06:25:05.859342: val_loss -0.6364
2026-09-01 06:25:05.880902: Pseudo dice [np.float32(0.4535)]
2026-09-01 06:25:05.882746: Epoch time: 104.48 s
2026-09-01 06:25:07.504281: 
2026-09-01 06:25:07.506176: Epoch 891
2026-09-01 06:25:07.507183: Current learning rate: 0.00136
2026-09-01 06:26:53.019200: train_loss -0.6557
2026-09-01 06:26:53.023262: val_loss -0.6067
2026-09-01 06:26:53.025047: Pseudo dice [np.float32(0.4452)]
2026-09-01 06:26:53.026607: Epoch time: 105.52 s
2026-09-01 06:26:54.609179: 
2026-09-01 06:26:54.610875: Epoch 892
2026-09-01 06:26:54.612157: Current learning rate: 0.00135
2026-09-01 06:28:37.839694: train_loss -0.6595
2026-09-01 06:28:37.848776: val_loss -0.6531
2026-09-01 06:28:37.850950: Pseudo dice [np.float32(0.5526)]
2026-09-01 06:28:37.852522: Epoch time: 103.23 s
2026-09-01 06:28:39.402770: 
2026-09-01 06:28:39.404340: Epoch 893
2026-09-01 06:28:39.405314: Current learning rate: 0.00134
2026-09-01 06:30:23.774099: train_loss -0.6542
2026-09-01 06:30:23.779332: val_loss -0.6436
2026-09-01 06:30:23.782718: Pseudo dice [np.float32(0.2891)]
2026-09-01 06:30:23.783891: Epoch time: 104.37 s
2026-09-01 06:30:27.056332: 
2026-09-01 06:30:27.057973: Epoch 894
2026-09-01 06:30:27.058977: Current learning rate: 0.00133
2026-09-01 06:32:11.656060: train_loss -0.646
2026-09-01 06:32:11.663125: val_loss -0.6618
2026-09-01 06:32:11.666570: Pseudo dice [np.float32(0.249)]
2026-09-01 06:32:11.667867: Epoch time: 104.6 s
2026-09-01 06:32:12.857808: 
2026-09-01 06:32:12.859562: Epoch 895
2026-09-01 06:32:12.860521: Current learning rate: 0.00132
2026-09-01 06:33:55.227326: train_loss -0.6505
2026-09-01 06:33:55.234902: val_loss -0.6293
2026-09-01 06:33:55.236668: Pseudo dice [np.float32(0.4996)]
2026-09-01 06:33:55.238034: Epoch time: 102.37 s
2026-09-01 06:33:56.261328: 
2026-09-01 06:33:56.262612: Epoch 896
2026-09-01 06:33:56.263624: Current learning rate: 0.0013
2026-09-01 06:35:39.994921: train_loss -0.632
2026-09-01 06:35:40.003584: val_loss -0.6289
2026-09-01 06:35:40.006166: Pseudo dice [np.float32(0.5391)]
2026-09-01 06:35:40.007321: Epoch time: 103.74 s
2026-09-01 06:35:41.132996: 
2026-09-01 06:35:41.135126: Epoch 897
2026-09-01 06:35:41.136376: Current learning rate: 0.00129
2026-09-01 06:37:26.688354: train_loss -0.6399
2026-09-01 06:37:26.696745: val_loss -0.6531
2026-09-01 06:37:26.697947: Pseudo dice [np.float32(0.6823)]
2026-09-01 06:37:26.699181: Epoch time: 105.56 s
2026-09-01 06:37:26.700386: Yayy! New best EMA pseudo Dice: 0.4133000075817108
2026-09-01 06:37:29.154969: 
2026-09-01 06:37:29.156590: Epoch 898
2026-09-01 06:37:29.157551: Current learning rate: 0.00128
2026-09-01 06:39:13.204408: train_loss -0.6316
2026-09-01 06:39:13.215810: val_loss -0.6003
2026-09-01 06:39:13.218950: Pseudo dice [np.float32(0.245)]
2026-09-01 06:39:13.220734: Epoch time: 104.05 s
2026-09-01 06:39:14.499686: 
2026-09-01 06:39:14.501399: Epoch 899
2026-09-01 06:39:14.502679: Current learning rate: 0.00127
2026-09-01 06:41:04.063048: train_loss -0.6725
2026-09-01 06:41:04.065160: val_loss -0.644
2026-09-01 06:41:04.066849: Pseudo dice [np.float32(0.4675)]
2026-09-01 06:41:04.068261: Epoch time: 109.57 s
2026-09-01 06:41:06.277815: 
2026-09-01 06:41:06.279584: Epoch 900
2026-09-01 06:41:06.280693: Current learning rate: 0.00126
2026-09-01 06:42:48.733457: train_loss -0.6742
2026-09-01 06:42:48.739090: val_loss -0.755
2026-09-01 06:42:48.740742: Pseudo dice [np.float32(0.4829)]
2026-09-01 06:42:48.742017: Epoch time: 102.46 s
2026-09-01 06:42:50.113633: 
2026-09-01 06:42:50.115329: Epoch 901
2026-09-01 06:42:50.116413: Current learning rate: 0.00125
2026-09-01 06:44:30.921910: train_loss -0.6627
2026-09-01 06:44:30.923512: val_loss -0.6543
2026-09-01 06:44:30.924800: Pseudo dice [np.float32(0.3432)]
2026-09-01 06:44:30.925932: Epoch time: 100.81 s
2026-09-01 06:44:31.862538: 
2026-09-01 06:44:31.864139: Epoch 902
2026-09-01 06:44:31.865344: Current learning rate: 0.00124
2026-09-01 06:46:16.516194: train_loss -0.6791
2026-09-01 06:46:16.523047: val_loss -0.69
2026-09-01 06:46:16.524660: Pseudo dice [np.float32(0.3764)]
2026-09-01 06:46:16.526365: Epoch time: 104.66 s
2026-09-01 06:46:17.844704: 
2026-09-01 06:46:17.851722: Epoch 903
2026-09-01 06:46:17.853302: Current learning rate: 0.00122
2026-09-01 06:48:07.053256: train_loss -0.6602
2026-09-01 06:48:07.064877: val_loss -0.6382
2026-09-01 06:48:07.066177: Pseudo dice [np.float32(0.6134)]
2026-09-01 06:48:07.067144: Epoch time: 109.21 s
2026-09-01 06:48:07.068221: Yayy! New best EMA pseudo Dice: 0.4230000078678131
2026-09-01 06:48:09.808746: 
2026-09-01 06:48:09.810448: Epoch 904
2026-09-01 06:48:09.811491: Current learning rate: 0.00121
2026-09-01 06:49:57.372152: train_loss -0.6626
2026-09-01 06:49:57.387954: val_loss -0.6449
2026-09-01 06:49:57.389601: Pseudo dice [np.float32(0.6613)]
2026-09-01 06:49:57.390861: Epoch time: 107.57 s
2026-09-01 06:49:57.392137: Yayy! New best EMA pseudo Dice: 0.44679999351501465
2026-09-01 06:49:59.855626: 
2026-09-01 06:49:59.856943: Epoch 905
2026-09-01 06:49:59.857950: Current learning rate: 0.0012
2026-09-01 06:51:44.815332: train_loss -0.6704
2026-09-01 06:51:44.818962: val_loss -0.6577
2026-09-01 06:51:44.823734: Pseudo dice [np.float32(0.466)]
2026-09-01 06:51:44.825200: Epoch time: 104.96 s
2026-09-01 06:51:44.826504: Yayy! New best EMA pseudo Dice: 0.4487999975681305
2026-09-01 06:51:47.256869: 
2026-09-01 06:51:47.258592: Epoch 906
2026-09-01 06:51:47.259583: Current learning rate: 0.00119
2026-09-01 06:53:31.267164: train_loss -0.676
2026-09-01 06:53:31.269773: val_loss -0.6483
2026-09-01 06:53:31.270894: Pseudo dice [np.float32(0.4433)]
2026-09-01 06:53:31.271973: Epoch time: 104.01 s
2026-09-01 06:53:32.986618: 
2026-09-01 06:53:32.988118: Epoch 907
2026-09-01 06:53:32.989296: Current learning rate: 0.00118
2026-09-01 06:55:19.245030: train_loss -0.6551
2026-09-01 06:55:19.248808: val_loss -0.5876
2026-09-01 06:55:19.252640: Pseudo dice [np.float32(0.2915)]
2026-09-01 06:55:19.254142: Epoch time: 106.26 s
2026-09-01 06:55:20.320200: 
2026-09-01 06:55:20.321688: Epoch 908
2026-09-01 06:55:20.322777: Current learning rate: 0.00117
2026-09-01 06:57:06.816928: train_loss -0.671
2026-09-01 06:57:06.823987: val_loss -0.627
2026-09-01 06:57:06.825365: Pseudo dice [np.float32(0.2126)]
2026-09-01 06:57:06.826688: Epoch time: 106.5 s
2026-09-01 06:57:08.574615: 
2026-09-01 06:57:08.582606: Epoch 909
2026-09-01 06:57:08.584392: Current learning rate: 0.00116
2026-09-01 06:58:57.995173: train_loss -0.6599
2026-09-01 06:58:58.008015: val_loss -0.5406
2026-09-01 06:58:58.012779: Pseudo dice [np.float32(0.1711)]
2026-09-01 06:58:58.014018: Epoch time: 109.42 s
2026-09-01 06:58:59.299132: 
2026-09-01 06:58:59.301041: Epoch 910
2026-09-01 06:58:59.302007: Current learning rate: 0.00115
2026-09-01 07:00:42.452780: train_loss -0.664
2026-09-01 07:00:42.472373: val_loss -0.7052
2026-09-01 07:00:42.474297: Pseudo dice [np.float32(0.53)]
2026-09-01 07:00:42.475701: Epoch time: 103.16 s
2026-09-01 07:00:43.509332: 
2026-09-01 07:00:43.510896: Epoch 911
2026-09-01 07:00:43.511824: Current learning rate: 0.00113
2026-09-01 07:02:25.326753: train_loss -0.6556
2026-09-01 07:02:25.332272: val_loss -0.6269
2026-09-01 07:02:25.335686: Pseudo dice [np.float32(0.318)]
2026-09-01 07:02:25.337205: Epoch time: 101.82 s
2026-09-01 07:02:27.280028: 
2026-09-01 07:02:27.282173: Epoch 912
2026-09-01 07:02:27.283778: Current learning rate: 0.00112
2026-09-01 07:04:11.608549: train_loss -0.6736
2026-09-01 07:04:11.615579: val_loss -0.6555
2026-09-01 07:04:11.617600: Pseudo dice [np.float32(0.5101)]
2026-09-01 07:04:11.618985: Epoch time: 104.33 s
2026-09-01 07:04:13.774599: 
2026-09-01 07:04:13.776678: Epoch 913
2026-09-01 07:04:13.778014: Current learning rate: 0.00111
2026-09-01 07:06:02.978219: train_loss -0.6462
2026-09-01 07:06:02.993073: val_loss -0.6871
2026-09-01 07:06:03.010023: Pseudo dice [np.float32(0.5328)]
2026-09-01 07:06:03.011597: Epoch time: 109.21 s
2026-09-01 07:06:04.551495: 
2026-09-01 07:06:04.553070: Epoch 914
2026-09-01 07:06:04.554185: Current learning rate: 0.0011
2026-09-01 07:07:53.369128: train_loss -0.671
2026-09-01 07:07:53.405982: val_loss -0.6821
2026-09-01 07:07:53.407953: Pseudo dice [np.float32(0.6953)]
2026-09-01 07:07:53.409101: Epoch time: 108.82 s
2026-09-01 07:07:54.636632: 
2026-09-01 07:07:54.638605: Epoch 915
2026-09-01 07:07:54.639731: Current learning rate: 0.00109
2026-09-01 07:09:38.028765: train_loss -0.6596
2026-09-01 07:09:38.030018: val_loss -0.6307
2026-09-01 07:09:38.031219: Pseudo dice [np.float32(0.59)]
2026-09-01 07:09:38.032473: Epoch time: 103.39 s
2026-09-01 07:09:38.040493: Yayy! New best EMA pseudo Dice: 0.4595000147819519
2026-09-01 07:09:40.483918: 
2026-09-01 07:09:40.485386: Epoch 916
2026-09-01 07:09:40.486652: Current learning rate: 0.00108
2026-09-01 07:11:30.697656: train_loss -0.6561
2026-09-01 07:11:30.700817: val_loss -0.6416
2026-09-01 07:11:30.703000: Pseudo dice [np.float32(0.345)]
2026-09-01 07:11:30.704572: Epoch time: 110.22 s
2026-09-01 07:11:31.966669: 
2026-09-01 07:11:31.968371: Epoch 917
2026-09-01 07:11:31.969476: Current learning rate: 0.00106
2026-09-01 07:13:17.693510: train_loss -0.6618
2026-09-01 07:13:17.695106: val_loss -0.6403
2026-09-01 07:13:17.696424: Pseudo dice [np.float32(0.6793)]
2026-09-01 07:13:17.700810: Epoch time: 105.73 s
2026-09-01 07:13:17.701942: Yayy! New best EMA pseudo Dice: 0.47119998931884766
2026-09-01 07:13:20.166458: 
2026-09-01 07:13:20.168148: Epoch 918
2026-09-01 07:13:20.169152: Current learning rate: 0.00105
2026-09-01 07:15:05.633346: train_loss -0.6556
2026-09-01 07:15:05.638840: val_loss -0.6808
2026-09-01 07:15:05.652826: Pseudo dice [np.float32(0.3896)]
2026-09-01 07:15:05.653881: Epoch time: 105.47 s
2026-09-01 07:15:06.884980: 
2026-09-01 07:15:06.886788: Epoch 919
2026-09-01 07:15:06.887837: Current learning rate: 0.00104
2026-09-01 07:16:53.017026: train_loss -0.6607
2026-09-01 07:16:53.018931: val_loss -0.6534
2026-09-01 07:16:53.022117: Pseudo dice [np.float32(0.5533)]
2026-09-01 07:16:53.023651: Epoch time: 106.13 s
2026-09-01 07:16:53.025244: Yayy! New best EMA pseudo Dice: 0.47209998965263367
2026-09-01 07:16:55.528419: 
2026-09-01 07:16:55.529896: Epoch 920
2026-09-01 07:16:55.531002: Current learning rate: 0.00103
2026-09-01 07:18:52.082161: train_loss -0.6472
2026-09-01 07:18:52.088891: val_loss -0.6687
2026-09-01 07:18:52.092272: Pseudo dice [np.float32(0.5211)]
2026-09-01 07:18:52.093948: Epoch time: 116.56 s
2026-09-01 07:18:52.095087: Yayy! New best EMA pseudo Dice: 0.47699999809265137
2026-09-01 07:18:54.538418: 
2026-09-01 07:18:54.539877: Epoch 921
2026-09-01 07:18:54.541168: Current learning rate: 0.00102
2026-09-01 07:20:37.217439: train_loss -0.6705
2026-09-01 07:20:37.219330: val_loss -0.6607
2026-09-01 07:20:37.226680: Pseudo dice [np.float32(0.5617)]
2026-09-01 07:20:37.229780: Epoch time: 102.68 s
2026-09-01 07:20:37.230850: Yayy! New best EMA pseudo Dice: 0.48539999127388
2026-09-01 07:20:40.039599: 
2026-09-01 07:20:40.041145: Epoch 922
2026-09-01 07:20:40.042183: Current learning rate: 0.00101
2026-09-01 07:22:34.017059: train_loss -0.6696
2026-09-01 07:22:34.018629: val_loss -0.6316
2026-09-01 07:22:34.019988: Pseudo dice [np.float32(0.6267)]
2026-09-01 07:22:34.021383: Epoch time: 113.98 s
2026-09-01 07:22:34.022691: Yayy! New best EMA pseudo Dice: 0.49959999322891235
2026-09-01 07:22:36.527212: 
2026-09-01 07:22:36.528632: Epoch 923
2026-09-01 07:22:36.529867: Current learning rate: 0.001
2026-09-01 07:24:18.158153: train_loss -0.6523
2026-09-01 07:24:18.165906: val_loss -0.6558
2026-09-01 07:24:18.167513: Pseudo dice [np.float32(0.401)]
2026-09-01 07:24:18.168806: Epoch time: 101.63 s
2026-09-01 07:24:19.215857: 
2026-09-01 07:24:19.217650: Epoch 924
2026-09-01 07:24:19.218577: Current learning rate: 0.00098
2026-09-01 07:26:08.363466: train_loss -0.6714
2026-09-01 07:26:08.365254: val_loss -0.6728
2026-09-01 07:26:08.366562: Pseudo dice [np.float32(0.7067)]
2026-09-01 07:26:08.367579: Epoch time: 109.15 s
2026-09-01 07:26:08.368837: Yayy! New best EMA pseudo Dice: 0.5113999843597412
2026-09-01 07:26:11.790891: 
2026-09-01 07:26:11.792809: Epoch 925
2026-09-01 07:26:11.794041: Current learning rate: 0.00097
2026-09-01 07:28:00.852223: train_loss -0.6647
2026-09-01 07:28:00.859755: val_loss -0.5037
2026-09-01 07:28:00.861527: Pseudo dice [np.float32(0.3463)]
2026-09-01 07:28:00.862719: Epoch time: 109.06 s
2026-09-01 07:28:01.979991: 
2026-09-01 07:28:01.982004: Epoch 926
2026-09-01 07:28:01.983128: Current learning rate: 0.00096
2026-09-01 07:29:48.773474: train_loss -0.6788
2026-09-01 07:29:48.778638: val_loss -0.6264
2026-09-01 07:29:48.780262: Pseudo dice [np.float32(0.3466)]
2026-09-01 07:29:48.781315: Epoch time: 106.8 s
2026-09-01 07:29:50.066290: 
2026-09-01 07:29:50.068130: Epoch 927
2026-09-01 07:29:50.069374: Current learning rate: 0.00095
2026-09-01 07:31:35.849597: train_loss -0.659
2026-09-01 07:31:35.851518: val_loss -0.6447
2026-09-01 07:31:35.853204: Pseudo dice [np.float32(0.356)]
2026-09-01 07:31:35.854616: Epoch time: 105.79 s
2026-09-01 07:31:37.190959: 
2026-09-01 07:31:37.193272: Epoch 928
2026-09-01 07:31:37.194747: Current learning rate: 0.00094
2026-09-01 07:33:19.981823: train_loss -0.6796
2026-09-01 07:33:19.988043: val_loss -0.6701
2026-09-01 07:33:19.989619: Pseudo dice [np.float32(0.7418)]
2026-09-01 07:33:19.991014: Epoch time: 102.79 s
2026-09-01 07:33:21.212601: 
2026-09-01 07:33:21.214522: Epoch 929
2026-09-01 07:33:21.215604: Current learning rate: 0.00092
2026-09-01 07:35:11.229811: train_loss -0.6706
2026-09-01 07:35:11.231590: val_loss -0.6028
2026-09-01 07:35:11.232976: Pseudo dice [np.float32(0.6239)]
2026-09-01 07:35:11.233985: Epoch time: 110.02 s
2026-09-01 07:35:12.875623: 
2026-09-01 07:35:12.881539: Epoch 930
2026-09-01 07:35:12.882709: Current learning rate: 0.00091
2026-09-01 07:36:56.887820: train_loss -0.6321
2026-09-01 07:36:56.893057: val_loss -0.6598
2026-09-01 07:36:56.905625: Pseudo dice [np.float32(0.6195)]
2026-09-01 07:36:56.907727: Epoch time: 104.02 s
2026-09-01 07:36:56.909271: Yayy! New best EMA pseudo Dice: 0.51910001039505
2026-09-01 07:37:01.112364: 
2026-09-01 07:37:01.113776: Epoch 931
2026-09-01 07:37:01.114844: Current learning rate: 0.0009
2026-09-01 07:38:46.843188: train_loss -0.6445
2026-09-01 07:38:46.858555: val_loss -0.6806
2026-09-01 07:38:46.860694: Pseudo dice [np.float32(0.2754)]
2026-09-01 07:38:46.862457: Epoch time: 105.73 s
2026-09-01 07:38:48.601750: 
2026-09-01 07:38:48.605805: Epoch 932
2026-09-01 07:38:48.607220: Current learning rate: 0.00089
2026-09-01 07:40:32.740413: train_loss -0.6842
2026-09-01 07:40:32.742175: val_loss -0.6976
2026-09-01 07:40:32.743355: Pseudo dice [np.float32(0.5687)]
2026-09-01 07:40:32.744345: Epoch time: 104.15 s
2026-09-01 07:40:34.050081: 
2026-09-01 07:40:34.052106: Epoch 933
2026-09-01 07:40:34.053192: Current learning rate: 0.00088
2026-09-01 07:42:14.590706: train_loss -0.6707
2026-09-01 07:42:14.592174: val_loss -0.6087
2026-09-01 07:42:14.593220: Pseudo dice [np.float32(0.2437)]
2026-09-01 07:42:14.594361: Epoch time: 100.54 s
2026-09-01 07:42:15.454987: 
2026-09-01 07:42:15.456607: Epoch 934
2026-09-01 07:42:15.457592: Current learning rate: 0.00087
2026-09-01 07:44:00.887056: train_loss -0.6802
2026-09-01 07:44:00.889385: val_loss -0.6517
2026-09-01 07:44:00.891941: Pseudo dice [np.float32(0.4509)]
2026-09-01 07:44:00.893604: Epoch time: 105.43 s
2026-09-01 07:44:02.083030: 
2026-09-01 07:44:02.085012: Epoch 935
2026-09-01 07:44:02.086185: Current learning rate: 0.00085
2026-09-01 07:45:47.971956: train_loss -0.703
2026-09-01 07:45:47.974296: val_loss -0.6077
2026-09-01 07:45:47.978492: Pseudo dice [np.float32(0.5683)]
2026-09-01 07:45:47.980942: Epoch time: 105.89 s
2026-09-01 07:45:49.187911: 
2026-09-01 07:45:49.189909: Epoch 936
2026-09-01 07:45:49.191168: Current learning rate: 0.00084
2026-09-01 07:47:35.403637: train_loss -0.6556
2026-09-01 07:47:35.406908: val_loss -0.6406
2026-09-01 07:47:35.409282: Pseudo dice [np.float32(0.3022)]
2026-09-01 07:47:35.412144: Epoch time: 106.22 s
2026-09-01 07:47:36.733222: 
2026-09-01 07:47:36.734851: Epoch 937
2026-09-01 07:47:36.735840: Current learning rate: 0.00083
2026-09-01 07:49:24.128425: train_loss -0.6642
2026-09-01 07:49:24.141831: val_loss -0.6621
2026-09-01 07:49:24.143541: Pseudo dice [np.float32(0.612)]
2026-09-01 07:49:24.145331: Epoch time: 107.4 s
2026-09-01 07:49:25.665699: 
2026-09-01 07:49:25.667593: Epoch 938
2026-09-01 07:49:25.668629: Current learning rate: 0.00082
2026-09-01 07:51:10.240723: train_loss -0.6608
2026-09-01 07:51:10.247875: val_loss -0.634
2026-09-01 07:51:10.260938: Pseudo dice [np.float32(0.4327)]
2026-09-01 07:51:10.262851: Epoch time: 104.58 s
2026-09-01 07:51:11.567320: 
2026-09-01 07:51:11.569283: Epoch 939
2026-09-01 07:51:11.570442: Current learning rate: 0.00081
2026-09-01 07:52:58.306850: train_loss -0.6846
2026-09-01 07:52:58.319770: val_loss -0.6173
2026-09-01 07:52:58.323370: Pseudo dice [np.float32(0.7216)]
2026-09-01 07:52:58.328553: Epoch time: 106.74 s
2026-09-01 07:53:00.167566: 
2026-09-01 07:53:00.171285: Epoch 940
2026-09-01 07:53:00.173969: Current learning rate: 0.00079
2026-09-01 07:54:46.653956: train_loss -0.6874
2026-09-01 07:54:46.656244: val_loss -0.5583
2026-09-01 07:54:46.661074: Pseudo dice [np.float32(0.6279)]
2026-09-01 07:54:46.662434: Epoch time: 106.49 s
2026-09-01 07:54:48.420821: 
2026-09-01 07:54:48.422553: Epoch 941
2026-09-01 07:54:48.423517: Current learning rate: 0.00078
2026-09-01 07:56:35.111521: train_loss -0.6942
2026-09-01 07:56:35.116992: val_loss -0.7049
2026-09-01 07:56:35.125351: Pseudo dice [np.float32(0.3519)]
2026-09-01 07:56:35.126649: Epoch time: 106.69 s
2026-09-01 07:56:36.724603: 
2026-09-01 07:56:36.732365: Epoch 942
2026-09-01 07:56:36.733769: Current learning rate: 0.00077
2026-09-01 07:58:22.223880: train_loss -0.6937
2026-09-01 07:58:22.225437: val_loss -0.6437
2026-09-01 07:58:22.226609: Pseudo dice [np.float32(0.5521)]
2026-09-01 07:58:22.227673: Epoch time: 105.5 s
2026-09-01 07:58:23.278930: 
2026-09-01 07:58:23.280561: Epoch 943
2026-09-01 07:58:23.281517: Current learning rate: 0.00076
2026-09-01 08:00:10.488678: train_loss -0.6855
2026-09-01 08:00:10.493795: val_loss -0.633
2026-09-01 08:00:10.515254: Pseudo dice [np.float32(0.4816)]
2026-09-01 08:00:10.518420: Epoch time: 107.21 s
2026-09-01 08:00:11.912333: 
2026-09-01 08:00:11.913824: Epoch 944
2026-09-01 08:00:11.914917: Current learning rate: 0.00075
2026-09-01 08:01:57.900457: train_loss -0.7132
2026-09-01 08:01:57.902116: val_loss -0.5469
2026-09-01 08:01:57.903394: Pseudo dice [np.float32(0.6785)]
2026-09-01 08:01:57.904470: Epoch time: 105.99 s
2026-09-01 08:01:59.588194: 
2026-09-01 08:01:59.593610: Epoch 945
2026-09-01 08:01:59.595096: Current learning rate: 0.00074
2026-09-01 08:03:56.807103: train_loss -0.6655
2026-09-01 08:03:56.819271: val_loss -0.6804
2026-09-01 08:03:56.821057: Pseudo dice [np.float32(0.423)]
2026-09-01 08:03:56.822817: Epoch time: 117.22 s
2026-09-01 08:03:58.559621: 
2026-09-01 08:03:58.566194: Epoch 946
2026-09-01 08:03:58.567934: Current learning rate: 0.00072
2026-09-01 08:05:43.065027: train_loss -0.6864
2026-09-01 08:05:43.075718: val_loss -0.5819
2026-09-01 08:05:43.077012: Pseudo dice [np.float32(0.5789)]
2026-09-01 08:05:43.078434: Epoch time: 104.51 s
2026-09-01 08:05:44.605243: 
2026-09-01 08:05:44.607312: Epoch 947
2026-09-01 08:05:44.608629: Current learning rate: 0.00071
2026-09-01 08:07:38.242684: train_loss -0.6842
2026-09-01 08:07:38.251499: val_loss -0.6098
2026-09-01 08:07:38.253035: Pseudo dice [np.float32(0.7066)]
2026-09-01 08:07:38.254056: Epoch time: 113.64 s
2026-09-01 08:07:38.255083: Yayy! New best EMA pseudo Dice: 0.534500002861023
2026-09-01 08:07:41.530436: 
2026-09-01 08:07:41.531977: Epoch 948
2026-09-01 08:07:41.533107: Current learning rate: 0.0007
2026-09-01 08:09:24.363570: train_loss -0.6707
2026-09-01 08:09:24.399755: val_loss -0.6387
2026-09-01 08:09:24.402470: Pseudo dice [np.float32(0.4261)]
2026-09-01 08:09:24.404027: Epoch time: 102.84 s
2026-09-01 08:09:25.953785: 
2026-09-01 08:09:25.955579: Epoch 949
2026-09-01 08:09:25.956607: Current learning rate: 0.00069
2026-09-01 08:11:10.778005: train_loss -0.681
2026-09-01 08:11:10.785233: val_loss -0.648
2026-09-01 08:11:10.786658: Pseudo dice [np.float32(0.3902)]
2026-09-01 08:11:10.787822: Epoch time: 104.83 s
2026-09-01 08:11:13.698533: 
2026-09-01 08:11:13.699960: Epoch 950
2026-09-01 08:11:13.700944: Current learning rate: 0.00067
2026-09-01 08:12:54.468177: train_loss -0.6685
2026-09-01 08:12:54.469731: val_loss -0.682
2026-09-01 08:12:54.470843: Pseudo dice [np.float32(0.4103)]
2026-09-01 08:12:54.471763: Epoch time: 100.77 s
2026-09-01 08:12:55.355753: 
2026-09-01 08:12:55.357474: Epoch 951
2026-09-01 08:12:55.358451: Current learning rate: 0.00066
2026-09-01 08:14:40.252224: train_loss -0.6496
2026-09-01 08:14:40.257139: val_loss -0.6873
2026-09-01 08:14:40.258831: Pseudo dice [np.float32(0.5513)]
2026-09-01 08:14:40.260579: Epoch time: 104.89 s
2026-09-01 08:14:41.826238: 
2026-09-01 08:14:41.828275: Epoch 952
2026-09-01 08:14:41.829627: Current learning rate: 0.00065
2026-09-01 08:16:27.713619: train_loss -0.6677
2026-09-01 08:16:27.715580: val_loss -0.7137
2026-09-01 08:16:27.716802: Pseudo dice [np.float32(0.7308)]
2026-09-01 08:16:27.718074: Epoch time: 105.89 s
2026-09-01 08:16:28.899623: 
2026-09-01 08:16:28.901276: Epoch 953
2026-09-01 08:16:28.902543: Current learning rate: 0.00064
2026-09-01 08:18:13.639355: train_loss -0.6703
2026-09-01 08:18:13.655513: val_loss -0.6862
2026-09-01 08:18:13.657761: Pseudo dice [np.float32(0.4907)]
2026-09-01 08:18:13.659177: Epoch time: 104.74 s
2026-09-01 08:18:15.014950: 
2026-09-01 08:18:15.016564: Epoch 954
2026-09-01 08:18:15.017714: Current learning rate: 0.00063
2026-09-01 08:20:00.512576: train_loss -0.6896
2026-09-01 08:20:00.514121: val_loss -0.6858
2026-09-01 08:20:00.515673: Pseudo dice [np.float32(0.4612)]
2026-09-01 08:20:00.516650: Epoch time: 105.5 s
2026-09-01 08:20:01.829602: 
2026-09-01 08:20:01.831586: Epoch 955
2026-09-01 08:20:01.832688: Current learning rate: 0.00061
2026-09-01 08:21:41.584620: train_loss -0.7071
2026-09-01 08:21:41.585827: val_loss -0.5899
2026-09-01 08:21:41.587135: Pseudo dice [np.float32(0.2633)]
2026-09-01 08:21:41.588371: Epoch time: 99.76 s
2026-09-01 08:21:42.467696: 
2026-09-01 08:21:42.469282: Epoch 956
2026-09-01 08:21:42.470352: Current learning rate: 0.0006
2026-09-01 08:23:31.900103: train_loss -0.7007
2026-09-01 08:23:31.904073: val_loss -0.6355
2026-09-01 08:23:31.905811: Pseudo dice [np.float32(0.3156)]
2026-09-01 08:23:31.907033: Epoch time: 109.43 s
2026-09-01 08:23:33.111284: 
2026-09-01 08:23:33.113079: Epoch 957
2026-09-01 08:23:33.114045: Current learning rate: 0.00059
2026-09-01 08:25:15.878081: train_loss -0.6734
2026-09-01 08:25:15.883588: val_loss -0.6035
2026-09-01 08:25:15.886807: Pseudo dice [np.float32(0.3903)]
2026-09-01 08:25:15.888213: Epoch time: 102.77 s
2026-09-01 08:25:17.143755: 
2026-09-01 08:25:17.145704: Epoch 958
2026-09-01 08:25:17.147195: Current learning rate: 0.00058
2026-09-01 08:27:00.775437: train_loss -0.67
2026-09-01 08:27:00.780568: val_loss -0.6375
2026-09-01 08:27:00.783926: Pseudo dice [np.float32(0.5766)]
2026-09-01 08:27:00.785650: Epoch time: 103.64 s
2026-09-01 08:27:02.736400: 
2026-09-01 08:27:02.738208: Epoch 959
2026-09-01 08:27:02.739164: Current learning rate: 0.00056
2026-09-01 08:28:47.297001: train_loss -0.6671
2026-09-01 08:28:47.302571: val_loss -0.6342
2026-09-01 08:28:47.304167: Pseudo dice [np.float32(0.251)]
2026-09-01 08:28:47.305497: Epoch time: 104.56 s
2026-09-01 08:28:48.994436: 
2026-09-01 08:28:48.996357: Epoch 960
2026-09-01 08:28:48.997566: Current learning rate: 0.00055
2026-09-01 08:30:35.331874: train_loss -0.665
2026-09-01 08:30:35.334632: val_loss -0.5899
2026-09-01 08:30:35.335770: Pseudo dice [np.float32(0.2935)]
2026-09-01 08:30:35.336715: Epoch time: 106.34 s
2026-09-01 08:30:36.909999: 
2026-09-01 08:30:36.911690: Epoch 961
2026-09-01 08:30:36.912633: Current learning rate: 0.00054
2026-09-01 08:32:20.756824: train_loss -0.6852
2026-09-01 08:32:20.761946: val_loss -0.6859
2026-09-01 08:32:20.765581: Pseudo dice [np.float32(0.5942)]
2026-09-01 08:32:20.767014: Epoch time: 103.85 s
2026-09-01 08:32:22.189044: 
2026-09-01 08:32:22.196728: Epoch 962
2026-09-01 08:32:22.197834: Current learning rate: 0.00053
2026-09-01 08:34:06.559772: train_loss -0.6714
2026-09-01 08:34:06.561521: val_loss -0.6563
2026-09-01 08:34:06.563632: Pseudo dice [np.float32(0.5831)]
2026-09-01 08:34:06.565095: Epoch time: 104.38 s
2026-09-01 08:34:08.167460: 
2026-09-01 08:34:08.169265: Epoch 963
2026-09-01 08:34:08.170318: Current learning rate: 0.00051
2026-09-01 08:36:03.283472: train_loss -0.7097
2026-09-01 08:36:03.292042: val_loss -0.6413
2026-09-01 08:36:03.293626: Pseudo dice [np.float32(0.1015)]
2026-09-01 08:36:03.294893: Epoch time: 115.12 s
2026-09-01 08:36:04.939099: 
2026-09-01 08:36:04.940680: Epoch 964
2026-09-01 08:36:04.941864: Current learning rate: 0.0005
2026-09-01 08:37:52.489580: train_loss -0.6705
2026-09-01 08:37:52.491716: val_loss -0.6261
2026-09-01 08:37:52.493438: Pseudo dice [np.float32(0.6509)]
2026-09-01 08:37:52.494456: Epoch time: 107.55 s
2026-09-01 08:37:53.639439: 
2026-09-01 08:37:53.641165: Epoch 965
2026-09-01 08:37:53.642233: Current learning rate: 0.00049
2026-09-01 08:39:38.409187: train_loss -0.683
2026-09-01 08:39:38.410517: val_loss -0.6166
2026-09-01 08:39:38.414812: Pseudo dice [np.float32(0.2482)]
2026-09-01 08:39:38.415963: Epoch time: 104.77 s
2026-09-01 08:39:39.692456: 
2026-09-01 08:39:39.694325: Epoch 966
2026-09-01 08:39:39.695877: Current learning rate: 0.00048
2026-09-01 08:41:29.113449: train_loss -0.6779
2026-09-01 08:41:29.119100: val_loss -0.7039
2026-09-01 08:41:29.135288: Pseudo dice [np.float32(0.2377)]
2026-09-01 08:41:29.136828: Epoch time: 109.42 s
2026-09-01 08:41:30.273243: 
2026-09-01 08:41:30.275003: Epoch 967
2026-09-01 08:41:30.276082: Current learning rate: 0.00046
2026-09-01 08:43:15.095975: train_loss -0.7148
2026-09-01 08:43:15.098044: val_loss -0.597
2026-09-01 08:43:15.099690: Pseudo dice [np.float32(0.2936)]
2026-09-01 08:43:15.100991: Epoch time: 104.83 s
2026-09-01 08:43:16.330204: 
2026-09-01 08:43:16.331829: Epoch 968
2026-09-01 08:43:16.333058: Current learning rate: 0.00045
2026-09-01 08:45:00.034542: train_loss -0.6918
2026-09-01 08:45:00.056108: val_loss -0.6121
2026-09-01 08:45:00.058482: Pseudo dice [np.float32(0.3955)]
2026-09-01 08:45:00.059762: Epoch time: 103.71 s
2026-09-01 08:45:01.285234: 
2026-09-01 08:45:01.287489: Epoch 969
2026-09-01 08:45:01.288568: Current learning rate: 0.00044
2026-09-01 08:46:48.174979: train_loss -0.6961
2026-09-01 08:46:48.177247: val_loss -0.6664
2026-09-01 08:46:48.179250: Pseudo dice [np.float32(0.509)]
2026-09-01 08:46:48.180671: Epoch time: 106.89 s
2026-09-01 08:46:49.673947: 
2026-09-01 08:46:49.675601: Epoch 970
2026-09-01 08:46:49.676504: Current learning rate: 0.00043
2026-09-01 08:48:32.903330: train_loss -0.6915
2026-09-01 08:48:32.908993: val_loss -0.5898
2026-09-01 08:48:32.910644: Pseudo dice [np.float32(0.1918)]
2026-09-01 08:48:32.911969: Epoch time: 103.23 s
2026-09-01 08:48:35.051026: 
2026-09-01 08:48:35.052694: Epoch 971
2026-09-01 08:48:35.053901: Current learning rate: 0.00041
2026-09-01 08:50:16.897222: train_loss -0.681
2026-09-01 08:50:16.898658: val_loss -0.5771
2026-09-01 08:50:16.899929: Pseudo dice [np.float32(0.5523)]
2026-09-01 08:50:16.900949: Epoch time: 101.85 s
2026-09-01 08:50:17.814844: 
2026-09-01 08:50:17.816644: Epoch 972
2026-09-01 08:50:17.817663: Current learning rate: 0.0004
2026-09-01 08:52:04.607427: train_loss -0.682
2026-09-01 08:52:04.614609: val_loss -0.6789
2026-09-01 08:52:04.615901: Pseudo dice [np.float32(0.4134)]
2026-09-01 08:52:04.616994: Epoch time: 106.79 s
2026-09-01 08:52:05.746734: 
2026-09-01 08:52:05.748771: Epoch 973
2026-09-01 08:52:05.750162: Current learning rate: 0.00039
2026-09-01 08:53:56.323828: train_loss -0.7089
2026-09-01 08:53:56.327686: val_loss -0.6265
2026-09-01 08:53:56.328981: Pseudo dice [np.float32(0.5698)]
2026-09-01 08:53:56.330039: Epoch time: 110.58 s
2026-09-01 08:53:57.403345: 
2026-09-01 08:53:57.405066: Epoch 974
2026-09-01 08:53:57.406246: Current learning rate: 0.00037
2026-09-01 08:55:44.396637: train_loss -0.6823
2026-09-01 08:55:44.398857: val_loss -0.5972
2026-09-01 08:55:44.400827: Pseudo dice [np.float32(0.2681)]
2026-09-01 08:55:44.402045: Epoch time: 107.0 s
2026-09-01 08:55:45.887683: 
2026-09-01 08:55:45.889625: Epoch 975
2026-09-01 08:55:45.890802: Current learning rate: 0.00036
2026-09-01 08:57:32.459999: train_loss -0.6989
2026-09-01 08:57:32.464015: val_loss -0.6586
2026-09-01 08:57:32.465322: Pseudo dice [np.float32(0.5209)]
2026-09-01 08:57:32.467319: Epoch time: 106.57 s
2026-09-01 08:57:33.602713: 
2026-09-01 08:57:33.604895: Epoch 976
2026-09-01 08:57:33.605980: Current learning rate: 0.00035
2026-09-01 08:59:26.114026: train_loss -0.7075
2026-09-01 08:59:26.116138: val_loss -0.6577
2026-09-01 08:59:26.117919: Pseudo dice [np.float32(0.3933)]
2026-09-01 08:59:26.119315: Epoch time: 112.51 s
2026-09-01 08:59:27.237350: 
2026-09-01 08:59:27.238936: Epoch 977
2026-09-01 08:59:27.239969: Current learning rate: 0.00034
2026-09-01 09:01:13.568096: train_loss -0.6845
2026-09-01 09:01:13.570464: val_loss -0.6347
2026-09-01 09:01:13.572157: Pseudo dice [np.float32(0.7584)]
2026-09-01 09:01:13.573499: Epoch time: 106.33 s
2026-09-01 09:01:14.834141: 
2026-09-01 09:01:14.836281: Epoch 978
2026-09-01 09:01:14.837585: Current learning rate: 0.00032
2026-09-01 09:02:56.491079: train_loss -0.707
2026-09-01 09:02:56.492911: val_loss -0.6465
2026-09-01 09:02:56.494321: Pseudo dice [np.float32(0.2966)]
2026-09-01 09:02:56.495460: Epoch time: 101.66 s
2026-09-01 09:02:57.431619: 
2026-09-01 09:02:57.433535: Epoch 979
2026-09-01 09:02:57.434561: Current learning rate: 0.00031
2026-09-01 09:04:43.621789: train_loss -0.6985
2026-09-01 09:04:43.646719: val_loss -0.7047
2026-09-01 09:04:43.648543: Pseudo dice [np.float32(0.7944)]
2026-09-01 09:04:43.649770: Epoch time: 106.19 s
2026-09-01 09:04:44.699189: 
2026-09-01 09:04:44.701401: Epoch 980
2026-09-01 09:04:44.702858: Current learning rate: 0.0003
2026-09-01 09:06:29.666246: train_loss -0.7104
2026-09-01 09:06:29.673411: val_loss -0.6616
2026-09-01 09:06:29.675041: Pseudo dice [np.float32(0.6203)]
2026-09-01 09:06:29.676362: Epoch time: 104.97 s
2026-09-01 09:06:31.924833: 
2026-09-01 09:06:31.932388: Epoch 981
2026-09-01 09:06:31.933740: Current learning rate: 0.00028
2026-09-01 09:08:15.988694: train_loss -0.7046
2026-09-01 09:08:15.992071: val_loss -0.6938
2026-09-01 09:08:15.995498: Pseudo dice [np.float32(0.6064)]
2026-09-01 09:08:15.996695: Epoch time: 104.07 s
2026-09-01 09:08:16.899646: 
2026-09-01 09:08:16.901384: Epoch 982
2026-09-01 09:08:16.902457: Current learning rate: 0.00027
2026-09-01 09:10:05.732063: train_loss -0.7213
2026-09-01 09:10:05.740832: val_loss -0.6214
2026-09-01 09:10:05.742409: Pseudo dice [np.float32(0.7578)]
2026-09-01 09:10:05.750339: Epoch time: 108.83 s
2026-09-01 09:10:07.608186: 
2026-09-01 09:10:07.610473: Epoch 983
2026-09-01 09:10:07.611567: Current learning rate: 0.00026
2026-09-01 09:11:58.425279: train_loss -0.6912
2026-09-01 09:11:58.427198: val_loss -0.5569
2026-09-01 09:11:58.428789: Pseudo dice [np.float32(0.2352)]
2026-09-01 09:11:58.437710: Epoch time: 110.82 s
2026-09-01 09:11:59.739492: 
2026-09-01 09:11:59.741880: Epoch 984
2026-09-01 09:11:59.743044: Current learning rate: 0.00024
2026-09-01 09:13:47.007309: train_loss -0.7212
2026-09-01 09:13:47.011496: val_loss -0.6999
2026-09-01 09:13:47.013186: Pseudo dice [np.float32(0.7973)]
2026-09-01 09:13:47.014281: Epoch time: 107.27 s
2026-09-01 09:13:48.771175: 
2026-09-01 09:13:48.784618: Epoch 985
2026-09-01 09:13:48.786036: Current learning rate: 0.00023
2026-09-01 09:15:35.707750: train_loss -0.6809
2026-09-01 09:15:35.718383: val_loss -0.7039
2026-09-01 09:15:35.720448: Pseudo dice [np.float32(0.7094)]
2026-09-01 09:15:35.722118: Epoch time: 106.94 s
2026-09-01 09:15:35.723418: Yayy! New best EMA pseudo Dice: 0.5436000227928162
2026-09-01 09:15:38.449947: 
2026-09-01 09:15:38.451483: Epoch 986
2026-09-01 09:15:38.452473: Current learning rate: 0.00021
2026-09-01 09:17:21.114893: train_loss -0.6669
2026-09-01 09:17:21.116783: val_loss -0.6587
2026-09-01 09:17:21.118403: Pseudo dice [np.float32(0.2816)]
2026-09-01 09:17:21.129025: Epoch time: 102.67 s
2026-09-01 09:17:22.127335: 
2026-09-01 09:17:22.129056: Epoch 987
2026-09-01 09:17:22.130089: Current learning rate: 0.0002
2026-09-01 09:19:13.921340: train_loss -0.7115
2026-09-01 09:19:13.926330: val_loss -0.6777
2026-09-01 09:19:13.928076: Pseudo dice [np.float32(0.6099)]
2026-09-01 09:19:13.929527: Epoch time: 111.79 s
2026-09-01 09:19:15.277180: 
2026-09-01 09:19:15.279160: Epoch 988
2026-09-01 09:19:15.280186: Current learning rate: 0.00019
2026-09-01 09:21:03.210373: train_loss -0.679
2026-09-01 09:21:03.216822: val_loss -0.5781
2026-09-01 09:21:03.218675: Pseudo dice [np.float32(0.2788)]
2026-09-01 09:21:03.220305: Epoch time: 107.93 s
2026-09-01 09:21:04.778165: 
2026-09-01 09:21:04.780056: Epoch 989
2026-09-01 09:21:04.781247: Current learning rate: 0.00017
2026-09-01 09:22:49.298922: train_loss -0.6836
2026-09-01 09:22:49.300762: val_loss -0.7116
2026-09-01 09:22:49.302046: Pseudo dice [np.float32(0.618)]
2026-09-01 09:22:49.303342: Epoch time: 104.52 s
2026-09-01 09:22:50.343808: 
2026-09-01 09:22:50.345624: Epoch 990
2026-09-01 09:22:50.346581: Current learning rate: 0.00016
2026-09-01 09:24:32.707462: train_loss -0.7185
2026-09-01 09:24:32.709343: val_loss -0.6998
2026-09-01 09:24:32.710825: Pseudo dice [np.float32(0.7112)]
2026-09-01 09:24:32.711876: Epoch time: 102.37 s
2026-09-01 09:24:34.283070: 
2026-09-01 09:24:34.285072: Epoch 991
2026-09-01 09:24:34.286098: Current learning rate: 0.00014
2026-09-01 09:26:20.034819: train_loss -0.6994
2026-09-01 09:26:20.046774: val_loss -0.6161
2026-09-01 09:26:20.048879: Pseudo dice [np.float32(0.7429)]
2026-09-01 09:26:20.050330: Epoch time: 105.75 s
2026-09-01 09:26:20.051442: Yayy! New best EMA pseudo Dice: 0.5541999936103821
2026-09-01 09:26:22.741877: 
2026-09-01 09:26:22.743459: Epoch 992
2026-09-01 09:26:22.744676: Current learning rate: 0.00013
2026-09-01 09:28:12.066194: train_loss -0.7131
2026-09-01 09:28:12.108128: val_loss -0.6134
2026-09-01 09:28:12.109817: Pseudo dice [np.float32(0.3074)]
2026-09-01 09:28:12.111140: Epoch time: 109.33 s
2026-09-01 09:28:13.324053: 
2026-09-01 09:28:13.325807: Epoch 993
2026-09-01 09:28:13.327250: Current learning rate: 0.00011
2026-09-01 09:30:03.351919: train_loss -0.6974
2026-09-01 09:30:03.358778: val_loss -0.6341
2026-09-01 09:30:03.362211: Pseudo dice [np.float32(0.7729)]
2026-09-01 09:30:03.364115: Epoch time: 110.03 s
2026-09-01 09:30:05.184494: 
2026-09-01 09:30:05.186392: Epoch 994
2026-09-01 09:30:05.187400: Current learning rate: 0.0001
2026-09-01 09:31:51.185903: train_loss -0.7167
2026-09-01 09:31:51.188575: val_loss -0.6588
2026-09-01 09:31:51.190194: Pseudo dice [np.float32(0.647)]
2026-09-01 09:31:51.200835: Epoch time: 106.0 s
2026-09-01 09:31:51.202420: Yayy! New best EMA pseudo Dice: 0.5631999969482422
2026-09-01 09:31:54.009485: 
2026-09-01 09:31:54.010821: Epoch 995
2026-09-01 09:31:54.012206: Current learning rate: 8e-05
2026-09-01 09:33:45.322922: train_loss -0.6951
2026-09-01 09:33:45.349001: val_loss -0.6251
2026-09-01 09:33:45.350507: Pseudo dice [np.float32(0.3391)]
2026-09-01 09:33:45.351807: Epoch time: 111.32 s
2026-09-01 09:33:46.759616: 
2026-09-01 09:33:46.761824: Epoch 996
2026-09-01 09:33:46.763274: Current learning rate: 7e-05
2026-09-01 09:35:35.526968: train_loss -0.7167
2026-09-01 09:35:35.528367: val_loss -0.6652
2026-09-01 09:35:35.532996: Pseudo dice [np.float32(0.6117)]
2026-09-01 09:35:35.534323: Epoch time: 108.77 s
2026-09-01 09:35:36.568165: 
2026-09-01 09:35:36.569959: Epoch 997
2026-09-01 09:35:36.571035: Current learning rate: 5e-05
2026-09-01 09:37:18.774982: train_loss -0.7244
2026-09-01 09:37:18.780306: val_loss -0.5998
2026-09-01 09:37:18.783491: Pseudo dice [np.float32(0.2926)]
2026-09-01 09:37:18.785376: Epoch time: 102.21 s
2026-09-01 09:37:20.472152: 
2026-09-01 09:37:20.484600: Epoch 998
2026-09-01 09:37:20.485956: Current learning rate: 4e-05
2026-09-01 09:39:06.804677: train_loss -0.6995
2026-09-01 09:39:06.811028: val_loss -0.7659
2026-09-01 09:39:06.822176: Pseudo dice [np.float32(0.7628)]
2026-09-01 09:39:06.824439: Epoch time: 106.34 s
2026-09-01 09:39:08.236260: 
2026-09-01 09:39:08.237787: Epoch 999
2026-09-01 09:39:08.238935: Current learning rate: 2e-05
2026-09-01 09:40:53.727309: train_loss -0.7111
2026-09-01 09:40:53.731788: val_loss -0.6308
2026-09-01 09:40:53.735952: Pseudo dice [np.float32(0.3708)]
2026-09-01 09:40:53.737368: Epoch time: 105.49 s
2026-09-01 09:41:05.730532: Training done.
2026-09-01 09:41:05.932820: Using splits from existing split file: /scratch/abdul7/TopAneu/experiments/02_rsna_self_pipeline/nnUNet_preprocessed/Dataset305_TopAneuAneurysmROI/splits_final.json
2026-09-01 09:41:05.945821: The split file contains 5 splits.
2026-09-01 09:41:05.946638: Desired fold for training: 0
2026-09-01 09:41:05.947562: This split has 333 training and 84 validation cases.
2026-09-01 09:41:05.948784: predicting topaneu_center1_mr_049
2026-09-01 09:41:06.053311: topaneu_center1_mr_049, shape torch.Size([2, 112, 247, 256]), rank 0
2026-09-01 09:41:09.146869: predicting topaneu_center1_mr_050
2026-09-01 09:41:09.202432: topaneu_center1_mr_050, shape torch.Size([2, 128, 250, 256]), rank 0
2026-09-01 09:41:09.713678: predicting topaneu_center1_mr_088
2026-09-01 09:41:09.770425: topaneu_center1_mr_088, shape torch.Size([2, 124, 256, 256]), rank 0
2026-09-01 09:41:10.280078: predicting topaneu_center1_mr_092
2026-09-01 09:41:10.330424: topaneu_center1_mr_092, shape torch.Size([2, 123, 250, 256]), rank 0
2026-09-01 09:41:10.837880: predicting topaneu_center1_mr_113
2026-09-01 09:41:10.891036: topaneu_center1_mr_113, shape torch.Size([2, 128, 256, 256]), rank 0
2026-09-01 09:41:11.388708: predicting topaneu_center1_mr_121
2026-09-01 09:41:11.443181: topaneu_center1_mr_121, shape torch.Size([2, 128, 247, 256]), rank 0
2026-09-01 09:41:11.950339: predicting topaneu_center1_mr_147
2026-09-01 09:41:12.003253: topaneu_center1_mr_147, shape torch.Size([2, 123, 256, 256]), rank 0
2026-09-01 09:41:12.511775: predicting topaneu_center1_mr_148
2026-09-01 09:41:12.563242: topaneu_center1_mr_148, shape torch.Size([2, 123, 245, 256]), rank 0
2026-09-01 09:41:13.069655: predicting topaneu_center1_mr_157
2026-09-01 09:41:13.124519: topaneu_center1_mr_157, shape torch.Size([2, 128, 256, 256]), rank 0
2026-09-01 09:41:13.611683: predicting topaneu_center1_mr_184
2026-09-01 09:41:13.663820: topaneu_center1_mr_184, shape torch.Size([2, 128, 256, 256]), rank 0
2026-09-01 09:45:18.503905: predicting topaneu_center1_mr_191
2026-09-01 09:45:18.558307: topaneu_center1_mr_191, shape torch.Size([2, 115, 256, 256]), rank 0
2026-09-01 09:45:19.093353: predicting topaneu_center1_mr_195
2026-09-01 09:45:19.147856: topaneu_center1_mr_195, shape torch.Size([2, 123, 256, 256]), rank 0
2026-09-01 09:45:19.661485: predicting topaneu_center1_mr_198
2026-09-01 09:45:19.715304: topaneu_center1_mr_198, shape torch.Size([2, 128, 250, 256]), rank 0
2026-09-01 09:45:20.231962: predicting topaneu_center1_mr_213
2026-09-01 09:45:20.284856: topaneu_center1_mr_213, shape torch.Size([2, 128, 247, 256]), rank 0
2026-09-01 09:45:20.797950: predicting topaneu_center1_mr_229
2026-09-01 09:45:20.847388: topaneu_center1_mr_229, shape torch.Size([2, 123, 239, 256]), rank 0
2026-09-01 09:45:21.360671: predicting topaneu_center1_mr_247
2026-09-01 09:45:21.415833: topaneu_center1_mr_247, shape torch.Size([2, 128, 255, 256]), rank 0
2026-09-01 09:45:21.930399: predicting topaneu_center1_mr_262
2026-09-01 09:45:21.982584: topaneu_center1_mr_262, shape torch.Size([2, 122, 251, 256]), rank 0
2026-09-01 09:45:22.496746: predicting topaneu_center1_mr_287
2026-09-01 09:45:22.550854: topaneu_center1_mr_287, shape torch.Size([2, 125, 252, 256]), rank 0
2026-09-01 09:45:23.064394: predicting topaneu_center1_mr_336
2026-09-01 09:45:23.115993: topaneu_center1_mr_336, shape torch.Size([2, 126, 252, 256]), rank 0
2026-09-01 09:45:23.627871: predicting topaneu_center1_mr_359
2026-09-01 09:45:23.674993: topaneu_center1_mr_359, shape torch.Size([2, 107, 256, 256]), rank 0
2026-09-01 09:45:24.186697: predicting topaneu_center1_mr_419
2026-09-01 09:45:24.238417: topaneu_center1_mr_419, shape torch.Size([2, 125, 242, 256]), rank 0
2026-09-01 09:45:24.750488: predicting topaneu_center1_mr_474
2026-09-01 09:45:24.803230: topaneu_center1_mr_474, shape torch.Size([2, 126, 239, 256]), rank 0
2026-09-01 09:45:25.314747: predicting topaneu_center1_mr_499
2026-09-01 09:45:25.368415: topaneu_center1_mr_499, shape torch.Size([2, 128, 256, 256]), rank 0
2026-09-01 09:45:25.872758: predicting topaneu_center1_mr_509
2026-09-01 09:45:25.925911: topaneu_center1_mr_509, shape torch.Size([2, 128, 256, 256]), rank 0
2026-09-01 09:45:26.427582: predicting topaneu_center1_mr_516
2026-09-01 09:45:26.478632: topaneu_center1_mr_516, shape torch.Size([2, 126, 249, 256]), rank 0
2026-09-01 09:45:26.992699: predicting topaneu_center1_mr_572
2026-09-01 09:45:27.042418: topaneu_center1_mr_572, shape torch.Size([2, 120, 241, 256]), rank 0
2026-09-01 09:45:27.553093: predicting topaneu_center1_mr_596
2026-09-01 09:45:27.604950: topaneu_center1_mr_596, shape torch.Size([2, 128, 256, 256]), rank 0
2026-09-01 09:45:28.107551: predicting topaneu_center1_mr_653
2026-09-01 09:45:28.159473: topaneu_center1_mr_653, shape torch.Size([2, 128, 242, 256]), rank 0
2026-09-01 09:45:28.672175: predicting topaneu_center1_mr_664
2026-09-01 09:45:28.725632: topaneu_center1_mr_664, shape torch.Size([2, 128, 256, 256]), rank 0
2026-09-01 09:45:29.228012: predicting topaneu_center1_mr_681
2026-09-01 09:45:29.277930: topaneu_center1_mr_681, shape torch.Size([2, 122, 256, 256]), rank 0
2026-09-01 09:45:29.791829: predicting topaneu_center1_mr_693
2026-09-01 09:45:29.846370: topaneu_center1_mr_693, shape torch.Size([2, 124, 256, 256]), rank 0
2026-09-01 09:45:30.359893: predicting topaneu_center1_mr_694
2026-09-01 09:45:30.411052: topaneu_center1_mr_694, shape torch.Size([2, 123, 246, 256]), rank 0
2026-09-01 09:45:30.925164: predicting topaneu_center1_mr_702
2026-09-01 09:45:30.977412: topaneu_center1_mr_702, shape torch.Size([2, 128, 254, 256]), rank 0
2026-09-01 09:45:31.493325: predicting topaneu_center1_mr_750
2026-09-01 09:45:31.540862: topaneu_center1_mr_750, shape torch.Size([2, 117, 248, 256]), rank 0
2026-09-01 09:45:32.054865: predicting topaneu_center1_mr_774
2026-09-01 09:45:32.104213: topaneu_center1_mr_774, shape torch.Size([2, 123, 253, 256]), rank 0
2026-09-01 09:45:32.617202: predicting topaneu_center1_mr_792
2026-09-01 09:45:32.671173: topaneu_center1_mr_792, shape torch.Size([2, 125, 256, 256]), rank 0
2026-09-01 09:45:33.183497: predicting topaneu_center1_mr_804
2026-09-01 09:45:33.234102: topaneu_center1_mr_804, shape torch.Size([2, 126, 231, 256]), rank 0
2026-09-01 09:45:33.747883: predicting topaneu_center1_mr_819
2026-09-01 09:45:33.803357: topaneu_center1_mr_819, shape torch.Size([2, 128, 256, 256]), rank 0
2026-09-01 09:45:34.304505: predicting topaneu_center1_mr_823
2026-09-01 09:45:34.360043: topaneu_center1_mr_823, shape torch.Size([2, 128, 256, 256]), rank 0
2026-09-01 09:45:34.862587: predicting topaneu_center1_mr_917
2026-09-01 09:45:34.915165: topaneu_center1_mr_917, shape torch.Size([2, 127, 243, 256]), rank 0
2026-09-01 09:45:35.429556: predicting topaneu_center1_mr_928
2026-09-01 09:45:35.478785: topaneu_center1_mr_928, shape torch.Size([2, 117, 241, 256]), rank 0
2026-09-01 09:45:35.990429: predicting topaneu_center1_mr_959
2026-09-01 09:45:36.043187: topaneu_center1_mr_959, shape torch.Size([2, 125, 256, 256]), rank 0
2026-09-01 09:45:36.556604: predicting topaneu_center1_mr_961
2026-09-01 09:45:36.609197: topaneu_center1_mr_961, shape torch.Size([2, 124, 245, 256]), rank 0
2026-09-01 09:45:37.122362: predicting topaneu_center1_mr_975
2026-09-01 09:45:37.178337: topaneu_center1_mr_975, shape torch.Size([2, 127, 256, 256]), rank 0
2026-09-01 09:45:37.690651: predicting topaneu_center2_ct_138
2026-09-01 09:45:37.750279: topaneu_center2_ct_138, shape torch.Size([2, 128, 251, 256]), rank 0
2026-09-01 09:45:38.263894: predicting topaneu_center2_ct_141
2026-09-01 09:45:38.318021: topaneu_center2_ct_141, shape torch.Size([2, 125, 256, 256]), rank 0
2026-09-01 09:45:38.836402: predicting topaneu_center2_ct_144
2026-09-01 09:45:38.883523: topaneu_center2_ct_144, shape torch.Size([2, 120, 256, 256]), rank 0
2026-09-01 09:45:39.400595: predicting topaneu_center2_ct_154
2026-09-01 09:45:39.450888: topaneu_center2_ct_154, shape torch.Size([2, 128, 251, 256]), rank 0
2026-09-01 09:45:39.962027: predicting topaneu_center2_ct_165
2026-09-01 09:45:40.016008: topaneu_center2_ct_165, shape torch.Size([2, 124, 256, 256]), rank 0
2026-09-01 09:45:40.534095: predicting topaneu_center2_ct_189
2026-09-01 09:45:40.582889: topaneu_center2_ct_189, shape torch.Size([2, 122, 256, 256]), rank 0
2026-09-01 09:45:41.097124: predicting topaneu_center2_ct_190
2026-09-01 09:45:41.148878: topaneu_center2_ct_190, shape torch.Size([2, 128, 247, 256]), rank 0
2026-09-01 09:45:41.662578: predicting topaneu_center2_ct_192
2026-09-01 09:45:41.715929: topaneu_center2_ct_192, shape torch.Size([2, 128, 251, 256]), rank 0
2026-09-01 09:45:42.231655: predicting topaneu_center2_ct_193
2026-09-01 09:45:42.280572: topaneu_center2_ct_193, shape torch.Size([2, 126, 253, 256]), rank 0
2026-09-01 09:45:42.794755: predicting topaneu_center2_mr_016
2026-09-01 09:45:42.846257: topaneu_center2_mr_016, shape torch.Size([2, 121, 249, 256]), rank 0
2026-09-01 09:45:43.359597: predicting topaneu_center2_mr_038
2026-09-01 09:45:43.411199: topaneu_center2_mr_038, shape torch.Size([2, 120, 256, 256]), rank 0
2026-09-01 09:45:43.923460: predicting topaneu_center2_mr_042
2026-09-01 09:45:43.973529: topaneu_center2_mr_042, shape torch.Size([2, 115, 252, 256]), rank 0
2026-09-01 09:45:44.487638: predicting topaneu_center2_mr_051
2026-09-01 09:45:44.540337: topaneu_center2_mr_051, shape torch.Size([2, 120, 256, 256]), rank 0
2026-09-01 09:45:45.052989: predicting topaneu_center2_mr_054
2026-09-01 09:45:45.103789: topaneu_center2_mr_054, shape torch.Size([2, 117, 255, 256]), rank 0
2026-09-01 09:45:45.616699: predicting topaneu_center2_mr_055
2026-09-01 09:45:45.659176: topaneu_center2_mr_055, shape torch.Size([2, 96, 247, 256]), rank 0
2026-09-01 09:45:46.170364: predicting topaneu_center4_ct_025_1
2026-09-01 09:45:46.222358: topaneu_center4_ct_025_1, shape torch.Size([2, 128, 256, 256]), rank 0
2026-09-01 09:45:46.726197: predicting topaneu_center4_ct_025_2
2026-09-01 09:45:46.778919: topaneu_center4_ct_025_2, shape torch.Size([2, 128, 256, 256]), rank 0
2026-09-01 09:45:47.281313: predicting topaneu_center4_ct_030
2026-09-01 09:45:47.337678: topaneu_center4_ct_030, shape torch.Size([2, 128, 256, 256]), rank 0
2026-09-01 09:45:47.840582: predicting topaneu_center4_ct_045
2026-09-01 09:45:47.897390: topaneu_center4_ct_045, shape torch.Size([2, 128, 256, 256]), rank 0
2026-09-01 09:45:48.401558: predicting topaneu_center4_ct_067
2026-09-01 09:45:48.457853: topaneu_center4_ct_067, shape torch.Size([2, 128, 256, 256]), rank 0
2026-09-01 09:45:48.961951: predicting topaneu_center4_ct_070
2026-09-01 09:45:49.018885: topaneu_center4_ct_070, shape torch.Size([2, 128, 256, 256]), rank 0
2026-09-01 09:45:49.512174: predicting topaneu_center4_ct_072
2026-09-01 09:45:49.576001: topaneu_center4_ct_072, shape torch.Size([2, 128, 256, 256]), rank 0
2026-09-01 09:45:50.078783: predicting topaneu_center4_ct_083
2026-09-01 09:45:50.130491: topaneu_center4_ct_083, shape torch.Size([2, 128, 256, 256]), rank 0
2026-09-01 09:45:50.634522: predicting topaneu_center4_ct_104
2026-09-01 09:45:50.691093: topaneu_center4_ct_104, shape torch.Size([2, 128, 256, 256]), rank 0
2026-09-01 09:45:51.193085: predicting topaneu_center4_ct_115
2026-09-01 09:45:51.245870: topaneu_center4_ct_115, shape torch.Size([2, 124, 256, 256]), rank 0
2026-09-01 09:45:51.759778: predicting topaneu_center4_ct_119
2026-09-01 09:45:51.806099: topaneu_center4_ct_119, shape torch.Size([2, 109, 256, 256]), rank 0
2026-09-01 09:45:52.318609: predicting topaneu_center4_ct_127
2026-09-01 09:45:52.360734: topaneu_center4_ct_127, shape torch.Size([2, 102, 256, 256]), rank 0
2026-09-01 09:45:52.870399: predicting topaneu_center4_ct_193
2026-09-01 09:45:52.920861: topaneu_center4_ct_193, shape torch.Size([2, 121, 256, 256]), rank 0
2026-09-01 09:45:53.432710: predicting topaneu_center5_mr_010
2026-09-01 09:45:53.499683: topaneu_center5_mr_010, shape torch.Size([2, 101, 256, 256]), rank 0
2026-09-01 09:45:54.012783: predicting topaneu_center5_mr_034
2026-09-01 09:45:54.079297: topaneu_center5_mr_034, shape torch.Size([2, 101, 256, 256]), rank 0
2026-09-01 09:45:54.590007: predicting topaneu_center5_mr_063
2026-09-01 09:45:54.621836: topaneu_center5_mr_063, shape torch.Size([2, 75, 239, 256]), rank 0
2026-09-01 09:45:55.126999: predicting topaneu_center5_mr_081
2026-09-01 09:45:55.160087: topaneu_center5_mr_081, shape torch.Size([2, 75, 256, 234]), rank 0
2026-09-01 09:45:55.664295: predicting topaneu_center5_mr_467
2026-09-01 09:45:55.721229: topaneu_center5_mr_467, shape torch.Size([2, 125, 248, 256]), rank 0
2026-09-01 09:45:56.236172: predicting topaneu_center5_mr_471
2026-09-01 09:45:56.285039: topaneu_center5_mr_471, shape torch.Size([2, 126, 239, 256]), rank 0
2026-09-01 09:45:56.797894: predicting topaneu_center5_mr_472
2026-09-01 09:45:56.853281: topaneu_center5_mr_472, shape torch.Size([2, 128, 256, 256]), rank 0
2026-09-01 09:45:57.355635: predicting topaneu_center5_mr_478
2026-09-01 09:45:57.409465: topaneu_center5_mr_478, shape torch.Size([2, 128, 255, 256]), rank 0
2026-09-01 09:45:57.924455: predicting topaneu_center5_mr_484
2026-09-01 09:45:57.979015: topaneu_center5_mr_484, shape torch.Size([2, 127, 256, 256]), rank 0
2026-09-01 09:45:58.493466: predicting topaneu_center5_mr_486
2026-09-01 09:45:58.546540: topaneu_center5_mr_486, shape torch.Size([2, 122, 249, 256]), rank 0
2026-09-01 09:45:59.059534: predicting topaneu_center5_mr_490
2026-09-01 09:45:59.112209: topaneu_center5_mr_490, shape torch.Size([2, 123, 247, 256]), rank 0
2026-09-01 09:45:59.627083: predicting topaneu_center5_mr_492
2026-09-01 09:45:59.677886: topaneu_center5_mr_492, shape torch.Size([2, 116, 254, 256]), rank 0
2026-09-01 09:46:08.430361: Validation complete
2026-09-01 09:46:08.431414: Mean Validation Dice:  0.42480506887743663
============================================================
TopAneu ROI aneurysm segmentation fold 0 COMPLETE
End: Tue Sep  1 09:46:11 EDT 2026
============================================================
