==============================================
TopAneu RSNA Pipeline Environment
==============================================
TOPANEU_ROOT        = /home/abdul7/projects/def-punithak/abdul7/TopAneu
EXP_ROOT            = /home/abdul7/projects/def-punithak/abdul7/TopAneu/experiments/02_rsna_self_pipeline
CODE_ROOT           = /home/abdul7/projects/def-punithak/abdul7/TopAneu/experiments/02_rsna_self_pipeline/code
TOPANEU_DATA        = /home/abdul7/projects/def-punithak/abdul7/TopAneu/data

SCRATCH_ROOT        = /scratch/abdul7/TopAneu/experiments/02_rsna_self_pipeline
nnUNet_raw          = /scratch/abdul7/TopAneu/experiments/02_rsna_self_pipeline/nnUNet_raw
nnUNet_preprocessed = /scratch/abdul7/TopAneu/experiments/02_rsna_self_pipeline/nnUNet_preprocessed
nnUNet_results      = /scratch/abdul7/TopAneu/experiments/02_rsna_self_pipeline/nnUNet_results
LOG_ROOT            = /home/abdul7/projects/def-punithak/abdul7/TopAneu/experiments/02_rsna_self_pipeline/logs

Python:
/home/abdul7/projects/def-punithak/abdul7/TopAneu/venv/bin/python

nnUNet:
/home/abdul7/projects/def-punithak/abdul7/TopAneu/venv/bin/nnUNetv2_train

Scratch:
Filesystem                                   Size  Used Avail Use% Mounted on
10.82.48.7@o2ib1:10.82.48.8@o2ib1:/lustre07   19T  236G   19T   2% /scratch
==============================================
======================================================
TopAneu Model 1 Training
======================================================
Job ID : 1769491
Node   : ng10403
Start  : Wed Aug 26 20:24:50 EDT 2026
======================================================

Training configuration:
  Dataset      : Dataset301
  Configuration: 3d_fullres
  Fold         : all
  Plans        : nnUNetResEncUNetMPlans
  Trainer      : RSNA2025Trainer_moreDAv7
  Code root    : /home/abdul7/projects/def-punithak/abdul7/TopAneu/experiments/02_rsna_self_pipeline/code
  nnUNet raw   : /scratch/abdul7/TopAneu/experiments/02_rsna_self_pipeline/nnUNet_raw
  Results      : /scratch/abdul7/TopAneu/experiments/02_rsna_self_pipeline/nnUNet_results

======================================================
Dataset verification
======================================================
Images : 417
Labels : 417
Dataset verification passed.

======================================================
GPU
======================================================
Wed Aug 26 20:25:02 2026       
+-----------------------------------------------------------------------------------------+
| NVIDIA-SMI 580.159.04             Driver Version: 580.159.04     CUDA Version: 13.0     |
+-----------------------------------------+------------------------+----------------------+
| GPU  Name                 Persistence-M | Bus-Id          Disp.A | Volatile Uncorr. ECC |
| Fan  Temp   Perf          Pwr:Usage/Cap |           Memory-Usage | GPU-Util  Compute M. |
|                                         |                        |               MIG M. |
|=========================================+========================+======================|
|   0  NVIDIA A100-SXM4-40GB          Off |   00000000:01:00.0 Off |                    0 |
| N/A   37C    P0             59W /  400W |       0MiB /  40960MiB |      0%      Default |
|                                         |                        |             Disabled |
+-----------------------------------------+------------------------+----------------------+

+-----------------------------------------------------------------------------------------+
| Processes:                                                                              |
|  GPU   GI   CI              PID   Type   Process name                        GPU Memory |
|        ID   ID                                                               Usage      |
|=========================================================================================|
|  No running processes found                                                             |
+-----------------------------------------------------------------------------------------+

======================================================
STARTING MODEL 1 TRAINING
======================================================
Using device: cuda:0

#######################################################################
Please cite the following paper when using nnU-Net:
Isensee, F., Jaeger, P. F., Kohl, S. A., Petersen, J., & Maier-Hein, K. H. (2021). nnU-Net: a self-configuring method for deep learning-based biomedical image segmentation. Nature methods, 18(2), 203-211.
#######################################################################

2026-08-26 20:29:24.769049: do_dummy_2d_data_aug: False
using pin_memory on device 0
using pin_memory on device 0

This is the configuration used by this training:
Configuration name: 3d_fullres
 {'data_identifier': 'nnUNetPlans_3d_fullres', 'preprocessor_name': 'DefaultPreprocessor', 'batch_size': 2, 'patch_size': [128, 128, 128], 'median_image_size_in_voxels': [109.0, 170.0, 141.0], 'spacing': [1.0, 1.0, 1.0], 'normalization_schemes': ['ZScoreNormalization'], 'use_mask_for_norm': [False], 'resampling_fn_data': 'resample_data_or_seg_to_shape', 'resampling_fn_seg': 'resample_data_or_seg_to_shape', 'resampling_fn_data_kwargs': {'is_seg': False, 'order': 3, 'order_z': 0, 'force_separate_z': None}, 'resampling_fn_seg_kwargs': {'is_seg': True, 'order': 1, 'order_z': 0, 'force_separate_z': None}, 'resampling_fn_probabilities': 'resample_data_or_seg_to_shape', 'resampling_fn_probabilities_kwargs': {'is_seg': False, 'order': 1, 'order_z': 0, 'force_separate_z': None}, 'architecture': {'network_class_name': 'dynamic_network_architectures.architectures.unet.ResidualEncoderUNet', 'arch_kwargs': {'n_stages': 6, 'features_per_stage': [32, 64, 128, 256, 320, 320], 'conv_op': 'torch.nn.modules.conv.Conv3d', 'kernel_sizes': [[3, 3, 3], [3, 3, 3], [3, 3, 3], [3, 3, 3], [3, 3, 3], [3, 3, 3]], 'strides': [[1, 1, 1], [2, 2, 2], [2, 2, 2], [2, 2, 2], [2, 2, 2], [1, 2, 2]], 'n_blocks_per_stage': [1, 3, 4, 6, 6, 6], 'n_conv_per_stage_decoder': [1, 1, 1, 1, 1], 'conv_bias': True, 'norm_op': 'torch.nn.modules.instancenorm.InstanceNorm3d', 'norm_op_kwargs': {'eps': 1e-05, 'affine': True}, 'dropout_op': None, 'dropout_op_kwargs': None, 'nonlin': 'torch.nn.LeakyReLU', 'nonlin_kwargs': {'inplace': True}}, '_kw_requires_import': ['conv_op', 'norm_op', 'dropout_op', 'nonlin']}, 'batch_dice': False} 

These are the global plan.json settings:
 {'dataset_name': 'Dataset301_TopAneuVesselGroup', 'plans_name': 'nnUNetResEncUNetMPlans', 'original_median_spacing_after_transp': [0.49999740719795227, 0.3819440007209778, 0.3819440007209778], 'original_median_shape_after_transp': [219, 449, 374], 'image_reader_writer': 'SimpleITKIO', 'transpose_forward': [0, 1, 2], 'transpose_backward': [0, 1, 2], 'experiment_planner_used': 'nnUNetPlannerResEncMForcedLowres', 'label_manager': 'LabelManager', 'foreground_intensity_properties_per_channel': {'0': {'max': 9058.03125, 'mean': 435.3226623535156, 'median': 286.99505615234375, 'min': -2048.0, 'percentile_00_5': 81.99679565429688, 'percentile_99_5': 2913.871826171875, 'std': 468.7904357910156}}} 

2026-08-26 20:29:28.219034: Unable to plot network architecture:
2026-08-26 20:29:28.219940: No module named 'hiddenlayer'
2026-08-26 20:29:28.324459: 
2026-08-26 20:29:28.329030: Epoch 0
2026-08-26 20:29:28.330114: Current learning rate: 0.01
2026-08-26 20:30:20.623690: train_loss 0.0342
2026-08-26 20:30:20.625165: val_loss -0.128
2026-08-26 20:30:20.625834: Pseudo dice [np.float32(0.0), np.float32(0.0), np.float32(0.629)]
2026-08-26 20:30:20.626776: Epoch time: 52.3 s
2026-08-26 20:30:20.627466: Yayy! New best EMA pseudo Dice: 0.20970000326633453
2026-08-26 20:30:23.469728: 
2026-08-26 20:30:23.471015: Epoch 1
2026-08-26 20:30:23.472024: Current learning rate: 0.00999
2026-08-26 20:31:08.252554: train_loss -0.0709
2026-08-26 20:31:08.253679: val_loss -0.1857
2026-08-26 20:31:08.254403: Pseudo dice [np.float32(0.0), np.float32(0.0), np.float32(0.6627)]
2026-08-26 20:31:08.255036: Epoch time: 44.79 s
2026-08-26 20:31:08.255654: Yayy! New best EMA pseudo Dice: 0.21080000698566437
2026-08-26 20:31:10.210758: 
2026-08-26 20:31:10.212603: Epoch 2
2026-08-26 20:31:10.213786: Current learning rate: 0.00998
2026-08-26 20:31:55.336866: train_loss -0.1248
2026-08-26 20:31:55.338220: val_loss -0.2222
2026-08-26 20:31:55.338933: Pseudo dice [np.float32(0.1353), np.float32(0.0), np.float32(0.6176)]
2026-08-26 20:31:55.339731: Epoch time: 45.13 s
2026-08-26 20:31:55.340371: Yayy! New best EMA pseudo Dice: 0.21480000019073486
2026-08-26 20:31:57.352980: 
2026-08-26 20:31:57.354297: Epoch 3
2026-08-26 20:31:57.355013: Current learning rate: 0.00997
2026-08-26 20:32:42.307055: train_loss -0.1775
2026-08-26 20:32:42.308306: val_loss -0.2907
2026-08-26 20:32:42.309005: Pseudo dice [np.float32(0.2322), np.float32(0.2642), np.float32(0.6119)]
2026-08-26 20:32:42.309696: Epoch time: 44.96 s
2026-08-26 20:32:42.310351: Yayy! New best EMA pseudo Dice: 0.23029999434947968
2026-08-26 20:32:44.321243: 
2026-08-26 20:32:44.322251: Epoch 4
2026-08-26 20:32:44.323026: Current learning rate: 0.00996
2026-08-26 20:33:29.460848: train_loss -0.2026
2026-08-26 20:33:29.462296: val_loss -0.3815
2026-08-26 20:33:29.463069: Pseudo dice [np.float32(0.3417), np.float32(0.4208), np.float32(0.6258)]
2026-08-26 20:33:29.463738: Epoch time: 45.14 s
2026-08-26 20:33:29.464390: Yayy! New best EMA pseudo Dice: 0.2535000145435333
2026-08-26 20:33:31.489379: 
2026-08-26 20:33:31.490468: Epoch 5
2026-08-26 20:33:31.491296: Current learning rate: 0.00995
2026-08-26 20:34:16.420411: train_loss -0.2807
2026-08-26 20:34:16.421921: val_loss -0.4315
2026-08-26 20:34:16.422637: Pseudo dice [np.float32(0.4281), np.float32(0.5333), np.float32(0.6178)]
2026-08-26 20:34:16.423350: Epoch time: 44.93 s
2026-08-26 20:34:16.423931: Yayy! New best EMA pseudo Dice: 0.2808000147342682
2026-08-26 20:34:18.486571: 
2026-08-26 20:34:18.487725: Epoch 6
2026-08-26 20:34:18.488534: Current learning rate: 0.00995
2026-08-26 20:35:03.446256: train_loss -0.3298
2026-08-26 20:35:03.448009: val_loss -0.4746
2026-08-26 20:35:03.448744: Pseudo dice [np.float32(0.3956), np.float32(0.5736), np.float32(0.5725)]
2026-08-26 20:35:03.449585: Epoch time: 44.96 s
2026-08-26 20:35:03.450314: Yayy! New best EMA pseudo Dice: 0.30410000681877136
2026-08-26 20:35:05.511815: 
2026-08-26 20:35:05.512929: Epoch 7
2026-08-26 20:35:05.513716: Current learning rate: 0.00994
2026-08-26 20:35:50.432268: train_loss -0.3665
2026-08-26 20:35:50.433593: val_loss -0.5626
2026-08-26 20:35:50.434407: Pseudo dice [np.float32(0.5521), np.float32(0.6939), np.float32(0.6405)]
2026-08-26 20:35:50.435145: Epoch time: 44.92 s
2026-08-26 20:35:50.435822: Yayy! New best EMA pseudo Dice: 0.33660000562667847
2026-08-26 20:35:52.498376: 
2026-08-26 20:35:52.499469: Epoch 8
2026-08-26 20:35:52.500241: Current learning rate: 0.00993
2026-08-26 20:36:37.678195: train_loss -0.3769
2026-08-26 20:36:37.679458: val_loss -0.6115
2026-08-26 20:36:37.680253: Pseudo dice [np.float32(0.6029), np.float32(0.6812), np.float32(0.6948)]
2026-08-26 20:36:37.680912: Epoch time: 45.18 s
2026-08-26 20:36:37.681631: Yayy! New best EMA pseudo Dice: 0.36890000104904175
2026-08-26 20:36:39.690670: 
2026-08-26 20:36:39.691581: Epoch 9
2026-08-26 20:36:39.692387: Current learning rate: 0.00992
2026-08-26 20:37:24.623580: train_loss -0.4298
2026-08-26 20:37:24.624875: val_loss -0.6224
2026-08-26 20:37:24.625717: Pseudo dice [np.float32(0.6125), np.float32(0.688), np.float32(0.7314)]
2026-08-26 20:37:24.626506: Epoch time: 44.94 s
2026-08-26 20:37:24.627215: Yayy! New best EMA pseudo Dice: 0.39969998598098755
2026-08-26 20:37:26.678516: 
2026-08-26 20:37:26.679586: Epoch 10
2026-08-26 20:37:26.680394: Current learning rate: 0.00991
2026-08-26 20:38:12.216982: train_loss -0.4403
2026-08-26 20:38:12.218251: val_loss -0.6855
2026-08-26 20:38:12.218915: Pseudo dice [np.float32(0.7067), np.float32(0.7525), np.float32(0.7854)]
2026-08-26 20:38:12.219631: Epoch time: 45.54 s
2026-08-26 20:38:12.220408: Yayy! New best EMA pseudo Dice: 0.43459999561309814
2026-08-26 20:38:14.501884: 
2026-08-26 20:38:14.503044: Epoch 11
2026-08-26 20:38:14.503870: Current learning rate: 0.0099
2026-08-26 20:38:59.262874: train_loss -0.4555
2026-08-26 20:38:59.264093: val_loss -0.69
2026-08-26 20:38:59.265058: Pseudo dice [np.float32(0.7296), np.float32(0.7698), np.float32(0.7807)]
2026-08-26 20:38:59.265730: Epoch time: 44.76 s
2026-08-26 20:38:59.266413: Yayy! New best EMA pseudo Dice: 0.46709999442100525
2026-08-26 20:39:01.318166: 
2026-08-26 20:39:01.319163: Epoch 12
2026-08-26 20:39:01.319999: Current learning rate: 0.00989
2026-08-26 20:39:46.189053: train_loss -0.4964
2026-08-26 20:39:46.190323: val_loss -0.6841
2026-08-26 20:39:46.191144: Pseudo dice [np.float32(0.6912), np.float32(0.7635), np.float32(0.7758)]
2026-08-26 20:39:46.192265: Epoch time: 44.87 s
2026-08-26 20:39:46.192987: Yayy! New best EMA pseudo Dice: 0.49480000138282776
2026-08-26 20:39:48.210956: 
2026-08-26 20:39:48.211990: Epoch 13
2026-08-26 20:39:48.212797: Current learning rate: 0.00988
2026-08-26 20:40:32.970626: train_loss -0.5167
2026-08-26 20:40:32.971958: val_loss -0.7054
2026-08-26 20:40:32.972781: Pseudo dice [np.float32(0.7352), np.float32(0.7707), np.float32(0.807)]
2026-08-26 20:40:32.973492: Epoch time: 44.76 s
2026-08-26 20:40:32.974158: Yayy! New best EMA pseudo Dice: 0.5224000215530396
2026-08-26 20:40:35.001628: 
2026-08-26 20:40:35.002667: Epoch 14
2026-08-26 20:40:35.003425: Current learning rate: 0.00987
2026-08-26 20:41:20.173056: train_loss -0.527
2026-08-26 20:41:20.174496: val_loss -0.7275
2026-08-26 20:41:20.175240: Pseudo dice [np.float32(0.7432), np.float32(0.7874), np.float32(0.8013)]
2026-08-26 20:41:20.176025: Epoch time: 45.17 s
2026-08-26 20:41:20.176681: Yayy! New best EMA pseudo Dice: 0.5479000210762024
2026-08-26 20:41:22.210755: 
2026-08-26 20:41:22.212085: Epoch 15
2026-08-26 20:41:22.213186: Current learning rate: 0.00986
2026-08-26 20:42:07.154400: train_loss -0.5274
2026-08-26 20:42:07.155907: val_loss -0.7481
2026-08-26 20:42:07.156734: Pseudo dice [np.float32(0.7819), np.float32(0.8088), np.float32(0.834)]
2026-08-26 20:42:07.157503: Epoch time: 44.95 s
2026-08-26 20:42:07.158181: Yayy! New best EMA pseudo Dice: 0.5738999843597412
2026-08-26 20:42:09.209686: 
2026-08-26 20:42:09.210868: Epoch 16
2026-08-26 20:42:09.211621: Current learning rate: 0.00986
2026-08-26 20:42:54.404121: train_loss -0.5478
2026-08-26 20:42:54.405616: val_loss -0.7595
2026-08-26 20:42:54.406434: Pseudo dice [np.float32(0.7813), np.float32(0.8054), np.float32(0.8321)]
2026-08-26 20:42:54.407209: Epoch time: 45.2 s
2026-08-26 20:42:54.407846: Yayy! New best EMA pseudo Dice: 0.597100019454956
2026-08-26 20:42:56.426164: 
2026-08-26 20:42:56.427216: Epoch 17
2026-08-26 20:42:56.428025: Current learning rate: 0.00985
2026-08-26 20:43:41.509145: train_loss -0.5569
2026-08-26 20:43:41.510542: val_loss -0.7581
2026-08-26 20:43:41.511472: Pseudo dice [np.float32(0.7825), np.float32(0.8156), np.float32(0.8235)]
2026-08-26 20:43:41.512299: Epoch time: 45.09 s
2026-08-26 20:43:41.513015: Yayy! New best EMA pseudo Dice: 0.6180999875068665
2026-08-26 20:43:43.554696: 
2026-08-26 20:43:43.555772: Epoch 18
2026-08-26 20:43:43.556571: Current learning rate: 0.00984
2026-08-26 20:44:28.354255: train_loss -0.5588
2026-08-26 20:44:28.355726: val_loss -0.7592
2026-08-26 20:44:28.356593: Pseudo dice [np.float32(0.791), np.float32(0.8068), np.float32(0.8388)]
2026-08-26 20:44:28.357486: Epoch time: 44.8 s
2026-08-26 20:44:28.358281: Yayy! New best EMA pseudo Dice: 0.637499988079071
2026-08-26 20:44:30.403341: 
2026-08-26 20:44:30.404461: Epoch 19
2026-08-26 20:44:30.405209: Current learning rate: 0.00983
2026-08-26 20:45:15.441684: train_loss -0.569
2026-08-26 20:45:15.443052: val_loss -0.7327
2026-08-26 20:45:15.443799: Pseudo dice [np.float32(0.7604), np.float32(0.7798), np.float32(0.7972)]
2026-08-26 20:45:15.444497: Epoch time: 45.04 s
2026-08-26 20:45:15.445151: Yayy! New best EMA pseudo Dice: 0.6517000198364258
2026-08-26 20:45:17.907708: 
2026-08-26 20:45:17.908798: Epoch 20
2026-08-26 20:45:17.909546: Current learning rate: 0.00982
2026-08-26 20:46:02.961343: train_loss -0.567
2026-08-26 20:46:02.962805: val_loss -0.7998
2026-08-26 20:46:02.963551: Pseudo dice [np.float32(0.8284), np.float32(0.8255), np.float32(0.8654)]
2026-08-26 20:46:02.964264: Epoch time: 45.06 s
2026-08-26 20:46:02.964979: Yayy! New best EMA pseudo Dice: 0.6704999804496765
2026-08-26 20:46:05.023447: 
2026-08-26 20:46:05.024763: Epoch 21
2026-08-26 20:46:05.025829: Current learning rate: 0.00981
2026-08-26 20:46:49.995259: train_loss -0.5848
2026-08-26 20:46:49.996843: val_loss -0.7852
2026-08-26 20:46:49.997576: Pseudo dice [np.float32(0.8092), np.float32(0.8253), np.float32(0.8508)]
2026-08-26 20:46:49.998332: Epoch time: 44.98 s
2026-08-26 20:46:49.998946: Yayy! New best EMA pseudo Dice: 0.6862999796867371
2026-08-26 20:46:52.010794: 
2026-08-26 20:46:52.011960: Epoch 22
2026-08-26 20:46:52.012984: Current learning rate: 0.0098
2026-08-26 20:47:36.832307: train_loss -0.5954
2026-08-26 20:47:36.833980: val_loss -0.769
2026-08-26 20:47:36.834933: Pseudo dice [np.float32(0.8083), np.float32(0.8102), np.float32(0.8314)]
2026-08-26 20:47:36.835719: Epoch time: 44.82 s
2026-08-26 20:47:36.836375: Yayy! New best EMA pseudo Dice: 0.6992999911308289
2026-08-26 20:47:38.856539: 
2026-08-26 20:47:38.857710: Epoch 23
2026-08-26 20:47:38.858586: Current learning rate: 0.00979
2026-08-26 20:48:23.768363: train_loss -0.5836
2026-08-26 20:48:23.769925: val_loss -0.7755
2026-08-26 20:48:23.770848: Pseudo dice [np.float32(0.8067), np.float32(0.812), np.float32(0.8312)]
2026-08-26 20:48:23.771796: Epoch time: 44.91 s
2026-08-26 20:48:23.772387: Yayy! New best EMA pseudo Dice: 0.7110999822616577
2026-08-26 20:48:25.986109: 
2026-08-26 20:48:25.988555: Epoch 24
2026-08-26 20:48:25.989911: Current learning rate: 0.00978
2026-08-26 20:49:10.836096: train_loss -0.6133
2026-08-26 20:49:10.837553: val_loss -0.7752
2026-08-26 20:49:10.838354: Pseudo dice [np.float32(0.8063), np.float32(0.8172), np.float32(0.8244)]
2026-08-26 20:49:10.839133: Epoch time: 44.85 s
2026-08-26 20:49:10.839843: Yayy! New best EMA pseudo Dice: 0.7215999960899353
2026-08-26 20:49:12.836399: 
2026-08-26 20:49:12.837495: Epoch 25
2026-08-26 20:49:12.838244: Current learning rate: 0.00977
2026-08-26 20:49:57.666083: train_loss -0.5885
2026-08-26 20:49:57.667383: val_loss -0.8072
2026-08-26 20:49:57.668113: Pseudo dice [np.float32(0.8291), np.float32(0.8379), np.float32(0.8647)]
2026-08-26 20:49:57.668821: Epoch time: 44.83 s
2026-08-26 20:49:57.669570: Yayy! New best EMA pseudo Dice: 0.7337999939918518
2026-08-26 20:49:59.684690: 
2026-08-26 20:49:59.685685: Epoch 26
2026-08-26 20:49:59.686522: Current learning rate: 0.00977
2026-08-26 20:50:44.343730: train_loss -0.5964
2026-08-26 20:50:44.345146: val_loss -0.8084
2026-08-26 20:50:44.345940: Pseudo dice [np.float32(0.8374), np.float32(0.8399), np.float32(0.8632)]
2026-08-26 20:50:44.346796: Epoch time: 44.66 s
2026-08-26 20:50:44.347618: Yayy! New best EMA pseudo Dice: 0.7451000213623047
2026-08-26 20:50:46.359262: 
2026-08-26 20:50:46.360381: Epoch 27
2026-08-26 20:50:46.361225: Current learning rate: 0.00976
2026-08-26 20:51:31.363647: train_loss -0.5919
2026-08-26 20:51:31.365114: val_loss -0.8125
2026-08-26 20:51:31.365987: Pseudo dice [np.float32(0.8461), np.float32(0.847), np.float32(0.8638)]
2026-08-26 20:51:31.366823: Epoch time: 45.01 s
2026-08-26 20:51:31.367523: Yayy! New best EMA pseudo Dice: 0.7558000087738037
2026-08-26 20:51:33.412023: 
2026-08-26 20:51:33.413472: Epoch 28
2026-08-26 20:51:33.414530: Current learning rate: 0.00975
2026-08-26 20:52:18.175519: train_loss -0.6024
2026-08-26 20:52:18.177158: val_loss -0.7865
2026-08-26 20:52:18.177984: Pseudo dice [np.float32(0.8114), np.float32(0.8116), np.float32(0.8371)]
2026-08-26 20:52:18.178832: Epoch time: 44.77 s
2026-08-26 20:52:18.179543: Yayy! New best EMA pseudo Dice: 0.7621999979019165
2026-08-26 20:52:20.200557: 
2026-08-26 20:52:20.201671: Epoch 29
2026-08-26 20:52:20.202527: Current learning rate: 0.00974
2026-08-26 20:53:05.144317: train_loss -0.6267
2026-08-26 20:53:05.145816: val_loss -0.7952
2026-08-26 20:53:05.146660: Pseudo dice [np.float32(0.801), np.float32(0.8306), np.float32(0.8352)]
2026-08-26 20:53:05.147473: Epoch time: 44.95 s
2026-08-26 20:53:05.148192: Yayy! New best EMA pseudo Dice: 0.7681999802589417
2026-08-26 20:53:07.624700: 
2026-08-26 20:53:07.625745: Epoch 30
2026-08-26 20:53:07.626531: Current learning rate: 0.00973
2026-08-26 20:53:52.418230: train_loss -0.6177
2026-08-26 20:53:52.419601: val_loss -0.7955
2026-08-26 20:53:52.420541: Pseudo dice [np.float32(0.8234), np.float32(0.7843), np.float32(0.8523)]
2026-08-26 20:53:52.421289: Epoch time: 44.8 s
2026-08-26 20:53:52.422012: Yayy! New best EMA pseudo Dice: 0.7734000086784363
2026-08-26 20:53:54.448944: 
2026-08-26 20:53:54.450310: Epoch 31
2026-08-26 20:53:54.451204: Current learning rate: 0.00972
2026-08-26 20:54:39.350577: train_loss -0.6169
2026-08-26 20:54:39.352251: val_loss -0.7901
2026-08-26 20:54:39.353084: Pseudo dice [np.float32(0.82), np.float32(0.8289), np.float32(0.8458)]
2026-08-26 20:54:39.353907: Epoch time: 44.9 s
2026-08-26 20:54:39.354626: Yayy! New best EMA pseudo Dice: 0.77920001745224
2026-08-26 20:54:41.368742: 
2026-08-26 20:54:41.369871: Epoch 32
2026-08-26 20:54:41.370626: Current learning rate: 0.00971
2026-08-26 20:55:26.548831: train_loss -0.6132
2026-08-26 20:55:26.550413: val_loss -0.8262
2026-08-26 20:55:26.551194: Pseudo dice [np.float32(0.8568), np.float32(0.8446), np.float32(0.8669)]
2026-08-26 20:55:26.551909: Epoch time: 45.18 s
2026-08-26 20:55:26.552831: Yayy! New best EMA pseudo Dice: 0.786899983882904
2026-08-26 20:55:28.595174: 
2026-08-26 20:55:28.596188: Epoch 33
2026-08-26 20:55:28.596929: Current learning rate: 0.0097
2026-08-26 20:56:13.414488: train_loss -0.6226
2026-08-26 20:56:13.415902: val_loss -0.8029
2026-08-26 20:56:13.416703: Pseudo dice [np.float32(0.8369), np.float32(0.8156), np.float32(0.8616)]
2026-08-26 20:56:13.417459: Epoch time: 44.82 s
2026-08-26 20:56:13.418171: Yayy! New best EMA pseudo Dice: 0.7919999957084656
2026-08-26 20:56:15.430579: 
2026-08-26 20:56:15.431572: Epoch 34
2026-08-26 20:56:15.432369: Current learning rate: 0.00969
2026-08-26 20:57:00.693192: train_loss -0.6258
2026-08-26 20:57:00.694761: val_loss -0.8142
2026-08-26 20:57:00.695706: Pseudo dice [np.float32(0.8368), np.float32(0.8466), np.float32(0.8724)]
2026-08-26 20:57:00.696471: Epoch time: 45.27 s
2026-08-26 20:57:00.697205: Yayy! New best EMA pseudo Dice: 0.7979999780654907
2026-08-26 20:57:02.738120: 
2026-08-26 20:57:02.739123: Epoch 35
2026-08-26 20:57:02.739868: Current learning rate: 0.00968
2026-08-26 20:57:47.513502: train_loss -0.6312
2026-08-26 20:57:47.514876: val_loss -0.816
2026-08-26 20:57:47.515638: Pseudo dice [np.float32(0.8251), np.float32(0.8422), np.float32(0.8665)]
2026-08-26 20:57:47.516382: Epoch time: 44.78 s
2026-08-26 20:57:47.517037: Yayy! New best EMA pseudo Dice: 0.8026999831199646
2026-08-26 20:57:49.555379: 
2026-08-26 20:57:49.556438: Epoch 36
2026-08-26 20:57:49.557215: Current learning rate: 0.00968
2026-08-26 20:58:34.259852: train_loss -0.6309
2026-08-26 20:58:34.261383: val_loss -0.828
2026-08-26 20:58:34.262188: Pseudo dice [np.float32(0.8395), np.float32(0.843), np.float32(0.8804)]
2026-08-26 20:58:34.263069: Epoch time: 44.71 s
2026-08-26 20:58:34.263800: Yayy! New best EMA pseudo Dice: 0.8077999949455261
2026-08-26 20:58:36.332386: 
2026-08-26 20:58:36.333493: Epoch 37
2026-08-26 20:58:36.334395: Current learning rate: 0.00967
2026-08-26 20:59:21.260983: train_loss -0.6289
2026-08-26 20:59:21.262489: val_loss -0.8256
2026-08-26 20:59:21.263326: Pseudo dice [np.float32(0.85), np.float32(0.8446), np.float32(0.8691)]
2026-08-26 20:59:21.264233: Epoch time: 44.93 s
2026-08-26 20:59:21.264960: Yayy! New best EMA pseudo Dice: 0.8125
2026-08-26 20:59:23.320436: 
2026-08-26 20:59:23.321673: Epoch 38
2026-08-26 20:59:23.322565: Current learning rate: 0.00966
2026-08-26 21:00:08.540524: train_loss -0.6275
2026-08-26 21:00:08.541946: val_loss -0.8219
2026-08-26 21:00:08.542715: Pseudo dice [np.float32(0.8427), np.float32(0.8347), np.float32(0.8736)]
2026-08-26 21:00:08.543479: Epoch time: 45.22 s
2026-08-26 21:00:08.544166: Yayy! New best EMA pseudo Dice: 0.8162999749183655
2026-08-26 21:00:10.594688: 
2026-08-26 21:00:10.595747: Epoch 39
2026-08-26 21:00:10.596488: Current learning rate: 0.00965
2026-08-26 21:00:56.003392: train_loss -0.6265
2026-08-26 21:00:56.004714: val_loss -0.8223
2026-08-26 21:00:56.005464: Pseudo dice [np.float32(0.8451), np.float32(0.8322), np.float32(0.8728)]
2026-08-26 21:00:56.006167: Epoch time: 45.41 s
2026-08-26 21:00:56.006885: Yayy! New best EMA pseudo Dice: 0.8197000026702881
2026-08-26 21:00:58.036945: 
2026-08-26 21:00:58.037966: Epoch 40
2026-08-26 21:00:58.038690: Current learning rate: 0.00964
2026-08-26 21:01:42.974949: train_loss -0.6139
2026-08-26 21:01:42.976335: val_loss -0.8115
2026-08-26 21:01:42.977091: Pseudo dice [np.float32(0.8356), np.float32(0.8411), np.float32(0.8575)]
2026-08-26 21:01:42.977872: Epoch time: 44.94 s
2026-08-26 21:01:42.978459: Yayy! New best EMA pseudo Dice: 0.8222000002861023
2026-08-26 21:01:45.022683: 
2026-08-26 21:01:45.023687: Epoch 41
2026-08-26 21:01:45.024350: Current learning rate: 0.00963
2026-08-26 21:02:29.706006: train_loss -0.6338
2026-08-26 21:02:29.707423: val_loss -0.8206
2026-08-26 21:02:29.708303: Pseudo dice [np.float32(0.8452), np.float32(0.8473), np.float32(0.8785)]
2026-08-26 21:02:29.709173: Epoch time: 44.69 s
2026-08-26 21:02:29.709915: Yayy! New best EMA pseudo Dice: 0.8256999850273132
2026-08-26 21:02:31.718528: 
2026-08-26 21:02:31.719699: Epoch 42
2026-08-26 21:02:31.720612: Current learning rate: 0.00962
2026-08-26 21:03:16.755289: train_loss -0.618
2026-08-26 21:03:16.756694: val_loss -0.8286
2026-08-26 21:03:16.757483: Pseudo dice [np.float32(0.852), np.float32(0.8409), np.float32(0.868)]
2026-08-26 21:03:16.758197: Epoch time: 45.04 s
2026-08-26 21:03:16.758879: Yayy! New best EMA pseudo Dice: 0.828499972820282
2026-08-26 21:03:18.767392: 
2026-08-26 21:03:18.768476: Epoch 43
2026-08-26 21:03:18.769216: Current learning rate: 0.00961
2026-08-26 21:04:03.860818: train_loss -0.6358
2026-08-26 21:04:03.862168: val_loss -0.8205
2026-08-26 21:04:03.862926: Pseudo dice [np.float32(0.845), np.float32(0.8413), np.float32(0.8741)]
2026-08-26 21:04:03.863588: Epoch time: 45.1 s
2026-08-26 21:04:03.864202: Yayy! New best EMA pseudo Dice: 0.8309999704360962
2026-08-26 21:04:05.890773: 
2026-08-26 21:04:05.891827: Epoch 44
2026-08-26 21:04:05.892662: Current learning rate: 0.0096
2026-08-26 21:04:50.958894: train_loss -0.6422
2026-08-26 21:04:50.972124: val_loss -0.8235
2026-08-26 21:04:50.972858: Pseudo dice [np.float32(0.8529), np.float32(0.8369), np.float32(0.8735)]
2026-08-26 21:04:50.973672: Epoch time: 45.07 s
2026-08-26 21:04:50.974351: Yayy! New best EMA pseudo Dice: 0.833299994468689
2026-08-26 21:04:52.988640: 
2026-08-26 21:04:52.989629: Epoch 45
2026-08-26 21:04:52.990330: Current learning rate: 0.00959
2026-08-26 21:05:37.737858: train_loss -0.6303
2026-08-26 21:05:37.739415: val_loss -0.826
2026-08-26 21:05:37.740321: Pseudo dice [np.float32(0.85), np.float32(0.8477), np.float32(0.8764)]
2026-08-26 21:05:37.741112: Epoch time: 44.75 s
2026-08-26 21:05:37.741754: Yayy! New best EMA pseudo Dice: 0.8357999920845032
2026-08-26 21:05:39.745605: 
2026-08-26 21:05:39.746637: Epoch 46
2026-08-26 21:05:39.747401: Current learning rate: 0.00959
2026-08-26 21:06:24.502913: train_loss -0.6366
2026-08-26 21:06:24.504521: val_loss -0.8255
2026-08-26 21:06:24.505722: Pseudo dice [np.float32(0.8536), np.float32(0.8445), np.float32(0.8863)]
2026-08-26 21:06:24.507036: Epoch time: 44.76 s
2026-08-26 21:06:24.507954: Yayy! New best EMA pseudo Dice: 0.8382999897003174
2026-08-26 21:06:26.505064: 
2026-08-26 21:06:26.507444: Epoch 47
2026-08-26 21:06:26.508964: Current learning rate: 0.00958
2026-08-26 21:07:11.403959: train_loss -0.635
2026-08-26 21:07:11.405356: val_loss -0.8427
2026-08-26 21:07:11.406084: Pseudo dice [np.float32(0.8698), np.float32(0.854), np.float32(0.8879)]
2026-08-26 21:07:11.406841: Epoch time: 44.9 s
2026-08-26 21:07:11.407439: Yayy! New best EMA pseudo Dice: 0.8416000008583069
2026-08-26 21:07:13.407613: 
2026-08-26 21:07:13.408555: Epoch 48
2026-08-26 21:07:13.409219: Current learning rate: 0.00957
2026-08-26 21:07:58.410380: train_loss -0.6457
2026-08-26 21:07:58.411875: val_loss -0.821
2026-08-26 21:07:58.412854: Pseudo dice [np.float32(0.8434), np.float32(0.8434), np.float32(0.8723)]
2026-08-26 21:07:58.413804: Epoch time: 45.01 s
2026-08-26 21:07:58.414482: Yayy! New best EMA pseudo Dice: 0.8427000045776367
2026-08-26 21:08:00.435907: 
2026-08-26 21:08:00.436965: Epoch 49
2026-08-26 21:08:00.437668: Current learning rate: 0.00956
2026-08-26 21:08:45.255564: train_loss -0.6484
2026-08-26 21:08:45.256913: val_loss -0.8248
2026-08-26 21:08:45.257734: Pseudo dice [np.float32(0.8535), np.float32(0.8414), np.float32(0.8715)]
2026-08-26 21:08:45.258821: Epoch time: 44.82 s
2026-08-26 21:08:46.328186: Yayy! New best EMA pseudo Dice: 0.843999981880188
2026-08-26 21:08:48.360946: 
2026-08-26 21:08:48.362159: Epoch 50
2026-08-26 21:08:48.362849: Current learning rate: 0.00955
2026-08-26 21:09:33.350551: train_loss -0.6454
2026-08-26 21:09:33.352204: val_loss -0.8443
2026-08-26 21:09:33.352978: Pseudo dice [np.float32(0.8686), np.float32(0.8476), np.float32(0.8895)]
2026-08-26 21:09:33.353709: Epoch time: 44.99 s
2026-08-26 21:09:33.354413: Yayy! New best EMA pseudo Dice: 0.8464000225067139
2026-08-26 21:09:35.355569: 
2026-08-26 21:09:35.356619: Epoch 51
2026-08-26 21:09:35.357394: Current learning rate: 0.00954
2026-08-26 21:10:20.289351: train_loss -0.6418
2026-08-26 21:10:20.290735: val_loss -0.8403
2026-08-26 21:10:20.291563: Pseudo dice [np.float32(0.8669), np.float32(0.8461), np.float32(0.8955)]
2026-08-26 21:10:20.292307: Epoch time: 44.94 s
2026-08-26 21:10:20.293010: Yayy! New best EMA pseudo Dice: 0.8486999869346619
2026-08-26 21:10:22.322783: 
2026-08-26 21:10:22.323827: Epoch 52
2026-08-26 21:10:22.324576: Current learning rate: 0.00953
2026-08-26 21:11:07.651646: train_loss -0.6612
2026-08-26 21:11:07.653172: val_loss -0.8505
2026-08-26 21:11:07.653951: Pseudo dice [np.float32(0.8776), np.float32(0.8615), np.float32(0.8976)]
2026-08-26 21:11:07.654599: Epoch time: 45.33 s
2026-08-26 21:11:07.655352: Yayy! New best EMA pseudo Dice: 0.8518000245094299
2026-08-26 21:11:09.679235: 
2026-08-26 21:11:09.680390: Epoch 53
2026-08-26 21:11:09.681164: Current learning rate: 0.00952
2026-08-26 21:11:54.523041: train_loss -0.6607
2026-08-26 21:11:54.524531: val_loss -0.8296
2026-08-26 21:11:54.525300: Pseudo dice [np.float32(0.849), np.float32(0.8484), np.float32(0.8826)]
2026-08-26 21:11:54.526007: Epoch time: 44.85 s
2026-08-26 21:11:54.526771: Yayy! New best EMA pseudo Dice: 0.8525999784469604
2026-08-26 21:11:56.538584: 
2026-08-26 21:11:56.539528: Epoch 54
2026-08-26 21:11:56.540287: Current learning rate: 0.00951
2026-08-26 21:12:41.309306: train_loss -0.643
2026-08-26 21:12:41.310814: val_loss -0.8365
2026-08-26 21:12:41.311661: Pseudo dice [np.float32(0.8618), np.float32(0.8485), np.float32(0.8684)]
2026-08-26 21:12:41.312441: Epoch time: 44.77 s
2026-08-26 21:12:41.313269: Yayy! New best EMA pseudo Dice: 0.8532999753952026
2026-08-26 21:12:43.341857: 
2026-08-26 21:12:43.343024: Epoch 55
2026-08-26 21:12:43.343758: Current learning rate: 0.0095
2026-08-26 21:13:28.431197: train_loss -0.6385
2026-08-26 21:13:28.432663: val_loss -0.8398
2026-08-26 21:13:28.433444: Pseudo dice [np.float32(0.8662), np.float32(0.8579), np.float32(0.8915)]
2026-08-26 21:13:28.434394: Epoch time: 45.09 s
2026-08-26 21:13:28.435037: Yayy! New best EMA pseudo Dice: 0.8550999760627747
2026-08-26 21:13:30.431975: 
2026-08-26 21:13:30.432961: Epoch 56
2026-08-26 21:13:30.433703: Current learning rate: 0.00949
2026-08-26 21:14:16.407274: train_loss -0.6589
2026-08-26 21:14:16.408770: val_loss -0.8355
2026-08-26 21:14:16.409593: Pseudo dice [np.float32(0.8595), np.float32(0.8516), np.float32(0.8883)]
2026-08-26 21:14:16.410386: Epoch time: 45.98 s
2026-08-26 21:14:16.411047: Yayy! New best EMA pseudo Dice: 0.8562999963760376
2026-08-26 21:14:18.436815: 
2026-08-26 21:14:18.437948: Epoch 57
2026-08-26 21:14:18.438700: Current learning rate: 0.00949
2026-08-26 21:15:03.584616: train_loss -0.6474
2026-08-26 21:15:03.585997: val_loss -0.8386
2026-08-26 21:15:03.586939: Pseudo dice [np.float32(0.8577), np.float32(0.8555), np.float32(0.8959)]
2026-08-26 21:15:03.587710: Epoch time: 45.15 s
2026-08-26 21:15:03.588431: Yayy! New best EMA pseudo Dice: 0.8575999736785889
2026-08-26 21:15:05.602554: 
2026-08-26 21:15:05.603603: Epoch 58
2026-08-26 21:15:05.604267: Current learning rate: 0.00948
2026-08-26 21:15:50.972205: train_loss -0.6536
2026-08-26 21:15:50.973622: val_loss -0.8429
2026-08-26 21:15:50.974293: Pseudo dice [np.float32(0.863), np.float32(0.8573), np.float32(0.8857)]
2026-08-26 21:15:50.975130: Epoch time: 45.37 s
2026-08-26 21:15:50.975947: Yayy! New best EMA pseudo Dice: 0.8586999773979187
2026-08-26 21:15:52.988321: 
2026-08-26 21:15:52.989278: Epoch 59
2026-08-26 21:15:52.989978: Current learning rate: 0.00947
2026-08-26 21:16:37.936940: train_loss -0.6591
2026-08-26 21:16:37.938223: val_loss -0.8325
2026-08-26 21:16:37.938956: Pseudo dice [np.float32(0.8633), np.float32(0.8401), np.float32(0.8886)]
2026-08-26 21:16:37.939741: Epoch time: 44.95 s
2026-08-26 21:16:37.940494: Yayy! New best EMA pseudo Dice: 0.8592000007629395
2026-08-26 21:16:39.928837: 
2026-08-26 21:16:39.929858: Epoch 60
2026-08-26 21:16:39.930685: Current learning rate: 0.00946
2026-08-26 21:17:24.865268: train_loss -0.6465
2026-08-26 21:17:24.866744: val_loss -0.8366
2026-08-26 21:17:24.867682: Pseudo dice [np.float32(0.8589), np.float32(0.8536), np.float32(0.8832)]
2026-08-26 21:17:24.868495: Epoch time: 44.94 s
2026-08-26 21:17:24.869123: Yayy! New best EMA pseudo Dice: 0.8597999811172485
2026-08-26 21:17:26.903349: 
2026-08-26 21:17:26.904361: Epoch 61
2026-08-26 21:17:26.905118: Current learning rate: 0.00945
2026-08-26 21:18:12.016260: train_loss -0.6466
2026-08-26 21:18:12.017680: val_loss -0.8391
2026-08-26 21:18:12.018440: Pseudo dice [np.float32(0.8659), np.float32(0.856), np.float32(0.8947)]
2026-08-26 21:18:12.019323: Epoch time: 45.12 s
2026-08-26 21:18:12.020120: Yayy! New best EMA pseudo Dice: 0.8611000180244446
2026-08-26 21:18:14.042894: 
2026-08-26 21:18:14.043978: Epoch 62
2026-08-26 21:18:14.044640: Current learning rate: 0.00944
2026-08-26 21:18:58.964244: train_loss -0.6301
2026-08-26 21:18:58.965582: val_loss -0.8438
2026-08-26 21:18:58.966264: Pseudo dice [np.float32(0.8632), np.float32(0.8563), np.float32(0.8902)]
2026-08-26 21:18:58.966944: Epoch time: 44.92 s
2026-08-26 21:18:58.967708: Yayy! New best EMA pseudo Dice: 0.8619999885559082
2026-08-26 21:19:00.997196: 
2026-08-26 21:19:00.998210: Epoch 63
2026-08-26 21:19:00.998924: Current learning rate: 0.00943
2026-08-26 21:19:45.811730: train_loss -0.666
2026-08-26 21:19:45.813232: val_loss -0.8477
2026-08-26 21:19:45.814175: Pseudo dice [np.float32(0.8721), np.float32(0.8566), np.float32(0.8831)]
2026-08-26 21:19:45.814916: Epoch time: 44.82 s
2026-08-26 21:19:45.815593: Yayy! New best EMA pseudo Dice: 0.8628000020980835
2026-08-26 21:19:47.835751: 
2026-08-26 21:19:47.836809: Epoch 64
2026-08-26 21:19:47.837499: Current learning rate: 0.00942
2026-08-26 21:20:32.556113: train_loss -0.6686
2026-08-26 21:20:32.557792: val_loss -0.8411
2026-08-26 21:20:32.558560: Pseudo dice [np.float32(0.8655), np.float32(0.8504), np.float32(0.886)]
2026-08-26 21:20:32.559277: Epoch time: 44.72 s
2026-08-26 21:20:32.559943: Yayy! New best EMA pseudo Dice: 0.8633000254631042
2026-08-26 21:20:34.578458: 
2026-08-26 21:20:34.579500: Epoch 65
2026-08-26 21:20:34.580331: Current learning rate: 0.00941
2026-08-26 21:21:19.344674: train_loss -0.6657
2026-08-26 21:21:19.346040: val_loss -0.845
2026-08-26 21:21:19.346746: Pseudo dice [np.float32(0.863), np.float32(0.8556), np.float32(0.8845)]
2026-08-26 21:21:19.347577: Epoch time: 44.77 s
2026-08-26 21:21:19.348369: Yayy! New best EMA pseudo Dice: 0.8636999726295471
2026-08-26 21:21:21.374381: 
2026-08-26 21:21:21.375367: Epoch 66
2026-08-26 21:21:21.376123: Current learning rate: 0.0094
2026-08-26 21:22:06.399591: train_loss -0.6608
2026-08-26 21:22:06.401164: val_loss -0.8459
2026-08-26 21:22:06.402129: Pseudo dice [np.float32(0.8681), np.float32(0.8597), np.float32(0.8892)]
2026-08-26 21:22:06.402900: Epoch time: 45.03 s
2026-08-26 21:22:06.403647: Yayy! New best EMA pseudo Dice: 0.8646000027656555
2026-08-26 21:22:08.440049: 
2026-08-26 21:22:08.441168: Epoch 67
2026-08-26 21:22:08.442071: Current learning rate: 0.00939
2026-08-26 21:22:53.625392: train_loss -0.649
2026-08-26 21:22:53.626699: val_loss -0.8516
2026-08-26 21:22:53.627631: Pseudo dice [np.float32(0.8788), np.float32(0.8636), np.float32(0.8923)]
2026-08-26 21:22:53.628393: Epoch time: 45.19 s
2026-08-26 21:22:53.629069: Yayy! New best EMA pseudo Dice: 0.8658999800682068
2026-08-26 21:22:55.657323: 
2026-08-26 21:22:55.658364: Epoch 68
2026-08-26 21:22:55.659120: Current learning rate: 0.00939
2026-08-26 21:23:40.673772: train_loss -0.6681
2026-08-26 21:23:40.675687: val_loss -0.853
2026-08-26 21:23:40.676809: Pseudo dice [np.float32(0.8765), np.float32(0.8605), np.float32(0.9001)]
2026-08-26 21:23:40.677792: Epoch time: 45.02 s
2026-08-26 21:23:40.678490: Yayy! New best EMA pseudo Dice: 0.8672999739646912
2026-08-26 21:23:42.724749: 
2026-08-26 21:23:42.725854: Epoch 69
2026-08-26 21:23:42.726649: Current learning rate: 0.00938
2026-08-26 21:24:27.570844: train_loss -0.6463
2026-08-26 21:24:27.572462: val_loss -0.8374
2026-08-26 21:24:27.573713: Pseudo dice [np.float32(0.8609), np.float32(0.837), np.float32(0.8857)]
2026-08-26 21:24:27.574902: Epoch time: 44.85 s
2026-08-26 21:24:28.370525: 
2026-08-26 21:24:28.371552: Epoch 70
2026-08-26 21:24:28.372389: Current learning rate: 0.00937
2026-08-26 21:25:13.220984: train_loss -0.6731
2026-08-26 21:25:13.234439: val_loss -0.8578
2026-08-26 21:25:13.235356: Pseudo dice [np.float32(0.8844), np.float32(0.8609), np.float32(0.9039)]
2026-08-26 21:25:13.236126: Epoch time: 44.85 s
2026-08-26 21:25:13.236776: Yayy! New best EMA pseudo Dice: 0.8683000206947327
2026-08-26 21:25:15.288242: 
2026-08-26 21:25:15.289410: Epoch 71
2026-08-26 21:25:15.290372: Current learning rate: 0.00936
2026-08-26 21:26:00.248796: train_loss -0.6649
2026-08-26 21:26:00.250290: val_loss -0.8467
2026-08-26 21:26:00.251244: Pseudo dice [np.float32(0.8764), np.float32(0.8531), np.float32(0.8925)]
2026-08-26 21:26:00.252054: Epoch time: 44.96 s
2026-08-26 21:26:00.252743: Yayy! New best EMA pseudo Dice: 0.8689000010490417
2026-08-26 21:26:02.277393: 
2026-08-26 21:26:02.278398: Epoch 72
2026-08-26 21:26:02.279062: Current learning rate: 0.00935
2026-08-26 21:26:47.567014: train_loss -0.6592
2026-08-26 21:26:47.568549: val_loss -0.8504
2026-08-26 21:26:47.569386: Pseudo dice [np.float32(0.8687), np.float32(0.8567), np.float32(0.8901)]
2026-08-26 21:26:47.570262: Epoch time: 45.29 s
2026-08-26 21:26:47.571037: Yayy! New best EMA pseudo Dice: 0.8691999912261963
2026-08-26 21:26:49.607734: 
2026-08-26 21:26:49.608914: Epoch 73
2026-08-26 21:26:49.609769: Current learning rate: 0.00934
2026-08-26 21:27:34.563737: train_loss -0.6786
2026-08-26 21:27:34.565630: val_loss -0.8447
2026-08-26 21:27:34.566587: Pseudo dice [np.float32(0.8633), np.float32(0.856), np.float32(0.8874)]
2026-08-26 21:27:34.567327: Epoch time: 44.96 s
2026-08-26 21:27:35.370059: 
2026-08-26 21:27:35.371346: Epoch 74
2026-08-26 21:27:35.372115: Current learning rate: 0.00933
2026-08-26 21:28:21.150916: train_loss -0.6646
2026-08-26 21:28:21.152305: val_loss -0.8531
2026-08-26 21:28:21.153136: Pseudo dice [np.float32(0.8696), np.float32(0.8615), np.float32(0.8997)]
2026-08-26 21:28:21.153888: Epoch time: 45.78 s
2026-08-26 21:28:21.154664: Yayy! New best EMA pseudo Dice: 0.8698999881744385
2026-08-26 21:28:23.436628: 
2026-08-26 21:28:23.437636: Epoch 75
2026-08-26 21:28:23.438332: Current learning rate: 0.00932
2026-08-26 21:29:08.375830: train_loss -0.6848
2026-08-26 21:29:08.377267: val_loss -0.8538
2026-08-26 21:29:08.378074: Pseudo dice [np.float32(0.877), np.float32(0.8668), np.float32(0.9051)]
2026-08-26 21:29:08.379061: Epoch time: 44.94 s
2026-08-26 21:29:08.379955: Yayy! New best EMA pseudo Dice: 0.8712000250816345
2026-08-26 21:29:10.397216: 
2026-08-26 21:29:10.398293: Epoch 76
2026-08-26 21:29:10.399147: Current learning rate: 0.00931
2026-08-26 21:29:55.367651: train_loss -0.671
2026-08-26 21:29:55.368839: val_loss -0.85
2026-08-26 21:29:55.369580: Pseudo dice [np.float32(0.8771), np.float32(0.8619), np.float32(0.8895)]
2026-08-26 21:29:55.370229: Epoch time: 44.97 s
2026-08-26 21:29:55.370940: Yayy! New best EMA pseudo Dice: 0.8716999888420105
2026-08-26 21:29:57.377876: 
2026-08-26 21:29:57.379217: Epoch 77
2026-08-26 21:29:57.380067: Current learning rate: 0.0093
2026-08-26 21:30:43.466056: train_loss -0.6799
2026-08-26 21:30:43.467753: val_loss -0.8482
2026-08-26 21:30:43.468463: Pseudo dice [np.float32(0.8685), np.float32(0.8583), np.float32(0.891)]
2026-08-26 21:30:43.469113: Epoch time: 46.09 s
2026-08-26 21:30:43.469710: Yayy! New best EMA pseudo Dice: 0.8718000054359436
2026-08-26 21:30:45.543486: 
2026-08-26 21:30:45.544524: Epoch 78
2026-08-26 21:30:45.545271: Current learning rate: 0.0093
2026-08-26 21:31:30.329014: train_loss -0.6567
2026-08-26 21:31:30.330323: val_loss -0.8442
2026-08-26 21:31:30.331151: Pseudo dice [np.float32(0.859), np.float32(0.8599), np.float32(0.8865)]
2026-08-26 21:31:30.331886: Epoch time: 44.79 s
2026-08-26 21:31:31.134857: 
2026-08-26 21:31:31.135850: Epoch 79
2026-08-26 21:31:31.136575: Current learning rate: 0.00929
2026-08-26 21:32:16.236874: train_loss -0.6818
2026-08-26 21:32:16.238305: val_loss -0.8549
2026-08-26 21:32:16.239061: Pseudo dice [np.float32(0.8762), np.float32(0.8592), np.float32(0.9038)]
2026-08-26 21:32:16.239801: Epoch time: 45.1 s
2026-08-26 21:32:16.240503: Yayy! New best EMA pseudo Dice: 0.8723000288009644
2026-08-26 21:32:18.262759: 
2026-08-26 21:32:18.263739: Epoch 80
2026-08-26 21:32:18.264429: Current learning rate: 0.00928
2026-08-26 21:33:02.936488: train_loss -0.6688
2026-08-26 21:33:02.937969: val_loss -0.853
2026-08-26 21:33:02.938925: Pseudo dice [np.float32(0.8742), np.float32(0.8632), np.float32(0.8899)]
2026-08-26 21:33:02.939661: Epoch time: 44.68 s
2026-08-26 21:33:02.940366: Yayy! New best EMA pseudo Dice: 0.8726000189781189
2026-08-26 21:33:04.985355: 
2026-08-26 21:33:04.986513: Epoch 81
2026-08-26 21:33:04.987386: Current learning rate: 0.00927
2026-08-26 21:33:49.963120: train_loss -0.6594
2026-08-26 21:33:49.964586: val_loss -0.857
2026-08-26 21:33:49.965420: Pseudo dice [np.float32(0.8727), np.float32(0.8565), np.float32(0.9029)]
2026-08-26 21:33:49.966340: Epoch time: 44.98 s
2026-08-26 21:33:49.967047: Yayy! New best EMA pseudo Dice: 0.8730999827384949
2026-08-26 21:33:52.426161: 
2026-08-26 21:33:52.427222: Epoch 82
2026-08-26 21:33:52.428062: Current learning rate: 0.00926
2026-08-26 21:34:38.136142: train_loss -0.6467
2026-08-26 21:34:38.138092: val_loss -0.8541
2026-08-26 21:34:38.138898: Pseudo dice [np.float32(0.8714), np.float32(0.8631), np.float32(0.8902)]
2026-08-26 21:34:38.139752: Epoch time: 45.71 s
2026-08-26 21:34:38.140450: Yayy! New best EMA pseudo Dice: 0.8733000159263611
2026-08-26 21:34:40.182082: 
2026-08-26 21:34:40.183036: Epoch 83
2026-08-26 21:34:40.183768: Current learning rate: 0.00925
2026-08-26 21:35:25.213081: train_loss -0.6762
2026-08-26 21:35:25.214401: val_loss -0.8557
2026-08-26 21:35:25.215189: Pseudo dice [np.float32(0.8803), np.float32(0.8607), np.float32(0.8971)]
2026-08-26 21:35:25.216113: Epoch time: 45.03 s
2026-08-26 21:35:25.216802: Yayy! New best EMA pseudo Dice: 0.8738999962806702
2026-08-26 21:35:29.309978: 
2026-08-26 21:35:29.311133: Epoch 84
2026-08-26 21:35:29.311873: Current learning rate: 0.00924
2026-08-26 21:36:13.977728: train_loss -0.6848
2026-08-26 21:36:13.979012: val_loss -0.8444
2026-08-26 21:36:13.979754: Pseudo dice [np.float32(0.8683), np.float32(0.8575), np.float32(0.8909)]
2026-08-26 21:36:13.980549: Epoch time: 44.67 s
2026-08-26 21:36:14.760002: 
2026-08-26 21:36:14.760991: Epoch 85
2026-08-26 21:36:14.761688: Current learning rate: 0.00923
2026-08-26 21:36:59.553932: train_loss -0.6829
2026-08-26 21:36:59.555277: val_loss -0.8556
2026-08-26 21:36:59.556111: Pseudo dice [np.float32(0.8833), np.float32(0.8551), np.float32(0.8992)]
2026-08-26 21:36:59.556773: Epoch time: 44.8 s
2026-08-26 21:36:59.557479: Yayy! New best EMA pseudo Dice: 0.8743000030517578
2026-08-26 21:37:01.638113: 
2026-08-26 21:37:01.639287: Epoch 86
2026-08-26 21:37:01.640070: Current learning rate: 0.00922
2026-08-26 21:37:46.191188: train_loss -0.6492
2026-08-26 21:37:46.192604: val_loss -0.8337
2026-08-26 21:37:46.193417: Pseudo dice [np.float32(0.8517), np.float32(0.8474), np.float32(0.8823)]
2026-08-26 21:37:46.194160: Epoch time: 44.56 s
2026-08-26 21:37:46.984818: 
2026-08-26 21:37:46.986059: Epoch 87
2026-08-26 21:37:46.986892: Current learning rate: 0.00921
2026-08-26 21:38:31.923683: train_loss -0.6544
2026-08-26 21:38:31.925240: val_loss -0.8515
2026-08-26 21:38:31.926089: Pseudo dice [np.float32(0.8636), np.float32(0.8573), np.float32(0.8967)]
2026-08-26 21:38:31.926935: Epoch time: 44.94 s
2026-08-26 21:38:32.716903: 
2026-08-26 21:38:32.717997: Epoch 88
2026-08-26 21:38:32.718820: Current learning rate: 0.0092
2026-08-26 21:39:17.491749: train_loss -0.6704
2026-08-26 21:39:17.493235: val_loss -0.8494
2026-08-26 21:39:17.494022: Pseudo dice [np.float32(0.8756), np.float32(0.8483), np.float32(0.8965)]
2026-08-26 21:39:17.494825: Epoch time: 44.78 s
2026-08-26 21:39:18.282140: 
2026-08-26 21:39:18.284293: Epoch 89
2026-08-26 21:39:18.285315: Current learning rate: 0.0092
2026-08-26 21:40:03.183852: train_loss -0.6812
2026-08-26 21:40:03.185247: val_loss -0.86
2026-08-26 21:40:03.186093: Pseudo dice [np.float32(0.8858), np.float32(0.8674), np.float32(0.9105)]
2026-08-26 21:40:03.186830: Epoch time: 44.9 s
2026-08-26 21:40:03.187541: Yayy! New best EMA pseudo Dice: 0.8744000196456909
2026-08-26 21:40:05.175466: 
2026-08-26 21:40:05.176625: Epoch 90
2026-08-26 21:40:05.177503: Current learning rate: 0.00919
2026-08-26 21:40:50.145965: train_loss -0.6763
2026-08-26 21:40:50.147450: val_loss -0.8536
2026-08-26 21:40:50.148308: Pseudo dice [np.float32(0.877), np.float32(0.8632), np.float32(0.9045)]
2026-08-26 21:40:50.148963: Epoch time: 44.97 s
2026-08-26 21:40:50.149640: Yayy! New best EMA pseudo Dice: 0.8751000165939331
2026-08-26 21:40:52.144453: 
2026-08-26 21:40:52.145534: Epoch 91
2026-08-26 21:40:52.146347: Current learning rate: 0.00918
2026-08-26 21:41:36.684227: train_loss -0.661
2026-08-26 21:41:36.685662: val_loss -0.8561
2026-08-26 21:41:36.686346: Pseudo dice [np.float32(0.8713), np.float32(0.856), np.float32(0.9052)]
2026-08-26 21:41:36.687087: Epoch time: 44.54 s
2026-08-26 21:41:36.687755: Yayy! New best EMA pseudo Dice: 0.8754000067710876
2026-08-26 21:41:38.654709: 
2026-08-26 21:41:38.655716: Epoch 92
2026-08-26 21:41:38.656568: Current learning rate: 0.00917
2026-08-26 21:42:23.463575: train_loss -0.6645
2026-08-26 21:42:23.465237: val_loss -0.8649
2026-08-26 21:42:23.466168: Pseudo dice [np.float32(0.8859), np.float32(0.8605), np.float32(0.9078)]
2026-08-26 21:42:23.467101: Epoch time: 44.81 s
2026-08-26 21:42:23.467895: Yayy! New best EMA pseudo Dice: 0.8762999773025513
2026-08-26 21:42:25.450003: 
2026-08-26 21:42:25.452503: Epoch 93
2026-08-26 21:42:25.453977: Current learning rate: 0.00916
2026-08-26 21:43:10.027604: train_loss -0.6625
2026-08-26 21:43:10.029096: val_loss -0.8577
2026-08-26 21:43:10.029785: Pseudo dice [np.float32(0.8819), np.float32(0.8534), np.float32(0.9076)]
2026-08-26 21:43:10.030588: Epoch time: 44.58 s
2026-08-26 21:43:10.031381: Yayy! New best EMA pseudo Dice: 0.876800000667572
2026-08-26 21:43:12.054197: 
2026-08-26 21:43:12.055214: Epoch 94
2026-08-26 21:43:12.056166: Current learning rate: 0.00915
2026-08-26 21:43:57.565442: train_loss -0.661
2026-08-26 21:43:57.566846: val_loss -0.8527
2026-08-26 21:43:57.567644: Pseudo dice [np.float32(0.8777), np.float32(0.8599), np.float32(0.8974)]
2026-08-26 21:43:57.568439: Epoch time: 45.51 s
2026-08-26 21:43:57.569182: Yayy! New best EMA pseudo Dice: 0.8769000172615051
2026-08-26 21:43:59.540409: 
2026-08-26 21:43:59.541476: Epoch 95
2026-08-26 21:43:59.542251: Current learning rate: 0.00914
2026-08-26 21:44:44.330070: train_loss -0.6834
2026-08-26 21:44:44.331686: val_loss -0.8602
2026-08-26 21:44:44.332625: Pseudo dice [np.float32(0.8851), np.float32(0.8582), np.float32(0.9069)]
2026-08-26 21:44:44.333363: Epoch time: 44.79 s
2026-08-26 21:44:44.334065: Yayy! New best EMA pseudo Dice: 0.8776000142097473
2026-08-26 21:44:46.314684: 
2026-08-26 21:44:46.315773: Epoch 96
2026-08-26 21:44:46.316564: Current learning rate: 0.00913
2026-08-26 21:45:31.065828: train_loss -0.6729
2026-08-26 21:45:31.079026: val_loss -0.8592
2026-08-26 21:45:31.079895: Pseudo dice [np.float32(0.885), np.float32(0.8713), np.float32(0.9046)]
2026-08-26 21:45:31.080638: Epoch time: 44.75 s
2026-08-26 21:45:31.081358: Yayy! New best EMA pseudo Dice: 0.8784999847412109
2026-08-26 21:45:33.084344: 
2026-08-26 21:45:33.085502: Epoch 97
2026-08-26 21:45:33.086285: Current learning rate: 0.00912
2026-08-26 21:46:17.964739: train_loss -0.6811
2026-08-26 21:46:17.966542: val_loss -0.8535
2026-08-26 21:46:17.967507: Pseudo dice [np.float32(0.8763), np.float32(0.862), np.float32(0.9002)]
2026-08-26 21:46:17.968468: Epoch time: 44.88 s
2026-08-26 21:46:17.969517: Yayy! New best EMA pseudo Dice: 0.878600001335144
2026-08-26 21:46:20.013900: 
2026-08-26 21:46:20.015005: Epoch 98
2026-08-26 21:46:20.015744: Current learning rate: 0.00911
2026-08-26 21:47:04.792994: train_loss -0.6858
2026-08-26 21:47:04.794536: val_loss -0.8596
2026-08-26 21:47:04.795344: Pseudo dice [np.float32(0.8817), np.float32(0.8675), np.float32(0.9)]
2026-08-26 21:47:04.796217: Epoch time: 44.78 s
2026-08-26 21:47:04.797354: Yayy! New best EMA pseudo Dice: 0.8791000247001648
2026-08-26 21:47:06.895026: 
2026-08-26 21:47:06.896815: Epoch 99
2026-08-26 21:47:06.897829: Current learning rate: 0.0091
2026-08-26 21:47:51.539188: train_loss -0.6775
2026-08-26 21:47:51.540637: val_loss -0.8536
2026-08-26 21:47:51.541456: Pseudo dice [np.float32(0.8827), np.float32(0.863), np.float32(0.8949)]
2026-08-26 21:47:51.542465: Epoch time: 44.65 s
2026-08-26 21:47:52.667651: Yayy! New best EMA pseudo Dice: 0.8791999816894531
2026-08-26 21:47:54.644622: 
2026-08-26 21:47:54.645807: Epoch 100
2026-08-26 21:47:54.646638: Current learning rate: 0.0091
2026-08-26 21:48:39.466876: train_loss -0.6764
2026-08-26 21:48:39.468606: val_loss -0.8546
2026-08-26 21:48:39.469598: Pseudo dice [np.float32(0.8762), np.float32(0.8627), np.float32(0.906)]
2026-08-26 21:48:39.470524: Epoch time: 44.82 s
2026-08-26 21:48:39.471352: Yayy! New best EMA pseudo Dice: 0.8794000148773193
2026-08-26 21:48:41.470442: 
2026-08-26 21:48:41.472078: Epoch 101
2026-08-26 21:48:41.472955: Current learning rate: 0.00909
2026-08-26 21:49:26.226371: train_loss -0.6845
2026-08-26 21:49:26.228374: val_loss -0.8589
2026-08-26 21:49:26.229332: Pseudo dice [np.float32(0.8818), np.float32(0.864), np.float32(0.9012)]
2026-08-26 21:49:26.230233: Epoch time: 44.76 s
2026-08-26 21:49:26.230975: Yayy! New best EMA pseudo Dice: 0.8797000050544739
2026-08-26 21:49:28.210219: 
2026-08-26 21:49:28.211198: Epoch 102
2026-08-26 21:49:28.212037: Current learning rate: 0.00908
2026-08-26 21:50:13.061927: train_loss -0.6761
2026-08-26 21:50:13.063719: val_loss -0.8596
2026-08-26 21:50:13.064718: Pseudo dice [np.float32(0.8693), np.float32(0.8662), np.float32(0.9042)]
2026-08-26 21:50:13.065457: Epoch time: 44.85 s
2026-08-26 21:50:13.066287: Yayy! New best EMA pseudo Dice: 0.8797000050544739
2026-08-26 21:50:15.089855: 
2026-08-26 21:50:15.090922: Epoch 103
2026-08-26 21:50:15.091847: Current learning rate: 0.00907
2026-08-26 21:50:59.895728: train_loss -0.6753
2026-08-26 21:50:59.897389: val_loss -0.8521
2026-08-26 21:50:59.898280: Pseudo dice [np.float32(0.8788), np.float32(0.8622), np.float32(0.8935)]
2026-08-26 21:50:59.899143: Epoch time: 44.81 s
2026-08-26 21:51:00.914561: 
2026-08-26 21:51:00.915696: Epoch 104
2026-08-26 21:51:00.916441: Current learning rate: 0.00906
2026-08-26 21:51:45.685861: train_loss -0.6709
2026-08-26 21:51:45.687213: val_loss -0.8697
2026-08-26 21:51:45.688044: Pseudo dice [np.float32(0.8899), np.float32(0.8714), np.float32(0.9152)]
2026-08-26 21:51:45.688772: Epoch time: 44.77 s
2026-08-26 21:51:45.689583: Yayy! New best EMA pseudo Dice: 0.8808000087738037
2026-08-26 21:51:47.681674: 
2026-08-26 21:51:47.682991: Epoch 105
2026-08-26 21:51:47.683767: Current learning rate: 0.00905
2026-08-26 21:52:32.702638: train_loss -0.6797
2026-08-26 21:52:32.704062: val_loss -0.8687
2026-08-26 21:52:32.704843: Pseudo dice [np.float32(0.8883), np.float32(0.8703), np.float32(0.9121)]
2026-08-26 21:52:32.705561: Epoch time: 45.02 s
2026-08-26 21:52:32.706205: Yayy! New best EMA pseudo Dice: 0.8817999958992004
2026-08-26 21:52:34.758413: 
2026-08-26 21:52:34.759378: Epoch 106
2026-08-26 21:52:34.760084: Current learning rate: 0.00904
2026-08-26 21:53:19.603634: train_loss -0.6838
2026-08-26 21:53:19.604924: val_loss -0.8608
2026-08-26 21:53:19.605745: Pseudo dice [np.float32(0.8893), np.float32(0.861), np.float32(0.9076)]
2026-08-26 21:53:19.606484: Epoch time: 44.85 s
2026-08-26 21:53:19.607217: Yayy! New best EMA pseudo Dice: 0.8822000026702881
2026-08-26 21:53:21.580918: 
2026-08-26 21:53:21.582017: Epoch 107
2026-08-26 21:53:21.582766: Current learning rate: 0.00903
2026-08-26 21:54:06.355669: train_loss -0.6753
2026-08-26 21:54:06.357409: val_loss -0.8506
2026-08-26 21:54:06.358223: Pseudo dice [np.float32(0.8821), np.float32(0.8636), np.float32(0.9047)]
2026-08-26 21:54:06.359101: Epoch time: 44.78 s
2026-08-26 21:54:06.359934: Yayy! New best EMA pseudo Dice: 0.8823000192642212
2026-08-26 21:54:08.366390: 
2026-08-26 21:54:08.367588: Epoch 108
2026-08-26 21:54:08.368398: Current learning rate: 0.00902
2026-08-26 21:54:53.279792: train_loss -0.6696
2026-08-26 21:54:53.281394: val_loss -0.8534
2026-08-26 21:54:53.282299: Pseudo dice [np.float32(0.8765), np.float32(0.8614), np.float32(0.9007)]
2026-08-26 21:54:53.283089: Epoch time: 44.92 s
2026-08-26 21:54:54.071177: 
2026-08-26 21:54:54.072136: Epoch 109
2026-08-26 21:54:54.073004: Current learning rate: 0.00901
2026-08-26 21:55:38.731892: train_loss -0.6748
2026-08-26 21:55:38.733481: val_loss -0.8627
2026-08-26 21:55:38.734421: Pseudo dice [np.float32(0.8891), np.float32(0.8646), np.float32(0.9088)]
2026-08-26 21:55:38.735161: Epoch time: 44.66 s
2026-08-26 21:55:38.735862: Yayy! New best EMA pseudo Dice: 0.8826000094413757
2026-08-26 21:55:40.750886: 
2026-08-26 21:55:40.751969: Epoch 110
2026-08-26 21:55:40.752694: Current learning rate: 0.009
2026-08-26 21:56:25.657445: train_loss -0.6925
2026-08-26 21:56:25.660338: val_loss -0.8683
2026-08-26 21:56:25.661558: Pseudo dice [np.float32(0.886), np.float32(0.867), np.float32(0.9054)]
2026-08-26 21:56:25.662884: Epoch time: 44.91 s
2026-08-26 21:56:25.664115: Yayy! New best EMA pseudo Dice: 0.8828999996185303
2026-08-26 21:56:27.699024: 
2026-08-26 21:56:27.700344: Epoch 111
2026-08-26 21:56:27.701123: Current learning rate: 0.009
2026-08-26 21:57:12.579892: train_loss -0.7015
2026-08-26 21:57:12.581666: val_loss -0.8625
2026-08-26 21:57:12.582683: Pseudo dice [np.float32(0.8824), np.float32(0.8677), np.float32(0.9076)]
2026-08-26 21:57:12.583468: Epoch time: 44.88 s
2026-08-26 21:57:12.584141: Yayy! New best EMA pseudo Dice: 0.8831999897956848
2026-08-26 21:57:14.594804: 
2026-08-26 21:57:14.595874: Epoch 112
2026-08-26 21:57:14.596618: Current learning rate: 0.00899
2026-08-26 21:57:59.634027: train_loss -0.678
2026-08-26 21:57:59.635447: val_loss -0.866
2026-08-26 21:57:59.636321: Pseudo dice [np.float32(0.8757), np.float32(0.8738), np.float32(0.9089)]
2026-08-26 21:57:59.637118: Epoch time: 45.04 s
2026-08-26 21:57:59.637805: Yayy! New best EMA pseudo Dice: 0.8834999799728394
2026-08-26 21:58:01.617544: 
2026-08-26 21:58:01.618631: Epoch 113
2026-08-26 21:58:01.619343: Current learning rate: 0.00898
2026-08-26 21:58:46.713207: train_loss -0.6811
2026-08-26 21:58:46.714771: val_loss -0.8726
2026-08-26 21:58:46.715615: Pseudo dice [np.float32(0.899), np.float32(0.8691), np.float32(0.9168)]
2026-08-26 21:58:46.716362: Epoch time: 45.1 s
2026-08-26 21:58:46.717053: Yayy! New best EMA pseudo Dice: 0.8847000002861023
2026-08-26 21:58:48.933194: 
2026-08-26 21:58:48.934377: Epoch 114
2026-08-26 21:58:48.935181: Current learning rate: 0.00897
2026-08-26 21:59:33.679275: train_loss -0.6813
2026-08-26 21:59:33.680686: val_loss -0.8676
2026-08-26 21:59:33.681553: Pseudo dice [np.float32(0.8895), np.float32(0.8677), np.float32(0.914)]
2026-08-26 21:59:33.682271: Epoch time: 44.75 s
2026-08-26 21:59:33.682877: Yayy! New best EMA pseudo Dice: 0.885200023651123
2026-08-26 21:59:35.680153: 
2026-08-26 21:59:35.681203: Epoch 115
2026-08-26 21:59:35.682028: Current learning rate: 0.00896
2026-08-26 22:00:20.521722: train_loss -0.6851
2026-08-26 22:00:20.523153: val_loss -0.8663
2026-08-26 22:00:20.523892: Pseudo dice [np.float32(0.8779), np.float32(0.8686), np.float32(0.8934)]
2026-08-26 22:00:20.524595: Epoch time: 44.84 s
2026-08-26 22:00:21.312989: 
2026-08-26 22:00:21.314204: Epoch 116
2026-08-26 22:00:21.314960: Current learning rate: 0.00895
2026-08-26 22:01:05.989528: train_loss -0.6852
2026-08-26 22:01:05.990954: val_loss -0.8322
2026-08-26 22:01:05.991809: Pseudo dice [np.float32(0.8613), np.float32(0.854), np.float32(0.8958)]
2026-08-26 22:01:05.992622: Epoch time: 44.68 s
2026-08-26 22:01:06.818127: 
2026-08-26 22:01:06.819148: Epoch 117
2026-08-26 22:01:06.819903: Current learning rate: 0.00894
2026-08-26 22:01:51.627747: train_loss -0.673
2026-08-26 22:01:51.629311: val_loss -0.8531
2026-08-26 22:01:51.630074: Pseudo dice [np.float32(0.8817), np.float32(0.855), np.float32(0.8982)]
2026-08-26 22:01:51.630972: Epoch time: 44.81 s
2026-08-26 22:01:52.447950: 
2026-08-26 22:01:52.449050: Epoch 118
2026-08-26 22:01:52.449692: Current learning rate: 0.00893
2026-08-26 22:02:36.979324: train_loss -0.6612
2026-08-26 22:02:36.981013: val_loss -0.8614
2026-08-26 22:02:36.981913: Pseudo dice [np.float32(0.883), np.float32(0.87), np.float32(0.9047)]
2026-08-26 22:02:36.982733: Epoch time: 44.53 s
2026-08-26 22:02:37.778081: 
2026-08-26 22:02:37.779154: Epoch 119
2026-08-26 22:02:37.780002: Current learning rate: 0.00892
2026-08-26 22:03:22.599961: train_loss -0.6679
2026-08-26 22:03:22.601334: val_loss -0.8543
2026-08-26 22:03:22.602118: Pseudo dice [np.float32(0.8789), np.float32(0.8547), np.float32(0.905)]
2026-08-26 22:03:22.602811: Epoch time: 44.82 s
2026-08-26 22:03:23.395528: 
2026-08-26 22:03:23.396566: Epoch 120
2026-08-26 22:03:23.397355: Current learning rate: 0.00891
2026-08-26 22:04:08.474394: train_loss -0.6835
2026-08-26 22:04:08.475871: val_loss -0.8599
2026-08-26 22:04:08.476786: Pseudo dice [np.float32(0.8832), np.float32(0.8539), np.float32(0.9036)]
2026-08-26 22:04:08.477516: Epoch time: 45.08 s
2026-08-26 22:04:09.263087: 
2026-08-26 22:04:09.264047: Epoch 121
2026-08-26 22:04:09.264822: Current learning rate: 0.0089
2026-08-26 22:04:54.050611: train_loss -0.6843
2026-08-26 22:04:54.052141: val_loss -0.8553
2026-08-26 22:04:54.053202: Pseudo dice [np.float32(0.8765), np.float32(0.8668), np.float32(0.8995)]
2026-08-26 22:04:54.053918: Epoch time: 44.79 s
2026-08-26 22:04:54.842391: 
2026-08-26 22:04:54.843327: Epoch 122
2026-08-26 22:04:54.844098: Current learning rate: 0.00889
2026-08-26 22:05:39.737543: train_loss -0.6774
2026-08-26 22:05:39.749987: val_loss -0.8583
2026-08-26 22:05:39.750775: Pseudo dice [np.float32(0.8831), np.float32(0.8655), np.float32(0.8999)]
2026-08-26 22:05:39.751455: Epoch time: 44.9 s
2026-08-26 22:05:40.540991: 
2026-08-26 22:05:40.542001: Epoch 123
2026-08-26 22:05:40.542832: Current learning rate: 0.00889
2026-08-26 22:06:25.535876: train_loss -0.6789
2026-08-26 22:06:25.538589: val_loss -0.8621
2026-08-26 22:06:25.540036: Pseudo dice [np.float32(0.8815), np.float32(0.8656), np.float32(0.9073)]
2026-08-26 22:06:25.541135: Epoch time: 45.0 s
2026-08-26 22:06:26.577285: 
2026-08-26 22:06:26.579930: Epoch 124
2026-08-26 22:06:26.581538: Current learning rate: 0.00888
2026-08-26 22:07:11.610622: train_loss -0.6823
2026-08-26 22:07:11.611985: val_loss -0.8604
2026-08-26 22:07:11.612739: Pseudo dice [np.float32(0.8786), np.float32(0.8648), np.float32(0.9072)]
2026-08-26 22:07:11.613517: Epoch time: 45.04 s
2026-08-26 22:07:12.416064: 
2026-08-26 22:07:12.417078: Epoch 125
2026-08-26 22:07:12.417807: Current learning rate: 0.00887
2026-08-26 22:07:57.073720: train_loss -0.6724
2026-08-26 22:07:57.075263: val_loss -0.8542
2026-08-26 22:07:57.076168: Pseudo dice [np.float32(0.8805), np.float32(0.8636), np.float32(0.902)]
2026-08-26 22:07:57.076893: Epoch time: 44.66 s
2026-08-26 22:07:57.866791: 
2026-08-26 22:07:57.867826: Epoch 126
2026-08-26 22:07:57.868497: Current learning rate: 0.00886
2026-08-26 22:08:42.603837: train_loss -0.6834
2026-08-26 22:08:42.605187: val_loss -0.8551
2026-08-26 22:08:42.605967: Pseudo dice [np.float32(0.8879), np.float32(0.8585), np.float32(0.9046)]
2026-08-26 22:08:42.607154: Epoch time: 44.74 s
2026-08-26 22:08:43.397841: 
2026-08-26 22:08:43.398881: Epoch 127
2026-08-26 22:08:43.399571: Current learning rate: 0.00885
2026-08-26 22:09:28.106935: train_loss -0.686
2026-08-26 22:09:28.108307: val_loss -0.8486
2026-08-26 22:09:28.109085: Pseudo dice [np.float32(0.8717), np.float32(0.8585), np.float32(0.8957)]
2026-08-26 22:09:28.109942: Epoch time: 44.71 s
2026-08-26 22:09:28.902129: 
2026-08-26 22:09:28.903145: Epoch 128
2026-08-26 22:09:28.903854: Current learning rate: 0.00884
2026-08-26 22:10:13.707252: train_loss -0.6955
2026-08-26 22:10:13.708763: val_loss -0.8651
2026-08-26 22:10:13.709641: Pseudo dice [np.float32(0.8862), np.float32(0.87), np.float32(0.9086)]
2026-08-26 22:10:13.710629: Epoch time: 44.81 s
2026-08-26 22:10:14.505215: 
2026-08-26 22:10:14.506159: Epoch 129
2026-08-26 22:10:14.506894: Current learning rate: 0.00883
2026-08-26 22:10:59.581474: train_loss -0.6869
2026-08-26 22:10:59.582810: val_loss -0.8633
2026-08-26 22:10:59.583539: Pseudo dice [np.float32(0.8866), np.float32(0.8681), np.float32(0.9061)]
2026-08-26 22:10:59.584359: Epoch time: 45.08 s
2026-08-26 22:11:00.377135: 
2026-08-26 22:11:00.378143: Epoch 130
2026-08-26 22:11:00.378843: Current learning rate: 0.00882
2026-08-26 22:11:45.222258: train_loss -0.6852
2026-08-26 22:11:45.223907: val_loss -0.8579
2026-08-26 22:11:45.224760: Pseudo dice [np.float32(0.8822), np.float32(0.8625), np.float32(0.9003)]
2026-08-26 22:11:45.225520: Epoch time: 44.85 s
2026-08-26 22:11:46.039636: 
2026-08-26 22:11:46.040777: Epoch 131
2026-08-26 22:11:46.041499: Current learning rate: 0.00881
2026-08-26 22:12:30.912271: train_loss -0.6873
2026-08-26 22:12:30.913839: val_loss -0.8577
2026-08-26 22:12:30.914730: Pseudo dice [np.float32(0.883), np.float32(0.8671), np.float32(0.908)]
2026-08-26 22:12:30.915648: Epoch time: 44.88 s
2026-08-26 22:12:31.718145: 
2026-08-26 22:12:31.719115: Epoch 132
2026-08-26 22:12:31.719859: Current learning rate: 0.0088
2026-08-26 22:13:16.554253: train_loss -0.6832
2026-08-26 22:13:16.555748: val_loss -0.86
2026-08-26 22:13:16.556650: Pseudo dice [np.float32(0.8813), np.float32(0.8649), np.float32(0.899)]
2026-08-26 22:13:16.557422: Epoch time: 44.84 s
2026-08-26 22:13:17.350692: 
2026-08-26 22:13:17.351785: Epoch 133
2026-08-26 22:13:17.352680: Current learning rate: 0.00879
2026-08-26 22:14:02.237442: train_loss -0.7039
2026-08-26 22:14:02.238763: val_loss -0.8679
2026-08-26 22:14:02.239505: Pseudo dice [np.float32(0.8854), np.float32(0.8667), np.float32(0.9092)]
2026-08-26 22:14:02.240201: Epoch time: 44.89 s
2026-08-26 22:14:03.035940: 
2026-08-26 22:14:03.036879: Epoch 134
2026-08-26 22:14:03.037548: Current learning rate: 0.00879
2026-08-26 22:14:47.783858: train_loss -0.7026
2026-08-26 22:14:47.785252: val_loss -0.878
2026-08-26 22:14:47.785913: Pseudo dice [np.float32(0.8965), np.float32(0.8726), np.float32(0.9179)]
2026-08-26 22:14:47.786743: Epoch time: 44.75 s
2026-08-26 22:14:48.589680: 
2026-08-26 22:14:48.590772: Epoch 135
2026-08-26 22:14:48.591501: Current learning rate: 0.00878
2026-08-26 22:15:33.573703: train_loss -0.6869
2026-08-26 22:15:33.575089: val_loss -0.8676
2026-08-26 22:15:33.575885: Pseudo dice [np.float32(0.8771), np.float32(0.8744), np.float32(0.9071)]
2026-08-26 22:15:33.576665: Epoch time: 44.99 s
2026-08-26 22:15:34.376571: 
2026-08-26 22:15:34.378180: Epoch 136
2026-08-26 22:15:34.379225: Current learning rate: 0.00877
2026-08-26 22:16:19.398435: train_loss -0.693
2026-08-26 22:16:19.399882: val_loss -0.8742
2026-08-26 22:16:19.400775: Pseudo dice [np.float32(0.8895), np.float32(0.8714), np.float32(0.9118)]
2026-08-26 22:16:19.401453: Epoch time: 45.02 s
2026-08-26 22:16:19.402235: Yayy! New best EMA pseudo Dice: 0.8855000138282776
2026-08-26 22:16:21.472380: 
2026-08-26 22:16:21.473710: Epoch 137
2026-08-26 22:16:21.474515: Current learning rate: 0.00876
2026-08-26 22:17:06.449614: train_loss -0.7005
2026-08-26 22:17:06.451173: val_loss -0.8678
2026-08-26 22:17:06.451898: Pseudo dice [np.float32(0.8851), np.float32(0.8682), np.float32(0.911)]
2026-08-26 22:17:06.452714: Epoch time: 44.98 s
2026-08-26 22:17:06.453428: Yayy! New best EMA pseudo Dice: 0.885699987411499
2026-08-26 22:17:08.471272: 
2026-08-26 22:17:08.472306: Epoch 138
2026-08-26 22:17:08.473089: Current learning rate: 0.00875
2026-08-26 22:17:53.422046: train_loss -0.69
2026-08-26 22:17:53.423611: val_loss -0.8675
2026-08-26 22:17:53.424445: Pseudo dice [np.float32(0.8821), np.float32(0.8704), np.float32(0.9097)]
2026-08-26 22:17:53.425287: Epoch time: 44.95 s
2026-08-26 22:17:53.425930: Yayy! New best EMA pseudo Dice: 0.8859000205993652
2026-08-26 22:17:55.512286: 
2026-08-26 22:17:55.513338: Epoch 139
2026-08-26 22:17:55.514142: Current learning rate: 0.00874
2026-08-26 22:18:40.373037: train_loss -0.6938
2026-08-26 22:18:40.374537: val_loss -0.8669
2026-08-26 22:18:40.375299: Pseudo dice [np.float32(0.8919), np.float32(0.8714), np.float32(0.912)]
2026-08-26 22:18:40.376088: Epoch time: 44.86 s
2026-08-26 22:18:40.376860: Yayy! New best EMA pseudo Dice: 0.8865000009536743
2026-08-26 22:18:42.376857: 
2026-08-26 22:18:42.377849: Epoch 140
2026-08-26 22:18:42.378598: Current learning rate: 0.00873
2026-08-26 22:19:27.156698: train_loss -0.6953
2026-08-26 22:19:27.158416: val_loss -0.8653
2026-08-26 22:19:27.159222: Pseudo dice [np.float32(0.8785), np.float32(0.8706), np.float32(0.9065)]
2026-08-26 22:19:27.159928: Epoch time: 44.78 s
2026-08-26 22:19:27.969215: 
2026-08-26 22:19:27.970097: Epoch 141
2026-08-26 22:19:27.970828: Current learning rate: 0.00872
2026-08-26 22:20:13.238375: train_loss -0.6904
2026-08-26 22:20:13.239679: val_loss -0.8614
2026-08-26 22:20:13.240427: Pseudo dice [np.float32(0.879), np.float32(0.872), np.float32(0.9042)]
2026-08-26 22:20:13.241170: Epoch time: 45.27 s
2026-08-26 22:20:14.039784: 
2026-08-26 22:20:14.040907: Epoch 142
2026-08-26 22:20:14.041739: Current learning rate: 0.00871
2026-08-26 22:20:59.109196: train_loss -0.6842
2026-08-26 22:20:59.110725: val_loss -0.8619
2026-08-26 22:20:59.111690: Pseudo dice [np.float32(0.8762), np.float32(0.8663), np.float32(0.9081)]
2026-08-26 22:20:59.112486: Epoch time: 45.07 s
2026-08-26 22:20:59.924636: 
2026-08-26 22:20:59.925698: Epoch 143
2026-08-26 22:20:59.926572: Current learning rate: 0.0087
2026-08-26 22:21:44.957275: train_loss -0.7026
2026-08-26 22:21:44.959049: val_loss -0.8687
2026-08-26 22:21:44.959900: Pseudo dice [np.float32(0.8903), np.float32(0.8706), np.float32(0.9088)]
2026-08-26 22:21:44.960684: Epoch time: 45.04 s
2026-08-26 22:21:46.050654: 
2026-08-26 22:21:46.051691: Epoch 144
2026-08-26 22:21:46.052442: Current learning rate: 0.00869
2026-08-26 22:22:31.240855: train_loss -0.695
2026-08-26 22:22:31.242415: val_loss -0.8641
2026-08-26 22:22:31.243278: Pseudo dice [np.float32(0.8906), np.float32(0.8638), np.float32(0.9075)]
2026-08-26 22:22:31.244114: Epoch time: 45.19 s
2026-08-26 22:22:32.076405: 
2026-08-26 22:22:32.077538: Epoch 145
2026-08-26 22:22:32.078370: Current learning rate: 0.00868
2026-08-26 22:23:17.624674: train_loss -0.6943
2026-08-26 22:23:17.626205: val_loss -0.8604
2026-08-26 22:23:17.626981: Pseudo dice [np.float32(0.8873), np.float32(0.8601), np.float32(0.9012)]
2026-08-26 22:23:17.627770: Epoch time: 45.55 s
2026-08-26 22:23:18.441418: 
2026-08-26 22:23:18.442465: Epoch 146
2026-08-26 22:23:18.443218: Current learning rate: 0.00868
2026-08-26 22:24:03.357693: train_loss -0.6867
2026-08-26 22:24:03.359243: val_loss -0.8735
2026-08-26 22:24:03.359990: Pseudo dice [np.float32(0.8923), np.float32(0.8733), np.float32(0.9135)]
2026-08-26 22:24:03.360765: Epoch time: 44.92 s
2026-08-26 22:24:03.361529: Yayy! New best EMA pseudo Dice: 0.8867999911308289
2026-08-26 22:24:05.457174: 
2026-08-26 22:24:05.458195: Epoch 147
2026-08-26 22:24:05.459036: Current learning rate: 0.00867
2026-08-26 22:24:50.127665: train_loss -0.6844
2026-08-26 22:24:50.129113: val_loss -0.8693
2026-08-26 22:24:50.129947: Pseudo dice [np.float32(0.8909), np.float32(0.8696), np.float32(0.9135)]
2026-08-26 22:24:50.130702: Epoch time: 44.67 s
2026-08-26 22:24:50.131447: Yayy! New best EMA pseudo Dice: 0.8871999979019165
2026-08-26 22:24:52.147230: 
2026-08-26 22:24:52.148184: Epoch 148
2026-08-26 22:24:52.148901: Current learning rate: 0.00866
2026-08-26 22:25:37.042838: train_loss -0.6886
2026-08-26 22:25:37.044846: val_loss -0.8701
2026-08-26 22:25:37.045933: Pseudo dice [np.float32(0.8981), np.float32(0.8745), np.float32(0.9129)]
2026-08-26 22:25:37.046875: Epoch time: 44.9 s
2026-08-26 22:25:37.047762: Yayy! New best EMA pseudo Dice: 0.8880000114440918
2026-08-26 22:25:39.062797: 
2026-08-26 22:25:39.063892: Epoch 149
2026-08-26 22:25:39.064658: Current learning rate: 0.00865
2026-08-26 22:26:24.040743: train_loss -0.6985
2026-08-26 22:26:24.053569: val_loss -0.8774
2026-08-26 22:26:24.054405: Pseudo dice [np.float32(0.9023), np.float32(0.8768), np.float32(0.9212)]
2026-08-26 22:26:24.055208: Epoch time: 44.98 s
2026-08-26 22:26:25.263768: Yayy! New best EMA pseudo Dice: 0.88919997215271
2026-08-26 22:26:27.277865: 
2026-08-26 22:26:27.281094: Epoch 150
2026-08-26 22:26:27.282863: Current learning rate: 0.00864
2026-08-26 22:27:12.045759: train_loss -0.6856
2026-08-26 22:27:12.047286: val_loss -0.8588
2026-08-26 22:27:12.048157: Pseudo dice [np.float32(0.8829), np.float32(0.8639), np.float32(0.8984)]
2026-08-26 22:27:12.048949: Epoch time: 44.77 s
2026-08-26 22:27:12.851090: 
2026-08-26 22:27:12.852212: Epoch 151
2026-08-26 22:27:12.853082: Current learning rate: 0.00863
2026-08-26 22:27:57.615332: train_loss -0.6901
2026-08-26 22:27:57.616866: val_loss -0.8692
2026-08-26 22:27:57.617682: Pseudo dice [np.float32(0.8946), np.float32(0.8678), np.float32(0.9106)]
2026-08-26 22:27:57.618456: Epoch time: 44.77 s
2026-08-26 22:27:58.414600: 
2026-08-26 22:27:58.415546: Epoch 152
2026-08-26 22:27:58.416378: Current learning rate: 0.00862
2026-08-26 22:28:43.141116: train_loss -0.6935
2026-08-26 22:28:43.142504: val_loss -0.8693
2026-08-26 22:28:43.143291: Pseudo dice [np.float32(0.8905), np.float32(0.8634), np.float32(0.9126)]
2026-08-26 22:28:43.144046: Epoch time: 44.73 s
2026-08-26 22:28:43.937519: 
2026-08-26 22:28:43.938726: Epoch 153
2026-08-26 22:28:43.939599: Current learning rate: 0.00861
2026-08-26 22:29:28.663736: train_loss -0.6932
2026-08-26 22:29:28.665125: val_loss -0.8697
2026-08-26 22:29:28.665795: Pseudo dice [np.float32(0.8859), np.float32(0.8736), np.float32(0.9116)]
2026-08-26 22:29:28.666522: Epoch time: 44.73 s
2026-08-26 22:29:29.481375: 
2026-08-26 22:29:29.482324: Epoch 154
2026-08-26 22:29:29.483061: Current learning rate: 0.0086
2026-08-26 22:30:14.311346: train_loss -0.7002
2026-08-26 22:30:14.312785: val_loss -0.8722
2026-08-26 22:30:14.313550: Pseudo dice [np.float32(0.8967), np.float32(0.8754), np.float32(0.9143)]
2026-08-26 22:30:14.314319: Epoch time: 44.83 s
2026-08-26 22:30:14.315093: Yayy! New best EMA pseudo Dice: 0.8895999789237976
2026-08-26 22:30:16.354620: 
2026-08-26 22:30:16.355646: Epoch 155
2026-08-26 22:30:16.356385: Current learning rate: 0.00859
2026-08-26 22:31:00.943914: train_loss -0.689
2026-08-26 22:31:00.945483: val_loss -0.8747
2026-08-26 22:31:00.946360: Pseudo dice [np.float32(0.8886), np.float32(0.8696), np.float32(0.9136)]
2026-08-26 22:31:00.947222: Epoch time: 44.59 s
2026-08-26 22:31:00.947850: Yayy! New best EMA pseudo Dice: 0.8896999955177307
2026-08-26 22:31:03.008983: 
2026-08-26 22:31:03.010682: Epoch 156
2026-08-26 22:31:03.011921: Current learning rate: 0.00858
2026-08-26 22:31:48.304680: train_loss -0.6766
2026-08-26 22:31:48.306181: val_loss -0.8538
2026-08-26 22:31:48.306946: Pseudo dice [np.float32(0.8869), np.float32(0.8657), np.float32(0.9093)]
2026-08-26 22:31:48.307865: Epoch time: 45.3 s
2026-08-26 22:31:49.102388: 
2026-08-26 22:31:49.103421: Epoch 157
2026-08-26 22:31:49.104285: Current learning rate: 0.00858
2026-08-26 22:32:33.758145: train_loss -0.6649
2026-08-26 22:32:33.759510: val_loss -0.8554
2026-08-26 22:32:33.760294: Pseudo dice [np.float32(0.8706), np.float32(0.8516), np.float32(0.9041)]
2026-08-26 22:32:33.761097: Epoch time: 44.66 s
2026-08-26 22:32:34.579181: 
2026-08-26 22:32:34.580145: Epoch 158
2026-08-26 22:32:34.580811: Current learning rate: 0.00857
2026-08-26 22:33:19.405965: train_loss -0.6813
2026-08-26 22:33:19.408127: val_loss -0.8674
2026-08-26 22:33:19.408910: Pseudo dice [np.float32(0.8952), np.float32(0.8645), np.float32(0.9097)]
2026-08-26 22:33:19.409523: Epoch time: 44.83 s
2026-08-26 22:33:20.208169: 
2026-08-26 22:33:20.209062: Epoch 159
2026-08-26 22:33:20.209729: Current learning rate: 0.00856
2026-08-26 22:34:04.928445: train_loss -0.6785
2026-08-26 22:34:04.930080: val_loss -0.8619
2026-08-26 22:34:04.930941: Pseudo dice [np.float32(0.8853), np.float32(0.8505), np.float32(0.9077)]
2026-08-26 22:34:04.931745: Epoch time: 44.72 s
2026-08-26 22:34:05.749447: 
2026-08-26 22:34:05.750440: Epoch 160
2026-08-26 22:34:05.751179: Current learning rate: 0.00855
2026-08-26 22:34:50.992349: train_loss -0.681
2026-08-26 22:34:50.993676: val_loss -0.8679
2026-08-26 22:34:50.994434: Pseudo dice [np.float32(0.889), np.float32(0.8714), np.float32(0.9067)]
2026-08-26 22:34:50.995209: Epoch time: 45.25 s
2026-08-26 22:34:51.795987: 
2026-08-26 22:34:51.797038: Epoch 161
2026-08-26 22:34:51.797875: Current learning rate: 0.00854
2026-08-26 22:35:36.615885: train_loss -0.675
2026-08-26 22:35:36.617316: val_loss -0.8676
2026-08-26 22:35:36.618204: Pseudo dice [np.float32(0.8848), np.float32(0.8704), np.float32(0.9097)]
2026-08-26 22:35:36.619137: Epoch time: 44.82 s
2026-08-26 22:35:37.425745: 
2026-08-26 22:35:37.426728: Epoch 162
2026-08-26 22:35:37.427629: Current learning rate: 0.00853
2026-08-26 22:36:22.355903: train_loss -0.6861
2026-08-26 22:36:22.357192: val_loss -0.8538
2026-08-26 22:36:22.358058: Pseudo dice [np.float32(0.8757), np.float32(0.8579), np.float32(0.9014)]
2026-08-26 22:36:22.358987: Epoch time: 44.93 s
2026-08-26 22:36:23.402898: 
2026-08-26 22:36:23.403875: Epoch 163
2026-08-26 22:36:23.404589: Current learning rate: 0.00852
2026-08-26 22:37:08.015271: train_loss -0.6883
2026-08-26 22:37:08.016913: val_loss -0.8664
2026-08-26 22:37:08.017817: Pseudo dice [np.float32(0.8898), np.float32(0.868), np.float32(0.9099)]
2026-08-26 22:37:08.018624: Epoch time: 44.61 s
2026-08-26 22:37:08.831884: 
2026-08-26 22:37:08.832939: Epoch 164
2026-08-26 22:37:08.833676: Current learning rate: 0.00851
2026-08-26 22:37:53.674562: train_loss -0.6919
2026-08-26 22:37:53.676119: val_loss -0.8745
2026-08-26 22:37:53.677063: Pseudo dice [np.float32(0.8978), np.float32(0.874), np.float32(0.9196)]
2026-08-26 22:37:53.677769: Epoch time: 44.85 s
2026-08-26 22:37:54.475916: 
2026-08-26 22:37:54.477065: Epoch 165
2026-08-26 22:37:54.477921: Current learning rate: 0.0085
2026-08-26 22:38:39.540979: train_loss -0.693
2026-08-26 22:38:39.542606: val_loss -0.8695
2026-08-26 22:38:39.543389: Pseudo dice [np.float32(0.8904), np.float32(0.872), np.float32(0.9108)]
2026-08-26 22:38:39.544155: Epoch time: 45.07 s
2026-08-26 22:38:40.332646: 
2026-08-26 22:38:40.333670: Epoch 166
2026-08-26 22:38:40.334402: Current learning rate: 0.00849
2026-08-26 22:39:25.183003: train_loss -0.693
2026-08-26 22:39:25.184429: val_loss -0.8734
2026-08-26 22:39:25.185166: Pseudo dice [np.float32(0.8869), np.float32(0.8712), np.float32(0.916)]
2026-08-26 22:39:25.185839: Epoch time: 44.85 s
2026-08-26 22:39:26.833413: 
2026-08-26 22:39:26.834559: Epoch 167
2026-08-26 22:39:26.835486: Current learning rate: 0.00848
2026-08-26 22:40:11.941192: train_loss -0.6792
2026-08-26 22:40:11.942621: val_loss -0.8603
2026-08-26 22:40:11.943452: Pseudo dice [np.float32(0.8951), np.float32(0.8675), np.float32(0.9084)]
2026-08-26 22:40:11.944365: Epoch time: 45.11 s
2026-08-26 22:40:12.793047: 
2026-08-26 22:40:12.794078: Epoch 168
2026-08-26 22:40:12.794888: Current learning rate: 0.00847
2026-08-26 22:40:57.713982: train_loss -0.691
2026-08-26 22:40:57.715244: val_loss -0.8754
2026-08-26 22:40:57.716044: Pseudo dice [np.float32(0.8969), np.float32(0.8687), np.float32(0.9156)]
2026-08-26 22:40:57.716834: Epoch time: 44.92 s
2026-08-26 22:40:58.523480: 
2026-08-26 22:40:58.524550: Epoch 169
2026-08-26 22:40:58.525374: Current learning rate: 0.00847
2026-08-26 22:41:43.574810: train_loss -0.686
2026-08-26 22:41:43.576138: val_loss -0.8596
2026-08-26 22:41:43.577068: Pseudo dice [np.float32(0.8847), np.float32(0.8661), np.float32(0.9082)]
2026-08-26 22:41:43.577899: Epoch time: 45.05 s
2026-08-26 22:41:44.388226: 
2026-08-26 22:41:44.389178: Epoch 170
2026-08-26 22:41:44.389910: Current learning rate: 0.00846
2026-08-26 22:42:29.140499: train_loss -0.6984
2026-08-26 22:42:29.142221: val_loss -0.8761
2026-08-26 22:42:29.143195: Pseudo dice [np.float32(0.8996), np.float32(0.8764), np.float32(0.9165)]
2026-08-26 22:42:29.144127: Epoch time: 44.75 s
2026-08-26 22:42:29.144933: Yayy! New best EMA pseudo Dice: 0.8899000287055969
2026-08-26 22:42:31.342232: 
2026-08-26 22:42:31.343221: Epoch 171
2026-08-26 22:42:31.344013: Current learning rate: 0.00845
2026-08-26 22:43:16.092970: train_loss -0.6958
2026-08-26 22:43:16.094300: val_loss -0.8701
2026-08-26 22:43:16.095148: Pseudo dice [np.float32(0.8992), np.float32(0.8721), np.float32(0.9187)]
2026-08-26 22:43:16.095833: Epoch time: 44.75 s
2026-08-26 22:43:16.096694: Yayy! New best EMA pseudo Dice: 0.890500009059906
2026-08-26 22:43:18.124851: 
2026-08-26 22:43:18.125809: Epoch 172
2026-08-26 22:43:18.126578: Current learning rate: 0.00844
2026-08-26 22:44:04.815298: train_loss -0.6849
2026-08-26 22:44:04.816903: val_loss -0.8709
2026-08-26 22:44:04.817787: Pseudo dice [np.float32(0.8946), np.float32(0.8644), np.float32(0.9134)]
2026-08-26 22:44:04.818650: Epoch time: 46.69 s
2026-08-26 22:44:04.819397: Yayy! New best EMA pseudo Dice: 0.8906000256538391
2026-08-26 22:44:06.923582: 
2026-08-26 22:44:06.924563: Epoch 173
2026-08-26 22:44:06.925305: Current learning rate: 0.00843
2026-08-26 22:44:51.667710: train_loss -0.6993
2026-08-26 22:44:51.669183: val_loss -0.8724
2026-08-26 22:44:51.669962: Pseudo dice [np.float32(0.8967), np.float32(0.8747), np.float32(0.9156)]
2026-08-26 22:44:51.670779: Epoch time: 44.75 s
2026-08-26 22:44:51.671493: Yayy! New best EMA pseudo Dice: 0.8910999894142151
2026-08-26 22:44:53.770353: 
2026-08-26 22:44:53.771400: Epoch 174
2026-08-26 22:44:53.772118: Current learning rate: 0.00842
2026-08-26 22:45:38.574016: train_loss -0.6994
2026-08-26 22:45:38.575495: val_loss -0.8726
2026-08-26 22:45:38.576316: Pseudo dice [np.float32(0.8943), np.float32(0.8726), np.float32(0.9181)]
2026-08-26 22:45:38.577070: Epoch time: 44.81 s
2026-08-26 22:45:38.577731: Yayy! New best EMA pseudo Dice: 0.8914999961853027
2026-08-26 22:45:40.614054: 
2026-08-26 22:45:40.615174: Epoch 175
2026-08-26 22:45:40.615987: Current learning rate: 0.00841
2026-08-26 22:46:25.542866: train_loss -0.6954
2026-08-26 22:46:25.557951: val_loss -0.8652
2026-08-26 22:46:25.559916: Pseudo dice [np.float32(0.8902), np.float32(0.8711), np.float32(0.9114)]
2026-08-26 22:46:25.561176: Epoch time: 44.93 s
2026-08-26 22:46:26.375480: 
2026-08-26 22:46:26.378150: Epoch 176
2026-08-26 22:46:26.379739: Current learning rate: 0.0084
2026-08-26 22:47:11.215075: train_loss -0.6905
2026-08-26 22:47:11.216688: val_loss -0.8718
2026-08-26 22:47:11.217484: Pseudo dice [np.float32(0.894), np.float32(0.8669), np.float32(0.9143)]
2026-08-26 22:47:11.218249: Epoch time: 44.84 s
2026-08-26 22:47:12.024635: 
2026-08-26 22:47:12.025791: Epoch 177
2026-08-26 22:47:12.026517: Current learning rate: 0.00839
2026-08-26 22:47:56.742868: train_loss -0.6974
2026-08-26 22:47:56.744556: val_loss -0.8745
2026-08-26 22:47:56.745378: Pseudo dice [np.float32(0.8929), np.float32(0.8697), np.float32(0.9142)]
2026-08-26 22:47:56.746227: Epoch time: 44.72 s
2026-08-26 22:47:56.747011: Yayy! New best EMA pseudo Dice: 0.8914999961853027
2026-08-26 22:47:58.769960: 
2026-08-26 22:47:58.771064: Epoch 178
2026-08-26 22:47:58.771793: Current learning rate: 0.00838
2026-08-26 22:48:43.462314: train_loss -0.7043
2026-08-26 22:48:43.463798: val_loss -0.8808
2026-08-26 22:48:43.464492: Pseudo dice [np.float32(0.8956), np.float32(0.8829), np.float32(0.9184)]
2026-08-26 22:48:43.465300: Epoch time: 44.69 s
2026-08-26 22:48:43.465952: Yayy! New best EMA pseudo Dice: 0.892300009727478
2026-08-26 22:48:45.489973: 
2026-08-26 22:48:45.491079: Epoch 179
2026-08-26 22:48:45.491894: Current learning rate: 0.00837
2026-08-26 22:49:30.257282: train_loss -0.6885
2026-08-26 22:49:30.258791: val_loss -0.8715
2026-08-26 22:49:30.259615: Pseudo dice [np.float32(0.8902), np.float32(0.87), np.float32(0.9129)]
2026-08-26 22:49:30.260462: Epoch time: 44.77 s
2026-08-26 22:49:31.059279: 
2026-08-26 22:49:31.060359: Epoch 180
2026-08-26 22:49:31.061135: Current learning rate: 0.00836
2026-08-26 22:50:15.825236: train_loss -0.7132
2026-08-26 22:50:15.826902: val_loss -0.8761
2026-08-26 22:50:15.827981: Pseudo dice [np.float32(0.8882), np.float32(0.8674), np.float32(0.9165)]
2026-08-26 22:50:15.828836: Epoch time: 44.77 s
2026-08-26 22:50:16.865580: 
2026-08-26 22:50:16.866704: Epoch 181
2026-08-26 22:50:16.867555: Current learning rate: 0.00836
2026-08-26 22:51:01.900627: train_loss -0.7038
2026-08-26 22:51:01.902229: val_loss -0.8744
2026-08-26 22:51:01.903231: Pseudo dice [np.float32(0.8947), np.float32(0.8626), np.float32(0.9182)]
2026-08-26 22:51:01.904212: Epoch time: 45.04 s
2026-08-26 22:51:02.713927: 
2026-08-26 22:51:02.715195: Epoch 182
2026-08-26 22:51:02.716181: Current learning rate: 0.00835
2026-08-26 22:51:47.475343: train_loss -0.6861
2026-08-26 22:51:47.476915: val_loss -0.8533
2026-08-26 22:51:47.477611: Pseudo dice [np.float32(0.8776), np.float32(0.8636), np.float32(0.8974)]
2026-08-26 22:51:47.478330: Epoch time: 44.76 s
2026-08-26 22:51:48.281087: 
2026-08-26 22:51:48.282156: Epoch 183
2026-08-26 22:51:48.282885: Current learning rate: 0.00834
2026-08-26 22:52:33.322596: train_loss -0.6705
2026-08-26 22:52:33.324873: val_loss -0.8676
2026-08-26 22:52:33.325834: Pseudo dice [np.float32(0.8897), np.float32(0.8684), np.float32(0.9029)]
2026-08-26 22:52:33.326611: Epoch time: 45.04 s
2026-08-26 22:52:34.122869: 
2026-08-26 22:52:34.123961: Epoch 184
2026-08-26 22:52:34.124656: Current learning rate: 0.00833
2026-08-26 22:53:18.811575: train_loss -0.6905
2026-08-26 22:53:18.813224: val_loss -0.863
2026-08-26 22:53:18.814098: Pseudo dice [np.float32(0.8776), np.float32(0.8659), np.float32(0.9003)]
2026-08-26 22:53:18.815041: Epoch time: 44.69 s
2026-08-26 22:53:19.620754: 
2026-08-26 22:53:19.622015: Epoch 185
2026-08-26 22:53:19.622854: Current learning rate: 0.00832
2026-08-26 22:54:04.380389: train_loss -0.6998
2026-08-26 22:54:04.382638: val_loss -0.8634
2026-08-26 22:54:04.383610: Pseudo dice [np.float32(0.8857), np.float32(0.8713), np.float32(0.9122)]
2026-08-26 22:54:04.384514: Epoch time: 44.76 s
2026-08-26 22:54:05.199370: 
2026-08-26 22:54:05.200512: Epoch 186
2026-08-26 22:54:05.201447: Current learning rate: 0.00831
2026-08-26 22:54:49.928507: train_loss -0.6809
2026-08-26 22:54:49.929978: val_loss -0.8615
2026-08-26 22:54:49.930949: Pseudo dice [np.float32(0.8845), np.float32(0.8701), np.float32(0.9049)]
2026-08-26 22:54:49.931837: Epoch time: 44.73 s
2026-08-26 22:54:50.738819: 
2026-08-26 22:54:50.739919: Epoch 187
2026-08-26 22:54:50.740767: Current learning rate: 0.0083
2026-08-26 22:55:35.720631: train_loss -0.6739
2026-08-26 22:55:35.722627: val_loss -0.865
2026-08-26 22:55:35.723545: Pseudo dice [np.float32(0.8759), np.float32(0.8728), np.float32(0.9063)]
2026-08-26 22:55:35.724395: Epoch time: 44.98 s
2026-08-26 22:55:36.533942: 
2026-08-26 22:55:36.535119: Epoch 188
2026-08-26 22:55:36.535992: Current learning rate: 0.00829
2026-08-26 22:56:21.609888: train_loss -0.6911
2026-08-26 22:56:21.611789: val_loss -0.8719
2026-08-26 22:56:21.612810: Pseudo dice [np.float32(0.891), np.float32(0.8679), np.float32(0.9128)]
2026-08-26 22:56:21.613751: Epoch time: 45.08 s
2026-08-26 22:56:22.414268: 
2026-08-26 22:56:22.415734: Epoch 189
2026-08-26 22:56:22.416858: Current learning rate: 0.00828
2026-08-26 22:57:07.079896: train_loss -0.7023
2026-08-26 22:57:07.082523: val_loss -0.8771
2026-08-26 22:57:07.083907: Pseudo dice [np.float32(0.9007), np.float32(0.8739), np.float32(0.9195)]
2026-08-26 22:57:07.085196: Epoch time: 44.67 s
2026-08-26 22:57:07.899349: 
2026-08-26 22:57:07.908583: Epoch 190
2026-08-26 22:57:07.909876: Current learning rate: 0.00827
2026-08-26 22:57:52.669694: train_loss -0.6957
2026-08-26 22:57:52.671367: val_loss -0.8691
2026-08-26 22:57:52.672167: Pseudo dice [np.float32(0.8862), np.float32(0.875), np.float32(0.9138)]
2026-08-26 22:57:52.672854: Epoch time: 44.77 s
2026-08-26 22:57:53.486218: 
2026-08-26 22:57:53.487311: Epoch 191
2026-08-26 22:57:53.488097: Current learning rate: 0.00826
2026-08-26 22:58:38.846706: train_loss -0.6876
2026-08-26 22:58:38.850695: val_loss -0.8734
2026-08-26 22:58:38.851638: Pseudo dice [np.float32(0.9002), np.float32(0.8716), np.float32(0.9134)]
2026-08-26 22:58:38.852527: Epoch time: 45.36 s
2026-08-26 22:58:39.676160: 
2026-08-26 22:58:39.677162: Epoch 192
2026-08-26 22:58:39.677828: Current learning rate: 0.00825
2026-08-26 22:59:24.959056: train_loss -0.6906
2026-08-26 22:59:24.960657: val_loss -0.8787
2026-08-26 22:59:24.961472: Pseudo dice [np.float32(0.902), np.float32(0.8751), np.float32(0.9102)]
2026-08-26 22:59:24.962258: Epoch time: 45.29 s
2026-08-26 22:59:25.780391: 
2026-08-26 22:59:25.781479: Epoch 193
2026-08-26 22:59:25.782225: Current learning rate: 0.00824
2026-08-26 23:00:10.937716: train_loss -0.6963
2026-08-26 23:00:10.939535: val_loss -0.868
2026-08-26 23:00:10.940418: Pseudo dice [np.float32(0.8836), np.float32(0.8718), np.float32(0.9135)]
2026-08-26 23:00:10.941229: Epoch time: 45.16 s
2026-08-26 23:00:11.754229: 
2026-08-26 23:00:11.755639: Epoch 194
2026-08-26 23:00:11.756850: Current learning rate: 0.00824
2026-08-26 23:00:56.378286: train_loss -0.6969
2026-08-26 23:00:56.379939: val_loss -0.8742
2026-08-26 23:00:56.380960: Pseudo dice [np.float32(0.8964), np.float32(0.8752), np.float32(0.9174)]
2026-08-26 23:00:56.381988: Epoch time: 44.63 s
2026-08-26 23:00:57.194724: 
2026-08-26 23:00:57.195957: Epoch 195
2026-08-26 23:00:57.196880: Current learning rate: 0.00823
2026-08-26 23:01:42.314942: train_loss -0.6979
2026-08-26 23:01:42.316523: val_loss -0.8654
2026-08-26 23:01:42.317269: Pseudo dice [np.float32(0.8932), np.float32(0.8683), np.float32(0.9122)]
2026-08-26 23:01:42.318201: Epoch time: 45.12 s
2026-08-26 23:01:43.178228: 
2026-08-26 23:01:43.179682: Epoch 196
2026-08-26 23:01:43.180479: Current learning rate: 0.00822
2026-08-26 23:02:28.157816: train_loss -0.6999
2026-08-26 23:02:28.159516: val_loss -0.8631
2026-08-26 23:02:28.160714: Pseudo dice [np.float32(0.8981), np.float32(0.8713), np.float32(0.9114)]
2026-08-26 23:02:28.161582: Epoch time: 44.98 s
2026-08-26 23:02:28.976130: 
2026-08-26 23:02:28.977859: Epoch 197
2026-08-26 23:02:28.979172: Current learning rate: 0.00821
2026-08-26 23:03:14.179014: train_loss -0.6953
2026-08-26 23:03:14.180679: val_loss -0.8671
2026-08-26 23:03:14.181541: Pseudo dice [np.float32(0.8952), np.float32(0.866), np.float32(0.9143)]
2026-08-26 23:03:14.182192: Epoch time: 45.21 s
2026-08-26 23:03:14.996785: 
2026-08-26 23:03:14.997772: Epoch 198
2026-08-26 23:03:14.998589: Current learning rate: 0.0082
2026-08-26 23:04:00.262863: train_loss -0.6983
2026-08-26 23:04:00.264479: val_loss -0.879
2026-08-26 23:04:00.265238: Pseudo dice [np.float32(0.9031), np.float32(0.8808), np.float32(0.9224)]
2026-08-26 23:04:00.266088: Epoch time: 45.27 s
2026-08-26 23:04:00.266967: Yayy! New best EMA pseudo Dice: 0.8927000164985657
2026-08-26 23:04:02.369279: 
2026-08-26 23:04:02.370396: Epoch 199
2026-08-26 23:04:02.371260: Current learning rate: 0.00819
2026-08-26 23:04:47.603744: train_loss -0.7078
2026-08-26 23:04:47.605385: val_loss -0.8722
2026-08-26 23:04:47.606344: Pseudo dice [np.float32(0.8931), np.float32(0.8697), np.float32(0.9154)]
2026-08-26 23:04:47.607138: Epoch time: 45.24 s
2026-08-26 23:04:48.940577: Yayy! New best EMA pseudo Dice: 0.8927000164985657
2026-08-26 23:04:51.037758: 
2026-08-26 23:04:51.038794: Epoch 200
2026-08-26 23:04:51.039607: Current learning rate: 0.00818
2026-08-26 23:05:35.976683: train_loss -0.7012
2026-08-26 23:05:35.978264: val_loss -0.885
2026-08-26 23:05:35.979014: Pseudo dice [np.float32(0.908), np.float32(0.8795), np.float32(0.9274)]
2026-08-26 23:05:35.979727: Epoch time: 44.94 s
2026-08-26 23:05:35.980400: Yayy! New best EMA pseudo Dice: 0.8938999772071838
2026-08-26 23:05:38.361328: 
2026-08-26 23:05:38.362551: Epoch 201
2026-08-26 23:05:38.363275: Current learning rate: 0.00817
2026-08-26 23:06:23.372408: train_loss -0.6891
2026-08-26 23:06:23.374138: val_loss -0.8692
2026-08-26 23:06:23.375153: Pseudo dice [np.float32(0.8955), np.float32(0.8692), np.float32(0.9073)]
2026-08-26 23:06:23.376137: Epoch time: 45.02 s
2026-08-26 23:06:24.191889: 
2026-08-26 23:06:24.193297: Epoch 202
2026-08-26 23:06:24.194210: Current learning rate: 0.00816
2026-08-26 23:07:09.205291: train_loss -0.6874
2026-08-26 23:07:09.218333: val_loss -0.8733
2026-08-26 23:07:09.219194: Pseudo dice [np.float32(0.8988), np.float32(0.8731), np.float32(0.9163)]
2026-08-26 23:07:09.219937: Epoch time: 45.02 s
2026-08-26 23:07:10.050576: 
2026-08-26 23:07:10.052085: Epoch 203
2026-08-26 23:07:10.053302: Current learning rate: 0.00815
2026-08-26 23:07:55.522936: train_loss -0.6938
2026-08-26 23:07:55.524612: val_loss -0.8788
2026-08-26 23:07:55.525538: Pseudo dice [np.float32(0.9), np.float32(0.8722), np.float32(0.919)]
2026-08-26 23:07:55.526270: Epoch time: 45.48 s
2026-08-26 23:07:55.526956: Yayy! New best EMA pseudo Dice: 0.8942000269889832
2026-08-26 23:07:57.572740: 
2026-08-26 23:07:57.574223: Epoch 204
2026-08-26 23:07:57.575436: Current learning rate: 0.00814
2026-08-26 23:08:42.731922: train_loss -0.6941
2026-08-26 23:08:42.733478: val_loss -0.8647
2026-08-26 23:08:42.734245: Pseudo dice [np.float32(0.8898), np.float32(0.8731), np.float32(0.9139)]
2026-08-26 23:08:42.734963: Epoch time: 45.16 s
2026-08-26 23:08:43.548033: 
2026-08-26 23:08:43.549089: Epoch 205
2026-08-26 23:08:43.549738: Current learning rate: 0.00813
2026-08-26 23:09:28.368742: train_loss -0.699
2026-08-26 23:09:28.370339: val_loss -0.8665
2026-08-26 23:09:28.371190: Pseudo dice [np.float32(0.8818), np.float32(0.8705), np.float32(0.9074)]
2026-08-26 23:09:28.371987: Epoch time: 44.82 s
2026-08-26 23:09:29.154080: 
2026-08-26 23:09:29.155157: Epoch 206
2026-08-26 23:09:29.155844: Current learning rate: 0.00813
2026-08-26 23:10:15.076066: train_loss -0.6949
2026-08-26 23:10:15.077780: val_loss -0.8801
2026-08-26 23:10:15.078636: Pseudo dice [np.float32(0.8991), np.float32(0.8798), np.float32(0.9182)]
2026-08-26 23:10:15.079382: Epoch time: 45.92 s
2026-08-26 23:10:15.862710: 
2026-08-26 23:10:15.863730: Epoch 207
2026-08-26 23:10:15.864445: Current learning rate: 0.00812
2026-08-26 23:11:01.102695: train_loss -0.6966
2026-08-26 23:11:01.104300: val_loss -0.8723
2026-08-26 23:11:01.105146: Pseudo dice [np.float32(0.8964), np.float32(0.8697), np.float32(0.9155)]
2026-08-26 23:11:01.105945: Epoch time: 45.24 s
2026-08-26 23:11:01.884807: 
2026-08-26 23:11:01.885897: Epoch 208
2026-08-26 23:11:01.886678: Current learning rate: 0.00811
2026-08-26 23:11:46.920495: train_loss -0.6994
2026-08-26 23:11:46.922113: val_loss -0.8759
2026-08-26 23:11:46.922975: Pseudo dice [np.float32(0.894), np.float32(0.8788), np.float32(0.9231)]
2026-08-26 23:11:46.924023: Epoch time: 45.04 s
2026-08-26 23:11:46.924791: Yayy! New best EMA pseudo Dice: 0.8942999839782715
2026-08-26 23:11:48.926722: 
2026-08-26 23:11:48.927954: Epoch 209
2026-08-26 23:11:48.928922: Current learning rate: 0.0081
2026-08-26 23:12:34.000427: train_loss -0.6948
2026-08-26 23:12:34.002173: val_loss -0.8654
2026-08-26 23:12:34.003267: Pseudo dice [np.float32(0.8848), np.float32(0.8637), np.float32(0.9106)]
2026-08-26 23:12:34.004243: Epoch time: 45.08 s
2026-08-26 23:12:35.200214: 
2026-08-26 23:12:35.201374: Epoch 210
2026-08-26 23:12:35.202243: Current learning rate: 0.00809
2026-08-26 23:13:20.387008: train_loss -0.6975
2026-08-26 23:13:20.388735: val_loss -0.8828
2026-08-26 23:13:20.389687: Pseudo dice [np.float32(0.9034), np.float32(0.8749), np.float32(0.9184)]
2026-08-26 23:13:20.390534: Epoch time: 45.19 s
2026-08-26 23:13:21.192605: 
2026-08-26 23:13:21.193809: Epoch 211
2026-08-26 23:13:21.194618: Current learning rate: 0.00808
2026-08-26 23:14:06.336762: train_loss -0.7024
2026-08-26 23:14:06.338580: val_loss -0.8775
2026-08-26 23:14:06.339385: Pseudo dice [np.float32(0.8973), np.float32(0.8758), np.float32(0.9223)]
2026-08-26 23:14:06.340226: Epoch time: 45.15 s
2026-08-26 23:14:06.340935: Yayy! New best EMA pseudo Dice: 0.8945000171661377
2026-08-26 23:14:08.401548: 
2026-08-26 23:14:08.402623: Epoch 212
2026-08-26 23:14:08.403506: Current learning rate: 0.00807
2026-08-26 23:14:53.520703: train_loss -0.7055
2026-08-26 23:14:53.522286: val_loss -0.8817
2026-08-26 23:14:53.523112: Pseudo dice [np.float32(0.902), np.float32(0.8758), np.float32(0.9184)]
2026-08-26 23:14:53.523987: Epoch time: 45.12 s
2026-08-26 23:14:53.524760: Yayy! New best EMA pseudo Dice: 0.8949000239372253
2026-08-26 23:14:55.511583: 
2026-08-26 23:14:55.512575: Epoch 213
2026-08-26 23:14:55.513422: Current learning rate: 0.00806
2026-08-26 23:15:40.553652: train_loss -0.6983
2026-08-26 23:15:40.555136: val_loss -0.8789
2026-08-26 23:15:40.555995: Pseudo dice [np.float32(0.899), np.float32(0.8769), np.float32(0.9183)]
2026-08-26 23:15:40.556772: Epoch time: 45.04 s
2026-08-26 23:15:40.557523: Yayy! New best EMA pseudo Dice: 0.8952000141143799
2026-08-26 23:15:42.559810: 
2026-08-26 23:15:42.560867: Epoch 214
2026-08-26 23:15:42.561603: Current learning rate: 0.00805
2026-08-26 23:16:27.338559: train_loss -0.709
2026-08-26 23:16:27.341323: val_loss -0.8786
2026-08-26 23:16:27.343083: Pseudo dice [np.float32(0.8992), np.float32(0.8692), np.float32(0.9154)]
2026-08-26 23:16:27.344889: Epoch time: 44.78 s
2026-08-26 23:16:28.128657: 
2026-08-26 23:16:28.129704: Epoch 215
2026-08-26 23:16:28.130441: Current learning rate: 0.00804
2026-08-26 23:17:13.277602: train_loss -0.697
2026-08-26 23:17:13.279028: val_loss -0.8772
2026-08-26 23:17:13.279760: Pseudo dice [np.float32(0.9017), np.float32(0.8767), np.float32(0.9133)]
2026-08-26 23:17:13.280510: Epoch time: 45.15 s
2026-08-26 23:17:13.281237: Yayy! New best EMA pseudo Dice: 0.8953999876976013
2026-08-26 23:17:15.262043: 
2026-08-26 23:17:15.263033: Epoch 216
2026-08-26 23:17:15.263861: Current learning rate: 0.00803
2026-08-26 23:18:00.487082: train_loss -0.6976
2026-08-26 23:18:00.488683: val_loss -0.8709
2026-08-26 23:18:00.489560: Pseudo dice [np.float32(0.8896), np.float32(0.869), np.float32(0.9117)]
2026-08-26 23:18:00.490339: Epoch time: 45.23 s
2026-08-26 23:18:01.279628: 
2026-08-26 23:18:01.280798: Epoch 217
2026-08-26 23:18:01.281640: Current learning rate: 0.00802
2026-08-26 23:18:46.229584: train_loss -0.6911
2026-08-26 23:18:46.231208: val_loss -0.8697
2026-08-26 23:18:46.232122: Pseudo dice [np.float32(0.8978), np.float32(0.8727), np.float32(0.9193)]
2026-08-26 23:18:46.232955: Epoch time: 44.95 s
2026-08-26 23:18:47.019935: 
2026-08-26 23:18:47.021097: Epoch 218
2026-08-26 23:18:47.021858: Current learning rate: 0.00801
2026-08-26 23:19:32.238708: train_loss -0.6955
2026-08-26 23:19:32.240186: val_loss -0.8707
2026-08-26 23:19:32.240976: Pseudo dice [np.float32(0.8872), np.float32(0.8779), np.float32(0.9132)]
2026-08-26 23:19:32.241733: Epoch time: 45.22 s
2026-08-26 23:19:33.035005: 
2026-08-26 23:19:33.036090: Epoch 219
2026-08-26 23:19:33.036896: Current learning rate: 0.00801
2026-08-26 23:20:18.499159: train_loss -0.6818
2026-08-26 23:20:18.500523: val_loss -0.862
2026-08-26 23:20:18.501295: Pseudo dice [np.float32(0.8829), np.float32(0.8702), np.float32(0.9124)]
2026-08-26 23:20:18.501921: Epoch time: 45.47 s
2026-08-26 23:20:19.297145: 
2026-08-26 23:20:19.298228: Epoch 220
2026-08-26 23:20:19.299058: Current learning rate: 0.008
2026-08-26 23:21:04.189986: train_loss -0.6963
2026-08-26 23:21:04.191335: val_loss -0.8777
2026-08-26 23:21:04.192165: Pseudo dice [np.float32(0.9033), np.float32(0.8754), np.float32(0.9181)]
2026-08-26 23:21:04.192784: Epoch time: 44.9 s
2026-08-26 23:21:04.979850: 
2026-08-26 23:21:04.980889: Epoch 221
2026-08-26 23:21:04.981670: Current learning rate: 0.00799
2026-08-26 23:21:49.700403: train_loss -0.7018
2026-08-26 23:21:49.701705: val_loss -0.8755
2026-08-26 23:21:49.702587: Pseudo dice [np.float32(0.8959), np.float32(0.8687), np.float32(0.9141)]
2026-08-26 23:21:49.703322: Epoch time: 44.72 s
2026-08-26 23:21:50.491987: 
2026-08-26 23:21:50.493005: Epoch 222
2026-08-26 23:21:50.493697: Current learning rate: 0.00798
2026-08-26 23:22:35.259207: train_loss -0.7182
2026-08-26 23:22:35.260663: val_loss -0.8712
2026-08-26 23:22:35.261457: Pseudo dice [np.float32(0.9005), np.float32(0.8723), np.float32(0.9197)]
2026-08-26 23:22:35.262207: Epoch time: 44.77 s
2026-08-26 23:22:36.052210: 
2026-08-26 23:22:36.053292: Epoch 223
2026-08-26 23:22:36.054185: Current learning rate: 0.00797
2026-08-26 23:23:20.919986: train_loss -0.7069
2026-08-26 23:23:20.921605: val_loss -0.8774
2026-08-26 23:23:20.922527: Pseudo dice [np.float32(0.8928), np.float32(0.8762), np.float32(0.9139)]
2026-08-26 23:23:20.923238: Epoch time: 44.87 s
2026-08-26 23:23:21.714750: 
2026-08-26 23:23:21.715842: Epoch 224
2026-08-26 23:23:21.716529: Current learning rate: 0.00796
2026-08-26 23:24:06.655195: train_loss -0.703
2026-08-26 23:24:06.656536: val_loss -0.878
2026-08-26 23:24:06.657327: Pseudo dice [np.float32(0.9), np.float32(0.8745), np.float32(0.919)]
2026-08-26 23:24:06.658098: Epoch time: 44.94 s
2026-08-26 23:24:07.441451: 
2026-08-26 23:24:07.442541: Epoch 225
2026-08-26 23:24:07.443303: Current learning rate: 0.00795
2026-08-26 23:24:52.399444: train_loss -0.7167
2026-08-26 23:24:52.401101: val_loss -0.8639
2026-08-26 23:24:52.401959: Pseudo dice [np.float32(0.8917), np.float32(0.868), np.float32(0.9082)]
2026-08-26 23:24:52.402849: Epoch time: 44.96 s
2026-08-26 23:24:53.173996: 
2026-08-26 23:24:53.175137: Epoch 226
2026-08-26 23:24:53.175933: Current learning rate: 0.00794
2026-08-26 23:25:38.090918: train_loss -0.7202
2026-08-26 23:25:38.092328: val_loss -0.8789
2026-08-26 23:25:38.093071: Pseudo dice [np.float32(0.8954), np.float32(0.8742), np.float32(0.9176)]
2026-08-26 23:25:38.093777: Epoch time: 44.92 s
2026-08-26 23:25:38.870991: 
2026-08-26 23:25:38.871985: Epoch 227
2026-08-26 23:25:38.872768: Current learning rate: 0.00793
2026-08-26 23:26:23.612154: train_loss -0.705
2026-08-26 23:26:23.614096: val_loss -0.8785
2026-08-26 23:26:23.615037: Pseudo dice [np.float32(0.8965), np.float32(0.8691), np.float32(0.9177)]
2026-08-26 23:26:23.615999: Epoch time: 44.74 s
2026-08-26 23:26:24.408646: 
2026-08-26 23:26:24.410194: Epoch 228
2026-08-26 23:26:24.411406: Current learning rate: 0.00792
2026-08-26 23:27:09.242775: train_loss -0.7022
2026-08-26 23:27:09.256711: val_loss -0.8695
2026-08-26 23:27:09.257510: Pseudo dice [np.float32(0.8802), np.float32(0.8651), np.float32(0.9113)]
2026-08-26 23:27:09.258170: Epoch time: 44.84 s
2026-08-26 23:27:10.031724: 
2026-08-26 23:27:10.032887: Epoch 229
2026-08-26 23:27:10.033789: Current learning rate: 0.00791
2026-08-26 23:27:55.047742: train_loss -0.7071
2026-08-26 23:27:55.049215: val_loss -0.8845
2026-08-26 23:27:55.050036: Pseudo dice [np.float32(0.9045), np.float32(0.8787), np.float32(0.9219)]
2026-08-26 23:27:55.050699: Epoch time: 45.02 s
2026-08-26 23:27:56.250823: 
2026-08-26 23:27:56.251790: Epoch 230
2026-08-26 23:27:56.252651: Current learning rate: 0.0079
2026-08-26 23:28:40.859387: train_loss -0.7014
2026-08-26 23:28:40.861077: val_loss -0.8778
2026-08-26 23:28:40.861931: Pseudo dice [np.float32(0.9003), np.float32(0.8758), np.float32(0.9171)]
2026-08-26 23:28:40.862875: Epoch time: 44.61 s
2026-08-26 23:28:41.663088: 
2026-08-26 23:28:41.664098: Epoch 231
2026-08-26 23:28:41.664888: Current learning rate: 0.00789
2026-08-26 23:29:26.442137: train_loss -0.7164
2026-08-26 23:29:26.443550: val_loss -0.8773
2026-08-26 23:29:26.444341: Pseudo dice [np.float32(0.9043), np.float32(0.8634), np.float32(0.9224)]
2026-08-26 23:29:26.445174: Epoch time: 44.78 s
2026-08-26 23:29:27.229393: 
2026-08-26 23:29:27.230623: Epoch 232
2026-08-26 23:29:27.231310: Current learning rate: 0.00789
2026-08-26 23:30:12.223935: train_loss -0.7082
2026-08-26 23:30:12.225492: val_loss -0.8741
2026-08-26 23:30:12.226505: Pseudo dice [np.float32(0.8995), np.float32(0.8775), np.float32(0.9187)]
2026-08-26 23:30:12.227809: Epoch time: 45.0 s
2026-08-26 23:30:12.997444: 
2026-08-26 23:30:12.998442: Epoch 233
2026-08-26 23:30:12.999144: Current learning rate: 0.00788
2026-08-26 23:30:57.888086: train_loss -0.708
2026-08-26 23:30:57.890253: val_loss -0.8713
2026-08-26 23:30:57.891529: Pseudo dice [np.float32(0.8907), np.float32(0.8778), np.float32(0.9181)]
2026-08-26 23:30:57.892684: Epoch time: 44.89 s
2026-08-26 23:30:58.677732: 
2026-08-26 23:30:58.678879: Epoch 234
2026-08-26 23:30:58.679637: Current learning rate: 0.00787
2026-08-26 23:31:43.712485: train_loss -0.7119
2026-08-26 23:31:43.714154: val_loss -0.8788
2026-08-26 23:31:43.715123: Pseudo dice [np.float32(0.9033), np.float32(0.8785), np.float32(0.9229)]
2026-08-26 23:31:43.715875: Epoch time: 45.04 s
2026-08-26 23:31:43.716620: Yayy! New best EMA pseudo Dice: 0.8960000276565552
2026-08-26 23:31:45.699247: 
2026-08-26 23:31:45.700254: Epoch 235
2026-08-26 23:31:45.700951: Current learning rate: 0.00786
2026-08-26 23:32:30.979187: train_loss -0.6967
2026-08-26 23:32:30.980549: val_loss -0.8639
2026-08-26 23:32:30.981316: Pseudo dice [np.float32(0.8919), np.float32(0.866), np.float32(0.915)]
2026-08-26 23:32:30.981985: Epoch time: 45.28 s
2026-08-26 23:32:31.759014: 
2026-08-26 23:32:31.760030: Epoch 236
2026-08-26 23:32:31.760746: Current learning rate: 0.00785
2026-08-26 23:33:16.769776: train_loss -0.6911
2026-08-26 23:33:16.771474: val_loss -0.8759
2026-08-26 23:33:16.772330: Pseudo dice [np.float32(0.9015), np.float32(0.8735), np.float32(0.9171)]
2026-08-26 23:33:16.773132: Epoch time: 45.01 s
2026-08-26 23:33:17.546752: 
2026-08-26 23:33:17.547955: Epoch 237
2026-08-26 23:33:17.548742: Current learning rate: 0.00784
2026-08-26 23:34:02.571113: train_loss -0.6962
2026-08-26 23:34:02.572586: val_loss -0.8772
2026-08-26 23:34:02.573394: Pseudo dice [np.float32(0.902), np.float32(0.8769), np.float32(0.922)]
2026-08-26 23:34:02.574241: Epoch time: 45.03 s
2026-08-26 23:34:02.574895: Yayy! New best EMA pseudo Dice: 0.8960999846458435
2026-08-26 23:34:04.630477: 
2026-08-26 23:34:04.631618: Epoch 238
2026-08-26 23:34:04.632485: Current learning rate: 0.00783
2026-08-26 23:34:49.343934: train_loss -0.7144
2026-08-26 23:34:49.345610: val_loss -0.8832
2026-08-26 23:34:49.346504: Pseudo dice [np.float32(0.9018), np.float32(0.8822), np.float32(0.9218)]
2026-08-26 23:34:49.347230: Epoch time: 44.72 s
2026-08-26 23:34:49.347883: Yayy! New best EMA pseudo Dice: 0.8967000246047974
2026-08-26 23:34:51.331717: 
2026-08-26 23:34:51.332642: Epoch 239
2026-08-26 23:34:51.333386: Current learning rate: 0.00782
2026-08-26 23:35:36.113381: train_loss -0.7044
2026-08-26 23:35:36.114874: val_loss -0.8717
2026-08-26 23:35:36.115689: Pseudo dice [np.float32(0.8896), np.float32(0.8721), np.float32(0.916)]
2026-08-26 23:35:36.116555: Epoch time: 44.78 s
2026-08-26 23:35:37.137761: 
2026-08-26 23:35:37.138746: Epoch 240
2026-08-26 23:35:37.139450: Current learning rate: 0.00781
2026-08-26 23:36:21.756042: train_loss -0.6805
2026-08-26 23:36:21.757579: val_loss -0.8695
2026-08-26 23:36:21.758392: Pseudo dice [np.float32(0.8916), np.float32(0.8729), np.float32(0.9101)]
2026-08-26 23:36:21.759147: Epoch time: 44.62 s
2026-08-26 23:36:22.548577: 
2026-08-26 23:36:22.549533: Epoch 241
2026-08-26 23:36:22.550319: Current learning rate: 0.0078
2026-08-26 23:37:07.658501: train_loss -0.7005
2026-08-26 23:37:07.660047: val_loss -0.8701
2026-08-26 23:37:07.661002: Pseudo dice [np.float32(0.8922), np.float32(0.8679), np.float32(0.9097)]
2026-08-26 23:37:07.661858: Epoch time: 45.11 s
2026-08-26 23:37:08.439786: 
2026-08-26 23:37:08.441725: Epoch 242
2026-08-26 23:37:08.443455: Current learning rate: 0.00779
2026-08-26 23:37:53.360343: train_loss -0.7087
2026-08-26 23:37:53.361693: val_loss -0.8743
2026-08-26 23:37:53.362509: Pseudo dice [np.float32(0.9002), np.float32(0.8727), np.float32(0.9137)]
2026-08-26 23:37:53.363293: Epoch time: 44.92 s
2026-08-26 23:37:54.143795: 
2026-08-26 23:37:54.144746: Epoch 243
2026-08-26 23:37:54.145472: Current learning rate: 0.00778
2026-08-26 23:38:38.993328: train_loss -0.7017
2026-08-26 23:38:38.995812: val_loss -0.8754
2026-08-26 23:38:38.996732: Pseudo dice [np.float32(0.8954), np.float32(0.8784), np.float32(0.9209)]
2026-08-26 23:38:38.997584: Epoch time: 44.85 s
2026-08-26 23:38:39.781861: 
2026-08-26 23:38:39.783170: Epoch 244
2026-08-26 23:38:39.784090: Current learning rate: 0.00777
2026-08-26 23:39:24.520663: train_loss -0.7016
2026-08-26 23:39:24.522597: val_loss -0.8699
2026-08-26 23:39:24.523583: Pseudo dice [np.float32(0.8922), np.float32(0.8658), np.float32(0.9119)]
2026-08-26 23:39:24.524707: Epoch time: 44.74 s
2026-08-26 23:39:25.388826: 
2026-08-26 23:39:25.390043: Epoch 245
2026-08-26 23:39:25.390960: Current learning rate: 0.00777
2026-08-26 23:40:10.481642: train_loss -0.6973
2026-08-26 23:40:10.483195: val_loss -0.8719
2026-08-26 23:40:10.484158: Pseudo dice [np.float32(0.8976), np.float32(0.8735), np.float32(0.9189)]
2026-08-26 23:40:10.485137: Epoch time: 45.1 s
2026-08-26 23:40:11.258430: 
2026-08-26 23:40:11.259756: Epoch 246
2026-08-26 23:40:11.260594: Current learning rate: 0.00776
2026-08-26 23:40:55.967687: train_loss -0.7083
2026-08-26 23:40:55.969474: val_loss -0.8772
2026-08-26 23:40:55.970457: Pseudo dice [np.float32(0.901), np.float32(0.8761), np.float32(0.9196)]
2026-08-26 23:40:55.971308: Epoch time: 44.71 s
2026-08-26 23:40:56.753795: 
2026-08-26 23:40:56.755179: Epoch 247
2026-08-26 23:40:56.756329: Current learning rate: 0.00775
2026-08-26 23:41:41.456618: train_loss -0.7098
2026-08-26 23:41:41.458130: val_loss -0.8797
2026-08-26 23:41:41.459122: Pseudo dice [np.float32(0.8992), np.float32(0.8771), np.float32(0.9205)]
2026-08-26 23:41:41.460069: Epoch time: 44.71 s
2026-08-26 23:41:42.235580: 
2026-08-26 23:41:42.237010: Epoch 248
2026-08-26 23:41:42.238007: Current learning rate: 0.00774
2026-08-26 23:42:27.218081: train_loss -0.6992
2026-08-26 23:42:27.221767: val_loss -0.8793
2026-08-26 23:42:27.224065: Pseudo dice [np.float32(0.9019), np.float32(0.8811), np.float32(0.921)]
2026-08-26 23:42:27.225806: Epoch time: 44.98 s
2026-08-26 23:42:28.005736: 
2026-08-26 23:42:28.007415: Epoch 249
2026-08-26 23:42:28.008468: Current learning rate: 0.00773
2026-08-26 23:43:13.312267: train_loss -0.6912
2026-08-26 23:43:13.313793: val_loss -0.8792
2026-08-26 23:43:13.314719: Pseudo dice [np.float32(0.8977), np.float32(0.8751), np.float32(0.9167)]
2026-08-26 23:43:13.315567: Epoch time: 45.31 s
2026-08-26 23:43:15.518570: 
2026-08-26 23:43:15.519750: Epoch 250
2026-08-26 23:43:15.520725: Current learning rate: 0.00772
2026-08-26 23:44:00.438565: train_loss -0.7032
2026-08-26 23:44:00.440205: val_loss -0.8728
2026-08-26 23:44:00.441029: Pseudo dice [np.float32(0.8945), np.float32(0.8771), np.float32(0.9169)]
2026-08-26 23:44:00.442152: Epoch time: 44.92 s
2026-08-26 23:44:01.492592: 
2026-08-26 23:44:01.493740: Epoch 251
2026-08-26 23:44:01.494603: Current learning rate: 0.00771
2026-08-26 23:44:46.497239: train_loss -0.7082
2026-08-26 23:44:46.498968: val_loss -0.8767
2026-08-26 23:44:46.499901: Pseudo dice [np.float32(0.8962), np.float32(0.8791), np.float32(0.9174)]
2026-08-26 23:44:46.500868: Epoch time: 45.01 s
2026-08-26 23:44:47.442742: 
2026-08-26 23:44:47.444329: Epoch 252
2026-08-26 23:44:47.446759: Current learning rate: 0.0077
2026-08-26 23:45:32.312594: train_loss -0.7008
2026-08-26 23:45:32.314308: val_loss -0.8728
2026-08-26 23:45:32.315176: Pseudo dice [np.float32(0.9004), np.float32(0.8708), np.float32(0.9111)]
2026-08-26 23:45:32.316056: Epoch time: 44.87 s
2026-08-26 23:45:33.116941: 
2026-08-26 23:45:33.118274: Epoch 253
2026-08-26 23:45:33.119209: Current learning rate: 0.00769
2026-08-26 23:46:18.061600: train_loss -0.683
2026-08-26 23:46:18.063266: val_loss -0.8686
2026-08-26 23:46:18.064291: Pseudo dice [np.float32(0.8902), np.float32(0.8737), np.float32(0.9145)]
2026-08-26 23:46:18.065232: Epoch time: 44.95 s
2026-08-26 23:46:18.851472: 
2026-08-26 23:46:18.852878: Epoch 254
2026-08-26 23:46:18.854009: Current learning rate: 0.00768
2026-08-26 23:47:03.745799: train_loss -0.6978
2026-08-26 23:47:03.747775: val_loss -0.8755
2026-08-26 23:47:03.748779: Pseudo dice [np.float32(0.8838), np.float32(0.873), np.float32(0.9146)]
2026-08-26 23:47:03.749640: Epoch time: 44.9 s
2026-08-26 23:47:04.531264: 
2026-08-26 23:47:04.532462: Epoch 255
2026-08-26 23:47:04.533363: Current learning rate: 0.00767
2026-08-26 23:47:50.667549: train_loss -0.6991
2026-08-26 23:47:50.680613: val_loss -0.8819
2026-08-26 23:47:50.681726: Pseudo dice [np.float32(0.9016), np.float32(0.8777), np.float32(0.9207)]
2026-08-26 23:47:50.682601: Epoch time: 46.14 s
2026-08-26 23:47:51.460622: 
2026-08-26 23:47:51.461889: Epoch 256
2026-08-26 23:47:51.462735: Current learning rate: 0.00766
2026-08-26 23:48:36.348867: train_loss -0.7153
2026-08-26 23:48:36.350294: val_loss -0.8785
2026-08-26 23:48:36.351242: Pseudo dice [np.float32(0.8938), np.float32(0.8773), np.float32(0.9198)]
2026-08-26 23:48:36.352087: Epoch time: 44.89 s
2026-08-26 23:48:37.133903: 
2026-08-26 23:48:37.135011: Epoch 257
2026-08-26 23:48:37.135824: Current learning rate: 0.00765
2026-08-26 23:49:21.913838: train_loss -0.7005
2026-08-26 23:49:21.915425: val_loss -0.8715
2026-08-26 23:49:21.917122: Pseudo dice [np.float32(0.8978), np.float32(0.8745), np.float32(0.913)]
2026-08-26 23:49:21.918906: Epoch time: 44.78 s
2026-08-26 23:49:22.699933: 
2026-08-26 23:49:22.701151: Epoch 258
2026-08-26 23:49:22.701989: Current learning rate: 0.00764
2026-08-26 23:50:07.268786: train_loss -0.6973
2026-08-26 23:50:07.270504: val_loss -0.877
2026-08-26 23:50:07.271552: Pseudo dice [np.float32(0.8946), np.float32(0.8778), np.float32(0.9195)]
2026-08-26 23:50:07.272622: Epoch time: 44.57 s
2026-08-26 23:50:08.055866: 
2026-08-26 23:50:08.057187: Epoch 259
2026-08-26 23:50:08.058015: Current learning rate: 0.00764
2026-08-26 23:50:52.882396: train_loss -0.7034
2026-08-26 23:50:52.884122: val_loss -0.8806
2026-08-26 23:50:52.885143: Pseudo dice [np.float32(0.9007), np.float32(0.8774), np.float32(0.9183)]
2026-08-26 23:50:52.886151: Epoch time: 44.83 s
2026-08-26 23:50:53.667539: 
2026-08-26 23:50:53.668673: Epoch 260
2026-08-26 23:50:53.669516: Current learning rate: 0.00763
2026-08-26 23:51:38.438910: train_loss -0.6874
2026-08-26 23:51:38.440703: val_loss -0.8705
2026-08-26 23:51:38.441736: Pseudo dice [np.float32(0.8907), np.float32(0.8721), np.float32(0.911)]
2026-08-26 23:51:38.442726: Epoch time: 44.77 s
2026-08-26 23:51:39.228365: 
2026-08-26 23:51:39.229727: Epoch 261
2026-08-26 23:51:39.230780: Current learning rate: 0.00762
2026-08-26 23:52:24.087023: train_loss -0.6924
2026-08-26 23:52:24.088710: val_loss -0.8732
2026-08-26 23:52:24.089828: Pseudo dice [np.float32(0.8906), np.float32(0.8691), np.float32(0.9129)]
2026-08-26 23:52:24.090866: Epoch time: 44.86 s
2026-08-26 23:52:26.741959: 
2026-08-26 23:52:26.744500: Epoch 262
2026-08-26 23:52:26.746191: Current learning rate: 0.00761
2026-08-26 23:53:11.414925: train_loss -0.7171
2026-08-26 23:53:11.416395: val_loss -0.8708
2026-08-26 23:53:11.417262: Pseudo dice [np.float32(0.8918), np.float32(0.8718), np.float32(0.9109)]
2026-08-26 23:53:11.418241: Epoch time: 44.68 s
2026-08-26 23:53:12.207638: 
2026-08-26 23:53:12.208877: Epoch 263
2026-08-26 23:53:12.209831: Current learning rate: 0.0076
2026-08-26 23:53:57.606469: train_loss -0.7005
2026-08-26 23:53:57.608050: val_loss -0.8757
2026-08-26 23:53:57.608976: Pseudo dice [np.float32(0.8928), np.float32(0.8772), np.float32(0.9164)]
2026-08-26 23:53:57.610054: Epoch time: 45.4 s
2026-08-26 23:53:58.394380: 
2026-08-26 23:53:58.395654: Epoch 264
2026-08-26 23:53:58.396614: Current learning rate: 0.00759
2026-08-26 23:54:43.280840: train_loss -0.6978
2026-08-26 23:54:43.282523: val_loss -0.8741
2026-08-26 23:54:43.283436: Pseudo dice [np.float32(0.8999), np.float32(0.8719), np.float32(0.9196)]
2026-08-26 23:54:43.284279: Epoch time: 44.89 s
2026-08-26 23:54:44.065146: 
2026-08-26 23:54:44.066289: Epoch 265
2026-08-26 23:54:44.067206: Current learning rate: 0.00758
2026-08-26 23:55:29.083974: train_loss -0.6834
2026-08-26 23:55:29.085593: val_loss -0.8688
2026-08-26 23:55:29.086499: Pseudo dice [np.float32(0.884), np.float32(0.8614), np.float32(0.9126)]
2026-08-26 23:55:29.087490: Epoch time: 45.02 s
2026-08-26 23:55:29.878354: 
2026-08-26 23:55:29.879671: Epoch 266
2026-08-26 23:55:29.880542: Current learning rate: 0.00757
2026-08-26 23:56:14.611524: train_loss -0.6876
2026-08-26 23:56:14.613500: val_loss -0.8707
2026-08-26 23:56:14.614389: Pseudo dice [np.float32(0.8927), np.float32(0.8744), np.float32(0.9155)]
2026-08-26 23:56:14.615292: Epoch time: 44.74 s
2026-08-26 23:56:15.401739: 
2026-08-26 23:56:15.403057: Epoch 267
2026-08-26 23:56:15.404178: Current learning rate: 0.00756
2026-08-26 23:57:00.320580: train_loss -0.6972
2026-08-26 23:57:00.322165: val_loss -0.8721
2026-08-26 23:57:00.323096: Pseudo dice [np.float32(0.8924), np.float32(0.87), np.float32(0.9138)]
2026-08-26 23:57:00.324126: Epoch time: 44.92 s
2026-08-26 23:57:01.110673: 
2026-08-26 23:57:01.112018: Epoch 268
2026-08-26 23:57:01.113162: Current learning rate: 0.00755
2026-08-26 23:57:45.903023: train_loss -0.6938
2026-08-26 23:57:45.904668: val_loss -0.8835
2026-08-26 23:57:45.905730: Pseudo dice [np.float32(0.9016), np.float32(0.883), np.float32(0.9266)]
2026-08-26 23:57:45.906623: Epoch time: 44.79 s
2026-08-26 23:57:46.690712: 
2026-08-26 23:57:46.692059: Epoch 269
2026-08-26 23:57:46.692959: Current learning rate: 0.00754
2026-08-26 23:58:31.883346: train_loss -0.6952
2026-08-26 23:58:31.885050: val_loss -0.8689
2026-08-26 23:58:31.885976: Pseudo dice [np.float32(0.8974), np.float32(0.8705), np.float32(0.9161)]
2026-08-26 23:58:31.886937: Epoch time: 45.2 s
2026-08-26 23:58:32.671391: 
2026-08-26 23:58:32.672551: Epoch 270
2026-08-26 23:58:32.673411: Current learning rate: 0.00753
2026-08-26 23:59:17.673571: train_loss -0.6907
2026-08-26 23:59:17.675082: val_loss -0.8777
2026-08-26 23:59:17.676029: Pseudo dice [np.float32(0.8957), np.float32(0.8718), np.float32(0.9222)]
2026-08-26 23:59:17.676946: Epoch time: 45.0 s
2026-08-26 23:59:18.462264: 
2026-08-26 23:59:18.463532: Epoch 271
2026-08-26 23:59:18.464445: Current learning rate: 0.00752
2026-08-27 00:00:03.259855: train_loss -0.6946
2026-08-27 00:00:03.261396: val_loss -0.8797
2026-08-27 00:00:03.262368: Pseudo dice [np.float32(0.9015), np.float32(0.8744), np.float32(0.9202)]
2026-08-27 00:00:03.263362: Epoch time: 44.8 s
2026-08-27 00:00:04.056303: 
2026-08-27 00:00:04.057523: Epoch 272
2026-08-27 00:00:04.058403: Current learning rate: 0.00751
2026-08-27 00:00:49.254535: train_loss -0.6922
2026-08-27 00:00:49.256095: val_loss -0.8773
2026-08-27 00:00:49.256941: Pseudo dice [np.float32(0.892), np.float32(0.8711), np.float32(0.9225)]
2026-08-27 00:00:49.257774: Epoch time: 45.2 s
2026-08-27 00:00:50.045371: 
2026-08-27 00:00:50.046595: Epoch 273
2026-08-27 00:00:50.047572: Current learning rate: 0.00751
2026-08-27 00:01:34.869987: train_loss -0.6825
2026-08-27 00:01:34.871590: val_loss -0.8672
2026-08-27 00:01:34.872496: Pseudo dice [np.float32(0.8909), np.float32(0.8619), np.float32(0.9102)]
2026-08-27 00:01:34.873361: Epoch time: 44.83 s
2026-08-27 00:01:35.728439: 
2026-08-27 00:01:35.729590: Epoch 274
2026-08-27 00:01:35.730597: Current learning rate: 0.0075
2026-08-27 00:02:20.842579: train_loss -0.6994
2026-08-27 00:02:20.844159: val_loss -0.8718
2026-08-27 00:02:20.845386: Pseudo dice [np.float32(0.8943), np.float32(0.8762), np.float32(0.9144)]
2026-08-27 00:02:20.846389: Epoch time: 45.12 s
2026-08-27 00:02:21.630686: 
2026-08-27 00:02:21.631914: Epoch 275
2026-08-27 00:02:21.632801: Current learning rate: 0.00749
2026-08-27 00:03:06.341263: train_loss -0.7018
2026-08-27 00:03:06.342962: val_loss -0.8649
2026-08-27 00:03:06.343989: Pseudo dice [np.float32(0.8868), np.float32(0.8711), np.float32(0.9106)]
2026-08-27 00:03:06.344882: Epoch time: 44.71 s
2026-08-27 00:03:07.129018: 
2026-08-27 00:03:07.130379: Epoch 276
2026-08-27 00:03:07.131525: Current learning rate: 0.00748
2026-08-27 00:03:51.922488: train_loss -0.7164
2026-08-27 00:03:51.924175: val_loss -0.8686
2026-08-27 00:03:51.925041: Pseudo dice [np.float32(0.8971), np.float32(0.8694), np.float32(0.9133)]
2026-08-27 00:03:51.926169: Epoch time: 44.8 s
2026-08-27 00:03:52.708771: 
2026-08-27 00:03:52.709924: Epoch 277
2026-08-27 00:03:52.710855: Current learning rate: 0.00747
2026-08-27 00:04:37.721449: train_loss -0.705
2026-08-27 00:04:37.724192: val_loss -0.871
2026-08-27 00:04:37.726348: Pseudo dice [np.float32(0.893), np.float32(0.8785), np.float32(0.9215)]
2026-08-27 00:04:37.727780: Epoch time: 45.02 s
2026-08-27 00:04:38.509789: 
2026-08-27 00:04:38.511057: Epoch 278
2026-08-27 00:04:38.512070: Current learning rate: 0.00746
2026-08-27 00:05:23.176934: train_loss -0.701
2026-08-27 00:05:23.178820: val_loss -0.8764
2026-08-27 00:05:23.179813: Pseudo dice [np.float32(0.8969), np.float32(0.873), np.float32(0.9175)]
2026-08-27 00:05:23.180833: Epoch time: 44.67 s
2026-08-27 00:05:23.963091: 
2026-08-27 00:05:23.964751: Epoch 279
2026-08-27 00:05:23.965993: Current learning rate: 0.00745
2026-08-27 00:06:08.704520: train_loss -0.7093
2026-08-27 00:06:08.706510: val_loss -0.8724
2026-08-27 00:06:08.707497: Pseudo dice [np.float32(0.8999), np.float32(0.8754), np.float32(0.9115)]
2026-08-27 00:06:08.708580: Epoch time: 44.74 s
2026-08-27 00:06:09.507732: 
2026-08-27 00:06:09.508953: Epoch 280
2026-08-27 00:06:09.509946: Current learning rate: 0.00744
2026-08-27 00:06:54.678419: train_loss -0.7069
2026-08-27 00:06:54.680509: val_loss -0.874
2026-08-27 00:06:54.681562: Pseudo dice [np.float32(0.8972), np.float32(0.8763), np.float32(0.9185)]
2026-08-27 00:06:54.682402: Epoch time: 45.17 s
2026-08-27 00:06:55.466749: 
2026-08-27 00:06:55.468056: Epoch 281
2026-08-27 00:06:55.469197: Current learning rate: 0.00743
2026-08-27 00:07:40.667378: train_loss -0.6992
2026-08-27 00:07:40.669440: val_loss -0.8808
2026-08-27 00:07:40.670326: Pseudo dice [np.float32(0.9021), np.float32(0.8706), np.float32(0.9209)]
2026-08-27 00:07:40.671199: Epoch time: 45.2 s
2026-08-27 00:07:41.467571: 
2026-08-27 00:07:41.468856: Epoch 282
2026-08-27 00:07:41.469914: Current learning rate: 0.00742
2026-08-27 00:08:26.521239: train_loss -0.7061
2026-08-27 00:08:26.537476: val_loss -0.8829
2026-08-27 00:08:26.539013: Pseudo dice [np.float32(0.9013), np.float32(0.8763), np.float32(0.9231)]
2026-08-27 00:08:26.540511: Epoch time: 45.06 s
2026-08-27 00:08:27.564645: 
2026-08-27 00:08:27.567995: Epoch 283
2026-08-27 00:08:27.569769: Current learning rate: 0.00741
2026-08-27 00:09:12.461236: train_loss -0.7044
2026-08-27 00:09:12.463524: val_loss -0.8752
2026-08-27 00:09:12.464726: Pseudo dice [np.float32(0.8905), np.float32(0.8736), np.float32(0.9136)]
2026-08-27 00:09:12.465842: Epoch time: 44.9 s
2026-08-27 00:09:13.274603: 
2026-08-27 00:09:13.275854: Epoch 284
2026-08-27 00:09:13.276840: Current learning rate: 0.0074
2026-08-27 00:09:58.079319: train_loss -0.7015
2026-08-27 00:09:58.081185: val_loss -0.8712
2026-08-27 00:09:58.082140: Pseudo dice [np.float32(0.8903), np.float32(0.8739), np.float32(0.9137)]
2026-08-27 00:09:58.083146: Epoch time: 44.81 s
2026-08-27 00:09:58.869711: 
2026-08-27 00:09:58.871033: Epoch 285
2026-08-27 00:09:58.871993: Current learning rate: 0.00739
2026-08-27 00:10:44.104779: train_loss -0.6961
2026-08-27 00:10:44.107468: val_loss -0.8853
2026-08-27 00:10:44.108771: Pseudo dice [np.float32(0.9037), np.float32(0.8798), np.float32(0.9203)]
2026-08-27 00:10:44.110048: Epoch time: 45.24 s
2026-08-27 00:10:44.895933: 
2026-08-27 00:10:44.897884: Epoch 286
2026-08-27 00:10:44.899183: Current learning rate: 0.00738
2026-08-27 00:11:29.546648: train_loss -0.7163
2026-08-27 00:11:29.548491: val_loss -0.8797
2026-08-27 00:11:29.549503: Pseudo dice [np.float32(0.9031), np.float32(0.8802), np.float32(0.919)]
2026-08-27 00:11:29.550405: Epoch time: 44.65 s
2026-08-27 00:11:30.523587: 
2026-08-27 00:11:30.524911: Epoch 287
2026-08-27 00:11:30.525905: Current learning rate: 0.00738
2026-08-27 00:12:15.428198: train_loss -0.718
2026-08-27 00:12:15.430249: val_loss -0.872
2026-08-27 00:12:15.431337: Pseudo dice [np.float32(0.8941), np.float32(0.8696), np.float32(0.909)]
2026-08-27 00:12:15.432414: Epoch time: 44.91 s
2026-08-27 00:12:16.229871: 
2026-08-27 00:12:16.231093: Epoch 288
2026-08-27 00:12:16.232033: Current learning rate: 0.00737
2026-08-27 00:13:00.823203: train_loss -0.7121
2026-08-27 00:13:00.825184: val_loss -0.8798
2026-08-27 00:13:00.826264: Pseudo dice [np.float32(0.8942), np.float32(0.8825), np.float32(0.9206)]
2026-08-27 00:13:00.827340: Epoch time: 44.6 s
2026-08-27 00:13:01.617974: 
2026-08-27 00:13:01.619198: Epoch 289
2026-08-27 00:13:01.620264: Current learning rate: 0.00736
2026-08-27 00:13:46.234243: train_loss -0.7095
2026-08-27 00:13:46.236496: val_loss -0.8839
2026-08-27 00:13:46.237489: Pseudo dice [np.float32(0.8996), np.float32(0.8799), np.float32(0.9234)]
2026-08-27 00:13:46.238358: Epoch time: 44.62 s
2026-08-27 00:13:47.030830: 
2026-08-27 00:13:47.032063: Epoch 290
2026-08-27 00:13:47.032923: Current learning rate: 0.00735
2026-08-27 00:14:31.561628: train_loss -0.7224
2026-08-27 00:14:31.563650: val_loss -0.8659
2026-08-27 00:14:31.564692: Pseudo dice [np.float32(0.89), np.float32(0.8752), np.float32(0.9142)]
2026-08-27 00:14:31.565769: Epoch time: 44.53 s
2026-08-27 00:14:32.352740: 
2026-08-27 00:14:32.354127: Epoch 291
2026-08-27 00:14:32.355280: Current learning rate: 0.00734
2026-08-27 00:15:17.210011: train_loss -0.7006
2026-08-27 00:15:17.211923: val_loss -0.8798
2026-08-27 00:15:17.212991: Pseudo dice [np.float32(0.8992), np.float32(0.883), np.float32(0.9223)]
2026-08-27 00:15:17.214072: Epoch time: 44.86 s
2026-08-27 00:15:17.215039: Yayy! New best EMA pseudo Dice: 0.8967000246047974
2026-08-27 00:15:19.878000: 
2026-08-27 00:15:19.879564: Epoch 292
2026-08-27 00:15:19.880748: Current learning rate: 0.00733
2026-08-27 00:16:05.726763: train_loss -0.7037
2026-08-27 00:16:05.728618: val_loss -0.8779
2026-08-27 00:16:05.729651: Pseudo dice [np.float32(0.9049), np.float32(0.883), np.float32(0.9175)]
2026-08-27 00:16:05.730577: Epoch time: 45.85 s
2026-08-27 00:16:05.731474: Yayy! New best EMA pseudo Dice: 0.8973000049591064
2026-08-27 00:16:07.751534: 
2026-08-27 00:16:07.752783: Epoch 293
2026-08-27 00:16:07.753989: Current learning rate: 0.00732
2026-08-27 00:16:52.587965: train_loss -0.7022
2026-08-27 00:16:52.589730: val_loss -0.8744
2026-08-27 00:16:52.590854: Pseudo dice [np.float32(0.896), np.float32(0.8653), np.float32(0.9204)]
2026-08-27 00:16:52.591831: Epoch time: 44.84 s
2026-08-27 00:16:53.400690: 
2026-08-27 00:16:53.401999: Epoch 294
2026-08-27 00:16:53.402982: Current learning rate: 0.00731
2026-08-27 00:17:38.128445: train_loss -0.6998
2026-08-27 00:17:38.130512: val_loss -0.8844
2026-08-27 00:17:38.131589: Pseudo dice [np.float32(0.9061), np.float32(0.872), np.float32(0.9232)]
2026-08-27 00:17:38.132662: Epoch time: 44.73 s
2026-08-27 00:17:38.133783: Yayy! New best EMA pseudo Dice: 0.8973000049591064
2026-08-27 00:17:40.240919: 
2026-08-27 00:17:40.242225: Epoch 295
2026-08-27 00:17:40.243277: Current learning rate: 0.0073
2026-08-27 00:18:25.002144: train_loss -0.7083
2026-08-27 00:18:25.004923: val_loss -0.8887
2026-08-27 00:18:25.006206: Pseudo dice [np.float32(0.9056), np.float32(0.8824), np.float32(0.9248)]
2026-08-27 00:18:25.007788: Epoch time: 44.76 s
2026-08-27 00:18:25.009376: Yayy! New best EMA pseudo Dice: 0.8980000019073486
2026-08-27 00:18:27.034010: 
2026-08-27 00:18:27.037133: Epoch 296
2026-08-27 00:18:27.038872: Current learning rate: 0.00729
2026-08-27 00:19:11.889513: train_loss -0.7105
2026-08-27 00:19:11.891320: val_loss -0.8775
2026-08-27 00:19:11.892292: Pseudo dice [np.float32(0.8937), np.float32(0.874), np.float32(0.9191)]
2026-08-27 00:19:11.893211: Epoch time: 44.86 s
2026-08-27 00:19:12.687974: 
2026-08-27 00:19:12.689193: Epoch 297
2026-08-27 00:19:12.690120: Current learning rate: 0.00728
2026-08-27 00:19:57.897312: train_loss -0.7135
2026-08-27 00:19:57.899274: val_loss -0.8835
2026-08-27 00:19:57.900326: Pseudo dice [np.float32(0.9013), np.float32(0.8807), np.float32(0.9232)]
2026-08-27 00:19:57.901372: Epoch time: 45.21 s
2026-08-27 00:19:57.902290: Yayy! New best EMA pseudo Dice: 0.8981000185012817
2026-08-27 00:19:59.927100: 
2026-08-27 00:19:59.929278: Epoch 298
2026-08-27 00:19:59.930631: Current learning rate: 0.00727
2026-08-27 00:20:44.981750: train_loss -0.7038
2026-08-27 00:20:44.983492: val_loss -0.8801
2026-08-27 00:20:44.984635: Pseudo dice [np.float32(0.8995), np.float32(0.8777), np.float32(0.9204)]
2026-08-27 00:20:44.985680: Epoch time: 45.06 s
2026-08-27 00:20:44.986650: Yayy! New best EMA pseudo Dice: 0.8981999754905701
2026-08-27 00:20:47.005169: 
2026-08-27 00:20:47.006387: Epoch 299
2026-08-27 00:20:47.007355: Current learning rate: 0.00726
2026-08-27 00:21:32.146701: train_loss -0.7047
2026-08-27 00:21:32.148379: val_loss -0.8877
2026-08-27 00:21:32.149394: Pseudo dice [np.float32(0.9109), np.float32(0.8768), np.float32(0.9288)]
2026-08-27 00:21:32.150341: Epoch time: 45.14 s
2026-08-27 00:21:33.382854: Yayy! New best EMA pseudo Dice: 0.8989999890327454
2026-08-27 00:21:35.393266: 
2026-08-27 00:21:35.394372: Epoch 300
2026-08-27 00:21:35.395294: Current learning rate: 0.00725
2026-08-27 00:22:20.587307: train_loss -0.7155
2026-08-27 00:22:20.589095: val_loss -0.8818
2026-08-27 00:22:20.590060: Pseudo dice [np.float32(0.9042), np.float32(0.8774), np.float32(0.9246)]
2026-08-27 00:22:20.590920: Epoch time: 45.2 s
2026-08-27 00:22:20.591815: Yayy! New best EMA pseudo Dice: 0.8992999792098999
2026-08-27 00:22:22.620113: 
2026-08-27 00:22:22.621304: Epoch 301
2026-08-27 00:22:22.622157: Current learning rate: 0.00724
2026-08-27 00:23:07.165506: train_loss -0.7158
2026-08-27 00:23:07.167074: val_loss -0.8818
2026-08-27 00:23:07.167927: Pseudo dice [np.float32(0.8998), np.float32(0.8731), np.float32(0.9202)]
2026-08-27 00:23:07.168767: Epoch time: 44.55 s
2026-08-27 00:23:08.183452: 
2026-08-27 00:23:08.184624: Epoch 302
2026-08-27 00:23:08.185482: Current learning rate: 0.00724
2026-08-27 00:23:53.038058: train_loss -0.7123
2026-08-27 00:23:53.039568: val_loss -0.884
2026-08-27 00:23:53.040508: Pseudo dice [np.float32(0.9041), np.float32(0.881), np.float32(0.9272)]
2026-08-27 00:23:53.041466: Epoch time: 44.86 s
2026-08-27 00:23:53.042295: Yayy! New best EMA pseudo Dice: 0.8996000289916992
2026-08-27 00:23:55.077608: 
2026-08-27 00:23:55.078782: Epoch 303
2026-08-27 00:23:55.079706: Current learning rate: 0.00723
2026-08-27 00:24:40.150413: train_loss -0.7128
2026-08-27 00:24:40.154259: val_loss -0.8764
2026-08-27 00:24:40.155370: Pseudo dice [np.float32(0.8878), np.float32(0.8684), np.float32(0.9149)]
2026-08-27 00:24:40.156341: Epoch time: 45.08 s
2026-08-27 00:24:40.944049: 
2026-08-27 00:24:40.945340: Epoch 304
2026-08-27 00:24:40.946336: Current learning rate: 0.00722
2026-08-27 00:25:25.948519: train_loss -0.7053
2026-08-27 00:25:25.950313: val_loss -0.8736
2026-08-27 00:25:25.951296: Pseudo dice [np.float32(0.8978), np.float32(0.8725), np.float32(0.9157)]
2026-08-27 00:25:25.952214: Epoch time: 45.01 s
2026-08-27 00:25:26.745284: 
2026-08-27 00:25:26.746514: Epoch 305
2026-08-27 00:25:26.747409: Current learning rate: 0.00721
2026-08-27 00:26:11.406932: train_loss -0.7147
2026-08-27 00:26:11.408863: val_loss -0.8884
2026-08-27 00:26:11.410058: Pseudo dice [np.float32(0.9084), np.float32(0.8798), np.float32(0.9251)]
2026-08-27 00:26:11.410992: Epoch time: 44.66 s
2026-08-27 00:26:12.209555: 
2026-08-27 00:26:12.210728: Epoch 306
2026-08-27 00:26:12.211590: Current learning rate: 0.0072
2026-08-27 00:26:57.071271: train_loss -0.7212
2026-08-27 00:26:57.073291: val_loss -0.8788
2026-08-27 00:26:57.074479: Pseudo dice [np.float32(0.8957), np.float32(0.8799), np.float32(0.914)]
2026-08-27 00:26:57.075743: Epoch time: 44.86 s
2026-08-27 00:26:57.862906: 
2026-08-27 00:26:57.864122: Epoch 307
2026-08-27 00:26:57.865116: Current learning rate: 0.00719
2026-08-27 00:27:42.664800: train_loss -0.7026
2026-08-27 00:27:42.668527: val_loss -0.8803
2026-08-27 00:27:42.669992: Pseudo dice [np.float32(0.9024), np.float32(0.8771), np.float32(0.9249)]
2026-08-27 00:27:42.672043: Epoch time: 44.8 s
2026-08-27 00:27:43.461115: 
2026-08-27 00:27:43.462352: Epoch 308
2026-08-27 00:27:43.463371: Current learning rate: 0.00718
2026-08-27 00:28:28.752136: train_loss -0.7174
2026-08-27 00:28:28.766470: val_loss -0.8728
2026-08-27 00:28:28.767388: Pseudo dice [np.float32(0.8933), np.float32(0.8779), np.float32(0.9208)]
2026-08-27 00:28:28.768416: Epoch time: 45.29 s
2026-08-27 00:28:29.562961: 
2026-08-27 00:28:29.564028: Epoch 309
2026-08-27 00:28:29.564959: Current learning rate: 0.00717
2026-08-27 00:29:14.608021: train_loss -0.7036
2026-08-27 00:29:14.609621: val_loss -0.8786
2026-08-27 00:29:14.610482: Pseudo dice [np.float32(0.9005), np.float32(0.8754), np.float32(0.9186)]
2026-08-27 00:29:14.611295: Epoch time: 45.05 s
2026-08-27 00:29:15.413343: 
2026-08-27 00:29:15.415315: Epoch 310
2026-08-27 00:29:15.416723: Current learning rate: 0.00716
2026-08-27 00:30:00.155905: train_loss -0.7003
2026-08-27 00:30:00.157561: val_loss -0.8834
2026-08-27 00:30:00.158510: Pseudo dice [np.float32(0.8998), np.float32(0.8778), np.float32(0.918)]
2026-08-27 00:30:00.159383: Epoch time: 44.75 s
2026-08-27 00:30:00.949893: 
2026-08-27 00:30:00.951102: Epoch 311
2026-08-27 00:30:00.951944: Current learning rate: 0.00715
2026-08-27 00:30:46.267790: train_loss -0.7053
2026-08-27 00:30:46.269350: val_loss -0.8831
2026-08-27 00:30:46.270410: Pseudo dice [np.float32(0.9056), np.float32(0.8774), np.float32(0.9224)]
2026-08-27 00:30:46.271321: Epoch time: 45.32 s
2026-08-27 00:30:47.311673: 
2026-08-27 00:30:47.313195: Epoch 312
2026-08-27 00:30:47.314161: Current learning rate: 0.00714
2026-08-27 00:31:32.288266: train_loss -0.6964
2026-08-27 00:31:32.290506: val_loss -0.8778
2026-08-27 00:31:32.291740: Pseudo dice [np.float32(0.8947), np.float32(0.8769), np.float32(0.9134)]
2026-08-27 00:31:32.292968: Epoch time: 44.98 s
2026-08-27 00:31:33.099728: 
2026-08-27 00:31:33.101046: Epoch 313
2026-08-27 00:31:33.102217: Current learning rate: 0.00713
2026-08-27 00:32:18.025648: train_loss -0.7166
2026-08-27 00:32:18.027334: val_loss -0.8766
2026-08-27 00:32:18.028377: Pseudo dice [np.float32(0.8982), np.float32(0.8801), np.float32(0.9243)]
2026-08-27 00:32:18.029292: Epoch time: 44.93 s
2026-08-27 00:32:18.839831: 
2026-08-27 00:32:18.841095: Epoch 314
2026-08-27 00:32:18.842147: Current learning rate: 0.00712
2026-08-27 00:33:03.671954: train_loss -0.7122
2026-08-27 00:33:03.673517: val_loss -0.8815
2026-08-27 00:33:03.674442: Pseudo dice [np.float32(0.9033), np.float32(0.8742), np.float32(0.9236)]
2026-08-27 00:33:03.675496: Epoch time: 44.84 s
2026-08-27 00:33:04.477944: 
2026-08-27 00:33:04.479231: Epoch 315
2026-08-27 00:33:04.480211: Current learning rate: 0.00711
2026-08-27 00:33:50.522327: train_loss -0.694
2026-08-27 00:33:50.523854: val_loss -0.8751
2026-08-27 00:33:50.524720: Pseudo dice [np.float32(0.8928), np.float32(0.8776), np.float32(0.9163)]
2026-08-27 00:33:50.525578: Epoch time: 46.05 s
2026-08-27 00:33:51.326634: 
2026-08-27 00:33:51.327776: Epoch 316
2026-08-27 00:33:51.328692: Current learning rate: 0.0071
2026-08-27 00:34:36.144407: train_loss -0.6977
2026-08-27 00:34:36.146220: val_loss -0.8838
2026-08-27 00:34:36.147063: Pseudo dice [np.float32(0.8968), np.float32(0.8762), np.float32(0.9223)]
2026-08-27 00:34:36.148058: Epoch time: 44.82 s
2026-08-27 00:34:36.942588: 
2026-08-27 00:34:36.943721: Epoch 317
2026-08-27 00:34:36.944587: Current learning rate: 0.0071
2026-08-27 00:35:21.800673: train_loss -0.7121
2026-08-27 00:35:21.802343: val_loss -0.8744
2026-08-27 00:35:21.803260: Pseudo dice [np.float32(0.8941), np.float32(0.8745), np.float32(0.9149)]
2026-08-27 00:35:21.804245: Epoch time: 44.86 s
2026-08-27 00:35:22.603443: 
2026-08-27 00:35:22.604886: Epoch 318
2026-08-27 00:35:22.605977: Current learning rate: 0.00709
2026-08-27 00:36:08.222789: train_loss -0.7103
2026-08-27 00:36:08.224782: val_loss -0.8838
2026-08-27 00:36:08.225761: Pseudo dice [np.float32(0.8989), np.float32(0.8829), np.float32(0.9206)]
2026-08-27 00:36:08.226852: Epoch time: 45.62 s
2026-08-27 00:36:09.024082: 
2026-08-27 00:36:09.025218: Epoch 319
2026-08-27 00:36:09.026079: Current learning rate: 0.00708
2026-08-27 00:36:54.487050: train_loss -0.7121
2026-08-27 00:36:54.488681: val_loss -0.8845
2026-08-27 00:36:54.490725: Pseudo dice [np.float32(0.9027), np.float32(0.8802), np.float32(0.9226)]
2026-08-27 00:36:54.491921: Epoch time: 45.47 s
2026-08-27 00:36:55.299892: 
2026-08-27 00:36:55.301018: Epoch 320
2026-08-27 00:36:55.301940: Current learning rate: 0.00707
2026-08-27 00:37:40.157310: train_loss -0.7205
2026-08-27 00:37:40.159098: val_loss -0.8831
2026-08-27 00:37:40.160071: Pseudo dice [np.float32(0.9021), np.float32(0.8825), np.float32(0.9266)]
2026-08-27 00:37:40.160963: Epoch time: 44.86 s
2026-08-27 00:37:40.959274: 
2026-08-27 00:37:40.960390: Epoch 321
2026-08-27 00:37:40.961269: Current learning rate: 0.00706
2026-08-27 00:38:25.624391: train_loss -0.7071
2026-08-27 00:38:25.627147: val_loss -0.8759
2026-08-27 00:38:25.628818: Pseudo dice [np.float32(0.8991), np.float32(0.8608), np.float32(0.9178)]
2026-08-27 00:38:25.630464: Epoch time: 44.67 s
2026-08-27 00:38:26.441305: 
2026-08-27 00:38:26.444590: Epoch 322
2026-08-27 00:38:26.446855: Current learning rate: 0.00705
2026-08-27 00:39:11.215635: train_loss -0.7008
2026-08-27 00:39:11.217257: val_loss -0.8812
2026-08-27 00:39:11.218113: Pseudo dice [np.float32(0.9042), np.float32(0.8788), np.float32(0.9228)]
2026-08-27 00:39:11.218948: Epoch time: 44.78 s
2026-08-27 00:39:12.487382: 
2026-08-27 00:39:12.488618: Epoch 323
2026-08-27 00:39:12.489529: Current learning rate: 0.00704
2026-08-27 00:39:57.462953: train_loss -0.7007
2026-08-27 00:39:57.464525: val_loss -0.879
2026-08-27 00:39:57.465478: Pseudo dice [np.float32(0.8961), np.float32(0.8761), np.float32(0.9208)]
2026-08-27 00:39:57.466391: Epoch time: 44.98 s
2026-08-27 00:39:58.260840: 
2026-08-27 00:39:58.262354: Epoch 324
2026-08-27 00:39:58.263357: Current learning rate: 0.00703
2026-08-27 00:40:43.061700: train_loss -0.7048
2026-08-27 00:40:43.063453: val_loss -0.8808
2026-08-27 00:40:43.064555: Pseudo dice [np.float32(0.8996), np.float32(0.8761), np.float32(0.924)]
2026-08-27 00:40:43.065577: Epoch time: 44.8 s
2026-08-27 00:40:43.865547: 
2026-08-27 00:40:43.866833: Epoch 325
2026-08-27 00:40:43.867812: Current learning rate: 0.00702
2026-08-27 00:41:28.855721: train_loss -0.7068
2026-08-27 00:41:28.857437: val_loss -0.8872
2026-08-27 00:41:28.858492: Pseudo dice [np.float32(0.9078), np.float32(0.8796), np.float32(0.9245)]
2026-08-27 00:41:28.859485: Epoch time: 44.99 s
2026-08-27 00:41:29.652611: 
2026-08-27 00:41:29.653809: Epoch 326
2026-08-27 00:41:29.654762: Current learning rate: 0.00701
2026-08-27 00:42:14.729521: train_loss -0.7107
2026-08-27 00:42:14.731095: val_loss -0.885
2026-08-27 00:42:14.732140: Pseudo dice [np.float32(0.9057), np.float32(0.8823), np.float32(0.9281)]
2026-08-27 00:42:14.732996: Epoch time: 45.08 s
2026-08-27 00:42:14.733845: Yayy! New best EMA pseudo Dice: 0.8999999761581421
2026-08-27 00:42:16.782561: 
2026-08-27 00:42:16.783710: Epoch 327
2026-08-27 00:42:16.784551: Current learning rate: 0.007
2026-08-27 00:43:02.056601: train_loss -0.7134
2026-08-27 00:43:02.058380: val_loss -0.8838
2026-08-27 00:43:02.059471: Pseudo dice [np.float32(0.9039), np.float32(0.8812), np.float32(0.9233)]
2026-08-27 00:43:02.060507: Epoch time: 45.28 s
2026-08-27 00:43:02.061312: Yayy! New best EMA pseudo Dice: 0.9003000259399414
2026-08-27 00:43:04.074056: 
2026-08-27 00:43:04.075410: Epoch 328
2026-08-27 00:43:04.076324: Current learning rate: 0.00699
2026-08-27 00:43:49.837000: train_loss -0.7139
2026-08-27 00:43:49.839907: val_loss -0.8817
2026-08-27 00:43:49.841066: Pseudo dice [np.float32(0.9082), np.float32(0.8811), np.float32(0.9295)]
2026-08-27 00:43:49.842235: Epoch time: 45.77 s
2026-08-27 00:43:49.843343: Yayy! New best EMA pseudo Dice: 0.9009000062942505
2026-08-27 00:43:51.857775: 
2026-08-27 00:43:51.859041: Epoch 329
2026-08-27 00:43:51.860240: Current learning rate: 0.00698
2026-08-27 00:44:36.651541: train_loss -0.7061
2026-08-27 00:44:36.653473: val_loss -0.881
2026-08-27 00:44:36.654457: Pseudo dice [np.float32(0.8995), np.float32(0.8747), np.float32(0.9191)]
2026-08-27 00:44:36.655385: Epoch time: 44.8 s
2026-08-27 00:44:37.451176: 
2026-08-27 00:44:37.452344: Epoch 330
2026-08-27 00:44:37.453284: Current learning rate: 0.00697
2026-08-27 00:45:22.595942: train_loss -0.7041
2026-08-27 00:45:22.597812: val_loss -0.8837
2026-08-27 00:45:22.598835: Pseudo dice [np.float32(0.9054), np.float32(0.8763), np.float32(0.9247)]
2026-08-27 00:45:22.599859: Epoch time: 45.15 s
2026-08-27 00:45:23.398826: 
2026-08-27 00:45:23.399990: Epoch 331
2026-08-27 00:45:23.400895: Current learning rate: 0.00696
2026-08-27 00:46:08.161498: train_loss -0.7167
2026-08-27 00:46:08.163431: val_loss -0.8866
2026-08-27 00:46:08.164548: Pseudo dice [np.float32(0.9066), np.float32(0.8829), np.float32(0.9255)]
2026-08-27 00:46:08.165477: Epoch time: 44.77 s
2026-08-27 00:46:08.166390: Yayy! New best EMA pseudo Dice: 0.901199996471405
2026-08-27 00:46:10.439583: 
2026-08-27 00:46:10.440891: Epoch 332
2026-08-27 00:46:10.441851: Current learning rate: 0.00696
2026-08-27 00:46:55.325880: train_loss -0.6974
2026-08-27 00:46:55.327802: val_loss -0.8869
2026-08-27 00:46:55.328858: Pseudo dice [np.float32(0.9069), np.float32(0.8767), np.float32(0.9266)]
2026-08-27 00:46:55.330101: Epoch time: 44.89 s
2026-08-27 00:46:55.331195: Yayy! New best EMA pseudo Dice: 0.9014000296592712
2026-08-27 00:46:57.368470: 
2026-08-27 00:46:57.369996: Epoch 333
2026-08-27 00:46:57.370979: Current learning rate: 0.00695
2026-08-27 00:47:42.566925: train_loss -0.6972
2026-08-27 00:47:42.568736: val_loss -0.8758
2026-08-27 00:47:42.569768: Pseudo dice [np.float32(0.9046), np.float32(0.8764), np.float32(0.9185)]
2026-08-27 00:47:42.570683: Epoch time: 45.2 s
2026-08-27 00:47:43.378721: 
2026-08-27 00:47:43.380039: Epoch 334
2026-08-27 00:47:43.381025: Current learning rate: 0.00694
2026-08-27 00:48:28.056486: train_loss -0.6888
2026-08-27 00:48:28.058050: val_loss -0.8748
2026-08-27 00:48:28.059066: Pseudo dice [np.float32(0.8996), np.float32(0.8729), np.float32(0.9177)]
2026-08-27 00:48:28.060167: Epoch time: 44.68 s
2026-08-27 00:48:28.864394: 
2026-08-27 00:48:28.865539: Epoch 335
2026-08-27 00:48:28.866489: Current learning rate: 0.00693
2026-08-27 00:49:14.104026: train_loss -0.701
2026-08-27 00:49:14.105825: val_loss -0.8725
2026-08-27 00:49:14.106868: Pseudo dice [np.float32(0.8962), np.float32(0.8728), np.float32(0.9131)]
2026-08-27 00:49:14.107853: Epoch time: 45.24 s
2026-08-27 00:49:14.927742: 
2026-08-27 00:49:14.928946: Epoch 336
2026-08-27 00:49:14.929862: Current learning rate: 0.00692
2026-08-27 00:49:59.555248: train_loss -0.7111
2026-08-27 00:49:59.556935: val_loss -0.878
2026-08-27 00:49:59.557977: Pseudo dice [np.float32(0.896), np.float32(0.8789), np.float32(0.9203)]
2026-08-27 00:49:59.559066: Epoch time: 44.63 s
2026-08-27 00:50:00.515423: 
2026-08-27 00:50:00.516590: Epoch 337
2026-08-27 00:50:00.517467: Current learning rate: 0.00691
2026-08-27 00:50:45.592118: train_loss -0.7082
2026-08-27 00:50:45.593786: val_loss -0.8791
2026-08-27 00:50:45.594715: Pseudo dice [np.float32(0.8958), np.float32(0.8761), np.float32(0.9173)]
2026-08-27 00:50:45.595647: Epoch time: 45.08 s
2026-08-27 00:50:46.444092: 
2026-08-27 00:50:46.445194: Epoch 338
2026-08-27 00:50:46.446103: Current learning rate: 0.0069
2026-08-27 00:51:31.297045: train_loss -0.7095
2026-08-27 00:51:31.299031: val_loss -0.8655
2026-08-27 00:51:31.300010: Pseudo dice [np.float32(0.8905), np.float32(0.8608), np.float32(0.9066)]
2026-08-27 00:51:31.300951: Epoch time: 44.86 s
2026-08-27 00:51:32.099578: 
2026-08-27 00:51:32.100702: Epoch 339
2026-08-27 00:51:32.101635: Current learning rate: 0.00689
2026-08-27 00:52:16.769209: train_loss -0.706
2026-08-27 00:52:16.770856: val_loss -0.8842
2026-08-27 00:52:16.771702: Pseudo dice [np.float32(0.9018), np.float32(0.8851), np.float32(0.9245)]
2026-08-27 00:52:16.772892: Epoch time: 44.67 s
2026-08-27 00:52:17.571048: 
2026-08-27 00:52:17.572233: Epoch 340
2026-08-27 00:52:17.573277: Current learning rate: 0.00688
2026-08-27 00:53:02.393901: train_loss -0.7103
2026-08-27 00:53:02.395597: val_loss -0.889
2026-08-27 00:53:02.396856: Pseudo dice [np.float32(0.9077), np.float32(0.8811), np.float32(0.9264)]
2026-08-27 00:53:02.398501: Epoch time: 44.83 s
2026-08-27 00:53:03.196188: 
2026-08-27 00:53:03.197448: Epoch 341
2026-08-27 00:53:03.198406: Current learning rate: 0.00687
2026-08-27 00:53:47.867493: train_loss -0.7194
2026-08-27 00:53:47.869403: val_loss -0.8854
2026-08-27 00:53:47.870352: Pseudo dice [np.float32(0.9036), np.float32(0.8829), np.float32(0.9231)]
2026-08-27 00:53:47.871514: Epoch time: 44.67 s
2026-08-27 00:53:48.947997: 
2026-08-27 00:53:48.949279: Epoch 342
2026-08-27 00:53:48.950185: Current learning rate: 0.00686
2026-08-27 00:54:34.175067: train_loss -0.7165
2026-08-27 00:54:34.176928: val_loss -0.8818
2026-08-27 00:54:34.177894: Pseudo dice [np.float32(0.9043), np.float32(0.8767), np.float32(0.9226)]
2026-08-27 00:54:34.179155: Epoch time: 45.23 s
2026-08-27 00:54:34.991586: 
2026-08-27 00:54:34.992673: Epoch 343
2026-08-27 00:54:34.993636: Current learning rate: 0.00685
2026-08-27 00:55:19.445427: train_loss -0.7296
2026-08-27 00:55:19.447097: val_loss -0.8873
2026-08-27 00:55:19.448189: Pseudo dice [np.float32(0.9075), np.float32(0.8686), np.float32(0.9308)]
2026-08-27 00:55:19.449156: Epoch time: 44.46 s
2026-08-27 00:55:20.249921: 
2026-08-27 00:55:20.251085: Epoch 344
2026-08-27 00:55:20.252033: Current learning rate: 0.00684
2026-08-27 00:56:05.241083: train_loss -0.7081
2026-08-27 00:56:05.242680: val_loss -0.8906
2026-08-27 00:56:05.243648: Pseudo dice [np.float32(0.915), np.float32(0.8762), np.float32(0.9317)]
2026-08-27 00:56:05.244603: Epoch time: 44.99 s
2026-08-27 00:56:06.070243: 
2026-08-27 00:56:06.071509: Epoch 345
2026-08-27 00:56:06.072418: Current learning rate: 0.00683
2026-08-27 00:56:51.320210: train_loss -0.7102
2026-08-27 00:56:51.322245: val_loss -0.8746
2026-08-27 00:56:51.323312: Pseudo dice [np.float32(0.897), np.float32(0.8709), np.float32(0.9191)]
2026-08-27 00:56:51.324227: Epoch time: 45.25 s
2026-08-27 00:56:52.138189: 
2026-08-27 00:56:52.139305: Epoch 346
2026-08-27 00:56:52.140377: Current learning rate: 0.00682
2026-08-27 00:57:37.311237: train_loss -0.7128
2026-08-27 00:57:37.312878: val_loss -0.8823
2026-08-27 00:57:37.313850: Pseudo dice [np.float32(0.9061), np.float32(0.877), np.float32(0.9213)]
2026-08-27 00:57:37.314792: Epoch time: 45.18 s
2026-08-27 00:57:38.129174: 
2026-08-27 00:57:38.130348: Epoch 347
2026-08-27 00:57:38.131406: Current learning rate: 0.00681
2026-08-27 00:58:22.887655: train_loss -0.7124
2026-08-27 00:58:22.889128: val_loss -0.8866
2026-08-27 00:58:22.890076: Pseudo dice [np.float32(0.9042), np.float32(0.8815), np.float32(0.9282)]
2026-08-27 00:58:22.891042: Epoch time: 44.76 s
2026-08-27 00:58:23.693806: 
2026-08-27 00:58:23.694856: Epoch 348
2026-08-27 00:58:23.695743: Current learning rate: 0.0068
2026-08-27 00:59:08.421904: train_loss -0.7207
2026-08-27 00:59:08.423473: val_loss -0.8794
2026-08-27 00:59:08.424563: Pseudo dice [np.float32(0.9034), np.float32(0.8767), np.float32(0.9208)]
2026-08-27 00:59:08.425551: Epoch time: 44.73 s
2026-08-27 00:59:09.235144: 
2026-08-27 00:59:09.236366: Epoch 349
2026-08-27 00:59:09.237506: Current learning rate: 0.0068
2026-08-27 00:59:53.958925: train_loss -0.7096
2026-08-27 00:59:53.960721: val_loss -0.891
2026-08-27 00:59:53.961701: Pseudo dice [np.float32(0.9096), np.float32(0.8824), np.float32(0.9256)]
2026-08-27 00:59:53.962654: Epoch time: 44.73 s
2026-08-27 00:59:56.019924: 
2026-08-27 00:59:56.020984: Epoch 350
2026-08-27 00:59:56.021884: Current learning rate: 0.00679
2026-08-27 01:00:41.192890: train_loss -0.6943
2026-08-27 01:00:41.194515: val_loss -0.8852
2026-08-27 01:00:41.195583: Pseudo dice [np.float32(0.906), np.float32(0.8826), np.float32(0.9249)]
2026-08-27 01:00:41.196516: Epoch time: 45.18 s
2026-08-27 01:00:41.197417: Yayy! New best EMA pseudo Dice: 0.9017000198364258
2026-08-27 01:00:43.199071: 
2026-08-27 01:00:43.200196: Epoch 351
2026-08-27 01:00:43.201065: Current learning rate: 0.00678
2026-08-27 01:01:31.059466: train_loss -0.7278
2026-08-27 01:01:31.061302: val_loss -0.884
2026-08-27 01:01:31.062586: Pseudo dice [np.float32(0.9004), np.float32(0.8839), np.float32(0.9246)]
2026-08-27 01:01:31.063586: Epoch time: 47.86 s
2026-08-27 01:01:31.064429: Yayy! New best EMA pseudo Dice: 0.9017999768257141
2026-08-27 01:01:33.167954: 
2026-08-27 01:01:33.169134: Epoch 352
2026-08-27 01:01:33.169986: Current learning rate: 0.00677
2026-08-27 01:02:18.269247: train_loss -0.7151
2026-08-27 01:02:18.271057: val_loss -0.8761
2026-08-27 01:02:18.272147: Pseudo dice [np.float32(0.8948), np.float32(0.8743), np.float32(0.9198)]
2026-08-27 01:02:18.273243: Epoch time: 45.1 s
2026-08-27 01:02:19.086135: 
2026-08-27 01:02:19.087221: Epoch 353
2026-08-27 01:02:19.088061: Current learning rate: 0.00676
2026-08-27 01:03:03.859988: train_loss -0.7076
2026-08-27 01:03:03.861517: val_loss -0.8904
2026-08-27 01:03:03.862561: Pseudo dice [np.float32(0.9018), np.float32(0.8853), np.float32(0.926)]
2026-08-27 01:03:03.863559: Epoch time: 44.78 s
2026-08-27 01:03:04.666196: 
2026-08-27 01:03:04.667539: Epoch 354
2026-08-27 01:03:04.668487: Current learning rate: 0.00675
2026-08-27 01:03:49.385795: train_loss -0.7178
2026-08-27 01:03:49.387726: val_loss -0.8821
2026-08-27 01:03:49.388764: Pseudo dice [np.float32(0.9004), np.float32(0.8811), np.float32(0.9231)]
2026-08-27 01:03:49.389688: Epoch time: 44.72 s
2026-08-27 01:03:50.204719: 
2026-08-27 01:03:50.206063: Epoch 355
2026-08-27 01:03:50.207022: Current learning rate: 0.00674
2026-08-27 01:04:35.240672: train_loss -0.7188
2026-08-27 01:04:35.242550: val_loss -0.8862
2026-08-27 01:04:35.243584: Pseudo dice [np.float32(0.9074), np.float32(0.8793), np.float32(0.9256)]
2026-08-27 01:04:35.244606: Epoch time: 45.04 s
2026-08-27 01:04:35.245512: Yayy! New best EMA pseudo Dice: 0.9017999768257141
2026-08-27 01:04:37.329925: 
2026-08-27 01:04:37.331319: Epoch 356
2026-08-27 01:04:37.332308: Current learning rate: 0.00673
2026-08-27 01:05:22.175548: train_loss -0.7087
2026-08-27 01:05:22.177288: val_loss -0.8779
2026-08-27 01:05:22.178304: Pseudo dice [np.float32(0.911), np.float32(0.8766), np.float32(0.9244)]
2026-08-27 01:05:22.179351: Epoch time: 44.85 s
2026-08-27 01:05:22.180223: Yayy! New best EMA pseudo Dice: 0.9020000100135803
2026-08-27 01:05:24.176822: 
2026-08-27 01:05:24.178284: Epoch 357
2026-08-27 01:05:24.179325: Current learning rate: 0.00672
2026-08-27 01:06:08.956241: train_loss -0.7023
2026-08-27 01:06:08.958011: val_loss -0.8688
2026-08-27 01:06:08.959057: Pseudo dice [np.float32(0.8938), np.float32(0.8695), np.float32(0.9122)]
2026-08-27 01:06:08.960039: Epoch time: 44.78 s
2026-08-27 01:06:09.763868: 
2026-08-27 01:06:09.765062: Epoch 358
2026-08-27 01:06:09.766046: Current learning rate: 0.00671
2026-08-27 01:06:54.367461: train_loss -0.7102
2026-08-27 01:06:54.369401: val_loss -0.8768
2026-08-27 01:06:54.370318: Pseudo dice [np.float32(0.9033), np.float32(0.8691), np.float32(0.9217)]
2026-08-27 01:06:54.371249: Epoch time: 44.61 s
2026-08-27 01:06:55.183680: 
2026-08-27 01:06:55.184832: Epoch 359
2026-08-27 01:06:55.185735: Current learning rate: 0.0067
2026-08-27 01:07:39.853885: train_loss -0.7254
2026-08-27 01:07:39.855426: val_loss -0.8898
2026-08-27 01:07:39.856427: Pseudo dice [np.float32(0.9049), np.float32(0.884), np.float32(0.9303)]
2026-08-27 01:07:39.857315: Epoch time: 44.67 s
2026-08-27 01:07:40.661935: 
2026-08-27 01:07:40.663374: Epoch 360
2026-08-27 01:07:40.664343: Current learning rate: 0.00669
2026-08-27 01:08:25.507041: train_loss -0.7217
2026-08-27 01:08:25.509539: val_loss -0.8782
2026-08-27 01:08:25.511202: Pseudo dice [np.float32(0.8914), np.float32(0.8792), np.float32(0.9178)]
2026-08-27 01:08:25.512857: Epoch time: 44.85 s
2026-08-27 01:08:26.331555: 
2026-08-27 01:08:26.334089: Epoch 361
2026-08-27 01:08:26.336075: Current learning rate: 0.00668
2026-08-27 01:09:11.354704: train_loss -0.7077
2026-08-27 01:09:11.368218: val_loss -0.8765
2026-08-27 01:09:11.369205: Pseudo dice [np.float32(0.9022), np.float32(0.8778), np.float32(0.9242)]
2026-08-27 01:09:11.370110: Epoch time: 45.03 s
2026-08-27 01:09:12.179359: 
2026-08-27 01:09:12.180660: Epoch 362
2026-08-27 01:09:12.181646: Current learning rate: 0.00667
2026-08-27 01:09:57.318352: train_loss -0.7102
2026-08-27 01:09:57.319920: val_loss -0.8815
2026-08-27 01:09:57.320901: Pseudo dice [np.float32(0.9049), np.float32(0.8726), np.float32(0.9231)]
2026-08-27 01:09:57.321984: Epoch time: 45.14 s
2026-08-27 01:09:58.128453: 
2026-08-27 01:09:58.129751: Epoch 363
2026-08-27 01:09:58.130698: Current learning rate: 0.00666
2026-08-27 01:10:43.276312: train_loss -0.7146
2026-08-27 01:10:43.277947: val_loss -0.8867
2026-08-27 01:10:43.278961: Pseudo dice [np.float32(0.9025), np.float32(0.8815), np.float32(0.9257)]
2026-08-27 01:10:43.280002: Epoch time: 45.15 s
2026-08-27 01:10:44.098786: 
2026-08-27 01:10:44.100026: Epoch 364
2026-08-27 01:10:44.100918: Current learning rate: 0.00665
2026-08-27 01:11:28.629241: train_loss -0.7108
2026-08-27 01:11:28.630997: val_loss -0.8894
2026-08-27 01:11:28.631892: Pseudo dice [np.float32(0.9053), np.float32(0.8787), np.float32(0.9283)]
2026-08-27 01:11:28.632675: Epoch time: 44.53 s
2026-08-27 01:11:29.451597: 
2026-08-27 01:11:29.452784: Epoch 365
2026-08-27 01:11:29.453752: Current learning rate: 0.00665
2026-08-27 01:12:14.090120: train_loss -0.7158
2026-08-27 01:12:14.091953: val_loss -0.8808
2026-08-27 01:12:14.093031: Pseudo dice [np.float32(0.9058), np.float32(0.8777), np.float32(0.9191)]
2026-08-27 01:12:14.094208: Epoch time: 44.64 s
2026-08-27 01:12:14.908032: 
2026-08-27 01:12:14.909123: Epoch 366
2026-08-27 01:12:14.910014: Current learning rate: 0.00664
2026-08-27 01:12:59.550028: train_loss -0.7051
2026-08-27 01:12:59.551705: val_loss -0.8887
2026-08-27 01:12:59.552678: Pseudo dice [np.float32(0.9118), np.float32(0.881), np.float32(0.9271)]
2026-08-27 01:12:59.553620: Epoch time: 44.64 s
2026-08-27 01:13:00.365338: 
2026-08-27 01:13:00.366682: Epoch 367
2026-08-27 01:13:00.367643: Current learning rate: 0.00663
2026-08-27 01:13:45.478629: train_loss -0.7038
2026-08-27 01:13:45.480442: val_loss -0.881
2026-08-27 01:13:45.481382: Pseudo dice [np.float32(0.9027), np.float32(0.8779), np.float32(0.9244)]
2026-08-27 01:13:45.482464: Epoch time: 45.12 s
2026-08-27 01:13:46.292114: 
2026-08-27 01:13:46.293244: Epoch 368
2026-08-27 01:13:46.294050: Current learning rate: 0.00662
2026-08-27 01:14:31.799158: train_loss -0.7125
2026-08-27 01:14:31.801059: val_loss -0.886
2026-08-27 01:14:31.802335: Pseudo dice [np.float32(0.9032), np.float32(0.8775), np.float32(0.9258)]
2026-08-27 01:14:31.803411: Epoch time: 45.51 s
2026-08-27 01:14:32.628485: 
2026-08-27 01:14:32.629797: Epoch 369
2026-08-27 01:14:32.630757: Current learning rate: 0.00661
2026-08-27 01:15:17.309356: train_loss -0.7181
2026-08-27 01:15:17.311424: val_loss -0.8697
2026-08-27 01:15:17.312647: Pseudo dice [np.float32(0.8926), np.float32(0.8667), np.float32(0.9162)]
2026-08-27 01:15:17.313616: Epoch time: 44.68 s
2026-08-27 01:15:18.128736: 
2026-08-27 01:15:18.129906: Epoch 370
2026-08-27 01:15:18.130860: Current learning rate: 0.0066
2026-08-27 01:16:02.961658: train_loss -0.7184
2026-08-27 01:16:02.963280: val_loss -0.8802
2026-08-27 01:16:02.964272: Pseudo dice [np.float32(0.9047), np.float32(0.8808), np.float32(0.9241)]
2026-08-27 01:16:02.965239: Epoch time: 44.84 s
2026-08-27 01:16:03.793634: 
2026-08-27 01:16:03.794994: Epoch 371
2026-08-27 01:16:03.795984: Current learning rate: 0.00659
2026-08-27 01:16:48.515741: train_loss -0.7231
2026-08-27 01:16:48.517732: val_loss -0.8815
2026-08-27 01:16:48.518593: Pseudo dice [np.float32(0.9031), np.float32(0.8801), np.float32(0.9241)]
2026-08-27 01:16:48.519743: Epoch time: 44.72 s
2026-08-27 01:16:49.342165: 
2026-08-27 01:16:49.343381: Epoch 372
2026-08-27 01:16:49.344381: Current learning rate: 0.00658
2026-08-27 01:17:34.240207: train_loss -0.6827
2026-08-27 01:17:34.241880: val_loss -0.8596
2026-08-27 01:17:34.242975: Pseudo dice [np.float32(0.8797), np.float32(0.8637), np.float32(0.9039)]
2026-08-27 01:17:34.243847: Epoch time: 44.9 s
2026-08-27 01:17:35.067945: 
2026-08-27 01:17:35.069315: Epoch 373
2026-08-27 01:17:35.070345: Current learning rate: 0.00657
2026-08-27 01:18:19.748414: train_loss -0.6805
2026-08-27 01:18:19.749969: val_loss -0.8704
2026-08-27 01:18:19.750979: Pseudo dice [np.float32(0.8903), np.float32(0.8598), np.float32(0.9135)]
2026-08-27 01:18:19.752054: Epoch time: 44.68 s
2026-08-27 01:18:20.557440: 
2026-08-27 01:18:20.558805: Epoch 374
2026-08-27 01:18:20.559744: Current learning rate: 0.00656
2026-08-27 01:19:05.389047: train_loss -0.6914
2026-08-27 01:19:05.390548: val_loss -0.8675
2026-08-27 01:19:05.391514: Pseudo dice [np.float32(0.8856), np.float32(0.8701), np.float32(0.9135)]
2026-08-27 01:19:05.392469: Epoch time: 44.83 s
2026-08-27 01:19:06.201010: 
2026-08-27 01:19:06.202243: Epoch 375
2026-08-27 01:19:06.203135: Current learning rate: 0.00655
2026-08-27 01:19:50.871529: train_loss -0.6914
2026-08-27 01:19:50.873274: val_loss -0.8688
2026-08-27 01:19:50.874257: Pseudo dice [np.float32(0.8984), np.float32(0.8722), np.float32(0.9128)]
2026-08-27 01:19:50.875202: Epoch time: 44.67 s
2026-08-27 01:19:51.689401: 
2026-08-27 01:19:51.690709: Epoch 376
2026-08-27 01:19:51.691831: Current learning rate: 0.00654
2026-08-27 01:20:37.368532: train_loss -0.6841
2026-08-27 01:20:37.370272: val_loss -0.8719
2026-08-27 01:20:37.371506: Pseudo dice [np.float32(0.8978), np.float32(0.8705), np.float32(0.9166)]
2026-08-27 01:20:37.372445: Epoch time: 45.68 s
2026-08-27 01:20:38.187528: 
2026-08-27 01:20:38.188695: Epoch 377
2026-08-27 01:20:38.189675: Current learning rate: 0.00653
2026-08-27 01:21:22.894113: train_loss -0.7017
2026-08-27 01:21:22.895699: val_loss -0.8758
2026-08-27 01:21:22.896685: Pseudo dice [np.float32(0.8878), np.float32(0.8765), np.float32(0.9163)]
2026-08-27 01:21:22.897495: Epoch time: 44.71 s
2026-08-27 01:21:23.707791: 
2026-08-27 01:21:23.709034: Epoch 378
2026-08-27 01:21:23.710239: Current learning rate: 0.00652
2026-08-27 01:22:08.459383: train_loss -0.7067
2026-08-27 01:22:08.461804: val_loss -0.8806
2026-08-27 01:22:08.463627: Pseudo dice [np.float32(0.9005), np.float32(0.8826), np.float32(0.9177)]
2026-08-27 01:22:08.465023: Epoch time: 44.75 s
2026-08-27 01:22:09.268489: 
2026-08-27 01:22:09.269738: Epoch 379
2026-08-27 01:22:09.270631: Current learning rate: 0.00651
2026-08-27 01:22:53.794234: train_loss -0.7125
2026-08-27 01:22:53.796220: val_loss -0.8809
2026-08-27 01:22:53.797166: Pseudo dice [np.float32(0.9002), np.float32(0.8812), np.float32(0.9236)]
2026-08-27 01:22:53.798271: Epoch time: 44.53 s
2026-08-27 01:22:54.609199: 
2026-08-27 01:22:54.610490: Epoch 380
2026-08-27 01:22:54.611373: Current learning rate: 0.0065
2026-08-27 01:23:39.538078: train_loss -0.7086
2026-08-27 01:23:39.539915: val_loss -0.8738
2026-08-27 01:23:39.541064: Pseudo dice [np.float32(0.9018), np.float32(0.8766), np.float32(0.917)]
2026-08-27 01:23:39.542173: Epoch time: 44.93 s
2026-08-27 01:23:40.362488: 
2026-08-27 01:23:40.364025: Epoch 381
2026-08-27 01:23:40.364987: Current learning rate: 0.00649
2026-08-27 01:24:25.273537: train_loss -0.6978
2026-08-27 01:24:25.276305: val_loss -0.8812
2026-08-27 01:24:25.277775: Pseudo dice [np.float32(0.9016), np.float32(0.8844), np.float32(0.9218)]
2026-08-27 01:24:25.279242: Epoch time: 44.91 s
2026-08-27 01:24:26.132882: 
2026-08-27 01:24:26.140451: Epoch 382
2026-08-27 01:24:26.143177: Current learning rate: 0.00648
2026-08-27 01:25:10.678649: train_loss -0.7236
2026-08-27 01:25:10.681084: val_loss -0.8783
2026-08-27 01:25:10.682232: Pseudo dice [np.float32(0.9007), np.float32(0.8733), np.float32(0.9205)]
2026-08-27 01:25:10.683213: Epoch time: 44.55 s
2026-08-27 01:25:11.525307: 
2026-08-27 01:25:11.526712: Epoch 383
2026-08-27 01:25:11.527762: Current learning rate: 0.00648
2026-08-27 01:25:56.080870: train_loss -0.7101
2026-08-27 01:25:56.082850: val_loss -0.8733
2026-08-27 01:25:56.083859: Pseudo dice [np.float32(0.8973), np.float32(0.872), np.float32(0.9135)]
2026-08-27 01:25:56.085395: Epoch time: 44.56 s
2026-08-27 01:25:56.906974: 
2026-08-27 01:25:56.908162: Epoch 384
2026-08-27 01:25:56.909200: Current learning rate: 0.00647
2026-08-27 01:26:42.130818: train_loss -0.7011
2026-08-27 01:26:42.132740: val_loss -0.8799
2026-08-27 01:26:42.134312: Pseudo dice [np.float32(0.8923), np.float32(0.8757), np.float32(0.9207)]
2026-08-27 01:26:42.135410: Epoch time: 45.23 s
2026-08-27 01:26:42.961145: 
2026-08-27 01:26:42.962497: Epoch 385
2026-08-27 01:26:42.963378: Current learning rate: 0.00646
2026-08-27 01:27:27.663507: train_loss -0.7008
2026-08-27 01:27:27.665296: val_loss -0.8613
2026-08-27 01:27:27.666291: Pseudo dice [np.float32(0.8777), np.float32(0.8635), np.float32(0.9)]
2026-08-27 01:27:27.667148: Epoch time: 44.7 s
2026-08-27 01:27:28.479463: 
2026-08-27 01:27:28.480650: Epoch 386
2026-08-27 01:27:28.481510: Current learning rate: 0.00645
2026-08-27 01:28:12.916789: train_loss -0.6987
2026-08-27 01:28:12.918512: val_loss -0.8722
2026-08-27 01:28:12.919478: Pseudo dice [np.float32(0.8981), np.float32(0.8752), np.float32(0.9224)]
2026-08-27 01:28:12.920327: Epoch time: 44.44 s
2026-08-27 01:28:13.738650: 
2026-08-27 01:28:13.739844: Epoch 387
2026-08-27 01:28:13.740897: Current learning rate: 0.00644
2026-08-27 01:28:58.592541: train_loss -0.6887
2026-08-27 01:28:58.594290: val_loss -0.8734
2026-08-27 01:28:58.595302: Pseudo dice [np.float32(0.8946), np.float32(0.8688), np.float32(0.9137)]
2026-08-27 01:28:58.596356: Epoch time: 44.86 s
2026-08-27 01:28:59.412601: 
2026-08-27 01:28:59.413957: Epoch 388
2026-08-27 01:28:59.414866: Current learning rate: 0.00643
2026-08-27 01:29:44.180283: train_loss -0.7137
2026-08-27 01:29:44.194311: val_loss -0.8783
2026-08-27 01:29:44.195406: Pseudo dice [np.float32(0.9042), np.float32(0.8809), np.float32(0.92)]
2026-08-27 01:29:44.196375: Epoch time: 44.77 s
2026-08-27 01:29:45.011261: 
2026-08-27 01:29:45.012422: Epoch 389
2026-08-27 01:29:45.013332: Current learning rate: 0.00642
2026-08-27 01:30:29.808622: train_loss -0.7182
2026-08-27 01:30:29.810176: val_loss -0.8852
2026-08-27 01:30:29.811100: Pseudo dice [np.float32(0.9021), np.float32(0.8743), np.float32(0.92)]
2026-08-27 01:30:29.812020: Epoch time: 44.8 s
2026-08-27 01:30:31.098631: 
2026-08-27 01:30:31.099888: Epoch 390
2026-08-27 01:30:31.100780: Current learning rate: 0.00641
2026-08-27 01:31:16.534267: train_loss -0.6996
2026-08-27 01:31:16.536068: val_loss -0.8647
2026-08-27 01:31:16.537013: Pseudo dice [np.float32(0.8824), np.float32(0.8739), np.float32(0.9112)]
2026-08-27 01:31:16.537912: Epoch time: 45.44 s
2026-08-27 01:31:17.371156: 
2026-08-27 01:31:17.372339: Epoch 391
2026-08-27 01:31:17.373307: Current learning rate: 0.0064
2026-08-27 01:32:02.377342: train_loss -0.7129
2026-08-27 01:32:02.379508: val_loss -0.8642
2026-08-27 01:32:02.380603: Pseudo dice [np.float32(0.8919), np.float32(0.8699), np.float32(0.9141)]
2026-08-27 01:32:02.381748: Epoch time: 45.01 s
2026-08-27 01:32:03.209722: 
2026-08-27 01:32:03.210895: Epoch 392
2026-08-27 01:32:03.211918: Current learning rate: 0.00639
2026-08-27 01:32:48.071193: train_loss -0.7115
2026-08-27 01:32:48.073102: val_loss -0.8799
2026-08-27 01:32:48.074048: Pseudo dice [np.float32(0.904), np.float32(0.8758), np.float32(0.9201)]
2026-08-27 01:32:48.075040: Epoch time: 44.86 s
2026-08-27 01:32:48.891545: 
2026-08-27 01:32:48.892669: Epoch 393
2026-08-27 01:32:48.893639: Current learning rate: 0.00638
2026-08-27 01:33:34.098493: train_loss -0.7039
2026-08-27 01:33:34.100463: val_loss -0.8794
2026-08-27 01:33:34.101648: Pseudo dice [np.float32(0.899), np.float32(0.8748), np.float32(0.921)]
2026-08-27 01:33:34.102442: Epoch time: 45.21 s
2026-08-27 01:33:34.921993: 
2026-08-27 01:33:34.923456: Epoch 394
2026-08-27 01:33:34.924397: Current learning rate: 0.00637
2026-08-27 01:34:19.693550: train_loss -0.7037
2026-08-27 01:34:19.695374: val_loss -0.8851
2026-08-27 01:34:19.696338: Pseudo dice [np.float32(0.9017), np.float32(0.8774), np.float32(0.9248)]
2026-08-27 01:34:19.697308: Epoch time: 44.77 s
2026-08-27 01:34:20.513539: 
2026-08-27 01:34:20.514989: Epoch 395
2026-08-27 01:34:20.515910: Current learning rate: 0.00636
2026-08-27 01:35:05.171118: train_loss -0.7163
2026-08-27 01:35:05.172808: val_loss -0.8809
2026-08-27 01:35:05.173694: Pseudo dice [np.float32(0.903), np.float32(0.8778), np.float32(0.9203)]
2026-08-27 01:35:05.174670: Epoch time: 44.66 s
2026-08-27 01:35:05.990403: 
2026-08-27 01:35:05.991643: Epoch 396
2026-08-27 01:35:05.992568: Current learning rate: 0.00635
2026-08-27 01:35:50.830925: train_loss -0.714
2026-08-27 01:35:50.832635: val_loss -0.8872
2026-08-27 01:35:50.833885: Pseudo dice [np.float32(0.91), np.float32(0.8803), np.float32(0.9242)]
2026-08-27 01:35:50.834764: Epoch time: 44.84 s
2026-08-27 01:35:51.658618: 
2026-08-27 01:35:51.659752: Epoch 397
2026-08-27 01:35:51.660648: Current learning rate: 0.00634
2026-08-27 01:36:36.473349: train_loss -0.7066
2026-08-27 01:36:36.475169: val_loss -0.8801
2026-08-27 01:36:36.476040: Pseudo dice [np.float32(0.8961), np.float32(0.876), np.float32(0.9191)]
2026-08-27 01:36:36.477011: Epoch time: 44.82 s
2026-08-27 01:36:37.282775: 
2026-08-27 01:36:37.283947: Epoch 398
2026-08-27 01:36:37.284775: Current learning rate: 0.00633
2026-08-27 01:37:22.348741: train_loss -0.6885
2026-08-27 01:37:22.350394: val_loss -0.8782
2026-08-27 01:37:22.351311: Pseudo dice [np.float32(0.8918), np.float32(0.8731), np.float32(0.9196)]
2026-08-27 01:37:22.352212: Epoch time: 45.07 s
2026-08-27 01:37:23.168310: 
2026-08-27 01:37:23.169521: Epoch 399
2026-08-27 01:37:23.170503: Current learning rate: 0.00632
2026-08-27 01:38:08.042627: train_loss -0.7087
2026-08-27 01:38:08.044257: val_loss -0.8764
2026-08-27 01:38:08.045079: Pseudo dice [np.float32(0.8961), np.float32(0.8739), np.float32(0.9139)]
2026-08-27 01:38:08.045943: Epoch time: 44.88 s
2026-08-27 01:38:10.377528: 
2026-08-27 01:38:10.378661: Epoch 400
2026-08-27 01:38:10.379559: Current learning rate: 0.00631
2026-08-27 01:38:55.417553: train_loss -0.7104
2026-08-27 01:38:55.419320: val_loss -0.8824
2026-08-27 01:38:55.420349: Pseudo dice [np.float32(0.9072), np.float32(0.8777), np.float32(0.9235)]
2026-08-27 01:38:55.421596: Epoch time: 45.04 s
2026-08-27 01:38:56.236400: 
2026-08-27 01:38:56.237578: Epoch 401
2026-08-27 01:38:56.238431: Current learning rate: 0.0063
2026-08-27 01:39:40.869691: train_loss -0.7183
2026-08-27 01:39:40.871440: val_loss -0.8814
2026-08-27 01:39:40.872303: Pseudo dice [np.float32(0.8963), np.float32(0.8783), np.float32(0.9201)]
2026-08-27 01:39:40.873188: Epoch time: 44.64 s
2026-08-27 01:39:41.695649: 
2026-08-27 01:39:41.697027: Epoch 402
2026-08-27 01:39:41.697894: Current learning rate: 0.0063
2026-08-27 01:40:26.610411: train_loss -0.7088
2026-08-27 01:40:26.613706: val_loss -0.8846
2026-08-27 01:40:26.615772: Pseudo dice [np.float32(0.9031), np.float32(0.8787), np.float32(0.9221)]
2026-08-27 01:40:26.616833: Epoch time: 44.92 s
2026-08-27 01:40:27.434067: 
2026-08-27 01:40:27.437324: Epoch 403
2026-08-27 01:40:27.439172: Current learning rate: 0.00629
2026-08-27 01:41:12.079074: train_loss -0.7125
2026-08-27 01:41:12.080681: val_loss -0.8832
2026-08-27 01:41:12.081946: Pseudo dice [np.float32(0.9026), np.float32(0.8812), np.float32(0.9232)]
2026-08-27 01:41:12.083013: Epoch time: 44.65 s
2026-08-27 01:41:12.911036: 
2026-08-27 01:41:12.912337: Epoch 404
2026-08-27 01:41:12.913475: Current learning rate: 0.00628
2026-08-27 01:41:57.829335: train_loss -0.7152
2026-08-27 01:41:57.830905: val_loss -0.8789
2026-08-27 01:41:57.831796: Pseudo dice [np.float32(0.8972), np.float32(0.8738), np.float32(0.9172)]
2026-08-27 01:41:57.832746: Epoch time: 44.92 s
2026-08-27 01:41:58.649235: 
2026-08-27 01:41:58.650548: Epoch 405
2026-08-27 01:41:58.651547: Current learning rate: 0.00627
2026-08-27 01:42:43.647103: train_loss -0.7246
2026-08-27 01:42:43.648635: val_loss -0.8922
2026-08-27 01:42:43.649618: Pseudo dice [np.float32(0.9086), np.float32(0.8868), np.float32(0.9296)]
2026-08-27 01:42:43.650627: Epoch time: 45.0 s
2026-08-27 01:42:44.471785: 
2026-08-27 01:42:44.472933: Epoch 406
2026-08-27 01:42:44.473884: Current learning rate: 0.00626
2026-08-27 01:43:29.113858: train_loss -0.7325
2026-08-27 01:43:29.115663: val_loss -0.8724
2026-08-27 01:43:29.116695: Pseudo dice [np.float32(0.8985), np.float32(0.8766), np.float32(0.9199)]
2026-08-27 01:43:29.118138: Epoch time: 44.64 s
2026-08-27 01:43:29.939135: 
2026-08-27 01:43:29.940240: Epoch 407
2026-08-27 01:43:29.941229: Current learning rate: 0.00625
2026-08-27 01:44:14.749873: train_loss -0.7226
2026-08-27 01:44:14.751377: val_loss -0.8914
2026-08-27 01:44:14.752362: Pseudo dice [np.float32(0.9038), np.float32(0.8824), np.float32(0.9297)]
2026-08-27 01:44:14.753313: Epoch time: 44.81 s
2026-08-27 01:44:15.569997: 
2026-08-27 01:44:15.571181: Epoch 408
2026-08-27 01:44:15.572123: Current learning rate: 0.00624
2026-08-27 01:45:00.207926: train_loss -0.7114
2026-08-27 01:45:00.209380: val_loss -0.8854
2026-08-27 01:45:00.210309: Pseudo dice [np.float32(0.9014), np.float32(0.8834), np.float32(0.9258)]
2026-08-27 01:45:00.211180: Epoch time: 44.64 s
2026-08-27 01:45:01.024487: 
2026-08-27 01:45:01.025644: Epoch 409
2026-08-27 01:45:01.026671: Current learning rate: 0.00623
2026-08-27 01:45:45.997508: train_loss -0.7176
2026-08-27 01:45:45.999212: val_loss -0.8835
2026-08-27 01:45:46.000297: Pseudo dice [np.float32(0.8989), np.float32(0.8784), np.float32(0.9213)]
2026-08-27 01:45:46.001197: Epoch time: 44.98 s
2026-08-27 01:45:47.094990: 
2026-08-27 01:45:47.096699: Epoch 410
2026-08-27 01:45:47.097794: Current learning rate: 0.00622
2026-08-27 01:46:32.361950: train_loss -0.7047
2026-08-27 01:46:32.363748: val_loss -0.885
2026-08-27 01:46:32.364683: Pseudo dice [np.float32(0.9019), np.float32(0.8774), np.float32(0.9271)]
2026-08-27 01:46:32.365809: Epoch time: 45.27 s
2026-08-27 01:46:33.169950: 
2026-08-27 01:46:33.171552: Epoch 411
2026-08-27 01:46:33.172439: Current learning rate: 0.00621
2026-08-27 01:47:18.351454: train_loss -0.7121
2026-08-27 01:47:18.353200: val_loss -0.8864
2026-08-27 01:47:18.354221: Pseudo dice [np.float32(0.9083), np.float32(0.8819), np.float32(0.9252)]
2026-08-27 01:47:18.355138: Epoch time: 45.18 s
2026-08-27 01:47:19.144175: 
2026-08-27 01:47:19.145463: Epoch 412
2026-08-27 01:47:19.146667: Current learning rate: 0.0062
2026-08-27 01:48:03.882864: train_loss -0.725
2026-08-27 01:48:03.884562: val_loss -0.8815
2026-08-27 01:48:03.885531: Pseudo dice [np.float32(0.902), np.float32(0.881), np.float32(0.9229)]
2026-08-27 01:48:03.886410: Epoch time: 44.74 s
2026-08-27 01:48:04.671933: 
2026-08-27 01:48:04.673172: Epoch 413
2026-08-27 01:48:04.674017: Current learning rate: 0.00619
2026-08-27 01:48:49.606728: train_loss -0.6962
2026-08-27 01:48:49.609567: val_loss -0.874
2026-08-27 01:48:49.610548: Pseudo dice [np.float32(0.8961), np.float32(0.8777), np.float32(0.9134)]
2026-08-27 01:48:49.611501: Epoch time: 44.94 s
2026-08-27 01:48:50.401869: 
2026-08-27 01:48:50.403173: Epoch 414
2026-08-27 01:48:50.404007: Current learning rate: 0.00618
2026-08-27 01:49:34.882976: train_loss -0.7207
2026-08-27 01:49:34.884651: val_loss -0.8894
2026-08-27 01:49:34.885558: Pseudo dice [np.float32(0.9106), np.float32(0.8813), np.float32(0.9294)]
2026-08-27 01:49:34.886494: Epoch time: 44.48 s
2026-08-27 01:49:35.678727: 
2026-08-27 01:49:35.680059: Epoch 415
2026-08-27 01:49:35.680957: Current learning rate: 0.00617
2026-08-27 01:50:20.518308: train_loss -0.7122
2026-08-27 01:50:20.531746: val_loss -0.8886
2026-08-27 01:50:20.532852: Pseudo dice [np.float32(0.9073), np.float32(0.8852), np.float32(0.9268)]
2026-08-27 01:50:20.533762: Epoch time: 44.84 s
2026-08-27 01:50:21.333094: 
2026-08-27 01:50:21.334239: Epoch 416
2026-08-27 01:50:21.335068: Current learning rate: 0.00616
2026-08-27 01:51:06.081829: train_loss -0.7128
2026-08-27 01:51:06.083558: val_loss -0.8823
2026-08-27 01:51:06.084492: Pseudo dice [np.float32(0.9114), np.float32(0.8827), np.float32(0.9298)]
2026-08-27 01:51:06.085351: Epoch time: 44.75 s
2026-08-27 01:51:06.086251: Yayy! New best EMA pseudo Dice: 0.9021999835968018
2026-08-27 01:51:08.114541: 
2026-08-27 01:51:08.115678: Epoch 417
2026-08-27 01:51:08.116538: Current learning rate: 0.00615
2026-08-27 01:51:52.917239: train_loss -0.7252
2026-08-27 01:51:52.919045: val_loss -0.8856
2026-08-27 01:51:52.920082: Pseudo dice [np.float32(0.908), np.float32(0.8821), np.float32(0.9252)]
2026-08-27 01:51:52.920955: Epoch time: 44.81 s
2026-08-27 01:51:52.921992: Yayy! New best EMA pseudo Dice: 0.9024999737739563
2026-08-27 01:51:54.929653: 
2026-08-27 01:51:54.930870: Epoch 418
2026-08-27 01:51:54.931805: Current learning rate: 0.00614
2026-08-27 01:52:39.544785: train_loss -0.7221
2026-08-27 01:52:39.546678: val_loss -0.8809
2026-08-27 01:52:39.547846: Pseudo dice [np.float32(0.9085), np.float32(0.867), np.float32(0.9239)]
2026-08-27 01:52:39.548672: Epoch time: 44.62 s
2026-08-27 01:52:40.344283: 
2026-08-27 01:52:40.345572: Epoch 419
2026-08-27 01:52:40.346527: Current learning rate: 0.00613
2026-08-27 01:53:24.884635: train_loss -0.7095
2026-08-27 01:53:24.886344: val_loss -0.8789
2026-08-27 01:53:24.887715: Pseudo dice [np.float32(0.9043), np.float32(0.8694), np.float32(0.921)]
2026-08-27 01:53:24.888787: Epoch time: 44.54 s
2026-08-27 01:53:26.102365: 
2026-08-27 01:53:26.103660: Epoch 420
2026-08-27 01:53:26.104660: Current learning rate: 0.00612
2026-08-27 01:54:11.572318: train_loss -0.7088
2026-08-27 01:54:11.574364: val_loss -0.8896
2026-08-27 01:54:11.575329: Pseudo dice [np.float32(0.9057), np.float32(0.8811), np.float32(0.928)]
2026-08-27 01:54:11.576370: Epoch time: 45.47 s
2026-08-27 01:54:12.399241: 
2026-08-27 01:54:12.400428: Epoch 421
2026-08-27 01:54:12.401301: Current learning rate: 0.00612
2026-08-27 01:54:57.542770: train_loss -0.7097
2026-08-27 01:54:57.544776: val_loss -0.8904
2026-08-27 01:54:57.545655: Pseudo dice [np.float32(0.9065), np.float32(0.8838), np.float32(0.9304)]
2026-08-27 01:54:57.546640: Epoch time: 45.15 s
2026-08-27 01:54:57.547570: Yayy! New best EMA pseudo Dice: 0.9025999903678894
2026-08-27 01:54:59.570455: 
2026-08-27 01:54:59.571857: Epoch 422
2026-08-27 01:54:59.572793: Current learning rate: 0.00611
2026-08-27 01:55:44.398304: train_loss -0.7075
2026-08-27 01:55:44.399973: val_loss -0.8721
2026-08-27 01:55:44.400837: Pseudo dice [np.float32(0.8897), np.float32(0.8742), np.float32(0.9135)]
2026-08-27 01:55:44.401772: Epoch time: 44.83 s
2026-08-27 01:55:45.423196: 
2026-08-27 01:55:45.424444: Epoch 423
2026-08-27 01:55:45.425466: Current learning rate: 0.0061
2026-08-27 01:56:31.395905: train_loss -0.7221
2026-08-27 01:56:31.397602: val_loss -0.8871
2026-08-27 01:56:31.398626: Pseudo dice [np.float32(0.9071), np.float32(0.883), np.float32(0.9271)]
2026-08-27 01:56:31.399569: Epoch time: 45.98 s
2026-08-27 01:56:32.211193: 
2026-08-27 01:56:32.212658: Epoch 424
2026-08-27 01:56:32.213698: Current learning rate: 0.00609
2026-08-27 01:57:17.278670: train_loss -0.7097
2026-08-27 01:57:17.280080: val_loss -0.8747
2026-08-27 01:57:17.281140: Pseudo dice [np.float32(0.9036), np.float32(0.8596), np.float32(0.9192)]
2026-08-27 01:57:17.282013: Epoch time: 45.07 s
2026-08-27 01:57:18.075746: 
2026-08-27 01:57:18.077277: Epoch 425
2026-08-27 01:57:18.078327: Current learning rate: 0.00608
2026-08-27 01:58:03.452980: train_loss -0.7132
2026-08-27 01:58:03.454911: val_loss -0.8851
2026-08-27 01:58:03.456128: Pseudo dice [np.float32(0.9039), np.float32(0.8778), np.float32(0.9199)]
2026-08-27 01:58:03.457001: Epoch time: 45.38 s
2026-08-27 01:58:04.250903: 
2026-08-27 01:58:04.252151: Epoch 426
2026-08-27 01:58:04.253078: Current learning rate: 0.00607
2026-08-27 01:58:48.885703: train_loss -0.7203
2026-08-27 01:58:48.887448: val_loss -0.8863
2026-08-27 01:58:48.888538: Pseudo dice [np.float32(0.9059), np.float32(0.8825), np.float32(0.9253)]
2026-08-27 01:58:48.889446: Epoch time: 44.64 s
2026-08-27 01:58:49.689250: 
2026-08-27 01:58:49.690496: Epoch 427
2026-08-27 01:58:49.691548: Current learning rate: 0.00606
2026-08-27 01:59:34.324146: train_loss -0.7225
2026-08-27 01:59:34.325795: val_loss -0.8777
2026-08-27 01:59:34.326752: Pseudo dice [np.float32(0.8945), np.float32(0.8766), np.float32(0.9197)]
2026-08-27 01:59:34.327645: Epoch time: 44.64 s
2026-08-27 01:59:35.126189: 
2026-08-27 01:59:35.127276: Epoch 428
2026-08-27 01:59:35.128178: Current learning rate: 0.00605
2026-08-27 02:00:19.728469: train_loss -0.7162
2026-08-27 02:00:19.730664: val_loss -0.8768
2026-08-27 02:00:19.731829: Pseudo dice [np.float32(0.8995), np.float32(0.8758), np.float32(0.918)]
2026-08-27 02:00:19.732741: Epoch time: 44.6 s
2026-08-27 02:00:20.538807: 
2026-08-27 02:00:20.540091: Epoch 429
2026-08-27 02:00:20.541085: Current learning rate: 0.00604
2026-08-27 02:01:05.806446: train_loss -0.7138
2026-08-27 02:01:05.808196: val_loss -0.8832
2026-08-27 02:01:05.809193: Pseudo dice [np.float32(0.9051), np.float32(0.8786), np.float32(0.9246)]
2026-08-27 02:01:05.810197: Epoch time: 45.27 s
2026-08-27 02:01:06.612511: 
2026-08-27 02:01:06.613621: Epoch 430
2026-08-27 02:01:06.614629: Current learning rate: 0.00603
2026-08-27 02:01:54.078923: train_loss -0.7135
2026-08-27 02:01:54.080780: val_loss -0.8851
2026-08-27 02:01:54.081758: Pseudo dice [np.float32(0.9056), np.float32(0.8795), np.float32(0.9275)]
2026-08-27 02:01:54.082733: Epoch time: 47.47 s
2026-08-27 02:01:55.001550: 
2026-08-27 02:01:55.002866: Epoch 431
2026-08-27 02:01:55.003799: Current learning rate: 0.00602
2026-08-27 02:02:39.607921: train_loss -0.7169
2026-08-27 02:02:39.609439: val_loss -0.8839
2026-08-27 02:02:39.610469: Pseudo dice [np.float32(0.9069), np.float32(0.8823), np.float32(0.9227)]
2026-08-27 02:02:39.611334: Epoch time: 44.61 s
2026-08-27 02:02:40.395601: 
2026-08-27 02:02:40.396957: Epoch 432
2026-08-27 02:02:40.397896: Current learning rate: 0.00601
2026-08-27 02:03:25.982480: train_loss -0.7118
2026-08-27 02:03:25.984252: val_loss -0.8795
2026-08-27 02:03:25.985247: Pseudo dice [np.float32(0.9057), np.float32(0.8818), np.float32(0.9274)]
2026-08-27 02:03:25.986210: Epoch time: 45.59 s
2026-08-27 02:03:26.771972: 
2026-08-27 02:03:26.773402: Epoch 433
2026-08-27 02:03:26.774401: Current learning rate: 0.006
2026-08-27 02:04:11.862064: train_loss -0.7056
2026-08-27 02:04:11.863715: val_loss -0.8748
2026-08-27 02:04:11.864756: Pseudo dice [np.float32(0.8994), np.float32(0.8732), np.float32(0.9223)]
2026-08-27 02:04:11.865606: Epoch time: 45.09 s
2026-08-27 02:04:12.648009: 
2026-08-27 02:04:12.649139: Epoch 434
2026-08-27 02:04:12.649992: Current learning rate: 0.00599
2026-08-27 02:04:57.451741: train_loss -0.7231
2026-08-27 02:04:57.453594: val_loss -0.8828
2026-08-27 02:04:57.454555: Pseudo dice [np.float32(0.8963), np.float32(0.8752), np.float32(0.9244)]
2026-08-27 02:04:57.455537: Epoch time: 44.81 s
2026-08-27 02:04:58.236435: 
2026-08-27 02:04:58.237562: Epoch 435
2026-08-27 02:04:58.238419: Current learning rate: 0.00598
2026-08-27 02:05:43.016505: train_loss -0.7225
2026-08-27 02:05:43.018351: val_loss -0.8825
2026-08-27 02:05:43.019589: Pseudo dice [np.float32(0.9055), np.float32(0.8797), np.float32(0.9243)]
2026-08-27 02:05:43.020513: Epoch time: 44.78 s
2026-08-27 02:05:43.800908: 
2026-08-27 02:05:43.802159: Epoch 436
2026-08-27 02:05:43.803182: Current learning rate: 0.00597
2026-08-27 02:06:28.322703: train_loss -0.7062
2026-08-27 02:06:28.324431: val_loss -0.8862
2026-08-27 02:06:28.325528: Pseudo dice [np.float32(0.9067), np.float32(0.8763), np.float32(0.924)]
2026-08-27 02:06:28.326483: Epoch time: 44.52 s
2026-08-27 02:06:29.105340: 
2026-08-27 02:06:29.106616: Epoch 437
2026-08-27 02:06:29.107605: Current learning rate: 0.00596
2026-08-27 02:07:14.001967: train_loss -0.7097
2026-08-27 02:07:14.003655: val_loss -0.8913
2026-08-27 02:07:14.004602: Pseudo dice [np.float32(0.9063), np.float32(0.8797), np.float32(0.9306)]
2026-08-27 02:07:14.005498: Epoch time: 44.9 s
2026-08-27 02:07:14.784410: 
2026-08-27 02:07:14.785659: Epoch 438
2026-08-27 02:07:14.786875: Current learning rate: 0.00595
2026-08-27 02:07:59.679539: train_loss -0.7175
2026-08-27 02:07:59.681344: val_loss -0.8807
2026-08-27 02:07:59.682251: Pseudo dice [np.float32(0.9026), np.float32(0.8834), np.float32(0.9275)]
2026-08-27 02:07:59.683437: Epoch time: 44.9 s
2026-08-27 02:08:00.460602: 
2026-08-27 02:08:00.461882: Epoch 439
2026-08-27 02:08:00.462777: Current learning rate: 0.00594
2026-08-27 02:08:45.093224: train_loss -0.7243
2026-08-27 02:08:45.094991: val_loss -0.8834
2026-08-27 02:08:45.096006: Pseudo dice [np.float32(0.9078), np.float32(0.8753), np.float32(0.9205)]
2026-08-27 02:08:45.096952: Epoch time: 44.63 s
2026-08-27 02:08:45.883939: 
2026-08-27 02:08:45.885413: Epoch 440
2026-08-27 02:08:45.886594: Current learning rate: 0.00593
2026-08-27 02:09:30.637753: train_loss -0.6997
2026-08-27 02:09:30.639367: val_loss -0.8841
2026-08-27 02:09:30.640305: Pseudo dice [np.float32(0.9014), np.float32(0.8827), np.float32(0.9264)]
2026-08-27 02:09:30.641160: Epoch time: 44.76 s
2026-08-27 02:09:31.746170: 
2026-08-27 02:09:31.747486: Epoch 441
2026-08-27 02:09:31.748398: Current learning rate: 0.00592
2026-08-27 02:10:16.523552: train_loss -0.7039
2026-08-27 02:10:16.525356: val_loss -0.8871
2026-08-27 02:10:16.526374: Pseudo dice [np.float32(0.9054), np.float32(0.8807), np.float32(0.9228)]
2026-08-27 02:10:16.527298: Epoch time: 44.78 s
2026-08-27 02:10:17.313049: 
2026-08-27 02:10:17.314344: Epoch 442
2026-08-27 02:10:17.315176: Current learning rate: 0.00592
2026-08-27 02:11:02.306756: train_loss -0.7274
2026-08-27 02:11:02.321553: val_loss -0.8826
2026-08-27 02:11:02.322479: Pseudo dice [np.float32(0.9054), np.float32(0.8792), np.float32(0.9251)]
2026-08-27 02:11:02.323422: Epoch time: 45.0 s
2026-08-27 02:11:03.118276: 
2026-08-27 02:11:03.119452: Epoch 443
2026-08-27 02:11:03.120305: Current learning rate: 0.00591
2026-08-27 02:11:47.729941: train_loss -0.7224
2026-08-27 02:11:47.731695: val_loss -0.8901
2026-08-27 02:11:47.732631: Pseudo dice [np.float32(0.9047), np.float32(0.8808), np.float32(0.9232)]
2026-08-27 02:11:47.733484: Epoch time: 44.61 s
2026-08-27 02:11:48.501855: 
2026-08-27 02:11:48.503353: Epoch 444
2026-08-27 02:11:48.504478: Current learning rate: 0.0059
2026-08-27 02:12:33.199292: train_loss -0.727
2026-08-27 02:12:33.200767: val_loss -0.8869
2026-08-27 02:12:33.201772: Pseudo dice [np.float32(0.9079), np.float32(0.8783), np.float32(0.9212)]
2026-08-27 02:12:33.202876: Epoch time: 44.7 s
2026-08-27 02:12:33.976336: 
2026-08-27 02:12:33.977578: Epoch 445
2026-08-27 02:12:33.978451: Current learning rate: 0.00589
2026-08-27 02:13:18.797924: train_loss -0.7121
2026-08-27 02:13:18.799559: val_loss -0.8923
2026-08-27 02:13:18.800566: Pseudo dice [np.float32(0.911), np.float32(0.8901), np.float32(0.9306)]
2026-08-27 02:13:18.801469: Epoch time: 44.82 s
2026-08-27 02:13:18.802493: Yayy! New best EMA pseudo Dice: 0.9032999873161316
2026-08-27 02:13:21.510602: 
2026-08-27 02:13:21.512021: Epoch 446
2026-08-27 02:13:21.513041: Current learning rate: 0.00588
2026-08-27 02:14:05.973623: train_loss -0.7217
2026-08-27 02:14:05.975235: val_loss -0.8898
2026-08-27 02:14:05.976173: Pseudo dice [np.float32(0.9067), np.float32(0.8829), np.float32(0.9251)]
2026-08-27 02:14:05.977129: Epoch time: 44.47 s
2026-08-27 02:14:05.978015: Yayy! New best EMA pseudo Dice: 0.9034000039100647
2026-08-27 02:14:07.950423: 
2026-08-27 02:14:07.951765: Epoch 447
2026-08-27 02:14:07.952709: Current learning rate: 0.00587
2026-08-27 02:14:52.428496: train_loss -0.7387
2026-08-27 02:14:52.429934: val_loss -0.888
2026-08-27 02:14:52.430799: Pseudo dice [np.float32(0.9074), np.float32(0.879), np.float32(0.9272)]
2026-08-27 02:14:52.431652: Epoch time: 44.48 s
2026-08-27 02:14:52.432819: Yayy! New best EMA pseudo Dice: 0.9035000205039978
2026-08-27 02:14:54.396229: 
2026-08-27 02:14:54.397481: Epoch 448
2026-08-27 02:14:54.398355: Current learning rate: 0.00586
2026-08-27 02:15:39.213562: train_loss -0.7186
2026-08-27 02:15:39.215264: val_loss -0.8878
2026-08-27 02:15:39.216287: Pseudo dice [np.float32(0.903), np.float32(0.8771), np.float32(0.9295)]
2026-08-27 02:15:39.217299: Epoch time: 44.82 s
2026-08-27 02:15:39.990997: 
2026-08-27 02:15:39.992180: Epoch 449
2026-08-27 02:15:39.993428: Current learning rate: 0.00585
2026-08-27 02:16:24.713178: train_loss -0.7121
2026-08-27 02:16:24.716168: val_loss -0.8903
2026-08-27 02:16:24.717745: Pseudo dice [np.float32(0.9079), np.float32(0.8859), np.float32(0.9252)]
2026-08-27 02:16:24.719041: Epoch time: 44.72 s
2026-08-27 02:16:25.992182: Yayy! New best EMA pseudo Dice: 0.9038000106811523
2026-08-27 02:16:28.167794: 
2026-08-27 02:16:28.169090: Epoch 450
2026-08-27 02:16:28.169975: Current learning rate: 0.00584
2026-08-27 02:17:13.110133: train_loss -0.7228
2026-08-27 02:17:13.111820: val_loss -0.8904
2026-08-27 02:17:13.112771: Pseudo dice [np.float32(0.9131), np.float32(0.8764), np.float32(0.922)]
2026-08-27 02:17:13.113816: Epoch time: 44.94 s
2026-08-27 02:17:13.114959: Yayy! New best EMA pseudo Dice: 0.9038000106811523
2026-08-27 02:17:15.119470: 
2026-08-27 02:17:15.121393: Epoch 451
2026-08-27 02:17:15.122726: Current learning rate: 0.00583
2026-08-27 02:17:59.869577: train_loss -0.7241
2026-08-27 02:17:59.871577: val_loss -0.8817
2026-08-27 02:17:59.872580: Pseudo dice [np.float32(0.9009), np.float32(0.8795), np.float32(0.9189)]
2026-08-27 02:17:59.873529: Epoch time: 44.76 s
2026-08-27 02:18:00.657572: 
2026-08-27 02:18:00.658963: Epoch 452
2026-08-27 02:18:00.659812: Current learning rate: 0.00582
2026-08-27 02:18:45.251889: train_loss -0.7223
2026-08-27 02:18:45.253545: val_loss -0.8855
2026-08-27 02:18:45.254490: Pseudo dice [np.float32(0.9084), np.float32(0.8769), np.float32(0.9283)]
2026-08-27 02:18:45.255426: Epoch time: 44.6 s
2026-08-27 02:18:46.035345: 
2026-08-27 02:18:46.036651: Epoch 453
2026-08-27 02:18:46.037558: Current learning rate: 0.00581
2026-08-27 02:19:30.693962: train_loss -0.7219
2026-08-27 02:19:30.695707: val_loss -0.8793
2026-08-27 02:19:30.696761: Pseudo dice [np.float32(0.9026), np.float32(0.8716), np.float32(0.9203)]
2026-08-27 02:19:30.697740: Epoch time: 44.66 s
2026-08-27 02:19:31.482529: 
2026-08-27 02:19:31.484137: Epoch 454
2026-08-27 02:19:31.484965: Current learning rate: 0.0058
2026-08-27 02:20:16.046177: train_loss -0.7192
2026-08-27 02:20:16.048259: val_loss -0.8866
2026-08-27 02:20:16.049194: Pseudo dice [np.float32(0.8992), np.float32(0.8798), np.float32(0.9274)]
2026-08-27 02:20:16.050055: Epoch time: 44.57 s
2026-08-27 02:20:16.823295: 
2026-08-27 02:20:16.824484: Epoch 455
2026-08-27 02:20:16.825462: Current learning rate: 0.00579
2026-08-27 02:21:01.517496: train_loss -0.7123
2026-08-27 02:21:01.518965: val_loss -0.8859
2026-08-27 02:21:01.519957: Pseudo dice [np.float32(0.9084), np.float32(0.8792), np.float32(0.9259)]
2026-08-27 02:21:01.520977: Epoch time: 44.7 s
2026-08-27 02:21:02.292985: 
2026-08-27 02:21:02.294212: Epoch 456
2026-08-27 02:21:02.295197: Current learning rate: 0.00578
2026-08-27 02:21:47.097315: train_loss -0.7118
2026-08-27 02:21:47.099063: val_loss -0.8845
2026-08-27 02:21:47.100194: Pseudo dice [np.float32(0.9024), np.float32(0.8803), np.float32(0.9225)]
2026-08-27 02:21:47.101142: Epoch time: 44.81 s
2026-08-27 02:21:47.877451: 
2026-08-27 02:21:47.878879: Epoch 457
2026-08-27 02:21:47.879832: Current learning rate: 0.00577
2026-08-27 02:22:32.542018: train_loss -0.7231
2026-08-27 02:22:32.543695: val_loss -0.8901
2026-08-27 02:22:32.544713: Pseudo dice [np.float32(0.899), np.float32(0.8835), np.float32(0.9287)]
2026-08-27 02:22:32.545620: Epoch time: 44.67 s
2026-08-27 02:22:33.310398: 
2026-08-27 02:22:33.311752: Epoch 458
2026-08-27 02:22:33.312655: Current learning rate: 0.00576
2026-08-27 02:23:17.856615: train_loss -0.717
2026-08-27 02:23:17.858456: val_loss -0.8827
2026-08-27 02:23:17.859368: Pseudo dice [np.float32(0.9077), np.float32(0.8801), np.float32(0.9247)]
2026-08-27 02:23:17.860406: Epoch time: 44.55 s
2026-08-27 02:23:18.833133: 
2026-08-27 02:23:18.834275: Epoch 459
2026-08-27 02:23:18.835184: Current learning rate: 0.00575
2026-08-27 02:24:03.503947: train_loss -0.7107
2026-08-27 02:24:03.505579: val_loss -0.8752
2026-08-27 02:24:03.506591: Pseudo dice [np.float32(0.891), np.float32(0.8765), np.float32(0.9158)]
2026-08-27 02:24:03.507615: Epoch time: 44.67 s
2026-08-27 02:24:04.273626: 
2026-08-27 02:24:04.274929: Epoch 460
2026-08-27 02:24:04.275889: Current learning rate: 0.00574
2026-08-27 02:24:48.936854: train_loss -0.6995
2026-08-27 02:24:48.938745: val_loss -0.8821
2026-08-27 02:24:48.939707: Pseudo dice [np.float32(0.9023), np.float32(0.8739), np.float32(0.9179)]
2026-08-27 02:24:48.940614: Epoch time: 44.67 s
2026-08-27 02:24:49.930410: 
2026-08-27 02:24:49.931631: Epoch 461
2026-08-27 02:24:49.932598: Current learning rate: 0.00573
2026-08-27 02:25:34.599500: train_loss -0.6931
2026-08-27 02:25:34.601253: val_loss -0.8717
2026-08-27 02:25:34.602193: Pseudo dice [np.float32(0.8896), np.float32(0.8744), np.float32(0.9153)]
2026-08-27 02:25:34.603136: Epoch time: 44.67 s
2026-08-27 02:25:35.410910: 
2026-08-27 02:25:35.412313: Epoch 462
2026-08-27 02:25:35.413382: Current learning rate: 0.00572
2026-08-27 02:26:20.180041: train_loss -0.6981
2026-08-27 02:26:20.181878: val_loss -0.8798
2026-08-27 02:26:20.182825: Pseudo dice [np.float32(0.8937), np.float32(0.8777), np.float32(0.9224)]
2026-08-27 02:26:20.183755: Epoch time: 44.77 s
2026-08-27 02:26:20.957119: 
2026-08-27 02:26:20.958320: Epoch 463
2026-08-27 02:26:20.959440: Current learning rate: 0.00571
2026-08-27 02:27:05.604652: train_loss -0.7193
2026-08-27 02:27:05.606410: val_loss -0.8824
2026-08-27 02:27:05.607542: Pseudo dice [np.float32(0.9044), np.float32(0.8762), np.float32(0.9187)]
2026-08-27 02:27:05.608513: Epoch time: 44.65 s
2026-08-27 02:27:06.381405: 
2026-08-27 02:27:06.383000: Epoch 464
2026-08-27 02:27:06.383979: Current learning rate: 0.0057
2026-08-27 02:27:51.106008: train_loss -0.7174
2026-08-27 02:27:51.108043: val_loss -0.8794
2026-08-27 02:27:51.109034: Pseudo dice [np.float32(0.902), np.float32(0.8787), np.float32(0.9202)]
2026-08-27 02:27:51.110063: Epoch time: 44.73 s
2026-08-27 02:27:51.885648: 
2026-08-27 02:27:51.886981: Epoch 465
2026-08-27 02:27:51.887939: Current learning rate: 0.0057
2026-08-27 02:28:36.836541: train_loss -0.7067
2026-08-27 02:28:36.838187: val_loss -0.8856
2026-08-27 02:28:36.839176: Pseudo dice [np.float32(0.9024), np.float32(0.8813), np.float32(0.9214)]
2026-08-27 02:28:36.840225: Epoch time: 44.95 s
2026-08-27 02:28:37.610612: 
2026-08-27 02:28:37.611951: Epoch 466
2026-08-27 02:28:37.612917: Current learning rate: 0.00569
2026-08-27 02:29:22.314392: train_loss -0.7099
2026-08-27 02:29:22.316121: val_loss -0.8855
2026-08-27 02:29:22.317044: Pseudo dice [np.float32(0.9023), np.float32(0.8739), np.float32(0.9262)]
2026-08-27 02:29:22.318053: Epoch time: 44.71 s
2026-08-27 02:29:23.105361: 
2026-08-27 02:29:23.106841: Epoch 467
2026-08-27 02:29:23.107871: Current learning rate: 0.00568
2026-08-27 02:30:08.204501: train_loss -0.7137
2026-08-27 02:30:08.206274: val_loss -0.8834
2026-08-27 02:30:08.207200: Pseudo dice [np.float32(0.9087), np.float32(0.8779), np.float32(0.9266)]
2026-08-27 02:30:08.208364: Epoch time: 45.1 s
2026-08-27 02:30:08.972687: 
2026-08-27 02:30:08.974119: Epoch 468
2026-08-27 02:30:08.975182: Current learning rate: 0.00567
2026-08-27 02:30:53.580932: train_loss -0.7127
2026-08-27 02:30:53.582436: val_loss -0.8754
2026-08-27 02:30:53.583325: Pseudo dice [np.float32(0.9005), np.float32(0.8764), np.float32(0.9185)]
2026-08-27 02:30:53.584526: Epoch time: 44.61 s
2026-08-27 02:30:54.346848: 
2026-08-27 02:30:54.348162: Epoch 469
2026-08-27 02:30:54.349005: Current learning rate: 0.00566
2026-08-27 02:31:39.179595: train_loss -0.7251
2026-08-27 02:31:39.193331: val_loss -0.8915
2026-08-27 02:31:39.194217: Pseudo dice [np.float32(0.9072), np.float32(0.8874), np.float32(0.9293)]
2026-08-27 02:31:39.195095: Epoch time: 44.83 s
2026-08-27 02:31:39.971096: 
2026-08-27 02:31:39.972291: Epoch 470
2026-08-27 02:31:39.973196: Current learning rate: 0.00565
2026-08-27 02:32:24.608449: train_loss -0.7233
2026-08-27 02:32:24.610923: val_loss -0.8877
2026-08-27 02:32:24.612074: Pseudo dice [np.float32(0.9057), np.float32(0.8838), np.float32(0.9241)]
2026-08-27 02:32:24.613528: Epoch time: 44.64 s
2026-08-27 02:32:25.376319: 
2026-08-27 02:32:25.378651: Epoch 471
2026-08-27 02:32:25.380063: Current learning rate: 0.00564
2026-08-27 02:33:09.875180: train_loss -0.7273
2026-08-27 02:33:09.876673: val_loss -0.8862
2026-08-27 02:33:09.877728: Pseudo dice [np.float32(0.9055), np.float32(0.8838), np.float32(0.9259)]
2026-08-27 02:33:09.878656: Epoch time: 44.5 s
2026-08-27 02:33:10.890026: 
2026-08-27 02:33:10.891370: Epoch 472
2026-08-27 02:33:10.892569: Current learning rate: 0.00563
2026-08-27 02:33:55.846743: train_loss -0.7174
2026-08-27 02:33:55.848358: val_loss -0.8955
2026-08-27 02:33:55.849389: Pseudo dice [np.float32(0.9128), np.float32(0.8852), np.float32(0.9326)]
2026-08-27 02:33:55.850315: Epoch time: 44.96 s
2026-08-27 02:33:56.638957: 
2026-08-27 02:33:56.640135: Epoch 473
2026-08-27 02:33:56.640998: Current learning rate: 0.00562
2026-08-27 02:34:41.308640: train_loss -0.7241
2026-08-27 02:34:41.310199: val_loss -0.8894
2026-08-27 02:34:41.311215: Pseudo dice [np.float32(0.9061), np.float32(0.8846), np.float32(0.9239)]
2026-08-27 02:34:41.312039: Epoch time: 44.67 s
2026-08-27 02:34:42.082077: 
2026-08-27 02:34:42.083369: Epoch 474
2026-08-27 02:34:42.084372: Current learning rate: 0.00561
2026-08-27 02:35:26.831275: train_loss -0.711
2026-08-27 02:35:26.832880: val_loss -0.8874
2026-08-27 02:35:26.833961: Pseudo dice [np.float32(0.9042), np.float32(0.8849), np.float32(0.9251)]
2026-08-27 02:35:26.834785: Epoch time: 44.75 s
2026-08-27 02:35:27.599324: 
2026-08-27 02:35:27.600491: Epoch 475
2026-08-27 02:35:27.601357: Current learning rate: 0.0056
2026-08-27 02:36:12.243437: train_loss -0.7148
2026-08-27 02:36:12.245145: val_loss -0.8892
2026-08-27 02:36:12.246458: Pseudo dice [np.float32(0.9117), np.float32(0.8845), np.float32(0.9204)]
2026-08-27 02:36:12.247717: Epoch time: 44.65 s
2026-08-27 02:36:13.021416: 
2026-08-27 02:36:13.022508: Epoch 476
2026-08-27 02:36:13.023394: Current learning rate: 0.00559
2026-08-27 02:36:58.022814: train_loss -0.7241
2026-08-27 02:36:58.024752: val_loss -0.8856
2026-08-27 02:36:58.025789: Pseudo dice [np.float32(0.8991), np.float32(0.8792), np.float32(0.9243)]
2026-08-27 02:36:58.026900: Epoch time: 45.0 s
2026-08-27 02:36:58.794904: 
2026-08-27 02:36:58.796169: Epoch 477
2026-08-27 02:36:58.797201: Current learning rate: 0.00558
2026-08-27 02:37:44.028497: train_loss -0.7238
2026-08-27 02:37:44.030318: val_loss -0.8815
2026-08-27 02:37:44.031404: Pseudo dice [np.float32(0.9029), np.float32(0.8786), np.float32(0.9175)]
2026-08-27 02:37:44.032329: Epoch time: 45.24 s
2026-08-27 02:37:44.822402: 
2026-08-27 02:37:44.823813: Epoch 478
2026-08-27 02:37:44.824867: Current learning rate: 0.00557
2026-08-27 02:38:29.641871: train_loss -0.7202
2026-08-27 02:38:29.643529: val_loss -0.885
2026-08-27 02:38:29.644359: Pseudo dice [np.float32(0.9054), np.float32(0.8823), np.float32(0.9256)]
2026-08-27 02:38:29.645181: Epoch time: 44.82 s
2026-08-27 02:38:30.420099: 
2026-08-27 02:38:30.421394: Epoch 479
2026-08-27 02:38:30.422288: Current learning rate: 0.00556
2026-08-27 02:39:15.102568: train_loss -0.7355
2026-08-27 02:39:15.104239: val_loss -0.8891
2026-08-27 02:39:15.105103: Pseudo dice [np.float32(0.9028), np.float32(0.8826), np.float32(0.9276)]
2026-08-27 02:39:15.105999: Epoch time: 44.68 s
2026-08-27 02:39:15.879006: 
2026-08-27 02:39:15.880328: Epoch 480
2026-08-27 02:39:15.881241: Current learning rate: 0.00555
2026-08-27 02:40:01.437297: train_loss -0.709
2026-08-27 02:40:01.439213: val_loss -0.8911
2026-08-27 02:40:01.440087: Pseudo dice [np.float32(0.9104), np.float32(0.8853), np.float32(0.9305)]
2026-08-27 02:40:01.441216: Epoch time: 45.56 s
2026-08-27 02:40:02.222811: 
2026-08-27 02:40:02.223927: Epoch 481
2026-08-27 02:40:02.224772: Current learning rate: 0.00554
2026-08-27 02:40:47.507015: train_loss -0.7105
2026-08-27 02:40:47.508628: val_loss -0.8902
2026-08-27 02:40:47.509525: Pseudo dice [np.float32(0.9081), np.float32(0.8797), np.float32(0.926)]
2026-08-27 02:40:47.510473: Epoch time: 45.29 s
2026-08-27 02:40:47.511309: Yayy! New best EMA pseudo Dice: 0.9038000106811523
2026-08-27 02:40:49.521359: 
2026-08-27 02:40:49.522959: Epoch 482
2026-08-27 02:40:49.524007: Current learning rate: 0.00553
2026-08-27 02:41:34.585888: train_loss -0.7198
2026-08-27 02:41:34.587589: val_loss -0.8857
2026-08-27 02:41:34.588479: Pseudo dice [np.float32(0.9072), np.float32(0.8845), np.float32(0.9274)]
2026-08-27 02:41:34.589637: Epoch time: 45.07 s
2026-08-27 02:41:34.590577: Yayy! New best EMA pseudo Dice: 0.9041000008583069
2026-08-27 02:41:36.798875: 
2026-08-27 02:41:36.800254: Epoch 483
2026-08-27 02:41:36.801354: Current learning rate: 0.00552
2026-08-27 02:42:21.648471: train_loss -0.7192
2026-08-27 02:42:21.650140: val_loss -0.8914
2026-08-27 02:42:21.651117: Pseudo dice [np.float32(0.9083), np.float32(0.8836), np.float32(0.9258)]
2026-08-27 02:42:21.651976: Epoch time: 44.85 s
2026-08-27 02:42:21.652870: Yayy! New best EMA pseudo Dice: 0.9042999744415283
2026-08-27 02:42:23.625917: 
2026-08-27 02:42:23.627137: Epoch 484
2026-08-27 02:42:23.627984: Current learning rate: 0.00551
2026-08-27 02:43:08.257652: train_loss -0.7212
2026-08-27 02:43:08.259319: val_loss -0.8859
2026-08-27 02:43:08.260298: Pseudo dice [np.float32(0.9055), np.float32(0.881), np.float32(0.924)]
2026-08-27 02:43:08.261221: Epoch time: 44.63 s
2026-08-27 02:43:09.031311: 
2026-08-27 02:43:09.032487: Epoch 485
2026-08-27 02:43:09.033379: Current learning rate: 0.0055
2026-08-27 02:43:53.585840: train_loss -0.7287
2026-08-27 02:43:53.587675: val_loss -0.8878
2026-08-27 02:43:53.588694: Pseudo dice [np.float32(0.912), np.float32(0.8879), np.float32(0.9327)]
2026-08-27 02:43:53.589537: Epoch time: 44.56 s
2026-08-27 02:43:53.590675: Yayy! New best EMA pseudo Dice: 0.9047999978065491
2026-08-27 02:43:55.582363: 
2026-08-27 02:43:55.583785: Epoch 486
2026-08-27 02:43:55.584848: Current learning rate: 0.00549
2026-08-27 02:44:40.139893: train_loss -0.7251
2026-08-27 02:44:40.141577: val_loss -0.8888
2026-08-27 02:44:40.142417: Pseudo dice [np.float32(0.907), np.float32(0.884), np.float32(0.93)]
2026-08-27 02:44:40.143383: Epoch time: 44.56 s
2026-08-27 02:44:40.144381: Yayy! New best EMA pseudo Dice: 0.9050999879837036
2026-08-27 02:44:42.184971: 
2026-08-27 02:44:42.186201: Epoch 487
2026-08-27 02:44:42.187099: Current learning rate: 0.00548
2026-08-27 02:45:26.948556: train_loss -0.7226
2026-08-27 02:45:26.950293: val_loss -0.8878
2026-08-27 02:45:26.951192: Pseudo dice [np.float32(0.9105), np.float32(0.8835), np.float32(0.93)]
2026-08-27 02:45:26.951988: Epoch time: 44.77 s
2026-08-27 02:45:26.952790: Yayy! New best EMA pseudo Dice: 0.9053999781608582
2026-08-27 02:45:28.928770: 
2026-08-27 02:45:28.929924: Epoch 488
2026-08-27 02:45:28.930990: Current learning rate: 0.00547
2026-08-27 02:46:13.742344: train_loss -0.7144
2026-08-27 02:46:13.743850: val_loss -0.8891
2026-08-27 02:46:13.744810: Pseudo dice [np.float32(0.9096), np.float32(0.8812), np.float32(0.9289)]
2026-08-27 02:46:13.745735: Epoch time: 44.82 s
2026-08-27 02:46:13.746532: Yayy! New best EMA pseudo Dice: 0.9054999947547913
2026-08-27 02:46:15.733856: 
2026-08-27 02:46:15.735286: Epoch 489
2026-08-27 02:46:15.736170: Current learning rate: 0.00546
2026-08-27 02:47:00.611983: train_loss -0.7261
2026-08-27 02:47:00.613609: val_loss -0.8921
2026-08-27 02:47:00.614493: Pseudo dice [np.float32(0.9125), np.float32(0.8873), np.float32(0.9325)]
2026-08-27 02:47:00.615338: Epoch time: 44.88 s
2026-08-27 02:47:00.616168: Yayy! New best EMA pseudo Dice: 0.906000018119812
2026-08-27 02:47:02.605433: 
2026-08-27 02:47:02.606769: Epoch 490
2026-08-27 02:47:02.607677: Current learning rate: 0.00546
2026-08-27 02:47:47.796165: train_loss -0.7119
2026-08-27 02:47:47.797586: val_loss -0.8812
2026-08-27 02:47:47.798492: Pseudo dice [np.float32(0.9062), np.float32(0.8773), np.float32(0.9212)]
2026-08-27 02:47:47.799377: Epoch time: 45.19 s
2026-08-27 02:47:48.582596: 
2026-08-27 02:47:48.584032: Epoch 491
2026-08-27 02:47:48.585098: Current learning rate: 0.00545
2026-08-27 02:48:33.086795: train_loss -0.7164
2026-08-27 02:48:34.590253: val_loss -0.8874
2026-08-27 02:48:34.591469: Pseudo dice [np.float32(0.9103), np.float32(0.8848), np.float32(0.9225)]
2026-08-27 02:48:34.592448: Epoch time: 44.51 s
2026-08-27 02:48:35.369177: 
2026-08-27 02:48:35.370497: Epoch 492
2026-08-27 02:48:35.371566: Current learning rate: 0.00544
2026-08-27 02:49:20.245096: train_loss -0.7258
2026-08-27 02:49:20.246986: val_loss -0.8935
2026-08-27 02:49:20.248556: Pseudo dice [np.float32(0.9085), np.float32(0.8863), np.float32(0.9322)]
2026-08-27 02:49:20.249635: Epoch time: 44.88 s
2026-08-27 02:49:21.042403: 
2026-08-27 02:49:21.043950: Epoch 493
2026-08-27 02:49:21.044890: Current learning rate: 0.00543
2026-08-27 02:50:05.633870: train_loss -0.7192
2026-08-27 02:50:05.635753: val_loss -0.8788
2026-08-27 02:50:05.636879: Pseudo dice [np.float32(0.909), np.float32(0.8821), np.float32(0.9272)]
2026-08-27 02:50:05.637855: Epoch time: 44.59 s
2026-08-27 02:50:06.422715: 
2026-08-27 02:50:06.423814: Epoch 494
2026-08-27 02:50:06.424634: Current learning rate: 0.00542
2026-08-27 02:50:51.495827: train_loss -0.715
2026-08-27 02:50:51.497529: val_loss -0.886
2026-08-27 02:50:51.498535: Pseudo dice [np.float32(0.9006), np.float32(0.8843), np.float32(0.924)]
2026-08-27 02:50:51.499590: Epoch time: 45.08 s
2026-08-27 02:50:52.290980: 
2026-08-27 02:50:52.292334: Epoch 495
2026-08-27 02:50:52.293190: Current learning rate: 0.00541
2026-08-27 02:51:36.968025: train_loss -0.7213
2026-08-27 02:51:36.970146: val_loss -0.8911
2026-08-27 02:51:36.971166: Pseudo dice [np.float32(0.9077), np.float32(0.8802), np.float32(0.9237)]
2026-08-27 02:51:36.972026: Epoch time: 44.68 s
2026-08-27 02:51:37.907002: 
2026-08-27 02:51:37.908275: Epoch 496
2026-08-27 02:51:37.909616: Current learning rate: 0.0054
2026-08-27 02:52:22.484939: train_loss -0.7216
2026-08-27 02:52:22.498889: val_loss -0.8934
2026-08-27 02:52:22.499952: Pseudo dice [np.float32(0.9096), np.float32(0.8839), np.float32(0.9296)]
2026-08-27 02:52:22.500780: Epoch time: 44.58 s
2026-08-27 02:52:23.276988: 
2026-08-27 02:52:23.278089: Epoch 497
2026-08-27 02:52:23.279026: Current learning rate: 0.00539
2026-08-27 02:53:07.851337: train_loss -0.7176
2026-08-27 02:53:07.853192: val_loss -0.893
2026-08-27 02:53:07.854193: Pseudo dice [np.float32(0.9069), np.float32(0.887), np.float32(0.9286)]
2026-08-27 02:53:07.855158: Epoch time: 44.58 s
2026-08-27 02:53:08.631622: 
2026-08-27 02:53:08.632752: Epoch 498
2026-08-27 02:53:08.633708: Current learning rate: 0.00538
2026-08-27 02:53:53.430674: train_loss -0.7194
2026-08-27 02:53:53.432900: val_loss -0.8835
2026-08-27 02:53:53.433869: Pseudo dice [np.float32(0.9053), np.float32(0.8834), np.float32(0.9236)]
2026-08-27 02:53:53.435044: Epoch time: 44.8 s
2026-08-27 02:53:54.209089: 
2026-08-27 02:53:54.210343: Epoch 499
2026-08-27 02:53:54.211235: Current learning rate: 0.00537
2026-08-27 02:54:38.811760: train_loss -0.7245
2026-08-27 02:54:38.813459: val_loss -0.8877
2026-08-27 02:54:38.814361: Pseudo dice [np.float32(0.9041), np.float32(0.8877), np.float32(0.9269)]
2026-08-27 02:54:38.815429: Epoch time: 44.61 s
2026-08-27 02:54:40.803219: 
2026-08-27 02:54:40.804380: Epoch 500
2026-08-27 02:54:40.902048: Current learning rate: 0.00536
2026-08-27 02:55:27.260662: train_loss -0.7195
2026-08-27 02:55:27.262416: val_loss -0.8924
2026-08-27 02:55:27.263555: Pseudo dice [np.float32(0.9066), np.float32(0.8853), np.float32(0.9279)]
2026-08-27 02:55:27.264413: Epoch time: 46.46 s
2026-08-27 02:55:28.081211: 
2026-08-27 02:55:28.082673: Epoch 501
2026-08-27 02:55:28.083751: Current learning rate: 0.00535
2026-08-27 02:56:12.540606: train_loss -0.7224
2026-08-27 02:56:12.542382: val_loss -0.8885
2026-08-27 02:56:12.543288: Pseudo dice [np.float32(0.9076), np.float32(0.8771), np.float32(0.9256)]
2026-08-27 02:56:12.544197: Epoch time: 44.46 s
2026-08-27 02:56:13.331857: 
2026-08-27 02:56:13.333258: Epoch 502
2026-08-27 02:56:13.334459: Current learning rate: 0.00534
2026-08-27 02:56:58.091928: train_loss -0.723
2026-08-27 02:56:58.093867: val_loss -0.8932
2026-08-27 02:56:58.094763: Pseudo dice [np.float32(0.9107), np.float32(0.887), np.float32(0.9317)]
2026-08-27 02:56:58.095901: Epoch time: 44.76 s
2026-08-27 02:56:58.096860: Yayy! New best EMA pseudo Dice: 0.906000018119812
2026-08-27 02:57:00.164007: 
2026-08-27 02:57:00.165262: Epoch 503
2026-08-27 02:57:00.166163: Current learning rate: 0.00533
2026-08-27 02:57:45.152249: train_loss -0.7347
2026-08-27 02:57:45.154091: val_loss -0.8929
2026-08-27 02:57:45.155027: Pseudo dice [np.float32(0.9124), np.float32(0.8874), np.float32(0.9292)]
2026-08-27 02:57:45.156128: Epoch time: 44.99 s
2026-08-27 02:57:45.156984: Yayy! New best EMA pseudo Dice: 0.9064000248908997
2026-08-27 02:57:47.622071: 
2026-08-27 02:57:47.623685: Epoch 504
2026-08-27 02:57:47.624645: Current learning rate: 0.00532
2026-08-27 02:58:32.867252: train_loss -0.7181
2026-08-27 02:58:32.868882: val_loss -0.881
2026-08-27 02:58:32.869881: Pseudo dice [np.float32(0.9061), np.float32(0.8808), np.float32(0.9206)]
2026-08-27 02:58:32.870892: Epoch time: 45.25 s
2026-08-27 02:58:33.642846: 
2026-08-27 02:58:33.643896: Epoch 505
2026-08-27 02:58:33.644705: Current learning rate: 0.00531
2026-08-27 02:59:18.401141: train_loss -0.7257
2026-08-27 02:59:18.403002: val_loss -0.8792
2026-08-27 02:59:18.403883: Pseudo dice [np.float32(0.9021), np.float32(0.8788), np.float32(0.9209)]
2026-08-27 02:59:18.404956: Epoch time: 44.76 s
2026-08-27 02:59:19.183063: 
2026-08-27 02:59:19.184507: Epoch 506
2026-08-27 02:59:19.185549: Current learning rate: 0.0053
2026-08-27 03:00:03.998527: train_loss -0.7266
2026-08-27 03:00:04.000187: val_loss -0.8805
2026-08-27 03:00:04.001118: Pseudo dice [np.float32(0.9022), np.float32(0.8786), np.float32(0.9234)]
2026-08-27 03:00:04.002050: Epoch time: 44.82 s
2026-08-27 03:00:04.773281: 
2026-08-27 03:00:04.774505: Epoch 507
2026-08-27 03:00:04.775429: Current learning rate: 0.00529
2026-08-27 03:00:50.196217: train_loss -0.717
2026-08-27 03:00:50.197954: val_loss -0.8853
2026-08-27 03:00:50.198881: Pseudo dice [np.float32(0.904), np.float32(0.8834), np.float32(0.9278)]
2026-08-27 03:00:50.199760: Epoch time: 45.43 s
2026-08-27 03:00:50.979678: 
2026-08-27 03:00:50.980966: Epoch 508
2026-08-27 03:00:50.981987: Current learning rate: 0.00528
2026-08-27 03:01:35.800916: train_loss -0.7135
2026-08-27 03:01:35.802505: val_loss -0.8908
2026-08-27 03:01:35.803480: Pseudo dice [np.float32(0.9077), np.float32(0.8846), np.float32(0.9276)]
2026-08-27 03:01:35.804554: Epoch time: 44.82 s
2026-08-27 03:01:36.927242: 
2026-08-27 03:01:36.928377: Epoch 509
2026-08-27 03:01:36.929295: Current learning rate: 0.00527
2026-08-27 03:02:21.673294: train_loss -0.7287
2026-08-27 03:02:21.675169: val_loss -0.8933
2026-08-27 03:02:21.676112: Pseudo dice [np.float32(0.9144), np.float32(0.8865), np.float32(0.9335)]
2026-08-27 03:02:21.677088: Epoch time: 44.75 s
2026-08-27 03:02:23.048241: 
2026-08-27 03:02:23.049665: Epoch 510
2026-08-27 03:02:23.050555: Current learning rate: 0.00526
2026-08-27 03:03:07.656195: train_loss -0.7269
2026-08-27 03:03:07.657744: val_loss -0.8883
2026-08-27 03:03:07.658711: Pseudo dice [np.float32(0.907), np.float32(0.8783), np.float32(0.9264)]
2026-08-27 03:03:07.659803: Epoch time: 44.61 s
2026-08-27 03:03:08.457656: 
2026-08-27 03:03:08.458973: Epoch 511
2026-08-27 03:03:08.460073: Current learning rate: 0.00525
2026-08-27 03:03:53.334302: train_loss -0.7203
2026-08-27 03:03:53.335917: val_loss -0.884
2026-08-27 03:03:53.336930: Pseudo dice [np.float32(0.9021), np.float32(0.8788), np.float32(0.9279)]
2026-08-27 03:03:53.337922: Epoch time: 44.88 s
2026-08-27 03:03:54.135609: 
2026-08-27 03:03:54.136701: Epoch 512
2026-08-27 03:03:54.137581: Current learning rate: 0.00524
2026-08-27 03:04:38.935858: train_loss -0.7223
2026-08-27 03:04:38.937756: val_loss -0.8806
2026-08-27 03:04:38.938781: Pseudo dice [np.float32(0.9017), np.float32(0.8795), np.float32(0.9231)]
2026-08-27 03:04:38.939687: Epoch time: 44.8 s
2026-08-27 03:04:39.723821: 
2026-08-27 03:04:39.724929: Epoch 513
2026-08-27 03:04:39.725803: Current learning rate: 0.00523
2026-08-27 03:05:24.839053: train_loss -0.7207
2026-08-27 03:05:24.840656: val_loss -0.8942
2026-08-27 03:05:24.841510: Pseudo dice [np.float32(0.9136), np.float32(0.8886), np.float32(0.9308)]
2026-08-27 03:05:24.842439: Epoch time: 45.12 s
2026-08-27 03:05:25.628011: 
2026-08-27 03:05:25.629256: Epoch 514
2026-08-27 03:05:25.630411: Current learning rate: 0.00522
2026-08-27 03:06:10.713949: train_loss -0.7075
2026-08-27 03:06:10.715452: val_loss -0.8896
2026-08-27 03:06:10.716399: Pseudo dice [np.float32(0.9079), np.float32(0.8817), np.float32(0.9287)]
2026-08-27 03:06:10.717390: Epoch time: 45.09 s
2026-08-27 03:06:11.504318: 
2026-08-27 03:06:11.505529: Epoch 515
2026-08-27 03:06:11.506456: Current learning rate: 0.00521
2026-08-27 03:06:56.916134: train_loss -0.7266
2026-08-27 03:06:56.917727: val_loss -0.8859
2026-08-27 03:06:56.918547: Pseudo dice [np.float32(0.9071), np.float32(0.883), np.float32(0.9285)]
2026-08-27 03:06:56.919424: Epoch time: 45.41 s
2026-08-27 03:06:57.712493: 
2026-08-27 03:06:57.713984: Epoch 516
2026-08-27 03:06:57.714917: Current learning rate: 0.0052
2026-08-27 03:07:42.838058: train_loss -0.7074
2026-08-27 03:07:42.839738: val_loss -0.8854
2026-08-27 03:07:42.840571: Pseudo dice [np.float32(0.9103), np.float32(0.8827), np.float32(0.9229)]
2026-08-27 03:07:42.841710: Epoch time: 45.13 s
2026-08-27 03:07:43.623492: 
2026-08-27 03:07:43.624791: Epoch 517
2026-08-27 03:07:43.625883: Current learning rate: 0.00519
2026-08-27 03:08:29.748844: train_loss -0.7077
2026-08-27 03:08:29.750602: val_loss -0.8893
2026-08-27 03:08:29.751529: Pseudo dice [np.float32(0.908), np.float32(0.8805), np.float32(0.9298)]
2026-08-27 03:08:29.752877: Epoch time: 46.13 s
2026-08-27 03:08:30.543647: 
2026-08-27 03:08:30.544869: Epoch 518
2026-08-27 03:08:30.545877: Current learning rate: 0.00518
2026-08-27 03:09:15.139613: train_loss -0.7246
2026-08-27 03:09:15.141368: val_loss -0.8915
2026-08-27 03:09:15.142507: Pseudo dice [np.float32(0.9125), np.float32(0.8839), np.float32(0.9296)]
2026-08-27 03:09:15.143393: Epoch time: 44.6 s
2026-08-27 03:09:15.922738: 
2026-08-27 03:09:15.924204: Epoch 519
2026-08-27 03:09:15.925167: Current learning rate: 0.00518
2026-08-27 03:10:01.039955: train_loss -0.7178
2026-08-27 03:10:01.041590: val_loss -0.8882
2026-08-27 03:10:01.042565: Pseudo dice [np.float32(0.9087), np.float32(0.8847), np.float32(0.9256)]
2026-08-27 03:10:01.043426: Epoch time: 45.12 s
2026-08-27 03:10:01.942798: 
2026-08-27 03:10:01.944004: Epoch 520
2026-08-27 03:10:01.944917: Current learning rate: 0.00517
2026-08-27 03:10:46.850555: train_loss -0.7358
2026-08-27 03:10:46.852088: val_loss -0.8996
2026-08-27 03:10:46.853119: Pseudo dice [np.float32(0.9197), np.float32(0.8904), np.float32(0.9351)]
2026-08-27 03:10:46.854013: Epoch time: 44.91 s
2026-08-27 03:10:46.854913: Yayy! New best EMA pseudo Dice: 0.9068999886512756
2026-08-27 03:10:50.571390: 
2026-08-27 03:10:50.572758: Epoch 521
2026-08-27 03:10:50.573702: Current learning rate: 0.00516
2026-08-27 03:11:35.686628: train_loss -0.7203
2026-08-27 03:11:35.688149: val_loss -0.891
2026-08-27 03:11:35.688994: Pseudo dice [np.float32(0.9043), np.float32(0.8905), np.float32(0.9302)]
2026-08-27 03:11:35.689996: Epoch time: 45.12 s
2026-08-27 03:11:35.690866: Yayy! New best EMA pseudo Dice: 0.9071000218391418
2026-08-27 03:11:37.730663: 
2026-08-27 03:11:37.732021: Epoch 522
2026-08-27 03:11:37.733059: Current learning rate: 0.00515
2026-08-27 03:12:22.501367: train_loss -0.7227
2026-08-27 03:12:22.515518: val_loss -0.8836
2026-08-27 03:12:22.516670: Pseudo dice [np.float32(0.9039), np.float32(0.8841), np.float32(0.9248)]
2026-08-27 03:12:22.517643: Epoch time: 44.77 s
2026-08-27 03:12:23.302227: 
2026-08-27 03:12:23.303569: Epoch 523
2026-08-27 03:12:23.304655: Current learning rate: 0.00514
2026-08-27 03:13:08.101585: train_loss -0.7141
2026-08-27 03:13:08.103356: val_loss -0.8875
2026-08-27 03:13:08.104499: Pseudo dice [np.float32(0.9019), np.float32(0.8828), np.float32(0.9234)]
2026-08-27 03:13:08.105422: Epoch time: 44.8 s
2026-08-27 03:13:08.891192: 
2026-08-27 03:13:08.892271: Epoch 524
2026-08-27 03:13:08.893212: Current learning rate: 0.00513
2026-08-27 03:13:53.710798: train_loss -0.7121
2026-08-27 03:13:53.712794: val_loss -0.8839
2026-08-27 03:13:53.714026: Pseudo dice [np.float32(0.8996), np.float32(0.8799), np.float32(0.9221)]
2026-08-27 03:13:53.714926: Epoch time: 44.82 s
2026-08-27 03:13:54.493553: 
2026-08-27 03:13:54.494869: Epoch 525
2026-08-27 03:13:54.496060: Current learning rate: 0.00512
2026-08-27 03:14:39.234294: train_loss -0.7237
2026-08-27 03:14:39.236232: val_loss -0.8962
2026-08-27 03:14:39.237322: Pseudo dice [np.float32(0.9127), np.float32(0.885), np.float32(0.9331)]
2026-08-27 03:14:39.238237: Epoch time: 44.74 s
2026-08-27 03:14:40.021058: 
2026-08-27 03:14:40.022363: Epoch 526
2026-08-27 03:14:40.023412: Current learning rate: 0.00511
2026-08-27 03:15:24.863897: train_loss -0.7245
2026-08-27 03:15:24.865554: val_loss -0.8903
2026-08-27 03:15:24.866526: Pseudo dice [np.float32(0.9075), np.float32(0.885), np.float32(0.9272)]
2026-08-27 03:15:24.867431: Epoch time: 44.85 s
2026-08-27 03:15:25.649260: 
2026-08-27 03:15:25.650506: Epoch 527
2026-08-27 03:15:25.651416: Current learning rate: 0.0051
2026-08-27 03:16:10.545092: train_loss -0.7212
2026-08-27 03:16:10.547265: val_loss -0.8853
2026-08-27 03:16:10.548674: Pseudo dice [np.float32(0.9063), np.float32(0.8835), np.float32(0.9264)]
2026-08-27 03:16:10.549804: Epoch time: 44.9 s
2026-08-27 03:16:11.338872: 
2026-08-27 03:16:11.340074: Epoch 528
2026-08-27 03:16:11.341180: Current learning rate: 0.00509
2026-08-27 03:16:55.998379: train_loss -0.7093
2026-08-27 03:16:55.999848: val_loss -0.8893
2026-08-27 03:16:56.000984: Pseudo dice [np.float32(0.9059), np.float32(0.8829), np.float32(0.9302)]
2026-08-27 03:16:56.001983: Epoch time: 44.66 s
2026-08-27 03:16:56.782279: 
2026-08-27 03:16:56.783603: Epoch 529
2026-08-27 03:16:56.784530: Current learning rate: 0.00508
2026-08-27 03:17:41.227448: train_loss -0.7113
2026-08-27 03:17:41.229164: val_loss -0.8836
2026-08-27 03:17:41.230110: Pseudo dice [np.float32(0.903), np.float32(0.8814), np.float32(0.9216)]
2026-08-27 03:17:41.230975: Epoch time: 44.45 s
2026-08-27 03:17:42.004905: 
2026-08-27 03:17:42.005991: Epoch 530
2026-08-27 03:17:42.006865: Current learning rate: 0.00507
2026-08-27 03:18:26.937307: train_loss -0.7165
2026-08-27 03:18:26.941134: val_loss -0.8931
2026-08-27 03:18:26.942737: Pseudo dice [np.float32(0.9104), np.float32(0.8849), np.float32(0.93)]
2026-08-27 03:18:26.944363: Epoch time: 44.93 s
2026-08-27 03:18:28.043337: 
2026-08-27 03:18:28.044912: Epoch 531
2026-08-27 03:18:28.045844: Current learning rate: 0.00506
2026-08-27 03:19:13.274688: train_loss -0.72
2026-08-27 03:19:13.276461: val_loss -0.8859
2026-08-27 03:19:13.277431: Pseudo dice [np.float32(0.9031), np.float32(0.8793), np.float32(0.9267)]
2026-08-27 03:19:13.278316: Epoch time: 45.23 s
2026-08-27 03:19:14.076697: 
2026-08-27 03:19:14.078018: Epoch 532
2026-08-27 03:19:14.078925: Current learning rate: 0.00505
2026-08-27 03:19:58.563888: train_loss -0.7246
2026-08-27 03:19:58.565701: val_loss -0.8815
2026-08-27 03:19:58.566719: Pseudo dice [np.float32(0.9029), np.float32(0.8783), np.float32(0.9252)]
2026-08-27 03:19:58.567628: Epoch time: 44.49 s
2026-08-27 03:19:59.354083: 
2026-08-27 03:19:59.355412: Epoch 533
2026-08-27 03:19:59.356301: Current learning rate: 0.00504
2026-08-27 03:20:43.893653: train_loss -0.7175
2026-08-27 03:20:43.895207: val_loss -0.887
2026-08-27 03:20:43.896248: Pseudo dice [np.float32(0.9045), np.float32(0.8825), np.float32(0.9237)]
2026-08-27 03:20:43.897342: Epoch time: 44.54 s
2026-08-27 03:20:44.675360: 
2026-08-27 03:20:44.676744: Epoch 534
2026-08-27 03:20:44.677801: Current learning rate: 0.00503
2026-08-27 03:21:29.560500: train_loss -0.7111
2026-08-27 03:21:29.562229: val_loss -0.895
2026-08-27 03:21:29.563153: Pseudo dice [np.float32(0.9114), np.float32(0.8821), np.float32(0.934)]
2026-08-27 03:21:29.564060: Epoch time: 44.89 s
2026-08-27 03:21:30.356195: 
2026-08-27 03:21:30.357782: Epoch 535
2026-08-27 03:21:30.358757: Current learning rate: 0.00502
2026-08-27 03:22:15.158942: train_loss -0.7044
2026-08-27 03:22:15.161021: val_loss -0.8825
2026-08-27 03:22:15.161937: Pseudo dice [np.float32(0.8993), np.float32(0.8796), np.float32(0.9215)]
2026-08-27 03:22:15.162803: Epoch time: 44.8 s
2026-08-27 03:22:16.005758: 
2026-08-27 03:22:16.007096: Epoch 536
2026-08-27 03:22:16.008152: Current learning rate: 0.00501
2026-08-27 03:23:00.729911: train_loss -0.7223
2026-08-27 03:23:00.731730: val_loss -0.8843
2026-08-27 03:23:00.732826: Pseudo dice [np.float32(0.9136), np.float32(0.8799), np.float32(0.9295)]
2026-08-27 03:23:00.733737: Epoch time: 44.73 s
2026-08-27 03:23:01.518288: 
2026-08-27 03:23:01.519428: Epoch 537
2026-08-27 03:23:01.520745: Current learning rate: 0.005
2026-08-27 03:23:46.328997: train_loss -0.7113
2026-08-27 03:23:46.330582: val_loss -0.8813
2026-08-27 03:23:46.331602: Pseudo dice [np.float32(0.9018), np.float32(0.8727), np.float32(0.9217)]
2026-08-27 03:23:46.332680: Epoch time: 44.81 s
2026-08-27 03:23:47.118800: 
2026-08-27 03:23:47.119985: Epoch 538
2026-08-27 03:23:47.120998: Current learning rate: 0.00499
2026-08-27 03:24:32.160561: train_loss -0.7158
2026-08-27 03:24:32.162340: val_loss -0.8877
2026-08-27 03:24:32.163339: Pseudo dice [np.float32(0.9016), np.float32(0.8827), np.float32(0.9235)]
2026-08-27 03:24:32.164526: Epoch time: 45.04 s
2026-08-27 03:24:32.951063: 
2026-08-27 03:24:32.952192: Epoch 539
2026-08-27 03:24:32.953053: Current learning rate: 0.00498
2026-08-27 03:25:18.053591: train_loss -0.7082
2026-08-27 03:25:18.815581: val_loss -0.8935
2026-08-27 03:25:18.816679: Pseudo dice [np.float32(0.9146), np.float32(0.8915), np.float32(0.9302)]
2026-08-27 03:25:18.817598: Epoch time: 45.1 s
2026-08-27 03:25:19.594345: 
2026-08-27 03:25:19.595394: Epoch 540
2026-08-27 03:25:19.596312: Current learning rate: 0.00497
2026-08-27 03:26:04.246301: train_loss -0.7255
2026-08-27 03:26:04.247958: val_loss -0.8906
2026-08-27 03:26:04.249022: Pseudo dice [np.float32(0.9119), np.float32(0.8861), np.float32(0.9298)]
2026-08-27 03:26:04.249913: Epoch time: 44.65 s
2026-08-27 03:26:05.109812: 
2026-08-27 03:26:05.110865: Epoch 541
2026-08-27 03:26:05.111787: Current learning rate: 0.00496
2026-08-27 03:26:50.088081: train_loss -0.7341
2026-08-27 03:26:50.089643: val_loss -0.8861
2026-08-27 03:26:50.090590: Pseudo dice [np.float32(0.9095), np.float32(0.8799), np.float32(0.9259)]
2026-08-27 03:26:50.091437: Epoch time: 44.98 s
2026-08-27 03:26:50.875765: 
2026-08-27 03:26:50.877015: Epoch 542
2026-08-27 03:26:50.877860: Current learning rate: 0.00495
2026-08-27 03:27:35.375846: train_loss -0.7264
2026-08-27 03:27:35.377373: val_loss -0.8835
2026-08-27 03:27:35.378322: Pseudo dice [np.float32(0.9046), np.float32(0.8808), np.float32(0.9229)]
2026-08-27 03:27:35.379380: Epoch time: 44.5 s
2026-08-27 03:27:36.180988: 
2026-08-27 03:27:36.182312: Epoch 543
2026-08-27 03:27:36.183208: Current learning rate: 0.00494
2026-08-27 03:28:21.399642: train_loss -0.7171
2026-08-27 03:28:22.751946: val_loss -0.8847
2026-08-27 03:28:22.753124: Pseudo dice [np.float32(0.9083), np.float32(0.8822), np.float32(0.9257)]
2026-08-27 03:28:22.754174: Epoch time: 45.22 s
2026-08-27 03:28:23.536836: 
2026-08-27 03:28:23.538297: Epoch 544
2026-08-27 03:28:23.539299: Current learning rate: 0.00493
2026-08-27 03:29:08.422724: train_loss -0.7263
2026-08-27 03:29:08.424174: val_loss -0.8905
2026-08-27 03:29:08.425005: Pseudo dice [np.float32(0.9105), np.float32(0.8867), np.float32(0.9333)]
2026-08-27 03:29:08.425905: Epoch time: 44.89 s
2026-08-27 03:29:09.206113: 
2026-08-27 03:29:09.207554: Epoch 545
2026-08-27 03:29:09.208499: Current learning rate: 0.00492
2026-08-27 03:29:54.188266: train_loss -0.7279
2026-08-27 03:29:54.189972: val_loss -0.8931
2026-08-27 03:29:54.190822: Pseudo dice [np.float32(0.9106), np.float32(0.8833), np.float32(0.9308)]
2026-08-27 03:29:54.191855: Epoch time: 44.98 s
2026-08-27 03:29:54.963861: 
2026-08-27 03:29:54.964971: Epoch 546
2026-08-27 03:29:54.965955: Current learning rate: 0.00491
2026-08-27 03:30:39.411761: train_loss -0.726
2026-08-27 03:30:39.413303: val_loss -0.8917
2026-08-27 03:30:39.414188: Pseudo dice [np.float32(0.9104), np.float32(0.8828), np.float32(0.9297)]
2026-08-27 03:30:39.415082: Epoch time: 44.45 s
2026-08-27 03:30:40.198436: 
2026-08-27 03:30:40.199681: Epoch 547
2026-08-27 03:30:40.200635: Current learning rate: 0.0049
2026-08-27 03:31:24.835949: train_loss -0.728
2026-08-27 03:31:24.837811: val_loss -0.8884
2026-08-27 03:31:24.838724: Pseudo dice [np.float32(0.9064), np.float32(0.8811), np.float32(0.9289)]
2026-08-27 03:31:24.839851: Epoch time: 44.64 s
2026-08-27 03:31:25.791218: 
2026-08-27 03:31:25.792708: Epoch 548
2026-08-27 03:31:25.793710: Current learning rate: 0.00489
2026-08-27 03:32:10.249378: train_loss -0.723
2026-08-27 03:32:10.250930: val_loss -0.8829
2026-08-27 03:32:10.251858: Pseudo dice [np.float32(0.9042), np.float32(0.8716), np.float32(0.9227)]
2026-08-27 03:32:10.252791: Epoch time: 44.46 s
2026-08-27 03:32:11.025811: 
2026-08-27 03:32:11.027027: Epoch 549
2026-08-27 03:32:11.027888: Current learning rate: 0.00488
2026-08-27 03:32:55.571890: train_loss -0.7196
2026-08-27 03:32:55.585793: val_loss -0.8819
2026-08-27 03:32:55.586710: Pseudo dice [np.float32(0.9061), np.float32(0.8795), np.float32(0.9208)]
2026-08-27 03:32:55.587847: Epoch time: 44.55 s
2026-08-27 03:32:57.656676: 
2026-08-27 03:32:57.658114: Epoch 550
2026-08-27 03:32:57.659168: Current learning rate: 0.00487
2026-08-27 03:33:42.565744: train_loss -0.7276
2026-08-27 03:33:42.567194: val_loss -0.884
2026-08-27 03:33:42.568077: Pseudo dice [np.float32(0.907), np.float32(0.8851), np.float32(0.9267)]
2026-08-27 03:33:42.568993: Epoch time: 44.91 s
2026-08-27 03:33:43.342442: 
2026-08-27 03:33:43.343598: Epoch 551
2026-08-27 03:33:43.344532: Current learning rate: 0.00486
2026-08-27 03:34:28.143264: train_loss -0.7308
2026-08-27 03:34:28.145142: val_loss -0.896
2026-08-27 03:34:28.146097: Pseudo dice [np.float32(0.914), np.float32(0.8873), np.float32(0.9318)]
2026-08-27 03:34:28.147064: Epoch time: 44.8 s
2026-08-27 03:34:28.946947: 
2026-08-27 03:34:28.947993: Epoch 552
2026-08-27 03:34:28.948923: Current learning rate: 0.00485
2026-08-27 03:35:13.993592: train_loss -0.7293
2026-08-27 03:35:13.995099: val_loss -0.8856
2026-08-27 03:35:13.996096: Pseudo dice [np.float32(0.907), np.float32(0.8776), np.float32(0.9279)]
2026-08-27 03:35:13.996947: Epoch time: 45.05 s
2026-08-27 03:35:14.780462: 
2026-08-27 03:35:14.781550: Epoch 553
2026-08-27 03:35:14.782539: Current learning rate: 0.00484
2026-08-27 03:35:59.477021: train_loss -0.7271
2026-08-27 03:35:59.478746: val_loss -0.8904
2026-08-27 03:35:59.479690: Pseudo dice [np.float32(0.9122), np.float32(0.8828), np.float32(0.9319)]
2026-08-27 03:35:59.480582: Epoch time: 44.7 s
2026-08-27 03:36:00.253642: 
2026-08-27 03:36:00.254723: Epoch 554
2026-08-27 03:36:00.255564: Current learning rate: 0.00484
2026-08-27 03:36:44.663114: train_loss -0.7315
2026-08-27 03:36:44.664518: val_loss -0.8863
2026-08-27 03:36:44.665484: Pseudo dice [np.float32(0.909), np.float32(0.8856), np.float32(0.9267)]
2026-08-27 03:36:44.666274: Epoch time: 44.41 s
2026-08-27 03:36:45.438461: 
2026-08-27 03:36:45.439733: Epoch 555
2026-08-27 03:36:45.440759: Current learning rate: 0.00483
2026-08-27 03:37:29.939253: train_loss -0.7267
2026-08-27 03:37:29.940810: val_loss -0.8889
2026-08-27 03:37:29.942147: Pseudo dice [np.float32(0.9075), np.float32(0.8804), np.float32(0.92)]
2026-08-27 03:37:29.943226: Epoch time: 44.5 s
2026-08-27 03:37:30.721174: 
2026-08-27 03:37:30.722263: Epoch 556
2026-08-27 03:37:30.723196: Current learning rate: 0.00482
2026-08-27 03:38:15.448892: train_loss -0.719
2026-08-27 03:38:15.450790: val_loss -0.8888
2026-08-27 03:38:15.451697: Pseudo dice [np.float32(0.9094), np.float32(0.883), np.float32(0.9271)]
2026-08-27 03:38:15.452871: Epoch time: 44.73 s
2026-08-27 03:38:16.234359: 
2026-08-27 03:38:16.235821: Epoch 557
2026-08-27 03:38:16.236816: Current learning rate: 0.00481
2026-08-27 03:39:00.901962: train_loss -0.7135
2026-08-27 03:39:00.903680: val_loss -0.8867
2026-08-27 03:39:00.904670: Pseudo dice [np.float32(0.9048), np.float32(0.8786), np.float32(0.9213)]
2026-08-27 03:39:00.905524: Epoch time: 44.67 s
2026-08-27 03:39:01.692553: 
2026-08-27 03:39:01.694170: Epoch 558
2026-08-27 03:39:01.695316: Current learning rate: 0.0048
2026-08-27 03:39:46.469819: train_loss -0.7312
2026-08-27 03:39:46.471540: val_loss -0.8816
2026-08-27 03:39:46.472440: Pseudo dice [np.float32(0.9062), np.float32(0.8776), np.float32(0.9228)]
2026-08-27 03:39:46.473464: Epoch time: 44.78 s
2026-08-27 03:39:47.247866: 
2026-08-27 03:39:47.249187: Epoch 559
2026-08-27 03:39:47.250153: Current learning rate: 0.00479
2026-08-27 03:40:32.013900: train_loss -0.7166
2026-08-27 03:40:32.016025: val_loss -0.8876
2026-08-27 03:40:32.017012: Pseudo dice [np.float32(0.9073), np.float32(0.8813), np.float32(0.928)]
2026-08-27 03:40:32.017850: Epoch time: 44.77 s
2026-08-27 03:40:32.809248: 
2026-08-27 03:40:32.810481: Epoch 560
2026-08-27 03:40:32.811385: Current learning rate: 0.00478
2026-08-27 03:41:17.470166: train_loss -0.7138
2026-08-27 03:41:17.471657: val_loss -0.888
2026-08-27 03:41:17.472543: Pseudo dice [np.float32(0.9058), np.float32(0.8789), np.float32(0.9254)]
2026-08-27 03:41:17.473589: Epoch time: 44.66 s
2026-08-27 03:41:18.252014: 
2026-08-27 03:41:18.253342: Epoch 561
2026-08-27 03:41:18.254230: Current learning rate: 0.00477
2026-08-27 03:42:02.926124: train_loss -0.7335
2026-08-27 03:42:02.927935: val_loss -0.8939
2026-08-27 03:42:02.928813: Pseudo dice [np.float32(0.9092), np.float32(0.8891), np.float32(0.9286)]
2026-08-27 03:42:02.929789: Epoch time: 44.68 s
2026-08-27 03:42:03.942275: 
2026-08-27 03:42:03.943610: Epoch 562
2026-08-27 03:42:03.944478: Current learning rate: 0.00476
2026-08-27 03:42:48.712894: train_loss -0.7222
2026-08-27 03:42:48.714337: val_loss -0.8857
2026-08-27 03:42:48.715370: Pseudo dice [np.float32(0.9019), np.float32(0.8792), np.float32(0.9177)]
2026-08-27 03:42:48.716185: Epoch time: 44.77 s
2026-08-27 03:42:49.505177: 
2026-08-27 03:42:49.506340: Epoch 563
2026-08-27 03:42:49.507284: Current learning rate: 0.00475
2026-08-27 03:43:34.155475: train_loss -0.7229
2026-08-27 03:43:34.157127: val_loss -0.8953
2026-08-27 03:43:34.158296: Pseudo dice [np.float32(0.9175), np.float32(0.8842), np.float32(0.9336)]
2026-08-27 03:43:34.159477: Epoch time: 44.65 s
2026-08-27 03:43:34.950127: 
2026-08-27 03:43:34.951582: Epoch 564
2026-08-27 03:43:34.952634: Current learning rate: 0.00474
2026-08-27 03:44:20.147177: train_loss -0.7158
2026-08-27 03:44:20.149035: val_loss -0.892
2026-08-27 03:44:20.150033: Pseudo dice [np.float32(0.9092), np.float32(0.8843), np.float32(0.9276)]
2026-08-27 03:44:20.150965: Epoch time: 45.2 s
2026-08-27 03:44:20.946811: 
2026-08-27 03:44:20.948133: Epoch 565
2026-08-27 03:44:20.949212: Current learning rate: 0.00473
2026-08-27 03:45:05.523710: train_loss -0.7209
2026-08-27 03:45:05.524937: val_loss -0.891
2026-08-27 03:45:05.526056: Pseudo dice [np.float32(0.9085), np.float32(0.8783), np.float32(0.9313)]
2026-08-27 03:45:05.526847: Epoch time: 44.58 s
2026-08-27 03:45:06.301750: 
2026-08-27 03:45:06.302999: Epoch 566
2026-08-27 03:45:06.303856: Current learning rate: 0.00472
2026-08-27 03:45:50.901196: train_loss -0.7211
2026-08-27 03:45:50.903504: val_loss -0.8922
2026-08-27 03:45:50.904748: Pseudo dice [np.float32(0.9083), np.float32(0.8854), np.float32(0.9301)]
2026-08-27 03:45:50.905630: Epoch time: 44.6 s
2026-08-27 03:45:51.701616: 
2026-08-27 03:45:51.702822: Epoch 567
2026-08-27 03:45:51.704124: Current learning rate: 0.00471
2026-08-27 03:46:36.608855: train_loss -0.7224
2026-08-27 03:46:36.610642: val_loss -0.8838
2026-08-27 03:46:36.611627: Pseudo dice [np.float32(0.9065), np.float32(0.8828), np.float32(0.9266)]
2026-08-27 03:46:36.612482: Epoch time: 44.91 s
2026-08-27 03:46:37.398232: 
2026-08-27 03:46:37.399541: Epoch 568
2026-08-27 03:46:37.400417: Current learning rate: 0.0047
2026-08-27 03:47:22.089619: train_loss -0.7145
2026-08-27 03:47:22.091272: val_loss -0.8904
2026-08-27 03:47:22.092164: Pseudo dice [np.float32(0.9057), np.float32(0.885), np.float32(0.9311)]
2026-08-27 03:47:22.093237: Epoch time: 44.69 s
2026-08-27 03:47:22.870086: 
2026-08-27 03:47:22.871124: Epoch 569
2026-08-27 03:47:22.872100: Current learning rate: 0.00469
2026-08-27 03:48:07.685567: train_loss -0.727
2026-08-27 03:48:07.687119: val_loss -0.8912
2026-08-27 03:48:07.688121: Pseudo dice [np.float32(0.9097), np.float32(0.8866), np.float32(0.9291)]
2026-08-27 03:48:07.689196: Epoch time: 44.82 s
2026-08-27 03:48:08.478076: 
2026-08-27 03:48:08.479239: Epoch 570
2026-08-27 03:48:08.480098: Current learning rate: 0.00468
2026-08-27 03:48:53.439940: train_loss -0.7297
2026-08-27 03:48:53.442058: val_loss -0.8901
2026-08-27 03:48:53.442932: Pseudo dice [np.float32(0.9137), np.float32(0.8876), np.float32(0.9318)]
2026-08-27 03:48:53.443739: Epoch time: 44.96 s
2026-08-27 03:48:54.243173: 
2026-08-27 03:48:54.244394: Epoch 571
2026-08-27 03:48:54.245602: Current learning rate: 0.00467
2026-08-27 03:49:38.949182: train_loss -0.7338
2026-08-27 03:49:38.951064: val_loss -0.8956
2026-08-27 03:49:38.952152: Pseudo dice [np.float32(0.9149), np.float32(0.8862), np.float32(0.9306)]
2026-08-27 03:49:38.952998: Epoch time: 44.71 s
2026-08-27 03:49:38.953862: Yayy! New best EMA pseudo Dice: 0.9071000218391418
2026-08-27 03:49:41.178933: 
2026-08-27 03:49:41.179985: Epoch 572
2026-08-27 03:49:41.180820: Current learning rate: 0.00466
2026-08-27 03:50:25.936062: train_loss -0.7271
2026-08-27 03:50:25.939706: val_loss -0.8964
2026-08-27 03:50:25.941441: Pseudo dice [np.float32(0.9107), np.float32(0.8891), np.float32(0.9335)]
2026-08-27 03:50:25.942712: Epoch time: 44.76 s
2026-08-27 03:50:25.944434: Yayy! New best EMA pseudo Dice: 0.9075000286102295
2026-08-27 03:50:27.963148: 
2026-08-27 03:50:27.964544: Epoch 573
2026-08-27 03:50:27.965505: Current learning rate: 0.00465
2026-08-27 03:51:12.523145: train_loss -0.7292
2026-08-27 03:51:12.524750: val_loss -0.8936
2026-08-27 03:51:12.525723: Pseudo dice [np.float32(0.9115), np.float32(0.8858), np.float32(0.929)]
2026-08-27 03:51:12.526641: Epoch time: 44.56 s
2026-08-27 03:51:12.527619: Yayy! New best EMA pseudo Dice: 0.9075999855995178
2026-08-27 03:51:14.539261: 
2026-08-27 03:51:14.540540: Epoch 574
2026-08-27 03:51:14.541587: Current learning rate: 0.00464
2026-08-27 03:51:59.266047: train_loss -0.7274
2026-08-27 03:51:59.267691: val_loss -0.8966
2026-08-27 03:51:59.268564: Pseudo dice [np.float32(0.9158), np.float32(0.8877), np.float32(0.9354)]
2026-08-27 03:51:59.269396: Epoch time: 44.73 s
2026-08-27 03:51:59.270227: Yayy! New best EMA pseudo Dice: 0.9082000255584717
2026-08-27 03:52:01.292633: 
2026-08-27 03:52:01.293909: Epoch 575
2026-08-27 03:52:01.294864: Current learning rate: 0.00463
2026-08-27 03:52:46.136724: train_loss -0.7288
2026-08-27 03:52:46.138864: val_loss -0.8874
2026-08-27 03:52:46.139934: Pseudo dice [np.float32(0.9118), np.float32(0.8799), np.float32(0.9256)]
2026-08-27 03:52:46.140945: Epoch time: 44.85 s
2026-08-27 03:52:46.943475: 
2026-08-27 03:52:46.944754: Epoch 576
2026-08-27 03:52:46.945676: Current learning rate: 0.00462
2026-08-27 03:53:31.661036: train_loss -0.7233
2026-08-27 03:53:31.674997: val_loss -0.8861
2026-08-27 03:53:31.675881: Pseudo dice [np.float32(0.9069), np.float32(0.882), np.float32(0.9275)]
2026-08-27 03:53:31.676846: Epoch time: 44.72 s
2026-08-27 03:53:32.465773: 
2026-08-27 03:53:32.466789: Epoch 577
2026-08-27 03:53:32.467584: Current learning rate: 0.00461
2026-08-27 03:54:17.197144: train_loss -0.7232
2026-08-27 03:54:17.198961: val_loss -0.8904
2026-08-27 03:54:17.199971: Pseudo dice [np.float32(0.9113), np.float32(0.8856), np.float32(0.9302)]
2026-08-27 03:54:17.200887: Epoch time: 44.73 s
2026-08-27 03:54:17.997972: 
2026-08-27 03:54:17.999253: Epoch 578
2026-08-27 03:54:18.000515: Current learning rate: 0.0046
2026-08-27 03:55:02.568602: train_loss -0.7084
2026-08-27 03:55:02.570406: val_loss -0.8892
2026-08-27 03:55:02.571350: Pseudo dice [np.float32(0.9075), np.float32(0.884), np.float32(0.9245)]
2026-08-27 03:55:02.572190: Epoch time: 44.57 s
2026-08-27 03:55:03.364903: 
2026-08-27 03:55:03.366056: Epoch 579
2026-08-27 03:55:03.366908: Current learning rate: 0.00459
2026-08-27 03:55:48.484909: train_loss -0.7227
2026-08-27 03:55:48.486745: val_loss -0.8847
2026-08-27 03:55:48.487638: Pseudo dice [np.float32(0.9005), np.float32(0.8835), np.float32(0.9293)]
2026-08-27 03:55:48.488601: Epoch time: 45.12 s
2026-08-27 03:55:49.282255: 
2026-08-27 03:55:49.283498: Epoch 580
2026-08-27 03:55:49.284682: Current learning rate: 0.00458
2026-08-27 03:56:34.186777: train_loss -0.7037
2026-08-27 03:56:34.188322: val_loss -0.8896
2026-08-27 03:56:34.189348: Pseudo dice [np.float32(0.9108), np.float32(0.8832), np.float32(0.9318)]
2026-08-27 03:56:34.190326: Epoch time: 44.91 s
2026-08-27 03:56:34.981701: 
2026-08-27 03:56:34.983004: Epoch 581
2026-08-27 03:56:34.984012: Current learning rate: 0.00457
2026-08-27 03:57:19.760860: train_loss -0.7217
2026-08-27 03:57:19.762387: val_loss -0.8935
2026-08-27 03:57:19.763316: Pseudo dice [np.float32(0.9119), np.float32(0.8869), np.float32(0.9312)]
2026-08-27 03:57:19.764310: Epoch time: 44.78 s
2026-08-27 03:57:20.580466: 
2026-08-27 03:57:20.581922: Epoch 582
2026-08-27 03:57:20.582872: Current learning rate: 0.00456
2026-08-27 03:58:05.511197: train_loss -0.718
2026-08-27 03:58:05.512849: val_loss -0.8964
2026-08-27 03:58:05.514024: Pseudo dice [np.float32(0.9099), np.float32(0.882), np.float32(0.9304)]
2026-08-27 03:58:05.515081: Epoch time: 44.93 s
2026-08-27 03:58:06.306559: 
2026-08-27 03:58:06.307873: Epoch 583
2026-08-27 03:58:06.308808: Current learning rate: 0.00455
2026-08-27 03:58:50.861393: train_loss -0.7215
2026-08-27 03:58:50.863515: val_loss -0.8808
2026-08-27 03:58:50.864537: Pseudo dice [np.float32(0.9056), np.float32(0.8785), np.float32(0.9219)]
2026-08-27 03:58:50.865357: Epoch time: 44.56 s
2026-08-27 03:58:51.656933: 
2026-08-27 03:58:51.658031: Epoch 584
2026-08-27 03:58:51.658955: Current learning rate: 0.00454
2026-08-27 03:59:36.325936: train_loss -0.7085
2026-08-27 03:59:36.327736: val_loss -0.8763
2026-08-27 03:59:36.328740: Pseudo dice [np.float32(0.8972), np.float32(0.8746), np.float32(0.9204)]
2026-08-27 03:59:36.329790: Epoch time: 44.67 s
2026-08-27 03:59:37.113687: 
2026-08-27 03:59:37.114930: Epoch 585
2026-08-27 03:59:37.116000: Current learning rate: 0.00453
2026-08-27 04:00:21.756212: train_loss -0.7042
2026-08-27 04:00:21.757775: val_loss -0.8838
2026-08-27 04:00:21.758888: Pseudo dice [np.float32(0.8987), np.float32(0.8784), np.float32(0.9238)]
2026-08-27 04:00:21.759852: Epoch time: 44.64 s
2026-08-27 04:00:22.545713: 
2026-08-27 04:00:22.547165: Epoch 586
2026-08-27 04:00:22.548036: Current learning rate: 0.00452
2026-08-27 04:01:07.440788: train_loss -0.708
2026-08-27 04:01:07.442672: val_loss -0.8866
2026-08-27 04:01:07.443744: Pseudo dice [np.float32(0.9063), np.float32(0.8819), np.float32(0.9203)]
2026-08-27 04:01:07.444767: Epoch time: 44.9 s
2026-08-27 04:01:08.282552: 
2026-08-27 04:01:08.283786: Epoch 587
2026-08-27 04:01:08.284808: Current learning rate: 0.00451
2026-08-27 04:01:53.174936: train_loss -0.7083
2026-08-27 04:01:53.176731: val_loss -0.8844
2026-08-27 04:01:53.177612: Pseudo dice [np.float32(0.8994), np.float32(0.8825), np.float32(0.9218)]
2026-08-27 04:01:53.178587: Epoch time: 44.9 s
2026-08-27 04:01:53.965386: 
2026-08-27 04:01:53.966516: Epoch 588
2026-08-27 04:01:53.967452: Current learning rate: 0.0045
2026-08-27 04:02:38.662742: train_loss -0.7216
2026-08-27 04:02:38.664296: val_loss -0.8907
2026-08-27 04:02:38.665192: Pseudo dice [np.float32(0.9146), np.float32(0.8848), np.float32(0.9295)]
2026-08-27 04:02:38.666346: Epoch time: 44.7 s
2026-08-27 04:02:39.449786: 
2026-08-27 04:02:39.450930: Epoch 589
2026-08-27 04:02:39.451856: Current learning rate: 0.00449
2026-08-27 04:03:24.056473: train_loss -0.7342
2026-08-27 04:03:24.057915: val_loss -0.8833
2026-08-27 04:03:24.058861: Pseudo dice [np.float32(0.9002), np.float32(0.8847), np.float32(0.924)]
2026-08-27 04:03:24.059774: Epoch time: 44.61 s
2026-08-27 04:03:24.848352: 
2026-08-27 04:03:24.849373: Epoch 590
2026-08-27 04:03:24.850196: Current learning rate: 0.00448
2026-08-27 04:04:09.346054: train_loss -0.727
2026-08-27 04:04:09.347833: val_loss -0.8863
2026-08-27 04:04:09.348955: Pseudo dice [np.float32(0.9068), np.float32(0.8853), np.float32(0.9211)]
2026-08-27 04:04:09.349834: Epoch time: 44.5 s
2026-08-27 04:04:10.141707: 
2026-08-27 04:04:10.142950: Epoch 591
2026-08-27 04:04:10.143868: Current learning rate: 0.00447
2026-08-27 04:04:54.663221: train_loss -0.7186
2026-08-27 04:04:54.664948: val_loss -0.89
2026-08-27 04:04:54.666135: Pseudo dice [np.float32(0.908), np.float32(0.8852), np.float32(0.9299)]
2026-08-27 04:04:54.667177: Epoch time: 44.52 s
2026-08-27 04:04:55.684495: 
2026-08-27 04:04:55.685740: Epoch 592
2026-08-27 04:04:55.686643: Current learning rate: 0.00446
2026-08-27 04:05:40.264066: train_loss -0.7318
2026-08-27 04:05:40.266047: val_loss -0.8959
2026-08-27 04:05:40.267514: Pseudo dice [np.float32(0.9128), np.float32(0.8913), np.float32(0.931)]
2026-08-27 04:05:40.268799: Epoch time: 44.58 s
2026-08-27 04:05:41.073277: 
2026-08-27 04:05:41.074372: Epoch 593
2026-08-27 04:05:41.075351: Current learning rate: 0.00445
2026-08-27 04:06:26.011883: train_loss -0.7208
2026-08-27 04:06:26.015236: val_loss -0.8907
2026-08-27 04:06:26.016998: Pseudo dice [np.float32(0.9138), np.float32(0.8799), np.float32(0.9301)]
2026-08-27 04:06:26.018744: Epoch time: 44.94 s
2026-08-27 04:06:26.946506: 
2026-08-27 04:06:26.948828: Epoch 594
2026-08-27 04:06:26.950519: Current learning rate: 0.00444
2026-08-27 04:07:11.419501: train_loss -0.7261
2026-08-27 04:07:11.421330: val_loss -0.893
2026-08-27 04:07:11.422867: Pseudo dice [np.float32(0.9103), np.float32(0.8879), np.float32(0.9321)]
2026-08-27 04:07:11.424518: Epoch time: 44.48 s
2026-08-27 04:07:12.218403: 
2026-08-27 04:07:12.219812: Epoch 595
2026-08-27 04:07:12.220924: Current learning rate: 0.00443
2026-08-27 04:07:56.990030: train_loss -0.7332
2026-08-27 04:07:56.992064: val_loss -0.8895
2026-08-27 04:07:56.993045: Pseudo dice [np.float32(0.9132), np.float32(0.8855), np.float32(0.9292)]
2026-08-27 04:07:56.993947: Epoch time: 44.77 s
2026-08-27 04:07:58.034080: 
2026-08-27 04:07:58.035547: Epoch 596
2026-08-27 04:07:58.036520: Current learning rate: 0.00442
2026-08-27 04:08:42.697901: train_loss -0.7191
2026-08-27 04:08:42.699544: val_loss -0.8894
2026-08-27 04:08:42.700535: Pseudo dice [np.float32(0.9081), np.float32(0.8881), np.float32(0.929)]
2026-08-27 04:08:42.701412: Epoch time: 44.67 s
2026-08-27 04:08:43.504791: 
2026-08-27 04:08:43.505882: Epoch 597
2026-08-27 04:08:43.506744: Current learning rate: 0.00441
2026-08-27 04:09:28.136571: train_loss -0.7267
2026-08-27 04:09:28.138075: val_loss -0.8901
2026-08-27 04:09:28.139007: Pseudo dice [np.float32(0.9105), np.float32(0.883), np.float32(0.9298)]
2026-08-27 04:09:28.140081: Epoch time: 44.63 s
2026-08-27 04:09:28.926087: 
2026-08-27 04:09:28.927466: Epoch 598
2026-08-27 04:09:28.928522: Current learning rate: 0.0044
2026-08-27 04:10:13.736972: train_loss -0.7324
2026-08-27 04:10:13.738803: val_loss -0.8931
2026-08-27 04:10:13.740042: Pseudo dice [np.float32(0.9074), np.float32(0.8889), np.float32(0.9315)]
2026-08-27 04:10:13.740947: Epoch time: 44.81 s
2026-08-27 04:10:14.531036: 
2026-08-27 04:10:14.532442: Epoch 599
2026-08-27 04:10:14.533488: Current learning rate: 0.00439
2026-08-27 04:10:59.091552: train_loss -0.7416
2026-08-27 04:10:59.093220: val_loss -0.8932
2026-08-27 04:10:59.094148: Pseudo dice [np.float32(0.9122), np.float32(0.884), np.float32(0.93)]
2026-08-27 04:10:59.095048: Epoch time: 44.56 s
2026-08-27 04:11:01.260791: 
2026-08-27 04:11:01.262100: Epoch 600
2026-08-27 04:11:01.263182: Current learning rate: 0.00438
2026-08-27 04:11:46.196726: train_loss -0.73
2026-08-27 04:11:46.198478: val_loss -0.8875
2026-08-27 04:11:46.199434: Pseudo dice [np.float32(0.9127), np.float32(0.8874), np.float32(0.9237)]
2026-08-27 04:11:46.200595: Epoch time: 44.94 s
2026-08-27 04:11:46.985257: 
2026-08-27 04:11:46.986713: Epoch 601
2026-08-27 04:11:46.987561: Current learning rate: 0.00437
2026-08-27 04:12:31.808042: train_loss -0.7398
2026-08-27 04:12:31.809761: val_loss -0.8997
2026-08-27 04:12:31.810760: Pseudo dice [np.float32(0.9171), np.float32(0.8894), np.float32(0.9361)]
2026-08-27 04:12:31.811749: Epoch time: 44.83 s
2026-08-27 04:12:32.933675: 
2026-08-27 04:12:32.934949: Epoch 602
2026-08-27 04:12:32.935860: Current learning rate: 0.00436
2026-08-27 04:13:17.774214: train_loss -0.7147
2026-08-27 04:13:17.776102: val_loss -0.8901
2026-08-27 04:13:17.777086: Pseudo dice [np.float32(0.9102), np.float32(0.8863), np.float32(0.9294)]
2026-08-27 04:13:17.778099: Epoch time: 44.84 s
2026-08-27 04:13:17.779088: Yayy! New best EMA pseudo Dice: 0.9082000255584717
2026-08-27 04:13:19.980848: 
2026-08-27 04:13:19.982135: Epoch 603
2026-08-27 04:13:19.983298: Current learning rate: 0.00435
2026-08-27 04:14:05.200457: train_loss -0.7195
2026-08-27 04:14:05.213374: val_loss -0.8883
2026-08-27 04:14:05.214259: Pseudo dice [np.float32(0.9112), np.float32(0.8851), np.float32(0.9293)]
2026-08-27 04:14:05.215157: Epoch time: 45.22 s
2026-08-27 04:14:05.216053: Yayy! New best EMA pseudo Dice: 0.9082000255584717
2026-08-27 04:14:07.225595: 
2026-08-27 04:14:07.227129: Epoch 604
2026-08-27 04:14:07.228033: Current learning rate: 0.00434
2026-08-27 04:14:51.819614: train_loss -0.7293
2026-08-27 04:14:51.821461: val_loss -0.8933
2026-08-27 04:14:51.822508: Pseudo dice [np.float32(0.9094), np.float32(0.886), np.float32(0.933)]
2026-08-27 04:14:51.823705: Epoch time: 44.6 s
2026-08-27 04:14:51.824644: Yayy! New best EMA pseudo Dice: 0.90829998254776
2026-08-27 04:14:53.862737: 
2026-08-27 04:14:53.863794: Epoch 605
2026-08-27 04:14:53.864716: Current learning rate: 0.00433
2026-08-27 04:15:39.322460: train_loss -0.7136
2026-08-27 04:15:39.324447: val_loss -0.8948
2026-08-27 04:15:39.325531: Pseudo dice [np.float32(0.9134), np.float32(0.8865), np.float32(0.9322)]
2026-08-27 04:15:39.326417: Epoch time: 45.46 s
2026-08-27 04:15:39.327365: Yayy! New best EMA pseudo Dice: 0.9085999727249146
2026-08-27 04:15:41.351448: 
2026-08-27 04:15:41.352642: Epoch 606
2026-08-27 04:15:41.353669: Current learning rate: 0.00432
2026-08-27 04:16:26.741628: train_loss -0.7203
2026-08-27 04:16:26.744468: val_loss -0.8926
2026-08-27 04:16:26.745579: Pseudo dice [np.float32(0.9096), np.float32(0.883), np.float32(0.9274)]
2026-08-27 04:16:26.747622: Epoch time: 45.39 s
2026-08-27 04:16:27.539578: 
2026-08-27 04:16:27.543006: Epoch 607
2026-08-27 04:16:27.544898: Current learning rate: 0.00431
2026-08-27 04:17:12.233692: train_loss -0.7208
2026-08-27 04:17:12.235497: val_loss -0.8874
2026-08-27 04:17:12.236500: Pseudo dice [np.float32(0.9072), np.float32(0.8856), np.float32(0.9302)]
2026-08-27 04:17:12.237525: Epoch time: 44.7 s
2026-08-27 04:17:13.040253: 
2026-08-27 04:17:13.041312: Epoch 608
2026-08-27 04:17:13.042165: Current learning rate: 0.0043
2026-08-27 04:17:57.602065: train_loss -0.7351
2026-08-27 04:17:57.603727: val_loss -0.8949
2026-08-27 04:17:57.604638: Pseudo dice [np.float32(0.915), np.float32(0.8893), np.float32(0.9331)]
2026-08-27 04:17:57.605589: Epoch time: 44.56 s
2026-08-27 04:17:57.606437: Yayy! New best EMA pseudo Dice: 0.9086999893188477
2026-08-27 04:17:59.623066: 
2026-08-27 04:17:59.624267: Epoch 609
2026-08-27 04:17:59.625168: Current learning rate: 0.00429
2026-08-27 04:18:44.264193: train_loss -0.7267
2026-08-27 04:18:44.265932: val_loss -0.8892
2026-08-27 04:18:44.266875: Pseudo dice [np.float32(0.9057), np.float32(0.8803), np.float32(0.9273)]
2026-08-27 04:18:44.267943: Epoch time: 44.64 s
2026-08-27 04:18:46.807506: 
2026-08-27 04:18:46.808880: Epoch 610
2026-08-27 04:18:46.809876: Current learning rate: 0.00429
2026-08-27 04:19:31.604485: train_loss -0.7129
2026-08-27 04:19:31.606119: val_loss -0.8852
2026-08-27 04:19:31.607152: Pseudo dice [np.float32(0.9046), np.float32(0.8838), np.float32(0.9293)]
2026-08-27 04:19:31.608052: Epoch time: 44.8 s
2026-08-27 04:19:32.423239: 
2026-08-27 04:19:32.424631: Epoch 611
2026-08-27 04:19:32.425846: Current learning rate: 0.00428
2026-08-27 04:20:16.922505: train_loss -0.7146
2026-08-27 04:20:16.924117: val_loss -0.8886
2026-08-27 04:20:16.925024: Pseudo dice [np.float32(0.9055), np.float32(0.8832), np.float32(0.9268)]
2026-08-27 04:20:16.925963: Epoch time: 44.5 s
2026-08-27 04:20:17.748030: 
2026-08-27 04:20:17.749379: Epoch 612
2026-08-27 04:20:17.750551: Current learning rate: 0.00427
2026-08-27 04:21:02.843964: train_loss -0.7165
2026-08-27 04:21:02.845999: val_loss -0.887
2026-08-27 04:21:02.847060: Pseudo dice [np.float32(0.9038), np.float32(0.879), np.float32(0.9262)]
2026-08-27 04:21:02.848006: Epoch time: 45.1 s
2026-08-27 04:21:03.671701: 
2026-08-27 04:21:03.673316: Epoch 613
2026-08-27 04:21:03.674281: Current learning rate: 0.00426
2026-08-27 04:21:48.183236: train_loss -0.7144
2026-08-27 04:21:48.184909: val_loss -0.8863
2026-08-27 04:21:48.186065: Pseudo dice [np.float32(0.9126), np.float32(0.8844), np.float32(0.9308)]
2026-08-27 04:21:48.187187: Epoch time: 44.51 s
2026-08-27 04:21:48.983558: 
2026-08-27 04:21:48.985208: Epoch 614
2026-08-27 04:21:48.986176: Current learning rate: 0.00425
2026-08-27 04:22:33.729595: train_loss -0.711
2026-08-27 04:22:33.731406: val_loss -0.884
2026-08-27 04:22:33.732311: Pseudo dice [np.float32(0.904), np.float32(0.8829), np.float32(0.9221)]
2026-08-27 04:22:33.733140: Epoch time: 44.75 s
2026-08-27 04:22:34.560553: 
2026-08-27 04:22:34.561995: Epoch 615
2026-08-27 04:22:34.563038: Current learning rate: 0.00424
2026-08-27 04:23:19.208260: train_loss -0.7205
2026-08-27 04:23:19.210084: val_loss -0.8903
2026-08-27 04:23:19.210998: Pseudo dice [np.float32(0.9134), np.float32(0.8851), np.float32(0.9276)]
2026-08-27 04:23:19.211991: Epoch time: 44.65 s
2026-08-27 04:23:20.031026: 
2026-08-27 04:23:20.032292: Epoch 616
2026-08-27 04:23:20.033326: Current learning rate: 0.00423
2026-08-27 04:24:04.578678: train_loss -0.7237
2026-08-27 04:24:04.580616: val_loss -0.889
2026-08-27 04:24:04.581606: Pseudo dice [np.float32(0.9083), np.float32(0.883), np.float32(0.9272)]
2026-08-27 04:24:04.582533: Epoch time: 44.55 s
2026-08-27 04:24:05.401031: 
2026-08-27 04:24:05.402369: Epoch 617
2026-08-27 04:24:05.403560: Current learning rate: 0.00422
2026-08-27 04:24:50.050050: train_loss -0.7289
2026-08-27 04:24:50.051864: val_loss -0.8884
2026-08-27 04:24:50.052925: Pseudo dice [np.float32(0.9077), np.float32(0.8836), np.float32(0.9267)]
2026-08-27 04:24:50.053811: Epoch time: 44.65 s
2026-08-27 04:24:50.867421: 
2026-08-27 04:24:50.868818: Epoch 618
2026-08-27 04:24:50.869724: Current learning rate: 0.00421
2026-08-27 04:25:35.428927: train_loss -0.7291
2026-08-27 04:25:35.430642: val_loss -0.8873
2026-08-27 04:25:35.431791: Pseudo dice [np.float32(0.91), np.float32(0.8831), np.float32(0.9283)]
2026-08-27 04:25:35.432957: Epoch time: 44.56 s
2026-08-27 04:25:36.283749: 
2026-08-27 04:25:36.285094: Epoch 619
2026-08-27 04:25:36.286196: Current learning rate: 0.0042
2026-08-27 04:26:21.100952: train_loss -0.7249
2026-08-27 04:26:21.102742: val_loss -0.8915
2026-08-27 04:26:21.103688: Pseudo dice [np.float32(0.9057), np.float32(0.8847), np.float32(0.9265)]
2026-08-27 04:26:21.104749: Epoch time: 44.82 s
2026-08-27 04:26:21.904889: 
2026-08-27 04:26:21.906158: Epoch 620
2026-08-27 04:26:21.907059: Current learning rate: 0.00419
2026-08-27 04:27:07.105951: train_loss -0.7245
2026-08-27 04:27:07.107630: val_loss -0.893
2026-08-27 04:27:07.108588: Pseudo dice [np.float32(0.9134), np.float32(0.8803), np.float32(0.9332)]
2026-08-27 04:27:07.109471: Epoch time: 45.2 s
2026-08-27 04:27:07.907717: 
2026-08-27 04:27:07.908763: Epoch 621
2026-08-27 04:27:07.909652: Current learning rate: 0.00418
2026-08-27 04:27:52.877443: train_loss -0.7217
2026-08-27 04:27:52.879141: val_loss -0.8903
2026-08-27 04:27:52.880159: Pseudo dice [np.float32(0.903), np.float32(0.885), np.float32(0.9266)]
2026-08-27 04:27:52.880943: Epoch time: 44.97 s
2026-08-27 04:27:53.690387: 
2026-08-27 04:27:53.691715: Epoch 622
2026-08-27 04:27:53.692563: Current learning rate: 0.00417
2026-08-27 04:28:38.226151: train_loss -0.7345
2026-08-27 04:28:38.227855: val_loss -0.894
2026-08-27 04:28:38.228967: Pseudo dice [np.float32(0.9124), np.float32(0.883), np.float32(0.9304)]
2026-08-27 04:28:38.229877: Epoch time: 44.54 s
2026-08-27 04:28:39.019642: 
2026-08-27 04:28:39.020992: Epoch 623
2026-08-27 04:28:39.022089: Current learning rate: 0.00416
2026-08-27 04:29:23.661216: train_loss -0.7234
2026-08-27 04:29:23.662885: val_loss -0.8876
2026-08-27 04:29:23.663708: Pseudo dice [np.float32(0.906), np.float32(0.8829), np.float32(0.9244)]
2026-08-27 04:29:23.664887: Epoch time: 44.64 s
2026-08-27 04:29:24.488644: 
2026-08-27 04:29:24.490012: Epoch 624
2026-08-27 04:29:24.490867: Current learning rate: 0.00415
2026-08-27 04:30:08.947224: train_loss -0.7321
2026-08-27 04:30:08.949022: val_loss -0.888
2026-08-27 04:30:08.949927: Pseudo dice [np.float32(0.9083), np.float32(0.8843), np.float32(0.9283)]
2026-08-27 04:30:08.950739: Epoch time: 44.46 s
2026-08-27 04:30:09.760211: 
2026-08-27 04:30:09.761434: Epoch 625
2026-08-27 04:30:09.762538: Current learning rate: 0.00414
2026-08-27 04:30:54.400936: train_loss -0.731
2026-08-27 04:30:54.402769: val_loss -0.8964
2026-08-27 04:30:54.403702: Pseudo dice [np.float32(0.9124), np.float32(0.8905), np.float32(0.9347)]
2026-08-27 04:30:54.404670: Epoch time: 44.64 s
2026-08-27 04:30:55.205873: 
2026-08-27 04:30:55.207250: Epoch 626
2026-08-27 04:30:55.208179: Current learning rate: 0.00413
2026-08-27 04:31:39.747571: train_loss -0.7356
2026-08-27 04:31:39.749585: val_loss -0.891
2026-08-27 04:31:39.750665: Pseudo dice [np.float32(0.916), np.float32(0.8826), np.float32(0.9307)]
2026-08-27 04:31:39.751584: Epoch time: 44.54 s
2026-08-27 04:31:40.553385: 
2026-08-27 04:31:40.555090: Epoch 627
2026-08-27 04:31:40.556149: Current learning rate: 0.00412
2026-08-27 04:32:25.200891: train_loss -0.7285
2026-08-27 04:32:25.203763: val_loss -0.8946
2026-08-27 04:32:25.205066: Pseudo dice [np.float32(0.9125), np.float32(0.8869), np.float32(0.9302)]
2026-08-27 04:32:25.206382: Epoch time: 44.65 s
2026-08-27 04:32:26.001516: 
2026-08-27 04:32:26.004074: Epoch 628
2026-08-27 04:32:26.005410: Current learning rate: 0.00411
2026-08-27 04:33:10.437231: train_loss -0.7314
2026-08-27 04:33:10.438737: val_loss -0.898
2026-08-27 04:33:10.439767: Pseudo dice [np.float32(0.914), np.float32(0.889), np.float32(0.9329)]
2026-08-27 04:33:10.441097: Epoch time: 44.44 s
2026-08-27 04:33:11.275240: 
2026-08-27 04:33:11.276555: Epoch 629
2026-08-27 04:33:11.277595: Current learning rate: 0.0041
2026-08-27 04:33:56.095212: train_loss -0.7425
2026-08-27 04:33:56.096925: val_loss -0.8928
2026-08-27 04:33:56.098175: Pseudo dice [np.float32(0.9114), np.float32(0.889), np.float32(0.9316)]
2026-08-27 04:33:56.099163: Epoch time: 44.82 s
2026-08-27 04:33:56.897154: 
2026-08-27 04:33:56.898211: Epoch 630
2026-08-27 04:33:56.899306: Current learning rate: 0.00409
2026-08-27 04:34:41.465461: train_loss -0.7346
2026-08-27 04:34:41.479959: val_loss -0.8867
2026-08-27 04:34:41.480860: Pseudo dice [np.float32(0.9082), np.float32(0.8832), np.float32(0.929)]
2026-08-27 04:34:41.481682: Epoch time: 44.57 s
2026-08-27 04:34:42.572995: 
2026-08-27 04:34:42.574263: Epoch 631
2026-08-27 04:34:42.575139: Current learning rate: 0.00408
2026-08-27 04:35:27.633237: train_loss -0.7265
2026-08-27 04:35:27.634732: val_loss -0.8916
2026-08-27 04:35:27.635562: Pseudo dice [np.float32(0.9152), np.float32(0.8899), np.float32(0.9333)]
2026-08-27 04:35:27.636490: Epoch time: 45.06 s
2026-08-27 04:35:27.637405: Yayy! New best EMA pseudo Dice: 0.9088000059127808
2026-08-27 04:35:29.732472: 
2026-08-27 04:35:29.733844: Epoch 632
2026-08-27 04:35:29.734904: Current learning rate: 0.00407
2026-08-27 04:36:14.276501: train_loss -0.7253
2026-08-27 04:36:14.278432: val_loss -0.8957
2026-08-27 04:36:14.279420: Pseudo dice [np.float32(0.914), np.float32(0.888), np.float32(0.9328)]
2026-08-27 04:36:14.280327: Epoch time: 44.55 s
2026-08-27 04:36:14.281260: Yayy! New best EMA pseudo Dice: 0.9090999960899353
2026-08-27 04:36:16.340972: 
2026-08-27 04:36:16.342141: Epoch 633
2026-08-27 04:36:16.343032: Current learning rate: 0.00406
2026-08-27 04:37:00.982825: train_loss -0.734
2026-08-27 04:37:00.984510: val_loss -0.8932
2026-08-27 04:37:00.985528: Pseudo dice [np.float32(0.9119), np.float32(0.8858), np.float32(0.9281)]
2026-08-27 04:37:00.986780: Epoch time: 44.64 s
2026-08-27 04:37:01.792144: 
2026-08-27 04:37:01.793335: Epoch 634
2026-08-27 04:37:01.794195: Current learning rate: 0.00405
2026-08-27 04:37:47.322365: train_loss -0.713
2026-08-27 04:37:47.324227: val_loss -0.8925
2026-08-27 04:37:47.325171: Pseudo dice [np.float32(0.9102), np.float32(0.8827), np.float32(0.9293)]
2026-08-27 04:37:47.326247: Epoch time: 45.53 s
2026-08-27 04:37:48.130179: 
2026-08-27 04:37:48.131454: Epoch 635
2026-08-27 04:37:48.132500: Current learning rate: 0.00404
2026-08-27 04:38:33.200727: train_loss -0.7176
2026-08-27 04:38:33.202414: val_loss -0.8925
2026-08-27 04:38:33.203590: Pseudo dice [np.float32(0.9122), np.float32(0.8836), np.float32(0.9256)]
2026-08-27 04:38:33.204587: Epoch time: 45.07 s
2026-08-27 04:38:34.043640: 
2026-08-27 04:38:34.044831: Epoch 636
2026-08-27 04:38:34.045740: Current learning rate: 0.00403
2026-08-27 04:39:18.820003: train_loss -0.726
2026-08-27 04:39:18.821648: val_loss -0.8961
2026-08-27 04:39:18.822460: Pseudo dice [np.float32(0.9128), np.float32(0.8874), np.float32(0.9299)]
2026-08-27 04:39:18.823419: Epoch time: 44.78 s
2026-08-27 04:39:19.676158: 
2026-08-27 04:39:19.677363: Epoch 637
2026-08-27 04:39:19.678305: Current learning rate: 0.00402
2026-08-27 04:40:04.270512: train_loss -0.7199
2026-08-27 04:40:04.272254: val_loss -0.889
2026-08-27 04:40:04.273287: Pseudo dice [np.float32(0.9097), np.float32(0.8875), np.float32(0.9306)]
2026-08-27 04:40:04.274142: Epoch time: 44.6 s
2026-08-27 04:40:05.065194: 
2026-08-27 04:40:05.066487: Epoch 638
2026-08-27 04:40:05.067347: Current learning rate: 0.00401
2026-08-27 04:40:49.558222: train_loss -0.7276
2026-08-27 04:40:49.559955: val_loss -0.8877
2026-08-27 04:40:49.560901: Pseudo dice [np.float32(0.9045), np.float32(0.8835), np.float32(0.9237)]
2026-08-27 04:40:49.561880: Epoch time: 44.5 s
2026-08-27 04:40:50.364227: 
2026-08-27 04:40:50.365460: Epoch 639
2026-08-27 04:40:50.366674: Current learning rate: 0.004
2026-08-27 04:41:34.996821: train_loss -0.7257
2026-08-27 04:41:34.998489: val_loss -0.8924
2026-08-27 04:41:34.999502: Pseudo dice [np.float32(0.9107), np.float32(0.8858), np.float32(0.9312)]
2026-08-27 04:41:35.000514: Epoch time: 44.63 s
2026-08-27 04:41:36.133222: 
2026-08-27 04:41:36.134368: Epoch 640
2026-08-27 04:41:36.135235: Current learning rate: 0.00399
2026-08-27 04:42:20.785703: train_loss -0.7302
2026-08-27 04:42:20.787335: val_loss -0.8875
2026-08-27 04:42:20.788239: Pseudo dice [np.float32(0.9089), np.float32(0.8834), np.float32(0.9264)]
2026-08-27 04:42:20.789128: Epoch time: 44.65 s
2026-08-27 04:42:21.591793: 
2026-08-27 04:42:21.593073: Epoch 641
2026-08-27 04:42:21.594015: Current learning rate: 0.00398
2026-08-27 04:43:06.919896: train_loss -0.7198
2026-08-27 04:43:06.921519: val_loss -0.8877
2026-08-27 04:43:06.922424: Pseudo dice [np.float32(0.9093), np.float32(0.8833), np.float32(0.9267)]
2026-08-27 04:43:06.923333: Epoch time: 45.33 s
2026-08-27 04:43:07.717716: 
2026-08-27 04:43:07.719139: Epoch 642
2026-08-27 04:43:07.720161: Current learning rate: 0.00397
2026-08-27 04:43:52.565973: train_loss -0.7258
2026-08-27 04:43:52.567995: val_loss -0.8887
2026-08-27 04:43:52.568925: Pseudo dice [np.float32(0.906), np.float32(0.8839), np.float32(0.9255)]
2026-08-27 04:43:52.570014: Epoch time: 44.85 s
2026-08-27 04:43:53.372181: 
2026-08-27 04:43:53.373389: Epoch 643
2026-08-27 04:43:53.374320: Current learning rate: 0.00396
2026-08-27 04:44:37.989652: train_loss -0.7339
2026-08-27 04:44:37.991139: val_loss -0.8966
2026-08-27 04:44:37.992149: Pseudo dice [np.float32(0.9101), np.float32(0.8875), np.float32(0.932)]
2026-08-27 04:44:37.993154: Epoch time: 44.62 s
2026-08-27 04:44:38.783725: 
2026-08-27 04:44:38.785003: Epoch 644
2026-08-27 04:44:38.785828: Current learning rate: 0.00395
2026-08-27 04:45:23.772450: train_loss -0.7216
2026-08-27 04:45:23.774197: val_loss -0.885
2026-08-27 04:45:23.775043: Pseudo dice [np.float32(0.9067), np.float32(0.8851), np.float32(0.9255)]
2026-08-27 04:45:23.775886: Epoch time: 44.99 s
2026-08-27 04:45:24.570592: 
2026-08-27 04:45:24.571701: Epoch 645
2026-08-27 04:45:24.572569: Current learning rate: 0.00394
2026-08-27 04:46:09.550063: train_loss -0.7296
2026-08-27 04:46:09.551837: val_loss -0.8902
2026-08-27 04:46:09.552781: Pseudo dice [np.float32(0.9091), np.float32(0.8828), np.float32(0.9228)]
2026-08-27 04:46:09.554310: Epoch time: 44.98 s
2026-08-27 04:46:10.351866: 
2026-08-27 04:46:10.353091: Epoch 646
2026-08-27 04:46:10.353911: Current learning rate: 0.00393
2026-08-27 04:46:55.336299: train_loss -0.7239
2026-08-27 04:46:55.338071: val_loss -0.8886
2026-08-27 04:46:55.339099: Pseudo dice [np.float32(0.9071), np.float32(0.8855), np.float32(0.9249)]
2026-08-27 04:46:55.339982: Epoch time: 44.99 s
2026-08-27 04:46:56.127353: 
2026-08-27 04:46:56.128697: Epoch 647
2026-08-27 04:46:56.129626: Current learning rate: 0.00392
2026-08-27 04:47:40.996556: train_loss -0.7288
2026-08-27 04:47:40.998603: val_loss -0.8866
2026-08-27 04:47:40.999539: Pseudo dice [np.float32(0.9051), np.float32(0.8823), np.float32(0.9288)]
2026-08-27 04:47:41.000708: Epoch time: 44.87 s
2026-08-27 04:47:41.803909: 
2026-08-27 04:47:41.805466: Epoch 648
2026-08-27 04:47:41.806388: Current learning rate: 0.00391
2026-08-27 04:48:26.683544: train_loss -0.7269
2026-08-27 04:48:26.687103: val_loss -0.9
2026-08-27 04:48:26.689183: Pseudo dice [np.float32(0.9189), np.float32(0.8898), np.float32(0.9346)]
2026-08-27 04:48:26.691259: Epoch time: 44.88 s
2026-08-27 04:48:27.484022: 
2026-08-27 04:48:27.487453: Epoch 649
2026-08-27 04:48:27.489284: Current learning rate: 0.0039
2026-08-27 04:49:12.211653: train_loss -0.7363
2026-08-27 04:49:12.213284: val_loss -0.8832
2026-08-27 04:49:12.214470: Pseudo dice [np.float32(0.9075), np.float32(0.8824), np.float32(0.9229)]
2026-08-27 04:49:12.215348: Epoch time: 44.73 s
2026-08-27 04:49:14.621439: 
2026-08-27 04:49:14.622779: Epoch 650
2026-08-27 04:49:14.623710: Current learning rate: 0.00389
2026-08-27 04:49:59.957621: train_loss -0.7159
2026-08-27 04:49:59.959031: val_loss -0.8941
2026-08-27 04:49:59.959919: Pseudo dice [np.float32(0.9133), np.float32(0.8887), np.float32(0.9293)]
2026-08-27 04:49:59.960860: Epoch time: 45.34 s
2026-08-27 04:50:00.777074: 
2026-08-27 04:50:00.778618: Epoch 651
2026-08-27 04:50:00.779659: Current learning rate: 0.00388
2026-08-27 04:50:45.938850: train_loss -0.7345
2026-08-27 04:50:45.940672: val_loss -0.8932
2026-08-27 04:50:45.941564: Pseudo dice [np.float32(0.9158), np.float32(0.8881), np.float32(0.9337)]
2026-08-27 04:50:45.942611: Epoch time: 45.16 s
2026-08-27 04:50:46.732631: 
2026-08-27 04:50:46.734066: Epoch 652
2026-08-27 04:50:46.734920: Current learning rate: 0.00387
2026-08-27 04:51:31.835696: train_loss -0.7201
2026-08-27 04:51:31.837512: val_loss -0.8936
2026-08-27 04:51:31.838361: Pseudo dice [np.float32(0.9106), np.float32(0.887), np.float32(0.9318)]
2026-08-27 04:51:31.839415: Epoch time: 45.11 s
2026-08-27 04:51:32.630761: 
2026-08-27 04:51:32.631893: Epoch 653
2026-08-27 04:51:32.632825: Current learning rate: 0.00386
2026-08-27 04:52:17.456074: train_loss -0.7339
2026-08-27 04:52:17.457661: val_loss -0.8972
2026-08-27 04:52:17.458561: Pseudo dice [np.float32(0.9165), np.float32(0.8911), np.float32(0.9347)]
2026-08-27 04:52:17.459458: Epoch time: 44.83 s
2026-08-27 04:52:18.254978: 
2026-08-27 04:52:18.256119: Epoch 654
2026-08-27 04:52:18.257080: Current learning rate: 0.00385
2026-08-27 04:53:02.858742: train_loss -0.7299
2026-08-27 04:53:02.860756: val_loss -0.9002
2026-08-27 04:53:02.861681: Pseudo dice [np.float32(0.9174), np.float32(0.8909), np.float32(0.935)]
2026-08-27 04:53:02.862551: Epoch time: 44.61 s
2026-08-27 04:53:02.863434: Yayy! New best EMA pseudo Dice: 0.909500002861023
2026-08-27 04:53:04.970192: 
2026-08-27 04:53:04.971458: Epoch 655
2026-08-27 04:53:04.972536: Current learning rate: 0.00384
2026-08-27 04:53:49.535280: train_loss -0.7296
2026-08-27 04:53:49.536827: val_loss -0.9015
2026-08-27 04:53:49.537928: Pseudo dice [np.float32(0.9155), np.float32(0.8921), np.float32(0.9349)]
2026-08-27 04:53:49.539110: Epoch time: 44.57 s
2026-08-27 04:53:49.540034: Yayy! New best EMA pseudo Dice: 0.9100000262260437
2026-08-27 04:53:51.552819: 
2026-08-27 04:53:51.554017: Epoch 656
2026-08-27 04:53:51.555089: Current learning rate: 0.00383
2026-08-27 04:54:36.083275: train_loss -0.731
2026-08-27 04:54:36.086205: val_loss -0.8877
2026-08-27 04:54:36.089420: Pseudo dice [np.float32(0.9123), np.float32(0.8828), np.float32(0.9242)]
2026-08-27 04:54:36.091302: Epoch time: 44.53 s
2026-08-27 04:54:36.881952: 
2026-08-27 04:54:36.883477: Epoch 657
2026-08-27 04:54:36.884566: Current learning rate: 0.00382
2026-08-27 04:55:21.529933: train_loss -0.7226
2026-08-27 04:55:21.543158: val_loss -0.8878
2026-08-27 04:55:21.543996: Pseudo dice [np.float32(0.9056), np.float32(0.8828), np.float32(0.9235)]
2026-08-27 04:55:21.544866: Epoch time: 44.65 s
2026-08-27 04:55:22.336396: 
2026-08-27 04:55:22.337639: Epoch 658
2026-08-27 04:55:22.338750: Current learning rate: 0.00381
2026-08-27 04:56:07.895064: train_loss -0.7247
2026-08-27 04:56:07.896652: val_loss -0.8864
2026-08-27 04:56:07.897525: Pseudo dice [np.float32(0.9105), np.float32(0.886), np.float32(0.9268)]
2026-08-27 04:56:07.898438: Epoch time: 45.56 s
2026-08-27 04:56:08.690269: 
2026-08-27 04:56:08.691842: Epoch 659
2026-08-27 04:56:08.692761: Current learning rate: 0.0038
2026-08-27 04:56:53.406396: train_loss -0.7405
2026-08-27 04:56:53.408071: val_loss -0.8972
2026-08-27 04:56:53.408997: Pseudo dice [np.float32(0.9123), np.float32(0.8873), np.float32(0.9348)]
2026-08-27 04:56:53.409968: Epoch time: 44.72 s
2026-08-27 04:56:54.513027: 
2026-08-27 04:56:54.514129: Epoch 660
2026-08-27 04:56:54.515088: Current learning rate: 0.00379
2026-08-27 04:57:39.098224: train_loss -0.7306
2026-08-27 04:57:39.100011: val_loss -0.889
2026-08-27 04:57:39.100899: Pseudo dice [np.float32(0.912), np.float32(0.886), np.float32(0.933)]
2026-08-27 04:57:39.101835: Epoch time: 44.59 s
2026-08-27 04:57:39.893763: 
2026-08-27 04:57:39.894876: Epoch 661
2026-08-27 04:57:39.896030: Current learning rate: 0.00378
2026-08-27 04:58:24.348044: train_loss -0.7291
2026-08-27 04:58:24.350312: val_loss -0.8948
2026-08-27 04:58:24.351361: Pseudo dice [np.float32(0.9128), np.float32(0.8875), np.float32(0.9341)]
2026-08-27 04:58:24.352633: Epoch time: 44.46 s
2026-08-27 04:58:25.145552: 
2026-08-27 04:58:25.147501: Epoch 662
2026-08-27 04:58:25.148814: Current learning rate: 0.00377
2026-08-27 04:59:09.820746: train_loss -0.733
2026-08-27 04:59:09.822237: val_loss -0.8924
2026-08-27 04:59:09.823147: Pseudo dice [np.float32(0.916), np.float32(0.8834), np.float32(0.9287)]
2026-08-27 04:59:09.823935: Epoch time: 44.68 s
2026-08-27 04:59:10.614201: 
2026-08-27 04:59:10.615322: Epoch 663
2026-08-27 04:59:10.616239: Current learning rate: 0.00376
2026-08-27 04:59:55.074876: train_loss -0.7408
2026-08-27 04:59:55.076484: val_loss -0.8895
2026-08-27 04:59:55.077456: Pseudo dice [np.float32(0.9113), np.float32(0.8865), np.float32(0.9294)]
2026-08-27 04:59:55.078453: Epoch time: 44.46 s
2026-08-27 04:59:55.868732: 
2026-08-27 04:59:55.869813: Epoch 664
2026-08-27 04:59:55.870654: Current learning rate: 0.00375
2026-08-27 05:00:40.803879: train_loss -0.7294
2026-08-27 05:00:40.805233: val_loss -0.8968
2026-08-27 05:00:40.806032: Pseudo dice [np.float32(0.9185), np.float32(0.8888), np.float32(0.9334)]
2026-08-27 05:00:40.806955: Epoch time: 44.94 s
2026-08-27 05:00:41.602257: 
2026-08-27 05:00:41.603728: Epoch 665
2026-08-27 05:00:41.604774: Current learning rate: 0.00374
2026-08-27 05:01:26.179015: train_loss -0.7329
2026-08-27 05:01:26.180744: val_loss -0.8844
2026-08-27 05:01:26.181627: Pseudo dice [np.float32(0.9096), np.float32(0.8766), np.float32(0.9264)]
2026-08-27 05:01:26.279803: Epoch time: 44.58 s
2026-08-27 05:01:27.104144: 
2026-08-27 05:01:27.105351: Epoch 666
2026-08-27 05:01:27.106192: Current learning rate: 0.00373
2026-08-27 05:02:11.955928: train_loss -0.7369
2026-08-27 05:02:11.957852: val_loss -0.8907
2026-08-27 05:02:11.958852: Pseudo dice [np.float32(0.9063), np.float32(0.8854), np.float32(0.9269)]
2026-08-27 05:02:11.959790: Epoch time: 44.85 s
2026-08-27 05:02:12.750845: 
2026-08-27 05:02:12.752096: Epoch 667
2026-08-27 05:02:12.753194: Current learning rate: 0.00372
2026-08-27 05:02:57.277877: train_loss -0.7318
2026-08-27 05:02:57.279546: val_loss -0.8947
2026-08-27 05:02:57.280601: Pseudo dice [np.float32(0.9088), np.float32(0.8921), np.float32(0.9334)]
2026-08-27 05:02:57.281697: Epoch time: 44.53 s
2026-08-27 05:02:58.077353: 
2026-08-27 05:02:58.078496: Epoch 668
2026-08-27 05:02:58.079402: Current learning rate: 0.00371
2026-08-27 05:03:42.711357: train_loss -0.7268
2026-08-27 05:03:42.713532: val_loss -0.9002
2026-08-27 05:03:42.714370: Pseudo dice [np.float32(0.9159), np.float32(0.8935), np.float32(0.9328)]
2026-08-27 05:03:42.715272: Epoch time: 44.64 s
2026-08-27 05:03:43.514816: 
2026-08-27 05:03:43.515999: Epoch 669
2026-08-27 05:03:43.516933: Current learning rate: 0.0037
2026-08-27 05:04:28.417204: train_loss -0.7286
2026-08-27 05:04:28.418632: val_loss -0.8941
2026-08-27 05:04:28.419431: Pseudo dice [np.float32(0.9165), np.float32(0.8893), np.float32(0.9302)]
2026-08-27 05:04:28.420233: Epoch time: 44.91 s
2026-08-27 05:04:29.428604: 
2026-08-27 05:04:29.430081: Epoch 670
2026-08-27 05:04:29.431094: Current learning rate: 0.00369
2026-08-27 05:05:14.079796: train_loss -0.7366
2026-08-27 05:05:14.081160: val_loss -0.8971
2026-08-27 05:05:14.082060: Pseudo dice [np.float32(0.9144), np.float32(0.8909), np.float32(0.9323)]
2026-08-27 05:05:14.082885: Epoch time: 44.65 s
2026-08-27 05:05:14.083693: Yayy! New best EMA pseudo Dice: 0.9101999998092651
2026-08-27 05:05:16.138409: 
2026-08-27 05:05:16.139750: Epoch 671
2026-08-27 05:05:16.140761: Current learning rate: 0.00368
2026-08-27 05:06:01.014355: train_loss -0.7298
2026-08-27 05:06:01.015860: val_loss -0.8974
2026-08-27 05:06:01.016729: Pseudo dice [np.float32(0.9173), np.float32(0.8904), np.float32(0.9371)]
2026-08-27 05:06:01.017799: Epoch time: 44.88 s
2026-08-27 05:06:01.018865: Yayy! New best EMA pseudo Dice: 0.9107000231742859
2026-08-27 05:06:03.116954: 
2026-08-27 05:06:03.118275: Epoch 672
2026-08-27 05:06:03.119192: Current learning rate: 0.00367
2026-08-27 05:06:48.115558: train_loss -0.7261
2026-08-27 05:06:48.117520: val_loss -0.8918
2026-08-27 05:06:48.118616: Pseudo dice [np.float32(0.9132), np.float32(0.8878), np.float32(0.9286)]
2026-08-27 05:06:48.119875: Epoch time: 45.0 s
2026-08-27 05:06:48.925019: 
2026-08-27 05:06:48.926357: Epoch 673
2026-08-27 05:06:48.927372: Current learning rate: 0.00366
2026-08-27 05:07:34.126132: train_loss -0.7187
2026-08-27 05:07:34.127882: val_loss -0.8874
2026-08-27 05:07:34.128727: Pseudo dice [np.float32(0.908), np.float32(0.8877), np.float32(0.9269)]
2026-08-27 05:07:34.129588: Epoch time: 45.2 s
2026-08-27 05:07:34.928016: 
2026-08-27 05:07:34.929204: Epoch 674
2026-08-27 05:07:34.930146: Current learning rate: 0.00365
2026-08-27 05:08:19.362006: train_loss -0.7328
2026-08-27 05:08:19.363754: val_loss -0.8975
2026-08-27 05:08:19.364649: Pseudo dice [np.float32(0.9152), np.float32(0.8875), np.float32(0.9346)]
2026-08-27 05:08:19.365741: Epoch time: 44.44 s
2026-08-27 05:08:20.164320: 
2026-08-27 05:08:20.165446: Epoch 675
2026-08-27 05:08:20.166383: Current learning rate: 0.00364
2026-08-27 05:09:04.736712: train_loss -0.7336
2026-08-27 05:09:04.738180: val_loss -0.8976
2026-08-27 05:09:04.739240: Pseudo dice [np.float32(0.9162), np.float32(0.8877), np.float32(0.9357)]
2026-08-27 05:09:04.740156: Epoch time: 44.57 s
2026-08-27 05:09:04.740966: Yayy! New best EMA pseudo Dice: 0.9107999801635742
2026-08-27 05:09:06.749259: 
2026-08-27 05:09:06.750573: Epoch 676
2026-08-27 05:09:06.751491: Current learning rate: 0.00363
2026-08-27 05:09:51.532063: train_loss -0.7289
2026-08-27 05:09:51.533635: val_loss -0.8899
2026-08-27 05:09:51.534743: Pseudo dice [np.float32(0.9083), np.float32(0.8859), np.float32(0.925)]
2026-08-27 05:09:51.535718: Epoch time: 44.79 s
2026-08-27 05:09:52.331158: 
2026-08-27 05:09:52.332455: Epoch 677
2026-08-27 05:09:52.333412: Current learning rate: 0.00362
2026-08-27 05:10:36.788674: train_loss -0.7286
2026-08-27 05:10:36.790316: val_loss -0.9021
2026-08-27 05:10:36.791145: Pseudo dice [np.float32(0.9194), np.float32(0.8885), np.float32(0.9354)]
2026-08-27 05:10:36.791952: Epoch time: 44.46 s
2026-08-27 05:10:37.589004: 
2026-08-27 05:10:37.590223: Epoch 678
2026-08-27 05:10:37.591131: Current learning rate: 0.00361
2026-08-27 05:11:22.229349: train_loss -0.7324
2026-08-27 05:11:22.230891: val_loss -0.8968
2026-08-27 05:11:22.231793: Pseudo dice [np.float32(0.9128), np.float32(0.8858), np.float32(0.9311)]
2026-08-27 05:11:22.232747: Epoch time: 44.64 s
2026-08-27 05:11:23.352710: 
2026-08-27 05:11:23.353882: Epoch 679
2026-08-27 05:11:23.354821: Current learning rate: 0.0036
2026-08-27 05:12:07.776261: train_loss -0.7307
2026-08-27 05:12:07.777849: val_loss -0.8889
2026-08-27 05:12:07.778854: Pseudo dice [np.float32(0.907), np.float32(0.884), np.float32(0.9258)]
2026-08-27 05:12:07.779797: Epoch time: 44.43 s
2026-08-27 05:12:08.634985: 
2026-08-27 05:12:08.636196: Epoch 680
2026-08-27 05:12:08.637094: Current learning rate: 0.00359
2026-08-27 05:12:53.273576: train_loss -0.7449
2026-08-27 05:12:53.275556: val_loss -0.9016
2026-08-27 05:12:53.276868: Pseudo dice [np.float32(0.9175), np.float32(0.8933), np.float32(0.9331)]
2026-08-27 05:12:53.277685: Epoch time: 44.64 s
2026-08-27 05:12:54.086694: 
2026-08-27 05:12:54.088150: Epoch 681
2026-08-27 05:12:54.089261: Current learning rate: 0.00358
2026-08-27 05:13:38.781467: train_loss -0.7401
2026-08-27 05:13:38.782949: val_loss -0.8905
2026-08-27 05:13:38.783816: Pseudo dice [np.float32(0.9076), np.float32(0.8832), np.float32(0.9295)]
2026-08-27 05:13:38.784706: Epoch time: 44.7 s
2026-08-27 05:13:39.788320: 
2026-08-27 05:13:39.789614: Epoch 682
2026-08-27 05:13:39.790549: Current learning rate: 0.00357
2026-08-27 05:14:24.482841: train_loss -0.7451
2026-08-27 05:14:24.485508: val_loss -0.8939
2026-08-27 05:14:24.486907: Pseudo dice [np.float32(0.9121), np.float32(0.8893), np.float32(0.9308)]
2026-08-27 05:14:24.488270: Epoch time: 44.7 s
2026-08-27 05:14:25.294857: 
2026-08-27 05:14:25.297169: Epoch 683
2026-08-27 05:14:25.298697: Current learning rate: 0.00356
2026-08-27 05:15:10.001569: train_loss -0.7362
2026-08-27 05:15:10.003425: val_loss -0.8922
2026-08-27 05:15:10.004492: Pseudo dice [np.float32(0.9117), np.float32(0.8845), np.float32(0.9299)]
2026-08-27 05:15:10.005374: Epoch time: 44.71 s
2026-08-27 05:15:10.811759: 
2026-08-27 05:15:10.812908: Epoch 684
2026-08-27 05:15:10.813795: Current learning rate: 0.00355
2026-08-27 05:15:55.681698: train_loss -0.7336
2026-08-27 05:15:55.696401: val_loss -0.8938
2026-08-27 05:15:55.697287: Pseudo dice [np.float32(0.9137), np.float32(0.8918), np.float32(0.9347)]
2026-08-27 05:15:55.698174: Epoch time: 44.87 s
2026-08-27 05:15:56.505316: 
2026-08-27 05:15:56.506589: Epoch 685
2026-08-27 05:15:56.507612: Current learning rate: 0.00354
2026-08-27 05:16:41.052939: train_loss -0.7249
2026-08-27 05:16:41.055002: val_loss -0.8983
2026-08-27 05:16:41.055976: Pseudo dice [np.float32(0.9141), np.float32(0.8911), np.float32(0.9339)]
2026-08-27 05:16:41.056980: Epoch time: 44.55 s
2026-08-27 05:16:41.857200: 
2026-08-27 05:16:41.858485: Epoch 686
2026-08-27 05:16:41.859362: Current learning rate: 0.00353
2026-08-27 05:17:26.534381: train_loss -0.7286
2026-08-27 05:17:26.536226: val_loss -0.894
2026-08-27 05:17:26.537198: Pseudo dice [np.float32(0.9109), np.float32(0.8834), np.float32(0.9256)]
2026-08-27 05:17:26.538037: Epoch time: 44.68 s
2026-08-27 05:17:27.355753: 
2026-08-27 05:17:27.356918: Epoch 687
2026-08-27 05:17:27.357814: Current learning rate: 0.00352
2026-08-27 05:18:11.977517: train_loss -0.722
2026-08-27 05:18:11.979118: val_loss -0.894
2026-08-27 05:18:11.980129: Pseudo dice [np.float32(0.9122), np.float32(0.885), np.float32(0.9287)]
2026-08-27 05:18:11.981010: Epoch time: 44.62 s
2026-08-27 05:18:12.778103: 
2026-08-27 05:18:12.779402: Epoch 688
2026-08-27 05:18:12.780421: Current learning rate: 0.00351
2026-08-27 05:18:57.491994: train_loss -0.7292
2026-08-27 05:18:57.494184: val_loss -0.8921
2026-08-27 05:18:57.495125: Pseudo dice [np.float32(0.9118), np.float32(0.8872), np.float32(0.9305)]
2026-08-27 05:18:57.496124: Epoch time: 44.72 s
2026-08-27 05:18:58.311816: 
2026-08-27 05:18:58.313122: Epoch 689
2026-08-27 05:18:58.313997: Current learning rate: 0.0035
2026-08-27 05:19:43.329315: train_loss -0.7262
2026-08-27 05:19:43.330639: val_loss -0.8958
2026-08-27 05:19:43.331543: Pseudo dice [np.float32(0.9146), np.float32(0.8885), np.float32(0.9318)]
2026-08-27 05:19:43.332335: Epoch time: 45.02 s
2026-08-27 05:19:44.397995: 
2026-08-27 05:19:44.399318: Epoch 690
2026-08-27 05:19:44.400452: Current learning rate: 0.00349
2026-08-27 05:20:29.028703: train_loss -0.7351
2026-08-27 05:20:29.030237: val_loss -0.8933
2026-08-27 05:20:29.031121: Pseudo dice [np.float32(0.9104), np.float32(0.8875), np.float32(0.9327)]
2026-08-27 05:20:29.031986: Epoch time: 44.63 s
2026-08-27 05:20:31.094312: 
2026-08-27 05:20:31.095719: Epoch 691
2026-08-27 05:20:31.096709: Current learning rate: 0.00348
2026-08-27 05:21:16.400202: train_loss -0.7243
2026-08-27 05:21:16.401853: val_loss -0.8952
2026-08-27 05:21:16.402869: Pseudo dice [np.float32(0.9136), np.float32(0.8875), np.float32(0.9335)]
2026-08-27 05:21:16.403834: Epoch time: 45.31 s
2026-08-27 05:21:17.384608: 
2026-08-27 05:21:17.385978: Epoch 692
2026-08-27 05:21:17.386879: Current learning rate: 0.00346
2026-08-27 05:22:02.149799: train_loss -0.7348
2026-08-27 05:22:02.151166: val_loss -0.8983
2026-08-27 05:22:02.152274: Pseudo dice [np.float32(0.9157), np.float32(0.8882), np.float32(0.9359)]
2026-08-27 05:22:02.154881: Epoch time: 44.77 s
2026-08-27 05:22:02.952719: 
2026-08-27 05:22:02.954088: Epoch 693
2026-08-27 05:22:02.955019: Current learning rate: 0.00345
2026-08-27 05:22:47.642018: train_loss -0.7365
2026-08-27 05:22:47.643504: val_loss -0.892
2026-08-27 05:22:47.644561: Pseudo dice [np.float32(0.9167), np.float32(0.8881), np.float32(0.9315)]
2026-08-27 05:22:47.645571: Epoch time: 44.69 s
2026-08-27 05:22:47.646413: Yayy! New best EMA pseudo Dice: 0.9107999801635742
2026-08-27 05:22:49.724379: 
2026-08-27 05:22:49.725648: Epoch 694
2026-08-27 05:22:49.726704: Current learning rate: 0.00344
2026-08-27 05:23:34.723355: train_loss -0.7342
2026-08-27 05:23:34.725057: val_loss -0.8949
2026-08-27 05:23:34.725965: Pseudo dice [np.float32(0.9119), np.float32(0.8888), np.float32(0.9293)]
2026-08-27 05:23:34.727136: Epoch time: 45.0 s
2026-08-27 05:23:35.538229: 
2026-08-27 05:23:35.539535: Epoch 695
2026-08-27 05:23:35.540518: Current learning rate: 0.00343
2026-08-27 05:24:20.097858: train_loss -0.7323
2026-08-27 05:24:20.099599: val_loss -0.8857
2026-08-27 05:24:20.100519: Pseudo dice [np.float32(0.9071), np.float32(0.8827), np.float32(0.9288)]
2026-08-27 05:24:20.101576: Epoch time: 44.56 s
2026-08-27 05:24:20.928663: 
2026-08-27 05:24:20.929991: Epoch 696
2026-08-27 05:24:20.930947: Current learning rate: 0.00342
2026-08-27 05:25:05.477595: train_loss -0.7305
2026-08-27 05:25:05.479346: val_loss -0.8849
2026-08-27 05:25:05.480326: Pseudo dice [np.float32(0.9064), np.float32(0.8828), np.float32(0.9232)]
2026-08-27 05:25:05.481236: Epoch time: 44.55 s
2026-08-27 05:25:06.282812: 
2026-08-27 05:25:06.284464: Epoch 697
2026-08-27 05:25:06.285469: Current learning rate: 0.00341
2026-08-27 05:25:51.131395: train_loss -0.7303
2026-08-27 05:25:51.133231: val_loss -0.899
2026-08-27 05:25:51.137546: Pseudo dice [np.float32(0.9176), np.float32(0.8887), np.float32(0.9355)]
2026-08-27 05:25:51.139137: Epoch time: 44.85 s
2026-08-27 05:25:51.953214: 
2026-08-27 05:25:51.954480: Epoch 698
2026-08-27 05:25:51.955656: Current learning rate: 0.0034
2026-08-27 05:26:36.680027: train_loss -0.7327
2026-08-27 05:26:38.161892: val_loss -0.8962
2026-08-27 05:26:38.163206: Pseudo dice [np.float32(0.9122), np.float32(0.8891), np.float32(0.9343)]
2026-08-27 05:26:38.164154: Epoch time: 44.73 s
2026-08-27 05:26:40.557518: 
2026-08-27 05:26:40.558582: Epoch 699
2026-08-27 05:26:40.559642: Current learning rate: 0.00339
2026-08-27 05:27:25.497459: train_loss -0.736
2026-08-27 05:27:25.499635: val_loss -0.8901
2026-08-27 05:27:25.500764: Pseudo dice [np.float32(0.9109), np.float32(0.8813), np.float32(0.9276)]
2026-08-27 05:27:25.501651: Epoch time: 44.94 s
2026-08-27 05:27:27.540868: 
2026-08-27 05:27:27.542097: Epoch 700
2026-08-27 05:27:27.542892: Current learning rate: 0.00338
2026-08-27 05:28:12.107822: train_loss -0.7333
2026-08-27 05:28:12.109644: val_loss -0.8993
2026-08-27 05:28:12.110718: Pseudo dice [np.float32(0.918), np.float32(0.8902), np.float32(0.9352)]
2026-08-27 05:28:12.111639: Epoch time: 44.57 s
2026-08-27 05:28:12.913904: 
2026-08-27 05:28:12.915251: Epoch 701
2026-08-27 05:28:12.916192: Current learning rate: 0.00337
2026-08-27 05:28:57.554345: train_loss -0.7335
2026-08-27 05:28:57.556203: val_loss -0.8957
2026-08-27 05:28:57.557169: Pseudo dice [np.float32(0.9117), np.float32(0.8938), np.float32(0.9323)]
2026-08-27 05:28:57.558145: Epoch time: 44.64 s
2026-08-27 05:28:58.360909: 
2026-08-27 05:28:58.362005: Epoch 702
2026-08-27 05:28:58.362878: Current learning rate: 0.00336
2026-08-27 05:29:42.876037: train_loss -0.7448
2026-08-27 05:29:42.877905: val_loss -0.8987
2026-08-27 05:29:42.878901: Pseudo dice [np.float32(0.9137), np.float32(0.8924), np.float32(0.935)]
2026-08-27 05:29:42.879759: Epoch time: 44.52 s
2026-08-27 05:29:42.880603: Yayy! New best EMA pseudo Dice: 0.9108999967575073
2026-08-27 05:29:44.969871: 
2026-08-27 05:29:44.971418: Epoch 703
2026-08-27 05:29:44.972528: Current learning rate: 0.00335
2026-08-27 05:30:29.590647: train_loss -0.7356
2026-08-27 05:30:29.592346: val_loss -0.8955
2026-08-27 05:30:29.593297: Pseudo dice [np.float32(0.9163), np.float32(0.8877), np.float32(0.9318)]
2026-08-27 05:30:29.594446: Epoch time: 44.62 s
2026-08-27 05:30:29.595271: Yayy! New best EMA pseudo Dice: 0.9110000133514404
2026-08-27 05:30:31.619308: 
2026-08-27 05:30:31.620771: Epoch 704
2026-08-27 05:30:31.621787: Current learning rate: 0.00334
2026-08-27 05:31:16.739381: train_loss -0.7257
2026-08-27 05:31:16.741594: val_loss -0.8975
2026-08-27 05:31:16.742595: Pseudo dice [np.float32(0.9157), np.float32(0.8903), np.float32(0.9321)]
2026-08-27 05:31:16.743875: Epoch time: 45.12 s
2026-08-27 05:31:16.744898: Yayy! New best EMA pseudo Dice: 0.9111999869346619
2026-08-27 05:31:18.820329: 
2026-08-27 05:31:18.821404: Epoch 705
2026-08-27 05:31:18.822581: Current learning rate: 0.00333
2026-08-27 05:32:03.377404: train_loss -0.7405
2026-08-27 05:32:03.379422: val_loss -0.8927
2026-08-27 05:32:03.380501: Pseudo dice [np.float32(0.9127), np.float32(0.8877), np.float32(0.9286)]
2026-08-27 05:32:03.381500: Epoch time: 44.56 s
2026-08-27 05:32:04.184963: 
2026-08-27 05:32:04.186244: Epoch 706
2026-08-27 05:32:04.187114: Current learning rate: 0.00332
2026-08-27 05:32:48.805012: train_loss -0.7363
2026-08-27 05:32:48.806716: val_loss -0.895
2026-08-27 05:32:48.807792: Pseudo dice [np.float32(0.9127), np.float32(0.8855), np.float32(0.9325)]
2026-08-27 05:32:48.808913: Epoch time: 44.62 s
2026-08-27 05:32:49.618704: 
2026-08-27 05:32:49.620281: Epoch 707
2026-08-27 05:32:49.621160: Current learning rate: 0.00331
2026-08-27 05:33:34.930759: train_loss -0.737
2026-08-27 05:33:34.932684: val_loss -0.8915
2026-08-27 05:33:34.933716: Pseudo dice [np.float32(0.9081), np.float32(0.8844), np.float32(0.9324)]
2026-08-27 05:33:34.934648: Epoch time: 45.31 s
2026-08-27 05:33:35.746066: 
2026-08-27 05:33:35.747361: Epoch 708
2026-08-27 05:33:35.748281: Current learning rate: 0.0033
2026-08-27 05:34:20.555463: train_loss -0.7366
2026-08-27 05:34:20.557204: val_loss -0.8947
2026-08-27 05:34:20.558202: Pseudo dice [np.float32(0.9115), np.float32(0.8852), np.float32(0.9308)]
2026-08-27 05:34:20.559405: Epoch time: 44.81 s
2026-08-27 05:34:21.361720: 
2026-08-27 05:34:21.362929: Epoch 709
2026-08-27 05:34:21.363875: Current learning rate: 0.00329
2026-08-27 05:35:06.114398: train_loss -0.7341
2026-08-27 05:35:06.116231: val_loss -0.8938
2026-08-27 05:35:06.117248: Pseudo dice [np.float32(0.9163), np.float32(0.8845), np.float32(0.9333)]
2026-08-27 05:35:06.118170: Epoch time: 44.75 s
2026-08-27 05:35:06.934093: 
2026-08-27 05:35:06.935401: Epoch 710
2026-08-27 05:35:06.936395: Current learning rate: 0.00328
2026-08-27 05:35:51.831788: train_loss -0.7289
2026-08-27 05:35:51.833521: val_loss -0.891
2026-08-27 05:35:51.834463: Pseudo dice [np.float32(0.9134), np.float32(0.8879), np.float32(0.9311)]
2026-08-27 05:35:51.835490: Epoch time: 44.9 s
2026-08-27 05:35:52.642793: 
2026-08-27 05:35:52.644052: Epoch 711
2026-08-27 05:35:52.645005: Current learning rate: 0.00327
2026-08-27 05:36:37.294739: train_loss -0.7278
2026-08-27 05:36:37.309386: val_loss -0.8873
2026-08-27 05:36:37.310339: Pseudo dice [np.float32(0.9116), np.float32(0.8841), np.float32(0.9278)]
2026-08-27 05:36:37.311217: Epoch time: 44.65 s
2026-08-27 05:36:38.117086: 
2026-08-27 05:36:38.118248: Epoch 712
2026-08-27 05:36:38.119181: Current learning rate: 0.00326
2026-08-27 05:37:22.953097: train_loss -0.7337
2026-08-27 05:37:22.954717: val_loss -0.8988
2026-08-27 05:37:22.955866: Pseudo dice [np.float32(0.9148), np.float32(0.8911), np.float32(0.9355)]
2026-08-27 05:37:22.956900: Epoch time: 44.84 s
2026-08-27 05:37:23.763766: 
2026-08-27 05:37:23.765134: Epoch 713
2026-08-27 05:37:23.766247: Current learning rate: 0.00325
2026-08-27 05:38:08.525878: train_loss -0.7301
2026-08-27 05:38:08.527367: val_loss -0.8937
2026-08-27 05:38:08.528347: Pseudo dice [np.float32(0.9132), np.float32(0.8882), np.float32(0.9291)]
2026-08-27 05:38:08.529164: Epoch time: 44.76 s
2026-08-27 05:38:09.331761: 
2026-08-27 05:38:09.333057: Epoch 714
2026-08-27 05:38:09.334234: Current learning rate: 0.00324
2026-08-27 05:38:53.964880: train_loss -0.7374
2026-08-27 05:38:53.966722: val_loss -0.9017
2026-08-27 05:38:53.967640: Pseudo dice [np.float32(0.9194), np.float32(0.8932), np.float32(0.9361)]
2026-08-27 05:38:53.968731: Epoch time: 44.64 s
2026-08-27 05:38:53.969825: Yayy! New best EMA pseudo Dice: 0.9111999869346619
2026-08-27 05:38:56.011783: 
2026-08-27 05:38:56.013077: Epoch 715
2026-08-27 05:38:56.014011: Current learning rate: 0.00323
2026-08-27 05:39:40.689158: train_loss -0.7415
2026-08-27 05:39:40.691163: val_loss -0.9008
2026-08-27 05:39:40.692736: Pseudo dice [np.float32(0.9209), np.float32(0.8913), np.float32(0.933)]
2026-08-27 05:39:40.694997: Epoch time: 44.68 s
2026-08-27 05:39:40.696081: Yayy! New best EMA pseudo Dice: 0.9115999937057495
2026-08-27 05:39:42.742475: 
2026-08-27 05:39:42.743870: Epoch 716
2026-08-27 05:39:42.744828: Current learning rate: 0.00322
2026-08-27 05:40:27.783247: train_loss -0.7299
2026-08-27 05:40:27.785119: val_loss -0.8959
2026-08-27 05:40:27.786200: Pseudo dice [np.float32(0.9129), np.float32(0.8875), np.float32(0.9328)]
2026-08-27 05:40:27.787205: Epoch time: 45.04 s
2026-08-27 05:40:28.594300: 
2026-08-27 05:40:28.595448: Epoch 717
2026-08-27 05:40:28.596336: Current learning rate: 0.00321
2026-08-27 05:41:13.287176: train_loss -0.7208
2026-08-27 05:41:13.289261: val_loss -0.8918
2026-08-27 05:41:13.290277: Pseudo dice [np.float32(0.9036), np.float32(0.8827), np.float32(0.9283)]
2026-08-27 05:41:13.291274: Epoch time: 44.7 s
2026-08-27 05:41:14.090543: 
2026-08-27 05:41:14.091933: Epoch 718
2026-08-27 05:41:14.093016: Current learning rate: 0.0032
2026-08-27 05:41:58.960906: train_loss -0.726
2026-08-27 05:41:58.962597: val_loss -0.8912
2026-08-27 05:41:58.963581: Pseudo dice [np.float32(0.916), np.float32(0.8884), np.float32(0.9301)]
2026-08-27 05:41:58.964472: Epoch time: 44.87 s
2026-08-27 05:41:59.766163: 
2026-08-27 05:41:59.767285: Epoch 719
2026-08-27 05:41:59.768261: Current learning rate: 0.00319
2026-08-27 05:42:44.401619: train_loss -0.7275
2026-08-27 05:42:44.403215: val_loss -0.8927
2026-08-27 05:42:44.404160: Pseudo dice [np.float32(0.9087), np.float32(0.8874), np.float32(0.9272)]
2026-08-27 05:42:44.405115: Epoch time: 44.64 s
2026-08-27 05:42:45.210072: 
2026-08-27 05:42:45.211646: Epoch 720
2026-08-27 05:42:45.212582: Current learning rate: 0.00318
2026-08-27 05:43:30.320223: train_loss -0.7324
2026-08-27 05:43:30.321681: val_loss -0.891
2026-08-27 05:43:30.322513: Pseudo dice [np.float32(0.911), np.float32(0.8882), np.float32(0.9295)]
2026-08-27 05:43:30.323374: Epoch time: 45.11 s
2026-08-27 05:43:31.128411: 
2026-08-27 05:43:31.129719: Epoch 721
2026-08-27 05:43:31.130778: Current learning rate: 0.00317
2026-08-27 05:44:16.121891: train_loss -0.7223
2026-08-27 05:44:16.123703: val_loss -0.8945
2026-08-27 05:44:16.124623: Pseudo dice [np.float32(0.9128), np.float32(0.8875), np.float32(0.9286)]
2026-08-27 05:44:16.125499: Epoch time: 45.0 s
2026-08-27 05:44:16.922681: 
2026-08-27 05:44:16.923889: Epoch 722
2026-08-27 05:44:16.924769: Current learning rate: 0.00316
2026-08-27 05:45:01.480892: train_loss -0.7286
2026-08-27 05:45:01.482422: val_loss -0.8954
2026-08-27 05:45:01.483388: Pseudo dice [np.float32(0.9154), np.float32(0.8882), np.float32(0.9298)]
2026-08-27 05:45:01.484273: Epoch time: 44.56 s
2026-08-27 05:45:02.291813: 
2026-08-27 05:45:02.293096: Epoch 723
2026-08-27 05:45:02.294069: Current learning rate: 0.00315
2026-08-27 05:45:47.084136: train_loss -0.7387
2026-08-27 05:45:47.086194: val_loss -0.8987
2026-08-27 05:45:47.087219: Pseudo dice [np.float32(0.914), np.float32(0.8931), np.float32(0.9349)]
2026-08-27 05:45:47.088324: Epoch time: 44.79 s
2026-08-27 05:45:47.894708: 
2026-08-27 05:45:47.896208: Epoch 724
2026-08-27 05:45:47.897098: Current learning rate: 0.00314
2026-08-27 05:46:32.707737: train_loss -0.7208
2026-08-27 05:46:32.709735: val_loss -0.8922
2026-08-27 05:46:32.710679: Pseudo dice [np.float32(0.9068), np.float32(0.887), np.float32(0.9288)]
2026-08-27 05:46:32.711507: Epoch time: 44.82 s
2026-08-27 05:46:33.516109: 
2026-08-27 05:46:33.517370: Epoch 725
2026-08-27 05:46:33.518257: Current learning rate: 0.00313
2026-08-27 05:47:18.156015: train_loss -0.734
2026-08-27 05:47:18.157784: val_loss -0.8959
2026-08-27 05:47:18.158783: Pseudo dice [np.float32(0.9143), np.float32(0.8835), np.float32(0.9282)]
2026-08-27 05:47:18.159883: Epoch time: 44.64 s
2026-08-27 05:47:19.275742: 
2026-08-27 05:47:19.276963: Epoch 726
2026-08-27 05:47:19.277844: Current learning rate: 0.00312
2026-08-27 05:48:04.384900: train_loss -0.7286
2026-08-27 05:48:04.386329: val_loss -0.8952
2026-08-27 05:48:04.387173: Pseudo dice [np.float32(0.9159), np.float32(0.8878), np.float32(0.9305)]
2026-08-27 05:48:04.388186: Epoch time: 45.11 s
2026-08-27 05:48:05.196126: 
2026-08-27 05:48:05.197219: Epoch 727
2026-08-27 05:48:05.198046: Current learning rate: 0.00311
2026-08-27 05:48:49.954523: train_loss -0.731
2026-08-27 05:48:49.956114: val_loss -0.8944
2026-08-27 05:48:49.956970: Pseudo dice [np.float32(0.9127), np.float32(0.8833), np.float32(0.9318)]
2026-08-27 05:48:49.958150: Epoch time: 44.76 s
2026-08-27 05:48:50.762655: 
2026-08-27 05:48:50.763937: Epoch 728
2026-08-27 05:48:50.764891: Current learning rate: 0.0031
2026-08-27 05:49:35.639225: train_loss -0.7178
2026-08-27 05:49:35.641077: val_loss -0.8929
2026-08-27 05:49:35.641983: Pseudo dice [np.float32(0.908), np.float32(0.8861), np.float32(0.9268)]
2026-08-27 05:49:35.642973: Epoch time: 44.88 s
2026-08-27 05:49:36.446336: 
2026-08-27 05:49:36.447823: Epoch 729
2026-08-27 05:49:36.449034: Current learning rate: 0.00309
2026-08-27 05:50:21.155163: train_loss -0.7342
2026-08-27 05:50:21.156937: val_loss -0.8917
2026-08-27 05:50:21.157853: Pseudo dice [np.float32(0.9103), np.float32(0.8838), np.float32(0.9267)]
2026-08-27 05:50:21.158774: Epoch time: 44.71 s
2026-08-27 05:50:21.967641: 
2026-08-27 05:50:21.968956: Epoch 730
2026-08-27 05:50:21.969872: Current learning rate: 0.00308
2026-08-27 05:51:06.989237: train_loss -0.719
2026-08-27 05:51:06.991102: val_loss -0.8997
2026-08-27 05:51:06.992168: Pseudo dice [np.float32(0.9168), np.float32(0.8903), np.float32(0.9307)]
2026-08-27 05:51:06.993140: Epoch time: 45.02 s
2026-08-27 05:51:07.991817: 
2026-08-27 05:51:07.992849: Epoch 731
2026-08-27 05:51:07.993693: Current learning rate: 0.00307
2026-08-27 05:51:52.884359: train_loss -0.7327
2026-08-27 05:51:52.886011: val_loss -0.8961
2026-08-27 05:51:52.886910: Pseudo dice [np.float32(0.9181), np.float32(0.8906), np.float32(0.9334)]
2026-08-27 05:51:52.887851: Epoch time: 44.89 s
2026-08-27 05:51:53.688526: 
2026-08-27 05:51:53.689756: Epoch 732
2026-08-27 05:51:53.690640: Current learning rate: 0.00306
2026-08-27 05:52:38.265943: train_loss -0.7365
2026-08-27 05:52:38.268033: val_loss -0.9023
2026-08-27 05:52:38.269006: Pseudo dice [np.float32(0.919), np.float32(0.8944), np.float32(0.9372)]
2026-08-27 05:52:38.270479: Epoch time: 44.58 s
2026-08-27 05:52:39.094917: 
2026-08-27 05:52:39.096324: Epoch 733
2026-08-27 05:52:39.097248: Current learning rate: 0.00305
2026-08-27 05:53:23.896300: train_loss -0.7236
2026-08-27 05:53:23.897923: val_loss -0.896
2026-08-27 05:53:23.898968: Pseudo dice [np.float32(0.9122), np.float32(0.8913), np.float32(0.9319)]
2026-08-27 05:53:23.899856: Epoch time: 44.8 s
2026-08-27 05:53:24.713053: 
2026-08-27 05:53:24.714550: Epoch 734
2026-08-27 05:53:24.715612: Current learning rate: 0.00304
2026-08-27 05:54:09.257191: train_loss -0.7336
2026-08-27 05:54:09.258881: val_loss -0.8874
2026-08-27 05:54:09.259840: Pseudo dice [np.float32(0.9118), np.float32(0.8793), np.float32(0.9277)]
2026-08-27 05:54:09.260817: Epoch time: 44.55 s
2026-08-27 05:54:10.211160: 
2026-08-27 05:54:10.212699: Epoch 735
2026-08-27 05:54:10.213643: Current learning rate: 0.00303
2026-08-27 05:54:54.988398: train_loss -0.7224
2026-08-27 05:54:54.989923: val_loss -0.8943
2026-08-27 05:54:54.990799: Pseudo dice [np.float32(0.9105), np.float32(0.8867), np.float32(0.9338)]
2026-08-27 05:54:54.991724: Epoch time: 44.78 s
2026-08-27 05:54:56.098910: 
2026-08-27 05:54:56.100077: Epoch 736
2026-08-27 05:54:56.100940: Current learning rate: 0.00302
2026-08-27 05:55:41.092126: train_loss -0.7371
2026-08-27 05:55:41.093719: val_loss -0.8895
2026-08-27 05:55:41.094590: Pseudo dice [np.float32(0.9098), np.float32(0.8863), np.float32(0.9301)]
2026-08-27 05:55:41.095448: Epoch time: 45.0 s
2026-08-27 05:55:41.908832: 
2026-08-27 05:55:41.909861: Epoch 737
2026-08-27 05:55:41.910706: Current learning rate: 0.00301
2026-08-27 05:56:26.545609: train_loss -0.7252
2026-08-27 05:56:26.548945: val_loss -0.8986
2026-08-27 05:56:26.551002: Pseudo dice [np.float32(0.9163), np.float32(0.887), np.float32(0.9332)]
2026-08-27 05:56:26.553063: Epoch time: 44.64 s
2026-08-27 05:56:27.354714: 
2026-08-27 05:56:27.357981: Epoch 738
2026-08-27 05:56:27.359855: Current learning rate: 0.003
2026-08-27 05:57:11.939354: train_loss -0.7188
2026-08-27 05:57:13.318459: val_loss -0.8916
2026-08-27 05:57:13.613962: Pseudo dice [np.float32(0.9104), np.float32(0.8886), np.float32(0.9317)]
2026-08-27 05:57:13.614954: Epoch time: 44.59 s
2026-08-27 05:57:14.422248: 
2026-08-27 05:57:14.423492: Epoch 739
2026-08-27 05:57:14.424479: Current learning rate: 0.00299
2026-08-27 05:57:58.925011: train_loss -0.7348
2026-08-27 05:57:58.926670: val_loss -0.8942
2026-08-27 05:57:58.927613: Pseudo dice [np.float32(0.9133), np.float32(0.8867), np.float32(0.9325)]
2026-08-27 05:57:58.928438: Epoch time: 44.51 s
2026-08-27 05:57:59.731443: 
2026-08-27 05:57:59.732545: Epoch 740
2026-08-27 05:57:59.733453: Current learning rate: 0.00297
2026-08-27 05:58:44.573604: train_loss -0.749
2026-08-27 05:58:44.575469: val_loss -0.8939
2026-08-27 05:58:44.576557: Pseudo dice [np.float32(0.9192), np.float32(0.8898), np.float32(0.9382)]
2026-08-27 05:58:44.577499: Epoch time: 44.84 s
2026-08-27 05:58:45.375634: 
2026-08-27 05:58:45.377050: Epoch 741
2026-08-27 05:58:45.378047: Current learning rate: 0.00296
2026-08-27 05:59:29.825061: train_loss -0.7366
2026-08-27 05:59:29.826591: val_loss -0.8914
2026-08-27 05:59:29.827569: Pseudo dice [np.float32(0.9121), np.float32(0.8841), np.float32(0.9293)]
2026-08-27 05:59:29.828720: Epoch time: 44.45 s
2026-08-27 05:59:30.624903: 
2026-08-27 05:59:30.626304: Epoch 742
2026-08-27 05:59:30.627239: Current learning rate: 0.00295
2026-08-27 06:00:15.198720: train_loss -0.7391
2026-08-27 06:00:15.200127: val_loss -0.8972
2026-08-27 06:00:15.201018: Pseudo dice [np.float32(0.915), np.float32(0.8883), np.float32(0.9334)]
2026-08-27 06:00:15.201896: Epoch time: 44.58 s
2026-08-27 06:00:15.995589: 
2026-08-27 06:00:15.996845: Epoch 743
2026-08-27 06:00:15.998022: Current learning rate: 0.00294
2026-08-27 06:01:00.652913: train_loss -0.7324
2026-08-27 06:01:00.654435: val_loss -0.8966
2026-08-27 06:01:00.655514: Pseudo dice [np.float32(0.9183), np.float32(0.8918), np.float32(0.9342)]
2026-08-27 06:01:00.656576: Epoch time: 44.66 s
2026-08-27 06:01:01.451281: 
2026-08-27 06:01:01.452379: Epoch 744
2026-08-27 06:01:01.453634: Current learning rate: 0.00293
2026-08-27 06:01:47.139716: train_loss -0.731
2026-08-27 06:01:47.141533: val_loss -0.8958
2026-08-27 06:01:47.142587: Pseudo dice [np.float32(0.9144), np.float32(0.8877), np.float32(0.9299)]
2026-08-27 06:01:47.143790: Epoch time: 45.69 s
2026-08-27 06:01:47.960693: 
2026-08-27 06:01:47.961812: Epoch 745
2026-08-27 06:01:47.962658: Current learning rate: 0.00292
2026-08-27 06:02:32.591516: train_loss -0.7233
2026-08-27 06:02:32.593228: val_loss -0.8962
2026-08-27 06:02:32.594298: Pseudo dice [np.float32(0.9154), np.float32(0.8896), np.float32(0.9354)]
2026-08-27 06:02:32.595267: Epoch time: 44.63 s
2026-08-27 06:02:33.410174: 
2026-08-27 06:02:33.411241: Epoch 746
2026-08-27 06:02:33.412181: Current learning rate: 0.00291
2026-08-27 06:03:18.293135: train_loss -0.7327
2026-08-27 06:03:18.294632: val_loss -0.887
2026-08-27 06:03:18.295621: Pseudo dice [np.float32(0.902), np.float32(0.8872), np.float32(0.9288)]
2026-08-27 06:03:18.296507: Epoch time: 44.89 s
2026-08-27 06:03:19.100484: 
2026-08-27 06:03:19.101926: Epoch 747
2026-08-27 06:03:19.102886: Current learning rate: 0.0029
2026-08-27 06:04:04.002371: train_loss -0.7153
2026-08-27 06:04:04.003995: val_loss -0.8924
2026-08-27 06:04:04.004999: Pseudo dice [np.float32(0.9097), np.float32(0.8857), np.float32(0.9302)]
2026-08-27 06:04:04.006047: Epoch time: 44.9 s
2026-08-27 06:04:04.805668: 
2026-08-27 06:04:04.806901: Epoch 748
2026-08-27 06:04:04.807771: Current learning rate: 0.00289
2026-08-27 06:04:49.600878: train_loss -0.7341
2026-08-27 06:04:49.602931: val_loss -0.8946
2026-08-27 06:04:49.604038: Pseudo dice [np.float32(0.9115), np.float32(0.8849), np.float32(0.9304)]
2026-08-27 06:04:49.605265: Epoch time: 44.8 s
2026-08-27 06:04:50.430744: 
2026-08-27 06:04:50.432378: Epoch 749
2026-08-27 06:04:50.433558: Current learning rate: 0.00288
2026-08-27 06:05:35.427047: train_loss -0.7393
2026-08-27 06:05:35.428767: val_loss -0.8972
2026-08-27 06:05:35.429794: Pseudo dice [np.float32(0.9139), np.float32(0.8899), np.float32(0.9284)]
2026-08-27 06:05:35.430679: Epoch time: 45.0 s
2026-08-27 06:05:37.707525: 
2026-08-27 06:05:37.708903: Epoch 750
2026-08-27 06:05:37.709995: Current learning rate: 0.00287
2026-08-27 06:06:22.687952: train_loss -0.7278
2026-08-27 06:06:22.689500: val_loss -0.8977
2026-08-27 06:06:22.690564: Pseudo dice [np.float32(0.9094), np.float32(0.8915), np.float32(0.9356)]
2026-08-27 06:06:22.691486: Epoch time: 44.98 s
2026-08-27 06:06:23.501783: 
2026-08-27 06:06:23.502978: Epoch 751
2026-08-27 06:06:23.503933: Current learning rate: 0.00286
2026-08-27 06:07:08.161871: train_loss -0.7365
2026-08-27 06:07:08.163563: val_loss -0.8801
2026-08-27 06:07:08.164634: Pseudo dice [np.float32(0.9073), np.float32(0.8716), np.float32(0.9269)]
2026-08-27 06:07:08.165719: Epoch time: 44.66 s
2026-08-27 06:07:08.969137: 
2026-08-27 06:07:08.970416: Epoch 752
2026-08-27 06:07:08.971447: Current learning rate: 0.00285
2026-08-27 06:07:53.685117: train_loss -0.733
2026-08-27 06:07:53.686465: val_loss -0.8999
2026-08-27 06:07:53.687560: Pseudo dice [np.float32(0.9141), np.float32(0.8924), np.float32(0.9354)]
2026-08-27 06:07:53.688493: Epoch time: 44.72 s
2026-08-27 06:07:54.492341: 
2026-08-27 06:07:54.493588: Epoch 753
2026-08-27 06:07:54.494629: Current learning rate: 0.00284
2026-08-27 06:08:39.414638: train_loss -0.7265
2026-08-27 06:08:39.417057: val_loss -0.9008
2026-08-27 06:08:39.418045: Pseudo dice [np.float32(0.917), np.float32(0.8903), np.float32(0.935)]
2026-08-27 06:08:39.418962: Epoch time: 44.92 s
2026-08-27 06:08:40.225237: 
2026-08-27 06:08:40.226503: Epoch 754
2026-08-27 06:08:40.227416: Current learning rate: 0.00283
2026-08-27 06:09:25.155767: train_loss -0.7329
2026-08-27 06:09:25.157432: val_loss -0.8967
2026-08-27 06:09:25.158365: Pseudo dice [np.float32(0.9155), np.float32(0.8888), np.float32(0.9306)]
2026-08-27 06:09:25.159235: Epoch time: 44.93 s
2026-08-27 06:09:25.962608: 
2026-08-27 06:09:25.963932: Epoch 755
2026-08-27 06:09:25.964839: Current learning rate: 0.00282
2026-08-27 06:10:10.679403: train_loss -0.7307
2026-08-27 06:10:10.681347: val_loss -0.8971
2026-08-27 06:10:10.682248: Pseudo dice [np.float32(0.9178), np.float32(0.8929), np.float32(0.9349)]
2026-08-27 06:10:10.683264: Epoch time: 44.72 s
2026-08-27 06:10:11.694299: 
2026-08-27 06:10:11.695550: Epoch 756
2026-08-27 06:10:11.696438: Current learning rate: 0.00281
2026-08-27 06:10:56.300868: train_loss -0.7456
2026-08-27 06:10:56.302784: val_loss -0.8967
2026-08-27 06:10:56.303794: Pseudo dice [np.float32(0.9182), np.float32(0.889), np.float32(0.9319)]
2026-08-27 06:10:56.304628: Epoch time: 44.61 s
2026-08-27 06:10:57.103458: 
2026-08-27 06:10:57.104606: Epoch 757
2026-08-27 06:10:57.105468: Current learning rate: 0.0028
2026-08-27 06:11:41.665375: train_loss -0.7387
2026-08-27 06:11:41.667368: val_loss -0.8954
2026-08-27 06:11:41.668363: Pseudo dice [np.float32(0.9115), np.float32(0.8854), np.float32(0.9343)]
2026-08-27 06:11:41.669386: Epoch time: 44.56 s
2026-08-27 06:11:42.475040: 
2026-08-27 06:11:42.476324: Epoch 758
2026-08-27 06:11:42.477273: Current learning rate: 0.00279
2026-08-27 06:12:27.524132: train_loss -0.7296
2026-08-27 06:12:27.527855: val_loss -0.9031
2026-08-27 06:12:27.529675: Pseudo dice [np.float32(0.9175), np.float32(0.8925), np.float32(0.9364)]
2026-08-27 06:12:27.531518: Epoch time: 45.05 s
2026-08-27 06:12:27.533270: Yayy! New best EMA pseudo Dice: 0.9117000102996826
2026-08-27 06:12:29.665968: 
2026-08-27 06:12:29.667198: Epoch 759
2026-08-27 06:12:29.668087: Current learning rate: 0.00278
2026-08-27 06:13:14.403788: train_loss -0.7382
2026-08-27 06:13:14.405680: val_loss -0.8971
2026-08-27 06:13:14.406598: Pseudo dice [np.float32(0.9166), np.float32(0.8879), np.float32(0.936)]
2026-08-27 06:13:14.407501: Epoch time: 44.74 s
2026-08-27 06:13:14.408354: Yayy! New best EMA pseudo Dice: 0.911899983882904
2026-08-27 06:13:16.448592: 
2026-08-27 06:13:16.449857: Epoch 760
2026-08-27 06:13:16.450696: Current learning rate: 0.00277
2026-08-27 06:14:01.093054: train_loss -0.7407
2026-08-27 06:14:01.094903: val_loss -0.8972
2026-08-27 06:14:01.095821: Pseudo dice [np.float32(0.9126), np.float32(0.888), np.float32(0.9334)]
2026-08-27 06:14:01.096731: Epoch time: 44.65 s
2026-08-27 06:14:01.895346: 
2026-08-27 06:14:01.896528: Epoch 761
2026-08-27 06:14:01.897493: Current learning rate: 0.00276
2026-08-27 06:14:46.556783: train_loss -0.7413
2026-08-27 06:14:46.558782: val_loss -0.8936
2026-08-27 06:14:46.559783: Pseudo dice [np.float32(0.9126), np.float32(0.8891), np.float32(0.93)]
2026-08-27 06:14:46.560674: Epoch time: 44.66 s
2026-08-27 06:14:47.375706: 
2026-08-27 06:14:47.377017: Epoch 762
2026-08-27 06:14:47.378349: Current learning rate: 0.00275
2026-08-27 06:15:31.959911: train_loss -0.7402
2026-08-27 06:15:31.961458: val_loss -0.8946
2026-08-27 06:15:31.962484: Pseudo dice [np.float32(0.9149), np.float32(0.8873), np.float32(0.9336)]
2026-08-27 06:15:31.963386: Epoch time: 44.59 s
2026-08-27 06:15:32.769646: 
2026-08-27 06:15:32.770974: Epoch 763
2026-08-27 06:15:32.771891: Current learning rate: 0.00274
2026-08-27 06:16:17.730938: train_loss -0.7423
2026-08-27 06:16:17.732371: val_loss -0.9024
2026-08-27 06:16:17.733353: Pseudo dice [np.float32(0.9193), np.float32(0.8891), np.float32(0.9379)]
2026-08-27 06:16:17.734254: Epoch time: 44.96 s
2026-08-27 06:16:17.735073: Yayy! New best EMA pseudo Dice: 0.9121000170707703
2026-08-27 06:16:19.775361: 
2026-08-27 06:16:19.776710: Epoch 764
2026-08-27 06:16:19.777631: Current learning rate: 0.00273
2026-08-27 06:17:05.047357: train_loss -0.7274
2026-08-27 06:17:05.049151: val_loss -0.8989
2026-08-27 06:17:05.050164: Pseudo dice [np.float32(0.916), np.float32(0.8906), np.float32(0.9337)]
2026-08-27 06:17:05.051280: Epoch time: 45.27 s
2026-08-27 06:17:05.052233: Yayy! New best EMA pseudo Dice: 0.9121999740600586
2026-08-27 06:17:07.203780: 
2026-08-27 06:17:07.205101: Epoch 765
2026-08-27 06:17:07.206031: Current learning rate: 0.00272
2026-08-27 06:17:52.066047: train_loss -0.7481
2026-08-27 06:17:52.079877: val_loss -0.9002
2026-08-27 06:17:52.080911: Pseudo dice [np.float32(0.9184), np.float32(0.8914), np.float32(0.9368)]
2026-08-27 06:17:52.082126: Epoch time: 44.86 s
2026-08-27 06:17:52.083303: Yayy! New best EMA pseudo Dice: 0.9125000238418579
2026-08-27 06:17:54.243052: 
2026-08-27 06:17:54.244443: Epoch 766
2026-08-27 06:17:54.245400: Current learning rate: 0.00271
2026-08-27 06:18:39.013100: train_loss -0.7399
2026-08-27 06:18:39.015016: val_loss -0.897
2026-08-27 06:18:39.015948: Pseudo dice [np.float32(0.9171), np.float32(0.8898), np.float32(0.9333)]
2026-08-27 06:18:39.016809: Epoch time: 44.77 s
2026-08-27 06:18:39.017850: Yayy! New best EMA pseudo Dice: 0.9125999808311462
2026-08-27 06:18:41.062735: 
2026-08-27 06:18:41.064192: Epoch 767
2026-08-27 06:18:41.065510: Current learning rate: 0.0027
2026-08-27 06:19:26.021669: train_loss -0.7354
2026-08-27 06:19:26.023598: val_loss -0.9006
2026-08-27 06:19:26.024631: Pseudo dice [np.float32(0.9214), np.float32(0.8946), np.float32(0.9391)]
2026-08-27 06:19:26.025724: Epoch time: 44.96 s
2026-08-27 06:19:26.026620: Yayy! New best EMA pseudo Dice: 0.9132000207901001
2026-08-27 06:19:28.235590: 
2026-08-27 06:19:28.236919: Epoch 768
2026-08-27 06:19:28.238001: Current learning rate: 0.00268
2026-08-27 06:20:13.181229: train_loss -0.7365
2026-08-27 06:20:13.182631: val_loss -0.8929
2026-08-27 06:20:13.183716: Pseudo dice [np.float32(0.9125), np.float32(0.8824), np.float32(0.9323)]
2026-08-27 06:20:13.184576: Epoch time: 44.95 s
2026-08-27 06:20:13.999425: 
2026-08-27 06:20:14.000750: Epoch 769
2026-08-27 06:20:14.001677: Current learning rate: 0.00267
2026-08-27 06:20:58.549296: train_loss -0.737
2026-08-27 06:20:58.551064: val_loss -0.8958
2026-08-27 06:20:58.552020: Pseudo dice [np.float32(0.9118), np.float32(0.881), np.float32(0.933)]
2026-08-27 06:20:58.552822: Epoch time: 44.55 s
2026-08-27 06:20:59.363502: 
2026-08-27 06:20:59.364901: Epoch 770
2026-08-27 06:20:59.365978: Current learning rate: 0.00266
2026-08-27 06:21:44.152954: train_loss -0.7398
2026-08-27 06:21:44.154575: val_loss -0.8928
2026-08-27 06:21:44.155551: Pseudo dice [np.float32(0.9124), np.float32(0.8842), np.float32(0.9317)]
2026-08-27 06:21:44.156441: Epoch time: 44.79 s
2026-08-27 06:21:44.964539: 
2026-08-27 06:21:44.965554: Epoch 771
2026-08-27 06:21:44.966393: Current learning rate: 0.00265
2026-08-27 06:22:29.460133: train_loss -0.7347
2026-08-27 06:22:29.462012: val_loss -0.9001
2026-08-27 06:22:29.463061: Pseudo dice [np.float32(0.9186), np.float32(0.8905), np.float32(0.9347)]
2026-08-27 06:22:29.464052: Epoch time: 44.5 s
2026-08-27 06:22:30.266306: 
2026-08-27 06:22:30.267608: Epoch 772
2026-08-27 06:22:30.268539: Current learning rate: 0.00264
2026-08-27 06:23:15.158631: train_loss -0.7322
2026-08-27 06:23:15.160604: val_loss -0.9003
2026-08-27 06:23:15.161691: Pseudo dice [np.float32(0.9168), np.float32(0.8914), np.float32(0.935)]
2026-08-27 06:23:15.162675: Epoch time: 44.89 s
2026-08-27 06:23:15.985624: 
2026-08-27 06:23:15.987144: Epoch 773
2026-08-27 06:23:15.988241: Current learning rate: 0.00263
2026-08-27 06:24:00.569344: train_loss -0.731
2026-08-27 06:24:00.571342: val_loss -0.8941
2026-08-27 06:24:00.572353: Pseudo dice [np.float32(0.916), np.float32(0.8899), np.float32(0.9332)]
2026-08-27 06:24:00.573541: Epoch time: 44.59 s
2026-08-27 06:24:01.386085: 
2026-08-27 06:24:01.387447: Epoch 774
2026-08-27 06:24:01.388586: Current learning rate: 0.00262
2026-08-27 06:24:46.075247: train_loss -0.738
2026-08-27 06:24:46.077330: val_loss -0.899
2026-08-27 06:24:46.078287: Pseudo dice [np.float32(0.9186), np.float32(0.8917), np.float32(0.9338)]
2026-08-27 06:24:46.079383: Epoch time: 44.69 s
2026-08-27 06:24:46.889668: 
2026-08-27 06:24:46.890927: Epoch 775
2026-08-27 06:24:46.892126: Current learning rate: 0.00261
2026-08-27 06:25:31.828902: train_loss -0.7326
2026-08-27 06:25:31.830791: val_loss -0.8978
2026-08-27 06:25:31.831730: Pseudo dice [np.float32(0.9151), np.float32(0.8883), np.float32(0.931)]
2026-08-27 06:25:31.832961: Epoch time: 44.94 s
2026-08-27 06:25:32.645261: 
2026-08-27 06:25:32.646657: Epoch 776
2026-08-27 06:25:32.647540: Current learning rate: 0.0026
2026-08-27 06:26:17.570272: train_loss -0.7329
2026-08-27 06:26:17.571827: val_loss -0.8992
2026-08-27 06:26:17.572726: Pseudo dice [np.float32(0.9167), np.float32(0.8897), np.float32(0.9345)]
2026-08-27 06:26:17.573794: Epoch time: 44.93 s
2026-08-27 06:26:18.385179: 
2026-08-27 06:26:18.386598: Epoch 777
2026-08-27 06:26:18.387524: Current learning rate: 0.00259
2026-08-27 06:27:03.862202: train_loss -0.7321
2026-08-27 06:27:03.863854: val_loss -0.8938
2026-08-27 06:27:03.864843: Pseudo dice [np.float32(0.9125), np.float32(0.8879), np.float32(0.9299)]
2026-08-27 06:27:03.865915: Epoch time: 45.48 s
2026-08-27 06:27:04.688912: 
2026-08-27 06:27:04.690143: Epoch 778
2026-08-27 06:27:04.691131: Current learning rate: 0.00258
2026-08-27 06:27:49.517564: train_loss -0.7317
2026-08-27 06:27:49.519485: val_loss -0.8996
2026-08-27 06:27:49.520607: Pseudo dice [np.float32(0.9183), np.float32(0.892), np.float32(0.9347)]
2026-08-27 06:27:49.521543: Epoch time: 44.83 s
2026-08-27 06:27:50.330027: 
2026-08-27 06:27:50.331604: Epoch 779
2026-08-27 06:27:50.332689: Current learning rate: 0.00257
2026-08-27 06:28:35.398404: train_loss -0.7308
2026-08-27 06:28:35.399994: val_loss -0.8993
2026-08-27 06:28:35.400963: Pseudo dice [np.float32(0.9148), np.float32(0.8866), np.float32(0.937)]
2026-08-27 06:28:35.401946: Epoch time: 45.07 s
2026-08-27 06:28:36.208687: 
2026-08-27 06:28:36.209831: Epoch 780
2026-08-27 06:28:36.210656: Current learning rate: 0.00256
2026-08-27 06:29:20.934763: train_loss -0.7491
2026-08-27 06:29:20.936760: val_loss -0.8909
2026-08-27 06:29:20.937669: Pseudo dice [np.float32(0.9108), np.float32(0.889), np.float32(0.9303)]
2026-08-27 06:29:20.938582: Epoch time: 44.73 s
2026-08-27 06:29:21.756760: 
2026-08-27 06:29:21.758449: Epoch 781
2026-08-27 06:29:21.759656: Current learning rate: 0.00255
2026-08-27 06:30:06.193016: train_loss -0.7438
2026-08-27 06:30:06.194900: val_loss -0.8988
2026-08-27 06:30:06.196148: Pseudo dice [np.float32(0.9156), np.float32(0.8874), np.float32(0.9342)]
2026-08-27 06:30:06.197082: Epoch time: 44.44 s
2026-08-27 06:30:07.395681: 
2026-08-27 06:30:07.397028: Epoch 782
2026-08-27 06:30:07.397990: Current learning rate: 0.00254
2026-08-27 06:30:51.987760: train_loss -0.7385
2026-08-27 06:30:51.989269: val_loss -0.899
2026-08-27 06:30:51.990204: Pseudo dice [np.float32(0.9178), np.float32(0.889), np.float32(0.9331)]
2026-08-27 06:30:51.991060: Epoch time: 44.59 s
2026-08-27 06:30:52.807653: 
2026-08-27 06:30:52.808978: Epoch 783
2026-08-27 06:30:52.809880: Current learning rate: 0.00253
2026-08-27 06:31:37.669066: train_loss -0.7332
2026-08-27 06:31:37.671228: val_loss -0.8989
2026-08-27 06:31:37.672252: Pseudo dice [np.float32(0.917), np.float32(0.8842), np.float32(0.9305)]
2026-08-27 06:31:37.673327: Epoch time: 44.86 s
2026-08-27 06:31:38.489031: 
2026-08-27 06:31:38.490448: Epoch 784
2026-08-27 06:31:38.491471: Current learning rate: 0.00252
2026-08-27 06:32:23.515574: train_loss -0.7358
2026-08-27 06:32:23.517355: val_loss -0.8977
2026-08-27 06:32:23.518208: Pseudo dice [np.float32(0.917), np.float32(0.8879), np.float32(0.9332)]
2026-08-27 06:32:23.519206: Epoch time: 45.03 s
2026-08-27 06:32:24.333926: 
2026-08-27 06:32:24.336068: Epoch 785
2026-08-27 06:32:24.337507: Current learning rate: 0.00251
2026-08-27 06:33:09.177995: train_loss -0.7251
2026-08-27 06:33:09.179649: val_loss -0.8975
2026-08-27 06:33:09.180769: Pseudo dice [np.float32(0.9142), np.float32(0.8877), np.float32(0.9321)]
2026-08-27 06:33:09.181664: Epoch time: 44.85 s
2026-08-27 06:33:09.990014: 
2026-08-27 06:33:09.991279: Epoch 786
2026-08-27 06:33:09.992205: Current learning rate: 0.0025
2026-08-27 06:33:54.648254: train_loss -0.7245
2026-08-27 06:33:54.649853: val_loss -0.8981
2026-08-27 06:33:54.650964: Pseudo dice [np.float32(0.9128), np.float32(0.888), np.float32(0.9325)]
2026-08-27 06:33:54.651958: Epoch time: 44.66 s
2026-08-27 06:33:55.464165: 
2026-08-27 06:33:55.465658: Epoch 787
2026-08-27 06:33:55.466805: Current learning rate: 0.00249
2026-08-27 06:34:40.357658: train_loss -0.7273
2026-08-27 06:34:40.359511: val_loss -0.8906
2026-08-27 06:34:40.360638: Pseudo dice [np.float32(0.9102), np.float32(0.8834), np.float32(0.9311)]
2026-08-27 06:34:40.361737: Epoch time: 44.9 s
2026-08-27 06:34:41.178083: 
2026-08-27 06:34:41.179378: Epoch 788
2026-08-27 06:34:41.180330: Current learning rate: 0.00248
2026-08-27 06:35:26.118296: train_loss -0.7301
2026-08-27 06:35:26.119772: val_loss -0.8968
2026-08-27 06:35:26.120701: Pseudo dice [np.float32(0.9139), np.float32(0.8898), np.float32(0.9339)]
2026-08-27 06:35:26.121592: Epoch time: 44.94 s
2026-08-27 06:35:26.939920: 
2026-08-27 06:35:26.941313: Epoch 789
2026-08-27 06:35:26.942527: Current learning rate: 0.00247
2026-08-27 06:36:11.840558: train_loss -0.7216
2026-08-27 06:36:11.842345: val_loss -0.8977
2026-08-27 06:36:11.843192: Pseudo dice [np.float32(0.9164), np.float32(0.8875), np.float32(0.9332)]
2026-08-27 06:36:11.844011: Epoch time: 44.9 s
2026-08-27 06:36:12.659870: 
2026-08-27 06:36:12.661083: Epoch 790
2026-08-27 06:36:12.661998: Current learning rate: 0.00245
2026-08-27 06:36:57.277691: train_loss -0.7192
2026-08-27 06:36:57.279697: val_loss -0.8942
2026-08-27 06:36:57.280688: Pseudo dice [np.float32(0.9145), np.float32(0.8893), np.float32(0.9322)]
2026-08-27 06:36:57.281914: Epoch time: 44.62 s
2026-08-27 06:36:58.109563: 
2026-08-27 06:36:58.110817: Epoch 791
2026-08-27 06:36:58.111822: Current learning rate: 0.00244
2026-08-27 06:37:43.112227: train_loss -0.7203
2026-08-27 06:37:43.113896: val_loss -0.8965
2026-08-27 06:37:43.115191: Pseudo dice [np.float32(0.9167), np.float32(0.8886), np.float32(0.9317)]
2026-08-27 06:37:43.116081: Epoch time: 45.01 s
2026-08-27 06:37:43.925320: 
2026-08-27 06:37:43.926552: Epoch 792
2026-08-27 06:37:43.927770: Current learning rate: 0.00243
2026-08-27 06:38:30.942845: train_loss -0.7317
2026-08-27 06:38:30.957691: val_loss -0.8965
2026-08-27 06:38:30.958743: Pseudo dice [np.float32(0.9148), np.float32(0.8834), np.float32(0.9352)]
2026-08-27 06:38:30.959920: Epoch time: 47.02 s
2026-08-27 06:38:31.829462: 
2026-08-27 06:38:31.831455: Epoch 793
2026-08-27 06:38:31.832516: Current learning rate: 0.00242
2026-08-27 06:39:16.391256: train_loss -0.7354
2026-08-27 06:39:16.393297: val_loss -0.8927
2026-08-27 06:39:16.394280: Pseudo dice [np.float32(0.9127), np.float32(0.8857), np.float32(0.9299)]
2026-08-27 06:39:16.395220: Epoch time: 44.57 s
2026-08-27 06:39:17.213530: 
2026-08-27 06:39:17.214937: Epoch 794
2026-08-27 06:39:17.215976: Current learning rate: 0.00241
2026-08-27 06:40:02.100725: train_loss -0.7376
2026-08-27 06:40:02.102192: val_loss -0.8909
2026-08-27 06:40:02.103230: Pseudo dice [np.float32(0.9103), np.float32(0.8801), np.float32(0.9277)]
2026-08-27 06:40:02.104226: Epoch time: 44.89 s
2026-08-27 06:40:02.921590: 
2026-08-27 06:40:02.922680: Epoch 795
2026-08-27 06:40:02.923519: Current learning rate: 0.0024
2026-08-27 06:40:47.751153: train_loss -0.7349
2026-08-27 06:40:47.753559: val_loss -0.8934
2026-08-27 06:40:47.754731: Pseudo dice [np.float32(0.9121), np.float32(0.8901), np.float32(0.9324)]
2026-08-27 06:40:47.755785: Epoch time: 44.83 s
2026-08-27 06:40:48.589828: 
2026-08-27 06:40:48.590919: Epoch 796
2026-08-27 06:40:48.591933: Current learning rate: 0.00239
2026-08-27 06:41:33.518384: train_loss -0.7263
2026-08-27 06:41:33.520440: val_loss -0.9008
2026-08-27 06:41:33.521649: Pseudo dice [np.float32(0.9203), np.float32(0.8849), np.float32(0.9375)]
2026-08-27 06:41:33.522596: Epoch time: 44.93 s
2026-08-27 06:41:34.339272: 
2026-08-27 06:41:34.340763: Epoch 797
2026-08-27 06:41:34.341752: Current learning rate: 0.00238
2026-08-27 06:42:18.900838: train_loss -0.7335
2026-08-27 06:42:18.902877: val_loss -0.8949
2026-08-27 06:42:18.903853: Pseudo dice [np.float32(0.9153), np.float32(0.8895), np.float32(0.933)]
2026-08-27 06:42:18.905040: Epoch time: 44.56 s
2026-08-27 06:42:19.722300: 
2026-08-27 06:42:19.724081: Epoch 798
2026-08-27 06:42:19.725368: Current learning rate: 0.00237
2026-08-27 06:43:04.433067: train_loss -0.725
2026-08-27 06:43:04.434677: val_loss -0.8955
2026-08-27 06:43:04.435727: Pseudo dice [np.float32(0.9137), np.float32(0.8908), np.float32(0.9321)]
2026-08-27 06:43:04.436896: Epoch time: 44.71 s
2026-08-27 06:43:05.252443: 
2026-08-27 06:43:05.253729: Epoch 799
2026-08-27 06:43:05.254581: Current learning rate: 0.00236
2026-08-27 06:43:49.795049: train_loss -0.7411
2026-08-27 06:43:49.796802: val_loss -0.8987
2026-08-27 06:43:49.797774: Pseudo dice [np.float32(0.9195), np.float32(0.8918), np.float32(0.9349)]
2026-08-27 06:43:49.798892: Epoch time: 44.54 s
2026-08-27 06:43:51.946146: 
2026-08-27 06:43:51.947333: Epoch 800
2026-08-27 06:43:51.948461: Current learning rate: 0.00235
2026-08-27 06:44:36.698628: train_loss -0.7361
2026-08-27 06:44:36.700959: val_loss -0.9022
2026-08-27 06:44:36.702236: Pseudo dice [np.float32(0.9174), np.float32(0.8873), np.float32(0.9387)]
2026-08-27 06:44:36.703209: Epoch time: 44.76 s
2026-08-27 06:44:37.524527: 
2026-08-27 06:44:37.525904: Epoch 801
2026-08-27 06:44:37.526779: Current learning rate: 0.00234
2026-08-27 06:45:22.552716: train_loss -0.7346
2026-08-27 06:45:22.554497: val_loss -0.9013
2026-08-27 06:45:22.555583: Pseudo dice [np.float32(0.9187), np.float32(0.8917), np.float32(0.9386)]
2026-08-27 06:45:22.556507: Epoch time: 45.03 s
2026-08-27 06:45:23.686445: 
2026-08-27 06:45:23.687867: Epoch 802
2026-08-27 06:45:23.688919: Current learning rate: 0.00233
2026-08-27 06:46:08.380896: train_loss -0.742
2026-08-27 06:46:08.382405: val_loss -0.8955
2026-08-27 06:46:08.383511: Pseudo dice [np.float32(0.9178), np.float32(0.8849), np.float32(0.933)]
2026-08-27 06:46:08.384427: Epoch time: 44.7 s
2026-08-27 06:46:09.210214: 
2026-08-27 06:46:09.211537: Epoch 803
2026-08-27 06:46:09.212435: Current learning rate: 0.00232
2026-08-27 06:46:54.177837: train_loss -0.7358
2026-08-27 06:46:54.179765: val_loss -0.8915
2026-08-27 06:46:54.180789: Pseudo dice [np.float32(0.9169), np.float32(0.887), np.float32(0.9293)]
2026-08-27 06:46:54.181688: Epoch time: 44.97 s
2026-08-27 06:46:54.998301: 
2026-08-27 06:46:54.999830: Epoch 804
2026-08-27 06:46:55.000898: Current learning rate: 0.00231
2026-08-27 06:47:39.708571: train_loss -0.7429
2026-08-27 06:47:39.710450: val_loss -0.8969
2026-08-27 06:47:39.711600: Pseudo dice [np.float32(0.9137), np.float32(0.8888), np.float32(0.9335)]
2026-08-27 06:47:39.712468: Epoch time: 44.71 s
2026-08-27 06:47:40.528348: 
2026-08-27 06:47:40.529780: Epoch 805
2026-08-27 06:47:40.530599: Current learning rate: 0.0023
2026-08-27 06:48:25.569766: train_loss -0.7426
2026-08-27 06:48:25.572305: val_loss -0.9017
2026-08-27 06:48:25.573781: Pseudo dice [np.float32(0.9173), np.float32(0.8928), np.float32(0.9343)]
2026-08-27 06:48:25.575267: Epoch time: 45.04 s
2026-08-27 06:48:26.384012: 
2026-08-27 06:48:26.386821: Epoch 806
2026-08-27 06:48:26.388439: Current learning rate: 0.00229
2026-08-27 06:49:10.951302: train_loss -0.7425
2026-08-27 06:49:10.953075: val_loss -0.9082
2026-08-27 06:49:10.953975: Pseudo dice [np.float32(0.9227), np.float32(0.8983), np.float32(0.9414)]
2026-08-27 06:49:10.954874: Epoch time: 44.57 s
2026-08-27 06:49:10.955734: Yayy! New best EMA pseudo Dice: 0.9133999943733215
2026-08-27 06:49:13.175515: 
2026-08-27 06:49:13.176866: Epoch 807
2026-08-27 06:49:13.177813: Current learning rate: 0.00228
2026-08-27 06:49:58.665188: train_loss -0.7394
2026-08-27 06:49:58.667290: val_loss -0.902
2026-08-27 06:49:58.668227: Pseudo dice [np.float32(0.9148), np.float32(0.8923), np.float32(0.9349)]
2026-08-27 06:49:58.669137: Epoch time: 45.49 s
2026-08-27 06:49:58.670094: Yayy! New best EMA pseudo Dice: 0.9135000109672546
2026-08-27 06:50:00.732694: 
2026-08-27 06:50:00.734042: Epoch 808
2026-08-27 06:50:00.735257: Current learning rate: 0.00226
2026-08-27 06:50:45.599580: train_loss -0.7435
2026-08-27 06:50:45.601522: val_loss -0.9025
2026-08-27 06:50:45.602641: Pseudo dice [np.float32(0.9198), np.float32(0.8925), np.float32(0.9346)]
2026-08-27 06:50:45.603565: Epoch time: 44.87 s
2026-08-27 06:50:45.604561: Yayy! New best EMA pseudo Dice: 0.9136999845504761
2026-08-27 06:50:47.640471: 
2026-08-27 06:50:47.641882: Epoch 809
2026-08-27 06:50:47.642792: Current learning rate: 0.00225
2026-08-27 06:51:32.360067: train_loss -0.7453
2026-08-27 06:51:32.362169: val_loss -0.8968
2026-08-27 06:51:32.363111: Pseudo dice [np.float32(0.9185), np.float32(0.8918), np.float32(0.9342)]
2026-08-27 06:51:32.364111: Epoch time: 44.72 s
2026-08-27 06:51:32.365010: Yayy! New best EMA pseudo Dice: 0.9138000011444092
2026-08-27 06:51:34.693677: 
2026-08-27 06:51:34.694929: Epoch 810
2026-08-27 06:51:34.695919: Current learning rate: 0.00224
2026-08-27 06:52:19.283236: train_loss -0.7347
2026-08-27 06:52:19.284827: val_loss -0.9025
2026-08-27 06:52:19.285866: Pseudo dice [np.float32(0.9204), np.float32(0.8946), np.float32(0.9408)]
2026-08-27 06:52:19.286820: Epoch time: 44.59 s
2026-08-27 06:52:19.287867: Yayy! New best EMA pseudo Dice: 0.9143000245094299
2026-08-27 06:52:21.394341: 
2026-08-27 06:52:21.395649: Epoch 811
2026-08-27 06:52:21.396628: Current learning rate: 0.00223
2026-08-27 06:53:06.141087: train_loss -0.7523
2026-08-27 06:53:06.142736: val_loss -0.9038
2026-08-27 06:53:06.143934: Pseudo dice [np.float32(0.918), np.float32(0.8977), np.float32(0.9357)]
2026-08-27 06:53:06.144843: Epoch time: 44.75 s
2026-08-27 06:53:06.145918: Yayy! New best EMA pseudo Dice: 0.9146000146865845
2026-08-27 06:53:08.215889: 
2026-08-27 06:53:08.217221: Epoch 812
2026-08-27 06:53:08.218144: Current learning rate: 0.00222
2026-08-27 06:53:52.979465: train_loss -0.7393
2026-08-27 06:53:52.981061: val_loss -0.8923
2026-08-27 06:53:52.982041: Pseudo dice [np.float32(0.9167), np.float32(0.8905), np.float32(0.933)]
2026-08-27 06:53:52.982993: Epoch time: 44.77 s
2026-08-27 06:53:53.797662: 
2026-08-27 06:53:53.798945: Epoch 813
2026-08-27 06:53:53.800046: Current learning rate: 0.00221
2026-08-27 06:54:38.469139: train_loss -0.735
2026-08-27 06:54:38.470768: val_loss -0.8928
2026-08-27 06:54:38.471679: Pseudo dice [np.float32(0.9112), np.float32(0.888), np.float32(0.9316)]
2026-08-27 06:54:38.472599: Epoch time: 44.67 s
2026-08-27 06:54:39.284338: 
2026-08-27 06:54:39.285862: Epoch 814
2026-08-27 06:54:39.286921: Current learning rate: 0.0022
2026-08-27 06:55:24.630811: train_loss -0.7357
2026-08-27 06:55:24.632927: val_loss -0.9002
2026-08-27 06:55:24.633844: Pseudo dice [np.float32(0.9175), np.float32(0.891), np.float32(0.9371)]
2026-08-27 06:55:24.634833: Epoch time: 45.35 s
2026-08-27 06:55:25.457038: 
2026-08-27 06:55:25.458437: Epoch 815
2026-08-27 06:55:25.459444: Current learning rate: 0.00219
2026-08-27 06:56:10.217428: train_loss -0.7349
2026-08-27 06:56:10.219126: val_loss -0.9018
2026-08-27 06:56:10.220125: Pseudo dice [np.float32(0.916), np.float32(0.8918), np.float32(0.9372)]
2026-08-27 06:56:10.221256: Epoch time: 44.76 s
2026-08-27 06:56:11.031928: 
2026-08-27 06:56:11.033010: Epoch 816
2026-08-27 06:56:11.033857: Current learning rate: 0.00218
2026-08-27 06:56:55.677280: train_loss -0.7566
2026-08-27 06:56:55.678905: val_loss -0.8985
2026-08-27 06:56:55.679905: Pseudo dice [np.float32(0.9157), np.float32(0.8895), np.float32(0.9336)]
2026-08-27 06:56:55.680835: Epoch time: 44.65 s
2026-08-27 06:56:56.498148: 
2026-08-27 06:56:56.499475: Epoch 817
2026-08-27 06:56:56.500409: Current learning rate: 0.00217
2026-08-27 06:57:41.527794: train_loss -0.7372
2026-08-27 06:57:41.529627: val_loss -0.8962
2026-08-27 06:57:41.530719: Pseudo dice [np.float32(0.9117), np.float32(0.8879), np.float32(0.933)]
2026-08-27 06:57:41.531958: Epoch time: 45.03 s
2026-08-27 06:57:42.343340: 
2026-08-27 06:57:42.344586: Epoch 818
2026-08-27 06:57:42.345717: Current learning rate: 0.00216
2026-08-27 06:58:27.320375: train_loss -0.7352
2026-08-27 06:58:27.324080: val_loss -0.8987
2026-08-27 06:58:27.325901: Pseudo dice [np.float32(0.9191), np.float32(0.8929), np.float32(0.9343)]
2026-08-27 06:58:27.327688: Epoch time: 44.98 s
2026-08-27 06:58:28.456058: 
2026-08-27 06:58:28.457431: Epoch 819
2026-08-27 06:58:28.458290: Current learning rate: 0.00215
2026-08-27 06:59:13.533704: train_loss -0.7367
2026-08-27 06:59:13.546680: val_loss -0.8914
2026-08-27 06:59:13.547760: Pseudo dice [np.float32(0.9187), np.float32(0.8884), np.float32(0.9368)]
2026-08-27 06:59:13.548707: Epoch time: 45.08 s
2026-08-27 06:59:14.423619: 
2026-08-27 06:59:14.425125: Epoch 820
2026-08-27 06:59:14.426160: Current learning rate: 0.00214
2026-08-27 06:59:59.027249: train_loss -0.7271
2026-08-27 06:59:59.029294: val_loss -0.897
2026-08-27 06:59:59.030206: Pseudo dice [np.float32(0.9196), np.float32(0.8898), np.float32(0.9324)]
2026-08-27 06:59:59.031111: Epoch time: 44.61 s
2026-08-27 06:59:59.911080: 
2026-08-27 06:59:59.912152: Epoch 821
2026-08-27 06:59:59.913093: Current learning rate: 0.00213
2026-08-27 07:00:44.429661: train_loss -0.7449
2026-08-27 07:00:44.431493: val_loss -0.8939
2026-08-27 07:00:44.432661: Pseudo dice [np.float32(0.9161), np.float32(0.8877), np.float32(0.9321)]
2026-08-27 07:00:44.433658: Epoch time: 44.52 s
2026-08-27 07:00:45.226201: 
2026-08-27 07:00:45.227492: Epoch 822
2026-08-27 07:00:45.228623: Current learning rate: 0.00212
2026-08-27 07:01:30.133854: train_loss -0.7504
2026-08-27 07:01:30.135492: val_loss -0.8974
2026-08-27 07:01:30.136618: Pseudo dice [np.float32(0.9176), np.float32(0.8876), np.float32(0.9331)]
2026-08-27 07:01:30.137696: Epoch time: 44.91 s
2026-08-27 07:01:30.974301: 
2026-08-27 07:01:30.975660: Epoch 823
2026-08-27 07:01:30.976636: Current learning rate: 0.0021
2026-08-27 07:02:15.966487: train_loss -0.7253
2026-08-27 07:02:15.968548: val_loss -0.899
2026-08-27 07:02:15.969516: Pseudo dice [np.float32(0.9161), np.float32(0.8919), np.float32(0.9364)]
2026-08-27 07:02:15.970645: Epoch time: 44.99 s
2026-08-27 07:02:16.756726: 
2026-08-27 07:02:16.757965: Epoch 824
2026-08-27 07:02:16.758803: Current learning rate: 0.00209
2026-08-27 07:03:01.570812: train_loss -0.7263
2026-08-27 07:03:01.572406: val_loss -0.89
2026-08-27 07:03:01.573423: Pseudo dice [np.float32(0.9108), np.float32(0.8871), np.float32(0.9284)]
2026-08-27 07:03:01.574376: Epoch time: 44.82 s
2026-08-27 07:03:02.367989: 
2026-08-27 07:03:02.369662: Epoch 825
2026-08-27 07:03:02.370503: Current learning rate: 0.00208
2026-08-27 07:03:47.548884: train_loss -0.7369
2026-08-27 07:03:47.550889: val_loss -0.9016
2026-08-27 07:03:47.551974: Pseudo dice [np.float32(0.9212), np.float32(0.8909), np.float32(0.9352)]
2026-08-27 07:03:47.553034: Epoch time: 45.18 s
2026-08-27 07:03:48.336705: 
2026-08-27 07:03:48.338006: Epoch 826
2026-08-27 07:03:48.338962: Current learning rate: 0.00207
2026-08-27 07:04:33.374172: train_loss -0.7178
2026-08-27 07:04:33.375849: val_loss -0.902
2026-08-27 07:04:33.376850: Pseudo dice [np.float32(0.9157), np.float32(0.8942), np.float32(0.9323)]
2026-08-27 07:04:33.377747: Epoch time: 45.04 s
2026-08-27 07:04:34.157888: 
2026-08-27 07:04:34.159187: Epoch 827
2026-08-27 07:04:34.160115: Current learning rate: 0.00206
2026-08-27 07:05:19.156300: train_loss -0.7452
2026-08-27 07:05:19.157923: val_loss -0.8939
2026-08-27 07:05:19.158813: Pseudo dice [np.float32(0.9137), np.float32(0.8887), np.float32(0.9343)]
2026-08-27 07:05:19.159795: Epoch time: 45.0 s
2026-08-27 07:05:19.939709: 
2026-08-27 07:05:19.940974: Epoch 828
2026-08-27 07:05:19.941869: Current learning rate: 0.00205
2026-08-27 07:06:04.537013: train_loss -0.7443
2026-08-27 07:06:04.538753: val_loss -0.8991
2026-08-27 07:06:04.539615: Pseudo dice [np.float32(0.9207), np.float32(0.8894), np.float32(0.9366)]
2026-08-27 07:06:04.540472: Epoch time: 44.6 s
2026-08-27 07:06:05.334061: 
2026-08-27 07:06:05.335290: Epoch 829
2026-08-27 07:06:05.336282: Current learning rate: 0.00204
2026-08-27 07:06:49.867501: train_loss -0.7381
2026-08-27 07:06:49.869177: val_loss -0.8997
2026-08-27 07:06:49.870100: Pseudo dice [np.float32(0.9187), np.float32(0.8919), np.float32(0.9356)]
2026-08-27 07:06:49.871017: Epoch time: 44.54 s
2026-08-27 07:06:50.880205: 
2026-08-27 07:06:50.881908: Epoch 830
2026-08-27 07:06:50.882877: Current learning rate: 0.00203
2026-08-27 07:07:35.893989: train_loss -0.7329
2026-08-27 07:07:35.895720: val_loss -0.8968
2026-08-27 07:07:35.896645: Pseudo dice [np.float32(0.9181), np.float32(0.8885), np.float32(0.9344)]
2026-08-27 07:07:35.897682: Epoch time: 45.02 s
2026-08-27 07:07:36.701089: 
2026-08-27 07:07:36.702421: Epoch 831
2026-08-27 07:07:36.703382: Current learning rate: 0.00202
2026-08-27 07:08:21.558091: train_loss -0.7255
2026-08-27 07:08:21.559808: val_loss -0.8939
2026-08-27 07:08:21.560831: Pseudo dice [np.float32(0.9172), np.float32(0.8848), np.float32(0.934)]
2026-08-27 07:08:21.561912: Epoch time: 44.86 s
2026-08-27 07:08:22.357518: 
2026-08-27 07:08:22.358883: Epoch 832
2026-08-27 07:08:22.359822: Current learning rate: 0.00201
2026-08-27 07:09:06.912117: train_loss -0.7412
2026-08-27 07:09:06.913845: val_loss -0.9008
2026-08-27 07:09:06.914792: Pseudo dice [np.float32(0.9204), np.float32(0.8924), np.float32(0.9387)]
2026-08-27 07:09:06.915812: Epoch time: 44.56 s
2026-08-27 07:09:07.702342: 
2026-08-27 07:09:07.703894: Epoch 833
2026-08-27 07:09:07.704943: Current learning rate: 0.002
2026-08-27 07:09:52.240285: train_loss -0.7387
2026-08-27 07:09:52.242170: val_loss -0.9046
2026-08-27 07:09:52.243201: Pseudo dice [np.float32(0.919), np.float32(0.8923), np.float32(0.9368)]
2026-08-27 07:09:52.244354: Epoch time: 44.54 s
2026-08-27 07:09:53.036155: 
2026-08-27 07:09:53.037461: Epoch 834
2026-08-27 07:09:53.038268: Current learning rate: 0.00199
2026-08-27 07:10:38.322180: train_loss -0.7395
2026-08-27 07:10:38.324053: val_loss -0.9025
2026-08-27 07:10:38.325168: Pseudo dice [np.float32(0.9194), np.float32(0.8943), np.float32(0.9341)]
2026-08-27 07:10:38.326035: Epoch time: 45.29 s
2026-08-27 07:10:39.109767: 
2026-08-27 07:10:39.111139: Epoch 835
2026-08-27 07:10:39.112206: Current learning rate: 0.00198
2026-08-27 07:11:23.877367: train_loss -0.7428
2026-08-27 07:11:23.879299: val_loss -0.9011
2026-08-27 07:11:23.880200: Pseudo dice [np.float32(0.9174), np.float32(0.891), np.float32(0.9356)]
2026-08-27 07:11:23.881160: Epoch time: 44.77 s
2026-08-27 07:11:24.675029: 
2026-08-27 07:11:24.676296: Epoch 836
2026-08-27 07:11:24.677182: Current learning rate: 0.00196
2026-08-27 07:12:09.410261: train_loss -0.7416
2026-08-27 07:12:09.411972: val_loss -0.8916
2026-08-27 07:12:09.412874: Pseudo dice [np.float32(0.9155), np.float32(0.8868), np.float32(0.9318)]
2026-08-27 07:12:09.413922: Epoch time: 44.74 s
2026-08-27 07:12:10.208457: 
2026-08-27 07:12:10.209818: Epoch 837
2026-08-27 07:12:10.210691: Current learning rate: 0.00195
2026-08-27 07:12:55.651246: train_loss -0.7408
2026-08-27 07:12:55.653354: val_loss -0.8997
2026-08-27 07:12:55.654267: Pseudo dice [np.float32(0.9184), np.float32(0.8912), np.float32(0.9364)]
2026-08-27 07:12:55.655195: Epoch time: 45.45 s
2026-08-27 07:12:56.440261: 
2026-08-27 07:12:56.441487: Epoch 838
2026-08-27 07:12:56.442392: Current learning rate: 0.00194
2026-08-27 07:13:41.253681: train_loss -0.7364
2026-08-27 07:13:41.255795: val_loss -0.8951
2026-08-27 07:13:41.256739: Pseudo dice [np.float32(0.9119), np.float32(0.8901), np.float32(0.933)]
2026-08-27 07:13:41.257622: Epoch time: 44.82 s
2026-08-27 07:13:42.040587: 
2026-08-27 07:13:42.041862: Epoch 839
2026-08-27 07:13:42.042768: Current learning rate: 0.00193
2026-08-27 07:14:26.808533: train_loss -0.7324
2026-08-27 07:14:26.811984: val_loss -0.8982
2026-08-27 07:14:26.813637: Pseudo dice [np.float32(0.9162), np.float32(0.893), np.float32(0.9337)]
2026-08-27 07:14:26.815325: Epoch time: 44.77 s
2026-08-27 07:14:27.604043: 
2026-08-27 07:14:27.605273: Epoch 840
2026-08-27 07:14:27.606382: Current learning rate: 0.00192
2026-08-27 07:15:12.269630: train_loss -0.7467
2026-08-27 07:15:12.271677: val_loss -0.8902
2026-08-27 07:15:12.272585: Pseudo dice [np.float32(0.9118), np.float32(0.8881), np.float32(0.9302)]
2026-08-27 07:15:12.273498: Epoch time: 44.67 s
2026-08-27 07:15:13.286190: 
2026-08-27 07:15:13.287488: Epoch 841
2026-08-27 07:15:13.288471: Current learning rate: 0.00191
2026-08-27 07:15:58.255744: train_loss -0.7424
2026-08-27 07:15:58.257431: val_loss -0.8997
2026-08-27 07:15:58.258613: Pseudo dice [np.float32(0.9135), np.float32(0.887), np.float32(0.933)]
2026-08-27 07:15:58.259628: Epoch time: 44.97 s
2026-08-27 07:15:59.043669: 
2026-08-27 07:15:59.044791: Epoch 842
2026-08-27 07:15:59.045655: Current learning rate: 0.0019
2026-08-27 07:16:43.707896: train_loss -0.7418
2026-08-27 07:16:43.709611: val_loss -0.9
2026-08-27 07:16:43.710658: Pseudo dice [np.float32(0.9203), np.float32(0.8937), np.float32(0.9373)]
2026-08-27 07:16:43.711593: Epoch time: 44.67 s
2026-08-27 07:16:44.500726: 
2026-08-27 07:16:44.501883: Epoch 843
2026-08-27 07:16:44.502774: Current learning rate: 0.00189
2026-08-27 07:17:29.126078: train_loss -0.7401
2026-08-27 07:17:29.127445: val_loss -0.8999
2026-08-27 07:17:29.128572: Pseudo dice [np.float32(0.9208), np.float32(0.8909), np.float32(0.9365)]
2026-08-27 07:17:29.129390: Epoch time: 44.63 s
2026-08-27 07:17:29.911483: 
2026-08-27 07:17:29.912837: Epoch 844
2026-08-27 07:17:29.913993: Current learning rate: 0.00188
2026-08-27 07:18:14.574576: train_loss -0.7388
2026-08-27 07:18:14.576097: val_loss -0.8975
2026-08-27 07:18:14.576964: Pseudo dice [np.float32(0.9174), np.float32(0.889), np.float32(0.9331)]
2026-08-27 07:18:14.577976: Epoch time: 44.67 s
2026-08-27 07:18:15.359681: 
2026-08-27 07:18:15.360878: Epoch 845
2026-08-27 07:18:15.361742: Current learning rate: 0.00187
2026-08-27 07:19:00.132023: train_loss -0.7394
2026-08-27 07:19:00.133932: val_loss -0.8997
2026-08-27 07:19:00.134924: Pseudo dice [np.float32(0.9137), np.float32(0.8949), np.float32(0.9351)]
2026-08-27 07:19:00.135908: Epoch time: 44.77 s
2026-08-27 07:19:00.914503: 
2026-08-27 07:19:00.915754: Epoch 846
2026-08-27 07:19:00.916647: Current learning rate: 0.00186
2026-08-27 07:19:45.612321: train_loss -0.7406
2026-08-27 07:19:45.626325: val_loss -0.8887
2026-08-27 07:19:45.627198: Pseudo dice [np.float32(0.9102), np.float32(0.8868), np.float32(0.9307)]
2026-08-27 07:19:45.628238: Epoch time: 44.7 s
2026-08-27 07:19:46.415889: 
2026-08-27 07:19:46.417294: Epoch 847
2026-08-27 07:19:46.418218: Current learning rate: 0.00185
2026-08-27 07:20:31.181647: train_loss -0.7474
2026-08-27 07:20:31.183192: val_loss -0.8946
2026-08-27 07:20:31.184153: Pseudo dice [np.float32(0.9118), np.float32(0.8883), np.float32(0.9331)]
2026-08-27 07:20:31.185098: Epoch time: 44.77 s
2026-08-27 07:20:31.967442: 
2026-08-27 07:20:31.968900: Epoch 848
2026-08-27 07:20:31.969894: Current learning rate: 0.00184
2026-08-27 07:21:16.931006: train_loss -0.7446
2026-08-27 07:21:16.933176: val_loss -0.8997
2026-08-27 07:21:16.934226: Pseudo dice [np.float32(0.917), np.float32(0.8947), np.float32(0.937)]
2026-08-27 07:21:16.935339: Epoch time: 44.97 s
2026-08-27 07:21:17.744620: 
2026-08-27 07:21:17.746095: Epoch 849
2026-08-27 07:21:17.747213: Current learning rate: 0.00182
2026-08-27 07:22:02.586792: train_loss -0.7415
2026-08-27 07:22:02.588825: val_loss -0.9023
2026-08-27 07:22:02.589828: Pseudo dice [np.float32(0.916), np.float32(0.894), np.float32(0.9369)]
2026-08-27 07:22:02.590850: Epoch time: 44.85 s
2026-08-27 07:22:04.849723: 
2026-08-27 07:22:04.851215: Epoch 850
2026-08-27 07:22:04.852363: Current learning rate: 0.00181
2026-08-27 07:22:49.629456: train_loss -0.7362
2026-08-27 07:22:49.631084: val_loss -0.8983
2026-08-27 07:22:49.631961: Pseudo dice [np.float32(0.9191), np.float32(0.8911), np.float32(0.9343)]
2026-08-27 07:22:49.632930: Epoch time: 44.78 s
2026-08-27 07:22:50.714273: 
2026-08-27 07:22:50.715474: Epoch 851
2026-08-27 07:22:50.716560: Current learning rate: 0.0018
2026-08-27 07:23:36.358192: train_loss -0.7357
2026-08-27 07:23:36.359962: val_loss -0.9023
2026-08-27 07:23:36.360963: Pseudo dice [np.float32(0.9249), np.float32(0.8927), np.float32(0.9369)]
2026-08-27 07:23:36.361880: Epoch time: 45.65 s
2026-08-27 07:23:37.156627: 
2026-08-27 07:23:37.157946: Epoch 852
2026-08-27 07:23:37.158812: Current learning rate: 0.00179
2026-08-27 07:24:21.743227: train_loss -0.7318
2026-08-27 07:24:21.744967: val_loss -0.8913
2026-08-27 07:24:21.745941: Pseudo dice [np.float32(0.9115), np.float32(0.8885), np.float32(0.9298)]
2026-08-27 07:24:21.746839: Epoch time: 44.59 s
2026-08-27 07:24:22.534326: 
2026-08-27 07:24:22.535595: Epoch 853
2026-08-27 07:24:22.536626: Current learning rate: 0.00178
2026-08-27 07:25:07.310484: train_loss -0.7391
2026-08-27 07:25:07.312364: val_loss -0.9003
2026-08-27 07:25:07.313302: Pseudo dice [np.float32(0.9148), np.float32(0.891), np.float32(0.9342)]
2026-08-27 07:25:07.314159: Epoch time: 44.78 s
2026-08-27 07:25:08.280415: 
2026-08-27 07:25:08.281588: Epoch 854
2026-08-27 07:25:08.282535: Current learning rate: 0.00177
2026-08-27 07:25:53.355974: train_loss -0.7438
2026-08-27 07:25:53.357791: val_loss -0.9023
2026-08-27 07:25:53.358822: Pseudo dice [np.float32(0.9188), np.float32(0.8927), np.float32(0.9389)]
2026-08-27 07:25:53.359747: Epoch time: 45.08 s
2026-08-27 07:25:54.144982: 
2026-08-27 07:25:54.146317: Epoch 855
2026-08-27 07:25:54.147279: Current learning rate: 0.00176
2026-08-27 07:26:38.893801: train_loss -0.7431
2026-08-27 07:26:38.895582: val_loss -0.8992
2026-08-27 07:26:38.896768: Pseudo dice [np.float32(0.9172), np.float32(0.8881), np.float32(0.9342)]
2026-08-27 07:26:38.897992: Epoch time: 44.75 s
2026-08-27 07:26:39.676138: 
2026-08-27 07:26:39.677281: Epoch 856
2026-08-27 07:26:39.678255: Current learning rate: 0.00175
2026-08-27 07:27:24.155788: train_loss -0.7489
2026-08-27 07:27:24.157574: val_loss -0.9059
2026-08-27 07:27:24.159007: Pseudo dice [np.float32(0.9221), np.float32(0.8945), np.float32(0.9381)]
2026-08-27 07:27:24.160191: Epoch time: 44.48 s
2026-08-27 07:27:24.939623: 
2026-08-27 07:27:24.941018: Epoch 857
2026-08-27 07:27:24.942034: Current learning rate: 0.00174
2026-08-27 07:28:09.848345: train_loss -0.7363
2026-08-27 07:28:09.850148: val_loss -0.8997
2026-08-27 07:28:09.851067: Pseudo dice [np.float32(0.9202), np.float32(0.8896), np.float32(0.9328)]
2026-08-27 07:28:09.852044: Epoch time: 44.91 s
2026-08-27 07:28:10.626411: 
2026-08-27 07:28:10.627822: Epoch 858
2026-08-27 07:28:10.628940: Current learning rate: 0.00173
2026-08-27 07:28:55.827850: train_loss -0.7358
2026-08-27 07:28:55.829429: val_loss -0.9016
2026-08-27 07:28:55.830523: Pseudo dice [np.float32(0.9213), np.float32(0.8942), np.float32(0.9368)]
2026-08-27 07:28:55.831605: Epoch time: 45.2 s
2026-08-27 07:28:55.832525: Yayy! New best EMA pseudo Dice: 0.9146999716758728
2026-08-27 07:28:57.948771: 
2026-08-27 07:28:57.950098: Epoch 859
2026-08-27 07:28:57.951123: Current learning rate: 0.00172
2026-08-27 07:29:42.821133: train_loss -0.7337
2026-08-27 07:29:42.822772: val_loss -0.8985
2026-08-27 07:29:42.823792: Pseudo dice [np.float32(0.921), np.float32(0.889), np.float32(0.9373)]
2026-08-27 07:29:42.824621: Epoch time: 44.87 s
2026-08-27 07:29:42.825508: Yayy! New best EMA pseudo Dice: 0.9147999882698059
2026-08-27 07:29:44.846459: 
2026-08-27 07:29:44.847847: Epoch 860
2026-08-27 07:29:44.848814: Current learning rate: 0.0017
2026-08-27 07:30:30.270450: train_loss -0.7293
2026-08-27 07:30:30.272014: val_loss -0.8992
2026-08-27 07:30:30.272994: Pseudo dice [np.float32(0.9173), np.float32(0.8894), np.float32(0.9309)]
2026-08-27 07:30:30.273918: Epoch time: 45.43 s
2026-08-27 07:30:31.283150: 
2026-08-27 07:30:31.284422: Epoch 861
2026-08-27 07:30:31.285247: Current learning rate: 0.00169
2026-08-27 07:31:16.103978: train_loss -0.7439
2026-08-27 07:31:16.105953: val_loss -0.8979
2026-08-27 07:31:16.106910: Pseudo dice [np.float32(0.9181), np.float32(0.891), np.float32(0.9356)]
2026-08-27 07:31:16.107865: Epoch time: 44.82 s
2026-08-27 07:31:16.890773: 
2026-08-27 07:31:16.892126: Epoch 862
2026-08-27 07:31:16.892970: Current learning rate: 0.00168
2026-08-27 07:32:02.074248: train_loss -0.7436
2026-08-27 07:32:02.075853: val_loss -0.903
2026-08-27 07:32:02.076822: Pseudo dice [np.float32(0.9142), np.float32(0.8912), np.float32(0.9355)]
2026-08-27 07:32:02.077724: Epoch time: 45.19 s
2026-08-27 07:32:02.858224: 
2026-08-27 07:32:02.859528: Epoch 863
2026-08-27 07:32:02.860514: Current learning rate: 0.00167
2026-08-27 07:32:47.443878: train_loss -0.7458
2026-08-27 07:32:47.445780: val_loss -0.9003
2026-08-27 07:32:47.446684: Pseudo dice [np.float32(0.9158), np.float32(0.8885), np.float32(0.931)]
2026-08-27 07:32:47.447551: Epoch time: 44.59 s
2026-08-27 07:32:48.227627: 
2026-08-27 07:32:48.228846: Epoch 864
2026-08-27 07:32:48.229851: Current learning rate: 0.00166
2026-08-27 07:33:33.049136: train_loss -0.7403
2026-08-27 07:33:33.050934: val_loss -0.9002
2026-08-27 07:33:33.051904: Pseudo dice [np.float32(0.9179), np.float32(0.89), np.float32(0.9355)]
2026-08-27 07:33:33.052952: Epoch time: 44.82 s
2026-08-27 07:33:34.038097: 
2026-08-27 07:33:34.039722: Epoch 865
2026-08-27 07:33:34.040700: Current learning rate: 0.00165
2026-08-27 07:34:18.498722: train_loss -0.7464
2026-08-27 07:34:18.500391: val_loss -0.9004
2026-08-27 07:34:18.501350: Pseudo dice [np.float32(0.9214), np.float32(0.8906), np.float32(0.9362)]
2026-08-27 07:34:18.502170: Epoch time: 44.46 s
2026-08-27 07:34:19.288099: 
2026-08-27 07:34:19.289480: Epoch 866
2026-08-27 07:34:19.290393: Current learning rate: 0.00164
2026-08-27 07:35:03.988534: train_loss -0.7439
2026-08-27 07:35:03.990475: val_loss -0.9048
2026-08-27 07:35:03.991466: Pseudo dice [np.float32(0.9193), np.float32(0.892), np.float32(0.9357)]
2026-08-27 07:35:03.992334: Epoch time: 44.7 s
2026-08-27 07:35:04.765398: 
2026-08-27 07:35:04.766630: Epoch 867
2026-08-27 07:35:04.767616: Current learning rate: 0.00163
2026-08-27 07:35:49.327334: train_loss -0.7285
2026-08-27 07:35:49.328860: val_loss -0.9022
2026-08-27 07:35:49.329717: Pseudo dice [np.float32(0.922), np.float32(0.8935), np.float32(0.9402)]
2026-08-27 07:35:49.330678: Epoch time: 44.56 s
2026-08-27 07:35:49.331652: Yayy! New best EMA pseudo Dice: 0.9150000214576721
2026-08-27 07:35:51.411954: 
2026-08-27 07:35:51.413111: Epoch 868
2026-08-27 07:35:51.414067: Current learning rate: 0.00162
2026-08-27 07:36:36.136869: train_loss -0.7457
2026-08-27 07:36:36.138739: val_loss -0.8975
2026-08-27 07:36:36.139633: Pseudo dice [np.float32(0.9165), np.float32(0.8892), np.float32(0.9338)]
2026-08-27 07:36:36.140583: Epoch time: 44.73 s
2026-08-27 07:36:36.920984: 
2026-08-27 07:36:36.922060: Epoch 869
2026-08-27 07:36:36.923063: Current learning rate: 0.00161
2026-08-27 07:37:21.499338: train_loss -0.7473
2026-08-27 07:37:21.501241: val_loss -0.9055
2026-08-27 07:37:21.502242: Pseudo dice [np.float32(0.9225), np.float32(0.8931), np.float32(0.9354)]
2026-08-27 07:37:21.503160: Epoch time: 44.58 s
2026-08-27 07:37:21.504012: Yayy! New best EMA pseudo Dice: 0.9150000214576721
2026-08-27 07:37:23.514596: 
2026-08-27 07:37:23.515879: Epoch 870
2026-08-27 07:37:23.516848: Current learning rate: 0.00159
2026-08-27 07:38:08.299026: train_loss -0.7425
2026-08-27 07:38:08.300820: val_loss -0.9061
2026-08-27 07:38:08.301805: Pseudo dice [np.float32(0.9204), np.float32(0.8958), np.float32(0.9375)]
2026-08-27 07:38:08.302740: Epoch time: 44.79 s
2026-08-27 07:38:08.303781: Yayy! New best EMA pseudo Dice: 0.9153000116348267
2026-08-27 07:38:10.649844: 
2026-08-27 07:38:10.651085: Epoch 871
2026-08-27 07:38:10.651915: Current learning rate: 0.00158
2026-08-27 07:38:55.372443: train_loss -0.7506
2026-08-27 07:38:55.374544: val_loss -0.9011
2026-08-27 07:38:55.375734: Pseudo dice [np.float32(0.9175), np.float32(0.8934), np.float32(0.9345)]
2026-08-27 07:38:55.376663: Epoch time: 44.72 s
2026-08-27 07:38:56.175403: 
2026-08-27 07:38:56.177053: Epoch 872
2026-08-27 07:38:56.178355: Current learning rate: 0.00157
2026-08-27 07:39:40.871288: train_loss -0.7482
2026-08-27 07:39:40.873050: val_loss -0.9091
2026-08-27 07:39:40.874016: Pseudo dice [np.float32(0.9275), np.float32(0.8964), np.float32(0.9408)]
2026-08-27 07:39:40.874905: Epoch time: 44.7 s
2026-08-27 07:39:40.875776: Yayy! New best EMA pseudo Dice: 0.9158999919891357
2026-08-27 07:39:42.940845: 
2026-08-27 07:39:42.942185: Epoch 873
2026-08-27 07:39:42.943081: Current learning rate: 0.00156
2026-08-27 07:40:27.693193: train_loss -0.7554
2026-08-27 07:40:27.707035: val_loss -0.9038
2026-08-27 07:40:27.708072: Pseudo dice [np.float32(0.9187), np.float32(0.8921), np.float32(0.9361)]
2026-08-27 07:40:27.709003: Epoch time: 44.75 s
2026-08-27 07:40:28.476736: 
2026-08-27 07:40:28.477910: Epoch 874
2026-08-27 07:40:28.478895: Current learning rate: 0.00155
2026-08-27 07:41:13.561928: train_loss -0.7427
2026-08-27 07:41:13.563728: val_loss -0.9011
2026-08-27 07:41:13.564844: Pseudo dice [np.float32(0.9198), np.float32(0.895), np.float32(0.9354)]
2026-08-27 07:41:13.565877: Epoch time: 45.09 s
2026-08-27 07:41:13.566766: Yayy! New best EMA pseudo Dice: 0.9160000085830688
2026-08-27 07:41:15.559176: 
2026-08-27 07:41:15.560314: Epoch 875
2026-08-27 07:41:15.561234: Current learning rate: 0.00154
2026-08-27 07:42:00.438733: train_loss -0.7554
2026-08-27 07:42:00.440495: val_loss -0.9062
2026-08-27 07:42:00.441391: Pseudo dice [np.float32(0.9199), np.float32(0.8962), np.float32(0.9362)]
2026-08-27 07:42:00.442286: Epoch time: 44.88 s
2026-08-27 07:42:00.443248: Yayy! New best EMA pseudo Dice: 0.916100025177002
2026-08-27 07:42:02.470183: 
2026-08-27 07:42:02.471770: Epoch 876
2026-08-27 07:42:02.472688: Current learning rate: 0.00153
2026-08-27 07:42:47.036101: train_loss -0.7515
2026-08-27 07:42:47.037614: val_loss -0.8996
2026-08-27 07:42:47.038466: Pseudo dice [np.float32(0.9188), np.float32(0.8873), np.float32(0.9358)]
2026-08-27 07:42:47.039300: Epoch time: 44.57 s
2026-08-27 07:42:47.805837: 
2026-08-27 07:42:47.807090: Epoch 877
2026-08-27 07:42:47.807939: Current learning rate: 0.00152
2026-08-27 07:43:32.544966: train_loss -0.7374
2026-08-27 07:43:32.546783: val_loss -0.9066
2026-08-27 07:43:32.547690: Pseudo dice [np.float32(0.9218), np.float32(0.8968), np.float32(0.9392)]
2026-08-27 07:43:32.548735: Epoch time: 44.74 s
2026-08-27 07:43:32.549793: Yayy! New best EMA pseudo Dice: 0.9161999821662903
2026-08-27 07:43:34.758579: 
2026-08-27 07:43:34.759919: Epoch 878
2026-08-27 07:43:34.761034: Current learning rate: 0.00151
2026-08-27 07:44:19.433354: train_loss -0.7428
2026-08-27 07:44:19.435362: val_loss -0.9059
2026-08-27 07:44:19.436312: Pseudo dice [np.float32(0.9218), np.float32(0.8944), np.float32(0.939)]
2026-08-27 07:44:19.437219: Epoch time: 44.68 s
2026-08-27 07:44:19.438089: Yayy! New best EMA pseudo Dice: 0.9164999723434448
2026-08-27 07:44:21.443880: 
2026-08-27 07:44:21.445305: Epoch 879
2026-08-27 07:44:21.446373: Current learning rate: 0.00149
2026-08-27 07:45:07.943399: train_loss -0.7402
2026-08-27 07:45:07.944993: val_loss -0.9044
2026-08-27 07:45:07.945930: Pseudo dice [np.float32(0.9227), np.float32(0.8967), np.float32(0.9404)]
2026-08-27 07:45:07.946747: Epoch time: 46.5 s
2026-08-27 07:45:07.947703: Yayy! New best EMA pseudo Dice: 0.9168000221252441
2026-08-27 07:45:09.989713: 
2026-08-27 07:45:09.990914: Epoch 880
2026-08-27 07:45:09.991703: Current learning rate: 0.00148
2026-08-27 07:45:54.555887: train_loss -0.7502
2026-08-27 07:45:54.557975: val_loss -0.8985
2026-08-27 07:45:54.558919: Pseudo dice [np.float32(0.9207), np.float32(0.8952), np.float32(0.9405)]
2026-08-27 07:45:54.560207: Epoch time: 44.57 s
2026-08-27 07:45:54.561234: Yayy! New best EMA pseudo Dice: 0.9169999957084656
2026-08-27 07:45:56.591356: 
2026-08-27 07:45:56.592854: Epoch 881
2026-08-27 07:45:56.593987: Current learning rate: 0.00147
2026-08-27 07:46:41.269611: train_loss -0.7527
2026-08-27 07:46:41.271263: val_loss -0.8997
2026-08-27 07:46:41.272150: Pseudo dice [np.float32(0.9181), np.float32(0.8932), np.float32(0.9355)]
2026-08-27 07:46:41.272984: Epoch time: 44.68 s
2026-08-27 07:46:42.068782: 
2026-08-27 07:46:42.070374: Epoch 882
2026-08-27 07:46:42.071259: Current learning rate: 0.00146
2026-08-27 07:47:26.496318: train_loss -0.7398
2026-08-27 07:47:26.498423: val_loss -0.9052
2026-08-27 07:47:26.499352: Pseudo dice [np.float32(0.9215), np.float32(0.8941), np.float32(0.9369)]
2026-08-27 07:47:26.500361: Epoch time: 44.43 s
2026-08-27 07:47:27.272795: 
2026-08-27 07:47:27.274054: Epoch 883
2026-08-27 07:47:27.275043: Current learning rate: 0.00145
2026-08-27 07:48:11.775885: train_loss -0.7511
2026-08-27 07:48:11.777725: val_loss -0.8953
2026-08-27 07:48:11.778895: Pseudo dice [np.float32(0.9137), np.float32(0.8872), np.float32(0.9338)]
2026-08-27 07:48:11.779877: Epoch time: 44.51 s
2026-08-27 07:48:12.548001: 
2026-08-27 07:48:12.549311: Epoch 884
2026-08-27 07:48:12.550325: Current learning rate: 0.00144
2026-08-27 07:48:57.789275: train_loss -0.7412
2026-08-27 07:48:57.790945: val_loss -0.9052
2026-08-27 07:48:57.791887: Pseudo dice [np.float32(0.9207), np.float32(0.8933), np.float32(0.9415)]
2026-08-27 07:48:57.793161: Epoch time: 45.24 s
2026-08-27 07:48:58.571237: 
2026-08-27 07:48:58.572319: Epoch 885
2026-08-27 07:48:58.573294: Current learning rate: 0.00143
2026-08-27 07:49:43.169490: train_loss -0.7423
2026-08-27 07:49:43.171164: val_loss -0.9035
2026-08-27 07:49:43.172100: Pseudo dice [np.float32(0.9245), np.float32(0.8963), np.float32(0.9398)]
2026-08-27 07:49:43.172953: Epoch time: 44.6 s
2026-08-27 07:49:43.936305: 
2026-08-27 07:49:43.937366: Epoch 886
2026-08-27 07:49:43.938296: Current learning rate: 0.00142
2026-08-27 07:50:28.548625: train_loss -0.7486
2026-08-27 07:50:28.550679: val_loss -0.9017
2026-08-27 07:50:28.551623: Pseudo dice [np.float32(0.9208), np.float32(0.8935), np.float32(0.9367)]
2026-08-27 07:50:28.552580: Epoch time: 44.61 s
2026-08-27 07:50:29.322535: 
2026-08-27 07:50:29.323644: Epoch 887
2026-08-27 07:50:29.324471: Current learning rate: 0.00141
2026-08-27 07:51:13.896023: train_loss -0.7441
2026-08-27 07:51:13.897668: val_loss -0.9046
2026-08-27 07:51:13.898550: Pseudo dice [np.float32(0.9202), np.float32(0.8919), np.float32(0.9392)]
2026-08-27 07:51:13.899432: Epoch time: 44.58 s
2026-08-27 07:51:14.677288: 
2026-08-27 07:51:14.678641: Epoch 888
2026-08-27 07:51:14.679545: Current learning rate: 0.00139
2026-08-27 07:51:59.184668: train_loss -0.7573
2026-08-27 07:51:59.186198: val_loss -0.9015
2026-08-27 07:51:59.187046: Pseudo dice [np.float32(0.9162), np.float32(0.8928), np.float32(0.9369)]
2026-08-27 07:51:59.188006: Epoch time: 44.51 s
2026-08-27 07:51:59.960843: 
2026-08-27 07:51:59.962186: Epoch 889
2026-08-27 07:51:59.963151: Current learning rate: 0.00138
2026-08-27 07:52:44.854354: train_loss -0.7459
2026-08-27 07:52:44.856235: val_loss -0.9001
2026-08-27 07:52:44.857200: Pseudo dice [np.float32(0.9165), np.float32(0.8941), np.float32(0.9339)]
2026-08-27 07:52:44.858038: Epoch time: 44.9 s
2026-08-27 07:52:45.716527: 
2026-08-27 07:52:45.717899: Epoch 890
2026-08-27 07:52:45.719043: Current learning rate: 0.00137
2026-08-27 07:53:30.160401: train_loss -0.7457
2026-08-27 07:53:30.161874: val_loss -0.9054
2026-08-27 07:53:30.162924: Pseudo dice [np.float32(0.9204), np.float32(0.8937), np.float32(0.9386)]
2026-08-27 07:53:30.163891: Epoch time: 44.45 s
2026-08-27 07:53:30.936977: 
2026-08-27 07:53:30.938475: Epoch 891
2026-08-27 07:53:30.939357: Current learning rate: 0.00136
2026-08-27 07:54:15.378885: train_loss -0.748
2026-08-27 07:54:15.380607: val_loss -0.9094
2026-08-27 07:54:15.381531: Pseudo dice [np.float32(0.9232), np.float32(0.8952), np.float32(0.9391)]
2026-08-27 07:54:15.382699: Epoch time: 44.44 s
2026-08-27 07:54:16.176231: 
2026-08-27 07:54:16.177950: Epoch 892
2026-08-27 07:54:16.179122: Current learning rate: 0.00135
2026-08-27 07:55:01.216434: train_loss -0.7526
2026-08-27 07:55:01.218172: val_loss -0.8985
2026-08-27 07:55:01.219113: Pseudo dice [np.float32(0.9166), np.float32(0.8915), np.float32(0.937)]
2026-08-27 07:55:01.220178: Epoch time: 45.04 s
2026-08-27 07:55:01.998618: 
2026-08-27 07:55:01.999903: Epoch 893
2026-08-27 07:55:02.000947: Current learning rate: 0.00134
2026-08-27 07:55:46.465136: train_loss -0.7453
2026-08-27 07:55:46.466921: val_loss -0.8977
2026-08-27 07:55:46.467890: Pseudo dice [np.float32(0.9162), np.float32(0.8907), np.float32(0.9355)]
2026-08-27 07:55:46.469042: Epoch time: 44.47 s
2026-08-27 07:55:47.248487: 
2026-08-27 07:55:47.249767: Epoch 894
2026-08-27 07:55:47.250909: Current learning rate: 0.00133
2026-08-27 07:56:31.770853: train_loss -0.7453
2026-08-27 07:56:31.772771: val_loss -0.9003
2026-08-27 07:56:31.773642: Pseudo dice [np.float32(0.9192), np.float32(0.8918), np.float32(0.9346)]
2026-08-27 07:56:31.774465: Epoch time: 44.52 s
2026-08-27 07:56:32.541889: 
2026-08-27 07:56:32.543333: Epoch 895
2026-08-27 07:56:32.544326: Current learning rate: 0.00132
2026-08-27 07:57:17.026137: train_loss -0.739
2026-08-27 07:57:17.027798: val_loss -0.9076
2026-08-27 07:57:17.028904: Pseudo dice [np.float32(0.9251), np.float32(0.896), np.float32(0.938)]
2026-08-27 07:57:17.029813: Epoch time: 44.49 s
2026-08-27 07:57:17.822844: 
2026-08-27 07:57:17.823921: Epoch 896
2026-08-27 07:57:17.824824: Current learning rate: 0.0013
2026-08-27 07:58:02.904886: train_loss -0.7466
2026-08-27 07:58:02.906648: val_loss -0.8994
2026-08-27 07:58:02.907780: Pseudo dice [np.float32(0.9219), np.float32(0.8896), np.float32(0.9372)]
2026-08-27 07:58:02.908866: Epoch time: 45.08 s
2026-08-27 07:58:03.694801: 
2026-08-27 07:58:03.696241: Epoch 897
2026-08-27 07:58:03.697325: Current learning rate: 0.00129
2026-08-27 07:58:48.397572: train_loss -0.7441
2026-08-27 07:58:48.399185: val_loss -0.901
2026-08-27 07:58:48.400359: Pseudo dice [np.float32(0.9224), np.float32(0.8955), np.float32(0.94)]
2026-08-27 07:58:48.401392: Epoch time: 44.71 s
2026-08-27 07:58:49.167588: 
2026-08-27 07:58:49.168930: Epoch 898
2026-08-27 07:58:49.169975: Current learning rate: 0.00128
2026-08-27 07:59:33.679214: train_loss -0.7368
2026-08-27 07:59:33.681047: val_loss -0.9001
2026-08-27 07:59:33.681942: Pseudo dice [np.float32(0.9228), np.float32(0.8958), np.float32(0.9387)]
2026-08-27 07:59:33.682827: Epoch time: 44.51 s
2026-08-27 07:59:33.683983: Yayy! New best EMA pseudo Dice: 0.9171000123023987
2026-08-27 07:59:35.797885: 
2026-08-27 07:59:35.799230: Epoch 899
2026-08-27 07:59:35.800138: Current learning rate: 0.00127
2026-08-27 08:00:20.706947: train_loss -0.7408
2026-08-27 08:00:20.708720: val_loss -0.9057
2026-08-27 08:00:20.709781: Pseudo dice [np.float32(0.9186), np.float32(0.8937), np.float32(0.9415)]
2026-08-27 08:00:20.710707: Epoch time: 44.91 s
2026-08-27 08:00:22.319820: Yayy! New best EMA pseudo Dice: 0.9172000288963318
2026-08-27 08:00:24.335179: 
2026-08-27 08:00:24.337061: Epoch 900
2026-08-27 08:00:24.338379: Current learning rate: 0.00126
2026-08-27 08:01:08.918142: train_loss -0.7477
2026-08-27 08:01:08.930865: val_loss -0.8984
2026-08-27 08:01:08.931972: Pseudo dice [np.float32(0.9192), np.float32(0.8939), np.float32(0.9352)]
2026-08-27 08:01:08.932827: Epoch time: 44.59 s
2026-08-27 08:01:09.752505: 
2026-08-27 08:01:09.754042: Epoch 901
2026-08-27 08:01:09.754975: Current learning rate: 0.00125
2026-08-27 08:01:54.500505: train_loss -0.7402
2026-08-27 08:01:54.502346: val_loss -0.8949
2026-08-27 08:01:54.503351: Pseudo dice [np.float32(0.9135), np.float32(0.886), np.float32(0.9354)]
2026-08-27 08:01:54.504168: Epoch time: 44.75 s
2026-08-27 08:01:55.278566: 
2026-08-27 08:01:55.279780: Epoch 902
2026-08-27 08:01:55.280644: Current learning rate: 0.00124
2026-08-27 08:02:40.025599: train_loss -0.7469
2026-08-27 08:02:40.027491: val_loss -0.9037
2026-08-27 08:02:40.028439: Pseudo dice [np.float32(0.9205), np.float32(0.893), np.float32(0.9375)]
2026-08-27 08:02:40.029517: Epoch time: 44.75 s
2026-08-27 08:02:40.804200: 
2026-08-27 08:02:40.805395: Epoch 903
2026-08-27 08:02:40.806411: Current learning rate: 0.00122
2026-08-27 08:03:25.344697: train_loss -0.7364
2026-08-27 08:03:25.346421: val_loss -0.8975
2026-08-27 08:03:25.347302: Pseudo dice [np.float32(0.9179), np.float32(0.8909), np.float32(0.9379)]
2026-08-27 08:03:25.348170: Epoch time: 44.54 s
2026-08-27 08:03:26.124005: 
2026-08-27 08:03:26.125377: Epoch 904
2026-08-27 08:03:26.126372: Current learning rate: 0.00121
2026-08-27 08:04:11.133951: train_loss -0.7297
2026-08-27 08:04:11.135685: val_loss -0.9048
2026-08-27 08:04:11.136535: Pseudo dice [np.float32(0.9197), np.float32(0.8951), np.float32(0.9353)]
2026-08-27 08:04:11.137372: Epoch time: 45.01 s
2026-08-27 08:04:11.920043: 
2026-08-27 08:04:11.921512: Epoch 905
2026-08-27 08:04:11.922806: Current learning rate: 0.0012
2026-08-27 08:04:56.779796: train_loss -0.7536
2026-08-27 08:04:56.782388: val_loss -0.9016
2026-08-27 08:04:56.783697: Pseudo dice [np.float32(0.9196), np.float32(0.8913), np.float32(0.9369)]
2026-08-27 08:04:56.784587: Epoch time: 44.86 s
2026-08-27 08:04:57.564047: 
2026-08-27 08:04:57.565140: Epoch 906
2026-08-27 08:04:57.565909: Current learning rate: 0.00119
2026-08-27 08:05:42.181114: train_loss -0.7488
2026-08-27 08:05:42.182992: val_loss -0.8983
2026-08-27 08:05:42.183935: Pseudo dice [np.float32(0.9197), np.float32(0.8933), np.float32(0.9411)]
2026-08-27 08:05:42.184895: Epoch time: 44.62 s
2026-08-27 08:05:42.965257: 
2026-08-27 08:05:42.966543: Epoch 907
2026-08-27 08:05:42.967565: Current learning rate: 0.00118
2026-08-27 08:06:27.841040: train_loss -0.7518
2026-08-27 08:06:27.842864: val_loss -0.9019
2026-08-27 08:06:27.843828: Pseudo dice [np.float32(0.9145), np.float32(0.8949), np.float32(0.9376)]
2026-08-27 08:06:27.844733: Epoch time: 44.88 s
2026-08-27 08:06:28.619845: 
2026-08-27 08:06:28.621175: Epoch 908
2026-08-27 08:06:28.622148: Current learning rate: 0.00117
2026-08-27 08:07:13.221496: train_loss -0.7431
2026-08-27 08:07:13.223118: val_loss -0.8991
2026-08-27 08:07:13.224071: Pseudo dice [np.float32(0.9244), np.float32(0.8966), np.float32(0.9412)]
2026-08-27 08:07:13.224939: Epoch time: 44.6 s
2026-08-27 08:07:14.003963: 
2026-08-27 08:07:14.005138: Epoch 909
2026-08-27 08:07:14.005950: Current learning rate: 0.00116
2026-08-27 08:07:58.674205: train_loss -0.7491
2026-08-27 08:07:58.675687: val_loss -0.9074
2026-08-27 08:07:58.676537: Pseudo dice [np.float32(0.9218), np.float32(0.8955), np.float32(0.9397)]
2026-08-27 08:07:58.677344: Epoch time: 44.67 s
2026-08-27 08:07:59.814682: 
2026-08-27 08:07:59.815940: Epoch 910
2026-08-27 08:07:59.817183: Current learning rate: 0.00115
2026-08-27 08:08:45.078445: train_loss -0.746
2026-08-27 08:08:45.080395: val_loss -0.9036
2026-08-27 08:08:45.081271: Pseudo dice [np.float32(0.9219), np.float32(0.8957), np.float32(0.9396)]
2026-08-27 08:08:45.082291: Epoch time: 45.27 s
2026-08-27 08:08:45.083148: Yayy! New best EMA pseudo Dice: 0.9172999858856201
2026-08-27 08:08:47.204936: 
2026-08-27 08:08:47.206141: Epoch 911
2026-08-27 08:08:47.206955: Current learning rate: 0.00113
2026-08-27 08:09:32.706251: train_loss -0.7437
2026-08-27 08:09:32.707968: val_loss -0.9067
2026-08-27 08:09:32.708913: Pseudo dice [np.float32(0.923), np.float32(0.8986), np.float32(0.9432)]
2026-08-27 08:09:32.709723: Epoch time: 45.5 s
2026-08-27 08:09:32.710899: Yayy! New best EMA pseudo Dice: 0.9178000092506409
2026-08-27 08:09:34.958961: 
2026-08-27 08:09:34.960202: Epoch 912
2026-08-27 08:09:34.961136: Current learning rate: 0.00112
2026-08-27 08:10:19.881272: train_loss -0.7513
2026-08-27 08:10:19.883046: val_loss -0.9016
2026-08-27 08:10:19.883976: Pseudo dice [np.float32(0.9213), np.float32(0.8896), np.float32(0.9373)]
2026-08-27 08:10:19.884972: Epoch time: 44.92 s
2026-08-27 08:10:20.883047: 
2026-08-27 08:10:20.884221: Epoch 913
2026-08-27 08:10:20.885196: Current learning rate: 0.00111
2026-08-27 08:11:05.541496: train_loss -0.7399
2026-08-27 08:11:05.543095: val_loss -0.9048
2026-08-27 08:11:05.544019: Pseudo dice [np.float32(0.9201), np.float32(0.8929), np.float32(0.9402)]
2026-08-27 08:11:05.544901: Epoch time: 44.66 s
2026-08-27 08:11:06.321069: 
2026-08-27 08:11:06.322608: Epoch 914
2026-08-27 08:11:06.323506: Current learning rate: 0.0011
2026-08-27 08:11:50.903612: train_loss -0.7376
2026-08-27 08:11:50.905200: val_loss -0.9
2026-08-27 08:11:50.906434: Pseudo dice [np.float32(0.9218), np.float32(0.8901), np.float32(0.936)]
2026-08-27 08:11:50.907316: Epoch time: 44.58 s
2026-08-27 08:11:51.682307: 
2026-08-27 08:11:51.683620: Epoch 915
2026-08-27 08:11:51.684656: Current learning rate: 0.00109
2026-08-27 08:12:36.149379: train_loss -0.7436
2026-08-27 08:12:36.150792: val_loss -0.9047
2026-08-27 08:12:36.151684: Pseudo dice [np.float32(0.9215), np.float32(0.8925), np.float32(0.9391)]
2026-08-27 08:12:36.152596: Epoch time: 44.47 s
2026-08-27 08:12:36.927420: 
2026-08-27 08:12:36.928725: Epoch 916
2026-08-27 08:12:36.929707: Current learning rate: 0.00108
2026-08-27 08:13:21.930860: train_loss -0.7378
2026-08-27 08:13:21.932696: val_loss -0.9023
2026-08-27 08:13:21.933653: Pseudo dice [np.float32(0.9221), np.float32(0.8943), np.float32(0.9354)]
2026-08-27 08:13:21.934943: Epoch time: 45.01 s
2026-08-27 08:13:22.721952: 
2026-08-27 08:13:22.723174: Epoch 917
2026-08-27 08:13:22.724207: Current learning rate: 0.00106
2026-08-27 08:14:07.241068: train_loss -0.7472
2026-08-27 08:14:07.242878: val_loss -0.9078
2026-08-27 08:14:07.243952: Pseudo dice [np.float32(0.9264), np.float32(0.8953), np.float32(0.9399)]
2026-08-27 08:14:07.244916: Epoch time: 44.52 s
2026-08-27 08:14:08.029407: 
2026-08-27 08:14:08.030797: Epoch 918
2026-08-27 08:14:08.032040: Current learning rate: 0.00105
2026-08-27 08:14:52.569053: train_loss -0.7386
2026-08-27 08:14:52.570861: val_loss -0.9024
2026-08-27 08:14:52.571710: Pseudo dice [np.float32(0.9234), np.float32(0.8931), np.float32(0.9373)]
2026-08-27 08:14:52.572607: Epoch time: 44.54 s
2026-08-27 08:14:52.573641: Yayy! New best EMA pseudo Dice: 0.9178000092506409
2026-08-27 08:14:54.642341: 
2026-08-27 08:14:54.644006: Epoch 919
2026-08-27 08:14:54.644985: Current learning rate: 0.00104
2026-08-27 08:15:39.556681: train_loss -0.7341
2026-08-27 08:15:39.558419: val_loss -0.8984
2026-08-27 08:15:39.559531: Pseudo dice [np.float32(0.9175), np.float32(0.8881), np.float32(0.9371)]
2026-08-27 08:15:39.560399: Epoch time: 44.92 s
2026-08-27 08:15:40.630880: 
2026-08-27 08:15:40.632527: Epoch 920
2026-08-27 08:15:40.633444: Current learning rate: 0.00103
2026-08-27 08:16:25.103492: train_loss -0.7447
2026-08-27 08:16:25.105701: val_loss -0.9012
2026-08-27 08:16:25.107237: Pseudo dice [np.float32(0.9184), np.float32(0.8928), np.float32(0.9374)]
2026-08-27 08:16:25.108473: Epoch time: 44.48 s
2026-08-27 08:16:25.903903: 
2026-08-27 08:16:25.905751: Epoch 921
2026-08-27 08:16:25.907469: Current learning rate: 0.00102
2026-08-27 08:17:10.638868: train_loss -0.7515
2026-08-27 08:17:10.640630: val_loss -0.8969
2026-08-27 08:17:10.641529: Pseudo dice [np.float32(0.9169), np.float32(0.8918), np.float32(0.9336)]
2026-08-27 08:17:10.642486: Epoch time: 44.74 s
2026-08-27 08:17:11.438706: 
2026-08-27 08:17:11.440281: Epoch 922
2026-08-27 08:17:11.441286: Current learning rate: 0.00101
2026-08-27 08:17:56.266866: train_loss -0.7461
2026-08-27 08:17:56.268475: val_loss -0.8984
2026-08-27 08:17:56.269380: Pseudo dice [np.float32(0.923), np.float32(0.8937), np.float32(0.9391)]
2026-08-27 08:17:56.270346: Epoch time: 44.83 s
2026-08-27 08:17:57.052517: 
2026-08-27 08:17:57.053825: Epoch 923
2026-08-27 08:17:57.054727: Current learning rate: 0.001
2026-08-27 08:18:42.130341: train_loss -0.7402
2026-08-27 08:18:42.132763: val_loss -0.8998
2026-08-27 08:18:42.133736: Pseudo dice [np.float32(0.9171), np.float32(0.8937), np.float32(0.9352)]
2026-08-27 08:18:42.134726: Epoch time: 45.08 s
2026-08-27 08:18:42.917906: 
2026-08-27 08:18:42.919121: Epoch 924
2026-08-27 08:18:42.920131: Current learning rate: 0.00098
2026-08-27 08:19:27.778429: train_loss -0.7529
2026-08-27 08:19:27.780051: val_loss -0.8928
2026-08-27 08:19:27.780976: Pseudo dice [np.float32(0.913), np.float32(0.8894), np.float32(0.9309)]
2026-08-27 08:19:27.781971: Epoch time: 44.86 s
2026-08-27 08:19:28.561613: 
2026-08-27 08:19:28.562903: Epoch 925
2026-08-27 08:19:28.563745: Current learning rate: 0.00097
2026-08-27 08:20:13.348365: train_loss -0.745
2026-08-27 08:20:13.350243: val_loss -0.9036
2026-08-27 08:20:13.351264: Pseudo dice [np.float32(0.9232), np.float32(0.8926), np.float32(0.9388)]
2026-08-27 08:20:13.352340: Epoch time: 44.79 s
2026-08-27 08:20:14.130806: 
2026-08-27 08:20:14.132602: Epoch 926
2026-08-27 08:20:14.134102: Current learning rate: 0.00096
2026-08-27 08:20:58.854414: train_loss -0.735
2026-08-27 08:20:58.856446: val_loss -0.8984
2026-08-27 08:20:58.857341: Pseudo dice [np.float32(0.9174), np.float32(0.892), np.float32(0.9374)]
2026-08-27 08:20:58.858234: Epoch time: 44.73 s
2026-08-27 08:20:59.635135: 
2026-08-27 08:20:59.636575: Epoch 927
2026-08-27 08:20:59.637661: Current learning rate: 0.00095
2026-08-27 08:21:44.384215: train_loss -0.7506
2026-08-27 08:21:44.397805: val_loss -0.8981
2026-08-27 08:21:44.398799: Pseudo dice [np.float32(0.9233), np.float32(0.8958), np.float32(0.9401)]
2026-08-27 08:21:44.399848: Epoch time: 44.75 s
2026-08-27 08:21:45.188523: 
2026-08-27 08:21:45.189848: Epoch 928
2026-08-27 08:21:45.190906: Current learning rate: 0.00094
2026-08-27 08:22:29.896467: train_loss -0.7528
2026-08-27 08:22:29.898664: val_loss -0.905
2026-08-27 08:22:29.899635: Pseudo dice [np.float32(0.9248), np.float32(0.8953), np.float32(0.9412)]
2026-08-27 08:22:29.900689: Epoch time: 44.71 s
2026-08-27 08:22:30.686345: 
2026-08-27 08:22:30.687990: Epoch 929
2026-08-27 08:22:30.689020: Current learning rate: 0.00092
2026-08-27 08:23:15.677686: train_loss -0.751
2026-08-27 08:23:15.679540: val_loss -0.9009
2026-08-27 08:23:15.680517: Pseudo dice [np.float32(0.9187), np.float32(0.89), np.float32(0.936)]
2026-08-27 08:23:15.681422: Epoch time: 44.99 s
2026-08-27 08:23:16.467610: 
2026-08-27 08:23:16.468858: Epoch 930
2026-08-27 08:23:16.469722: Current learning rate: 0.00091
2026-08-27 08:24:01.257799: train_loss -0.7445
2026-08-27 08:24:01.259811: val_loss -0.9089
2026-08-27 08:24:01.260732: Pseudo dice [np.float32(0.9236), np.float32(0.8949), np.float32(0.9412)]
2026-08-27 08:24:01.261669: Epoch time: 44.79 s
2026-08-27 08:24:02.281597: 
2026-08-27 08:24:02.283026: Epoch 931
2026-08-27 08:24:02.284227: Current learning rate: 0.0009
2026-08-27 08:24:47.249072: train_loss -0.7422
2026-08-27 08:24:47.250834: val_loss -0.9007
2026-08-27 08:24:47.251721: Pseudo dice [np.float32(0.9168), np.float32(0.8918), np.float32(0.9387)]
2026-08-27 08:24:47.252643: Epoch time: 44.97 s
2026-08-27 08:24:48.037496: 
2026-08-27 08:24:48.038741: Epoch 932
2026-08-27 08:24:48.039614: Current learning rate: 0.00089
2026-08-27 08:25:32.523529: train_loss -0.7419
2026-08-27 08:25:32.525178: val_loss -0.9033
2026-08-27 08:25:32.526093: Pseudo dice [np.float32(0.9242), np.float32(0.8951), np.float32(0.9392)]
2026-08-27 08:25:32.527226: Epoch time: 44.49 s
2026-08-27 08:25:33.311204: 
2026-08-27 08:25:33.312447: Epoch 933
2026-08-27 08:25:33.313545: Current learning rate: 0.00088
2026-08-27 08:26:18.069077: train_loss -0.7468
2026-08-27 08:26:18.070697: val_loss -0.9042
2026-08-27 08:26:18.071701: Pseudo dice [np.float32(0.9216), np.float32(0.8938), np.float32(0.9379)]
2026-08-27 08:26:18.072554: Epoch time: 44.76 s
2026-08-27 08:26:18.853164: 
2026-08-27 08:26:18.854598: Epoch 934
2026-08-27 08:26:18.855643: Current learning rate: 0.00087
2026-08-27 08:27:03.641883: train_loss -0.739
2026-08-27 08:27:03.643675: val_loss -0.909
2026-08-27 08:27:03.644789: Pseudo dice [np.float32(0.9262), np.float32(0.897), np.float32(0.9412)]
2026-08-27 08:27:03.645700: Epoch time: 44.79 s
2026-08-27 08:27:03.646645: Yayy! New best EMA pseudo Dice: 0.9178000092506409
2026-08-27 08:27:05.839150: 
2026-08-27 08:27:05.840398: Epoch 935
2026-08-27 08:27:05.841325: Current learning rate: 0.00085
2026-08-27 08:27:50.381872: train_loss -0.7474
2026-08-27 08:27:50.383597: val_loss -0.9089
2026-08-27 08:27:50.384526: Pseudo dice [np.float32(0.9238), np.float32(0.897), np.float32(0.9406)]
2026-08-27 08:27:50.385729: Epoch time: 44.55 s
2026-08-27 08:27:50.386639: Yayy! New best EMA pseudo Dice: 0.9179999828338623
2026-08-27 08:27:52.416499: 
2026-08-27 08:27:52.417995: Epoch 936
2026-08-27 08:27:52.418999: Current learning rate: 0.00084
2026-08-27 08:28:37.080320: train_loss -0.7456
2026-08-27 08:28:37.081906: val_loss -0.9084
2026-08-27 08:28:37.082796: Pseudo dice [np.float32(0.9241), np.float32(0.8951), np.float32(0.9407)]
2026-08-27 08:28:37.083627: Epoch time: 44.67 s
2026-08-27 08:28:37.084504: Yayy! New best EMA pseudo Dice: 0.9182000160217285
2026-08-27 08:28:39.081385: 
2026-08-27 08:28:39.082848: Epoch 937
2026-08-27 08:28:39.084012: Current learning rate: 0.00083
2026-08-27 08:29:24.074648: train_loss -0.745
2026-08-27 08:29:24.076679: val_loss -0.9041
2026-08-27 08:29:24.077583: Pseudo dice [np.float32(0.9219), np.float32(0.8958), np.float32(0.9358)]
2026-08-27 08:29:24.078537: Epoch time: 45.0 s
2026-08-27 08:29:24.867808: 
2026-08-27 08:29:24.869037: Epoch 938
2026-08-27 08:29:24.870119: Current learning rate: 0.00082
2026-08-27 08:30:09.613995: train_loss -0.7485
2026-08-27 08:30:09.615863: val_loss -0.905
2026-08-27 08:30:09.617170: Pseudo dice [np.float32(0.9186), np.float32(0.8978), np.float32(0.9388)]
2026-08-27 08:30:09.618166: Epoch time: 44.75 s
2026-08-27 08:30:10.464635: 
2026-08-27 08:30:10.465746: Epoch 939
2026-08-27 08:30:10.466549: Current learning rate: 0.00081
2026-08-27 08:30:55.004038: train_loss -0.7416
2026-08-27 08:30:55.005801: val_loss -0.9058
2026-08-27 08:30:55.006941: Pseudo dice [np.float32(0.9231), np.float32(0.8954), np.float32(0.9379)]
2026-08-27 08:30:55.008006: Epoch time: 44.54 s
2026-08-27 08:30:55.008857: Yayy! New best EMA pseudo Dice: 0.9182999730110168
2026-08-27 08:30:57.557714: 
2026-08-27 08:30:57.559022: Epoch 940
2026-08-27 08:30:57.560058: Current learning rate: 0.00079
2026-08-27 08:31:42.413613: train_loss -0.7487
2026-08-27 08:31:42.415295: val_loss -0.9056
2026-08-27 08:31:42.416227: Pseudo dice [np.float32(0.9196), np.float32(0.894), np.float32(0.9407)]
2026-08-27 08:31:42.417186: Epoch time: 44.86 s
2026-08-27 08:31:43.203919: 
2026-08-27 08:31:43.205126: Epoch 941
2026-08-27 08:31:43.205976: Current learning rate: 0.00078
2026-08-27 08:32:28.247293: train_loss -0.7351
2026-08-27 08:32:28.249097: val_loss -0.9005
2026-08-27 08:32:28.250078: Pseudo dice [np.float32(0.9185), np.float32(0.8933), np.float32(0.9368)]
2026-08-27 08:32:28.251114: Epoch time: 45.05 s
2026-08-27 08:32:29.027529: 
2026-08-27 08:32:29.028921: Epoch 942
2026-08-27 08:32:29.029950: Current learning rate: 0.00077
2026-08-27 08:33:13.646156: train_loss -0.75
2026-08-27 08:33:13.648008: val_loss -0.9032
2026-08-27 08:33:13.649072: Pseudo dice [np.float32(0.9227), np.float32(0.8992), np.float32(0.9415)]
2026-08-27 08:33:13.650074: Epoch time: 44.62 s
2026-08-27 08:33:13.650975: Yayy! New best EMA pseudo Dice: 0.91839998960495
2026-08-27 08:33:15.724705: 
2026-08-27 08:33:15.725999: Epoch 943
2026-08-27 08:33:15.726871: Current learning rate: 0.00076
2026-08-27 08:34:00.469051: train_loss -0.7367
2026-08-27 08:34:00.470882: val_loss -0.907
2026-08-27 08:34:00.471869: Pseudo dice [np.float32(0.9229), np.float32(0.8987), np.float32(0.941)]
2026-08-27 08:34:00.472700: Epoch time: 44.75 s
2026-08-27 08:34:00.473520: Yayy! New best EMA pseudo Dice: 0.9186000227928162
2026-08-27 08:34:02.458200: 
2026-08-27 08:34:02.459808: Epoch 944
2026-08-27 08:34:02.460707: Current learning rate: 0.00075
2026-08-27 08:34:46.893055: train_loss -0.7628
2026-08-27 08:34:46.894687: val_loss -0.9121
2026-08-27 08:34:46.895656: Pseudo dice [np.float32(0.9281), np.float32(0.9015), np.float32(0.944)]
2026-08-27 08:34:46.896776: Epoch time: 44.44 s
2026-08-27 08:34:46.897624: Yayy! New best EMA pseudo Dice: 0.9192000031471252
2026-08-27 08:34:48.891712: 
2026-08-27 08:34:48.892993: Epoch 945
2026-08-27 08:34:48.893981: Current learning rate: 0.00074
2026-08-27 08:35:33.397197: train_loss -0.7488
2026-08-27 08:35:33.398868: val_loss -0.9058
2026-08-27 08:35:33.399695: Pseudo dice [np.float32(0.9234), np.float32(0.8929), np.float32(0.9372)]
2026-08-27 08:35:33.400715: Epoch time: 44.51 s
2026-08-27 08:35:34.174236: 
2026-08-27 08:35:34.175575: Epoch 946
2026-08-27 08:35:34.176583: Current learning rate: 0.00072
2026-08-27 08:36:18.809085: train_loss -0.7494
2026-08-27 08:36:18.810848: val_loss -0.9066
2026-08-27 08:36:18.811816: Pseudo dice [np.float32(0.9236), np.float32(0.8939), np.float32(0.94)]
2026-08-27 08:36:18.812642: Epoch time: 44.64 s
2026-08-27 08:36:19.585202: 
2026-08-27 08:36:19.586700: Epoch 947
2026-08-27 08:36:19.587862: Current learning rate: 0.00071
2026-08-27 08:37:04.214970: train_loss -0.7494
2026-08-27 08:37:04.216617: val_loss -0.9039
2026-08-27 08:37:04.217732: Pseudo dice [np.float32(0.9235), np.float32(0.8967), np.float32(0.9404)]
2026-08-27 08:37:04.218796: Epoch time: 44.63 s
2026-08-27 08:37:04.996883: 
2026-08-27 08:37:04.998513: Epoch 948
2026-08-27 08:37:04.999508: Current learning rate: 0.0007
2026-08-27 08:37:49.669299: train_loss -0.7517
2026-08-27 08:37:49.670892: val_loss -0.9067
2026-08-27 08:37:49.671841: Pseudo dice [np.float32(0.9228), np.float32(0.8967), np.float32(0.941)]
2026-08-27 08:37:49.672750: Epoch time: 44.67 s
2026-08-27 08:37:49.673555: Yayy! New best EMA pseudo Dice: 0.9193000197410583
2026-08-27 08:37:51.701923: 
2026-08-27 08:37:51.703730: Epoch 949
2026-08-27 08:37:51.704982: Current learning rate: 0.00069
2026-08-27 08:38:36.745871: train_loss -0.7334
2026-08-27 08:38:36.747644: val_loss -0.9017
2026-08-27 08:38:36.748655: Pseudo dice [np.float32(0.9175), np.float32(0.8916), np.float32(0.9346)]
2026-08-27 08:38:36.749503: Epoch time: 45.05 s
2026-08-27 08:38:38.894274: 
2026-08-27 08:38:38.895411: Epoch 950
2026-08-27 08:38:38.896194: Current learning rate: 0.00067
2026-08-27 08:39:23.381684: train_loss -0.7578
2026-08-27 08:39:23.383902: val_loss -0.905
2026-08-27 08:39:23.384962: Pseudo dice [np.float32(0.9275), np.float32(0.8982), np.float32(0.9439)]
2026-08-27 08:39:23.386140: Epoch time: 44.49 s
2026-08-27 08:39:24.163146: 
2026-08-27 08:39:24.164349: Epoch 951
2026-08-27 08:39:24.165216: Current learning rate: 0.00066
2026-08-27 08:40:09.006677: train_loss -0.744
2026-08-27 08:40:09.008335: val_loss -0.9075
2026-08-27 08:40:09.009454: Pseudo dice [np.float32(0.9241), np.float32(0.8922), np.float32(0.9419)]
2026-08-27 08:40:09.010391: Epoch time: 44.85 s
2026-08-27 08:40:09.793678: 
2026-08-27 08:40:09.794880: Epoch 952
2026-08-27 08:40:09.795962: Current learning rate: 0.00065
2026-08-27 08:40:54.533675: train_loss -0.747
2026-08-27 08:40:54.535648: val_loss -0.909
2026-08-27 08:40:54.536624: Pseudo dice [np.float32(0.9226), np.float32(0.8984), np.float32(0.9413)]
2026-08-27 08:40:54.537595: Epoch time: 44.74 s
2026-08-27 08:40:54.538473: Yayy! New best EMA pseudo Dice: 0.9193999767303467
2026-08-27 08:40:56.618553: 
2026-08-27 08:40:56.619760: Epoch 953
2026-08-27 08:40:56.620790: Current learning rate: 0.00064
2026-08-27 08:41:42.094116: train_loss -0.7485
2026-08-27 08:41:42.095618: val_loss -0.9017
2026-08-27 08:41:42.096597: Pseudo dice [np.float32(0.9185), np.float32(0.895), np.float32(0.9376)]
2026-08-27 08:41:42.097637: Epoch time: 45.48 s
2026-08-27 08:41:42.885746: 
2026-08-27 08:41:42.887046: Epoch 954
2026-08-27 08:41:42.888041: Current learning rate: 0.00063
2026-08-27 08:42:27.375312: train_loss -0.7456
2026-08-27 08:42:27.391504: val_loss -0.9074
2026-08-27 08:42:27.393433: Pseudo dice [np.float32(0.9262), np.float32(0.8941), np.float32(0.9374)]
2026-08-27 08:42:27.395249: Epoch time: 44.49 s
2026-08-27 08:42:28.179234: 
2026-08-27 08:42:28.180476: Epoch 955
2026-08-27 08:42:28.181346: Current learning rate: 0.00061
2026-08-27 08:43:12.968389: train_loss -0.7567
2026-08-27 08:43:12.970146: val_loss -0.8953
2026-08-27 08:43:12.971125: Pseudo dice [np.float32(0.9179), np.float32(0.8925), np.float32(0.9374)]
2026-08-27 08:43:12.971956: Epoch time: 44.79 s
2026-08-27 08:43:13.763709: 
2026-08-27 08:43:13.765266: Epoch 956
2026-08-27 08:43:13.766175: Current learning rate: 0.0006
2026-08-27 08:43:58.766234: train_loss -0.7534
2026-08-27 08:43:58.768035: val_loss -0.9037
2026-08-27 08:43:58.768970: Pseudo dice [np.float32(0.9227), np.float32(0.8912), np.float32(0.9378)]
2026-08-27 08:43:58.769902: Epoch time: 45.0 s
2026-08-27 08:43:59.564057: 
2026-08-27 08:43:59.565388: Epoch 957
2026-08-27 08:43:59.566327: Current learning rate: 0.00059
2026-08-27 08:44:44.207568: train_loss -0.7536
2026-08-27 08:44:44.209386: val_loss -0.9022
2026-08-27 08:44:44.210634: Pseudo dice [np.float32(0.9157), np.float32(0.8949), np.float32(0.9357)]
2026-08-27 08:44:44.211725: Epoch time: 44.65 s
2026-08-27 08:44:44.994875: 
2026-08-27 08:44:44.996219: Epoch 958
2026-08-27 08:44:44.997234: Current learning rate: 0.00058
2026-08-27 08:45:29.706854: train_loss -0.7464
2026-08-27 08:45:29.708670: val_loss -0.9052
2026-08-27 08:45:29.709535: Pseudo dice [np.float32(0.9237), np.float32(0.8935), np.float32(0.9392)]
2026-08-27 08:45:29.710436: Epoch time: 44.71 s
2026-08-27 08:45:30.732745: 
2026-08-27 08:45:30.734256: Epoch 959
2026-08-27 08:45:30.735330: Current learning rate: 0.00056
2026-08-27 08:46:15.584968: train_loss -0.7422
2026-08-27 08:46:15.586845: val_loss -0.9064
2026-08-27 08:46:15.587747: Pseudo dice [np.float32(0.9246), np.float32(0.8947), np.float32(0.9381)]
2026-08-27 08:46:15.588649: Epoch time: 44.85 s
2026-08-27 08:46:16.382926: 
2026-08-27 08:46:16.384241: Epoch 960
2026-08-27 08:46:16.385134: Current learning rate: 0.00055
2026-08-27 08:47:01.572064: train_loss -0.7507
2026-08-27 08:47:01.573903: val_loss -0.9048
2026-08-27 08:47:01.575326: Pseudo dice [np.float32(0.9212), np.float32(0.8964), np.float32(0.9379)]
2026-08-27 08:47:01.576668: Epoch time: 45.19 s
2026-08-27 08:47:02.360325: 
2026-08-27 08:47:02.361675: Epoch 961
2026-08-27 08:47:02.362693: Current learning rate: 0.00054
2026-08-27 08:47:46.993572: train_loss -0.753
2026-08-27 08:47:46.995178: val_loss -0.9083
2026-08-27 08:47:46.996125: Pseudo dice [np.float32(0.9263), np.float32(0.8969), np.float32(0.9417)]
2026-08-27 08:47:46.997199: Epoch time: 44.64 s
2026-08-27 08:47:47.780631: 
2026-08-27 08:47:47.782147: Epoch 962
2026-08-27 08:47:47.783254: Current learning rate: 0.00053
2026-08-27 08:48:32.806520: train_loss -0.7428
2026-08-27 08:48:32.808436: val_loss -0.9086
2026-08-27 08:48:32.809293: Pseudo dice [np.float32(0.9267), np.float32(0.8987), np.float32(0.9413)]
2026-08-27 08:48:32.810292: Epoch time: 45.03 s
2026-08-27 08:48:33.609529: 
2026-08-27 08:48:33.610709: Epoch 963
2026-08-27 08:48:33.611564: Current learning rate: 0.00051
2026-08-27 08:49:18.756001: train_loss -0.7421
2026-08-27 08:49:18.758022: val_loss -0.9092
2026-08-27 08:49:18.759341: Pseudo dice [np.float32(0.9249), np.float32(0.8971), np.float32(0.9413)]
2026-08-27 08:49:18.760183: Epoch time: 45.15 s
2026-08-27 08:49:19.543709: 
2026-08-27 08:49:19.545245: Epoch 964
2026-08-27 08:49:19.546412: Current learning rate: 0.0005
2026-08-27 08:50:03.992032: train_loss -0.7452
2026-08-27 08:50:03.993996: val_loss -0.9089
2026-08-27 08:50:03.994929: Pseudo dice [np.float32(0.9256), np.float32(0.8978), np.float32(0.9425)]
2026-08-27 08:50:03.996033: Epoch time: 44.45 s
2026-08-27 08:50:03.996875: Yayy! New best EMA pseudo Dice: 0.9196000099182129
2026-08-27 08:50:06.140018: 
2026-08-27 08:50:06.141228: Epoch 965
2026-08-27 08:50:06.142161: Current learning rate: 0.00049
2026-08-27 08:50:51.372323: train_loss -0.7581
2026-08-27 08:50:51.374052: val_loss -0.9046
2026-08-27 08:50:51.374985: Pseudo dice [np.float32(0.9195), np.float32(0.8969), np.float32(0.9377)]
2026-08-27 08:50:51.376154: Epoch time: 45.23 s
2026-08-27 08:50:52.158844: 
2026-08-27 08:50:52.160139: Epoch 966
2026-08-27 08:50:52.161042: Current learning rate: 0.00048
2026-08-27 08:51:36.630735: train_loss -0.7472
2026-08-27 08:51:36.632541: val_loss -0.9018
2026-08-27 08:51:36.633453: Pseudo dice [np.float32(0.9227), np.float32(0.8926), np.float32(0.9384)]
2026-08-27 08:51:36.634368: Epoch time: 44.47 s
2026-08-27 08:51:37.422953: 
2026-08-27 08:51:37.425513: Epoch 967
2026-08-27 08:51:37.427043: Current learning rate: 0.00046
2026-08-27 08:52:21.963788: train_loss -0.7452
2026-08-27 08:52:21.965741: val_loss -0.9056
2026-08-27 08:52:21.966643: Pseudo dice [np.float32(0.9244), np.float32(0.9002), np.float32(0.9422)]
2026-08-27 08:52:21.967736: Epoch time: 44.54 s
2026-08-27 08:52:22.757340: 
2026-08-27 08:52:22.758870: Epoch 968
2026-08-27 08:52:22.759828: Current learning rate: 0.00045
2026-08-27 08:53:07.180369: train_loss -0.7451
2026-08-27 08:53:07.181932: val_loss -0.9024
2026-08-27 08:53:07.182802: Pseudo dice [np.float32(0.9207), np.float32(0.8953), np.float32(0.937)]
2026-08-27 08:53:07.183868: Epoch time: 44.43 s
2026-08-27 08:53:07.965982: 
2026-08-27 08:53:07.967434: Epoch 969
2026-08-27 08:53:07.968446: Current learning rate: 0.00044
2026-08-27 08:53:54.274147: train_loss -0.7461
2026-08-27 08:53:54.275587: val_loss -0.9052
2026-08-27 08:53:54.276778: Pseudo dice [np.float32(0.9245), np.float32(0.8946), np.float32(0.9409)]
2026-08-27 08:53:54.277812: Epoch time: 46.31 s
2026-08-27 08:53:55.081716: 
2026-08-27 08:53:55.082841: Epoch 970
2026-08-27 08:53:55.083742: Current learning rate: 0.00043
2026-08-27 08:54:39.602941: train_loss -0.7493
2026-08-27 08:54:39.604831: val_loss -0.9116
2026-08-27 08:54:39.605905: Pseudo dice [np.float32(0.9264), np.float32(0.8979), np.float32(0.9429)]
2026-08-27 08:54:39.606898: Epoch time: 44.52 s
2026-08-27 08:54:39.607751: Yayy! New best EMA pseudo Dice: 0.919700026512146
2026-08-27 08:54:41.703537: 
2026-08-27 08:54:41.704690: Epoch 971
2026-08-27 08:54:41.705645: Current learning rate: 0.00041
2026-08-27 08:55:26.518121: train_loss -0.751
2026-08-27 08:55:26.519759: val_loss -0.9052
2026-08-27 08:55:26.520742: Pseudo dice [np.float32(0.9245), np.float32(0.8935), np.float32(0.9414)]
2026-08-27 08:55:26.521959: Epoch time: 44.82 s
2026-08-27 08:55:26.522930: Yayy! New best EMA pseudo Dice: 0.9197999835014343
2026-08-27 08:55:28.539576: 
2026-08-27 08:55:28.541028: Epoch 972
2026-08-27 08:55:28.542018: Current learning rate: 0.0004
2026-08-27 08:56:13.314218: train_loss -0.7628
2026-08-27 08:56:13.316169: val_loss -0.9046
2026-08-27 08:56:13.317095: Pseudo dice [np.float32(0.9238), np.float32(0.8941), np.float32(0.9402)]
2026-08-27 08:56:13.318053: Epoch time: 44.78 s
2026-08-27 08:56:14.103754: 
2026-08-27 08:56:14.104933: Epoch 973
2026-08-27 08:56:14.105883: Current learning rate: 0.00039
2026-08-27 08:56:59.129874: train_loss -0.7466
2026-08-27 08:56:59.131923: val_loss -0.9015
2026-08-27 08:56:59.132939: Pseudo dice [np.float32(0.9236), np.float32(0.8933), np.float32(0.939)]
2026-08-27 08:56:59.133848: Epoch time: 45.03 s
2026-08-27 08:56:59.924081: 
2026-08-27 08:56:59.925331: Epoch 974
2026-08-27 08:56:59.926261: Current learning rate: 0.00037
2026-08-27 08:57:44.341658: train_loss -0.7547
2026-08-27 08:57:44.343434: val_loss -0.9078
2026-08-27 08:57:44.344374: Pseudo dice [np.float32(0.9254), np.float32(0.8966), np.float32(0.9404)]
2026-08-27 08:57:44.345430: Epoch time: 44.42 s
2026-08-27 08:57:45.132569: 
2026-08-27 08:57:45.133746: Epoch 975
2026-08-27 08:57:45.134634: Current learning rate: 0.00036
2026-08-27 08:58:29.690669: train_loss -0.7546
2026-08-27 08:58:29.693117: val_loss -0.9033
2026-08-27 08:58:29.694366: Pseudo dice [np.float32(0.9226), np.float32(0.8924), np.float32(0.9371)]
2026-08-27 08:58:29.695360: Epoch time: 44.56 s
2026-08-27 08:58:30.482844: 
2026-08-27 08:58:30.484135: Epoch 976
2026-08-27 08:58:30.484983: Current learning rate: 0.00035
2026-08-27 08:59:15.324300: train_loss -0.7477
2026-08-27 08:59:15.326163: val_loss -0.9056
2026-08-27 08:59:15.327064: Pseudo dice [np.float32(0.9237), np.float32(0.895), np.float32(0.938)]
2026-08-27 08:59:15.328129: Epoch time: 44.84 s
2026-08-27 08:59:16.106901: 
2026-08-27 08:59:16.108288: Epoch 977
2026-08-27 08:59:16.109229: Current learning rate: 0.00034
2026-08-27 09:00:00.601212: train_loss -0.7528
2026-08-27 09:00:00.602922: val_loss -0.9086
2026-08-27 09:00:00.603775: Pseudo dice [np.float32(0.9279), np.float32(0.8971), np.float32(0.9429)]
2026-08-27 09:00:00.604538: Epoch time: 44.5 s
2026-08-27 09:00:01.388704: 
2026-08-27 09:00:01.390003: Epoch 978
2026-08-27 09:00:01.390855: Current learning rate: 0.00032
2026-08-27 09:00:45.835460: train_loss -0.7562
2026-08-27 09:00:45.837207: val_loss -0.9062
2026-08-27 09:00:45.838074: Pseudo dice [np.float32(0.9215), np.float32(0.8944), np.float32(0.9391)]
2026-08-27 09:00:45.839022: Epoch time: 44.45 s
2026-08-27 09:00:47.000869: 
2026-08-27 09:00:47.002405: Epoch 979
2026-08-27 09:00:47.003424: Current learning rate: 0.00031
2026-08-27 09:01:31.668622: train_loss -0.7613
2026-08-27 09:01:31.670708: val_loss -0.9053
2026-08-27 09:01:31.671630: Pseudo dice [np.float32(0.9228), np.float32(0.8937), np.float32(0.9377)]
2026-08-27 09:01:31.672581: Epoch time: 44.67 s
2026-08-27 09:01:32.529689: 
2026-08-27 09:01:32.531014: Epoch 980
2026-08-27 09:01:32.531925: Current learning rate: 0.0003
2026-08-27 09:02:17.654098: train_loss -0.7504
2026-08-27 09:02:17.655720: val_loss -0.8983
2026-08-27 09:02:17.656711: Pseudo dice [np.float32(0.9194), np.float32(0.8952), np.float32(0.9371)]
2026-08-27 09:02:17.657585: Epoch time: 45.13 s
2026-08-27 09:02:18.449484: 
2026-08-27 09:02:18.450903: Epoch 981
2026-08-27 09:02:18.451941: Current learning rate: 0.00028
2026-08-27 09:03:03.921976: train_loss -0.7509
2026-08-27 09:03:03.936675: val_loss -0.9057
2026-08-27 09:03:03.937827: Pseudo dice [np.float32(0.9263), np.float32(0.8942), np.float32(0.9368)]
2026-08-27 09:03:03.938724: Epoch time: 45.47 s
2026-08-27 09:03:04.842810: 
2026-08-27 09:03:04.844072: Epoch 982
2026-08-27 09:03:04.845035: Current learning rate: 0.00027
2026-08-27 09:03:49.572923: train_loss -0.7475
2026-08-27 09:03:49.575071: val_loss -0.9065
2026-08-27 09:03:49.576260: Pseudo dice [np.float32(0.9244), np.float32(0.8962), np.float32(0.9398)]
2026-08-27 09:03:49.577382: Epoch time: 44.73 s
2026-08-27 09:03:50.554063: 
2026-08-27 09:03:50.555358: Epoch 983
2026-08-27 09:03:50.556292: Current learning rate: 0.00026
2026-08-27 09:04:35.252547: train_loss -0.7474
2026-08-27 09:04:35.254136: val_loss -0.9041
2026-08-27 09:04:35.255083: Pseudo dice [np.float32(0.9233), np.float32(0.8977), np.float32(0.9378)]
2026-08-27 09:04:35.255913: Epoch time: 44.7 s
2026-08-27 09:04:36.064735: 
2026-08-27 09:04:36.066103: Epoch 984
2026-08-27 09:04:36.066990: Current learning rate: 0.00024
2026-08-27 09:05:20.765526: train_loss -0.7614
2026-08-27 09:05:20.767177: val_loss -0.9057
2026-08-27 09:05:20.768148: Pseudo dice [np.float32(0.9242), np.float32(0.8977), np.float32(0.94)]
2026-08-27 09:05:20.769176: Epoch time: 44.7 s
2026-08-27 09:05:21.555721: 
2026-08-27 09:05:21.556987: Epoch 985
2026-08-27 09:05:21.557894: Current learning rate: 0.00023
2026-08-27 09:06:06.031469: train_loss -0.7478
2026-08-27 09:06:06.032956: val_loss -0.9093
2026-08-27 09:06:06.033917: Pseudo dice [np.float32(0.9228), np.float32(0.9005), np.float32(0.9417)]
2026-08-27 09:06:06.034770: Epoch time: 44.48 s
2026-08-27 09:06:06.822043: 
2026-08-27 09:06:06.823505: Epoch 986
2026-08-27 09:06:06.824512: Current learning rate: 0.00021
2026-08-27 09:06:51.588931: train_loss -0.757
2026-08-27 09:06:51.590799: val_loss -0.9097
2026-08-27 09:06:51.591930: Pseudo dice [np.float32(0.9273), np.float32(0.8952), np.float32(0.9437)]
2026-08-27 09:06:51.592902: Epoch time: 44.77 s
2026-08-27 09:06:51.593770: Yayy! New best EMA pseudo Dice: 0.9199000000953674
2026-08-27 09:06:53.737984: 
2026-08-27 09:06:53.739385: Epoch 987
2026-08-27 09:06:53.740315: Current learning rate: 0.0002
2026-08-27 09:07:38.593318: train_loss -0.7504
2026-08-27 09:07:38.594907: val_loss -0.9004
2026-08-27 09:07:38.596033: Pseudo dice [np.float32(0.9202), np.float32(0.8946), np.float32(0.9381)]
2026-08-27 09:07:38.596866: Epoch time: 44.86 s
2026-08-27 09:07:39.381283: 
2026-08-27 09:07:39.382637: Epoch 988
2026-08-27 09:07:39.383684: Current learning rate: 0.00019
2026-08-27 09:08:23.749210: train_loss -0.7568
2026-08-27 09:08:23.750954: val_loss -0.9049
2026-08-27 09:08:23.751948: Pseudo dice [np.float32(0.926), np.float32(0.8961), np.float32(0.9397)]
2026-08-27 09:08:23.752803: Epoch time: 44.37 s
2026-08-27 09:08:24.544628: 
2026-08-27 09:08:24.546677: Epoch 989
2026-08-27 09:08:24.547912: Current learning rate: 0.00017
2026-08-27 09:09:10.623918: train_loss -0.7529
2026-08-27 09:09:10.625840: val_loss -0.9076
2026-08-27 09:09:10.626790: Pseudo dice [np.float32(0.9224), np.float32(0.897), np.float32(0.9423)]
2026-08-27 09:09:10.627879: Epoch time: 46.08 s
2026-08-27 09:09:11.423364: 
2026-08-27 09:09:11.424763: Epoch 990
2026-08-27 09:09:11.425745: Current learning rate: 0.00016
2026-08-27 09:09:55.874050: train_loss -0.7488
2026-08-27 09:09:55.875673: val_loss -0.9097
2026-08-27 09:09:55.876802: Pseudo dice [np.float32(0.9264), np.float32(0.9003), np.float32(0.9429)]
2026-08-27 09:09:55.877837: Epoch time: 44.45 s
2026-08-27 09:09:55.878696: Yayy! New best EMA pseudo Dice: 0.920199990272522
2026-08-27 09:09:57.961026: 
2026-08-27 09:09:57.962472: Epoch 991
2026-08-27 09:09:57.963738: Current learning rate: 0.00014
2026-08-27 09:10:42.614248: train_loss -0.7533
2026-08-27 09:10:42.616019: val_loss -0.9072
2026-08-27 09:10:42.616898: Pseudo dice [np.float32(0.921), np.float32(0.899), np.float32(0.9397)]
2026-08-27 09:10:42.617764: Epoch time: 44.66 s
2026-08-27 09:10:43.400828: 
2026-08-27 09:10:43.402394: Epoch 992
2026-08-27 09:10:43.403337: Current learning rate: 0.00013
2026-08-27 09:11:27.959616: train_loss -0.7547
2026-08-27 09:11:27.961472: val_loss -0.9078
2026-08-27 09:11:27.962654: Pseudo dice [np.float32(0.926), np.float32(0.8972), np.float32(0.9418)]
2026-08-27 09:11:27.963579: Epoch time: 44.56 s
2026-08-27 09:11:27.964518: Yayy! New best EMA pseudo Dice: 0.9203000068664551
2026-08-27 09:11:29.993026: 
2026-08-27 09:11:29.994328: Epoch 993
2026-08-27 09:11:29.995459: Current learning rate: 0.00011
2026-08-27 09:12:14.537346: train_loss -0.7491
2026-08-27 09:12:14.538875: val_loss -0.9092
2026-08-27 09:12:14.539817: Pseudo dice [np.float32(0.9256), np.float32(0.8968), np.float32(0.9407)]
2026-08-27 09:12:14.540716: Epoch time: 44.55 s
2026-08-27 09:12:14.541483: Yayy! New best EMA pseudo Dice: 0.9204000234603882
2026-08-27 09:12:16.554292: 
2026-08-27 09:12:16.555778: Epoch 994
2026-08-27 09:12:16.556738: Current learning rate: 0.0001
2026-08-27 09:13:01.131767: train_loss -0.7657
2026-08-27 09:13:01.133187: val_loss -0.9038
2026-08-27 09:13:01.134216: Pseudo dice [np.float32(0.9242), np.float32(0.8944), np.float32(0.9379)]
2026-08-27 09:13:01.135161: Epoch time: 44.58 s
2026-08-27 09:13:01.917738: 
2026-08-27 09:13:01.919004: Epoch 995
2026-08-27 09:13:01.920160: Current learning rate: 8e-05
2026-08-27 09:13:46.583234: train_loss -0.7538
2026-08-27 09:13:46.584849: val_loss -0.9069
2026-08-27 09:13:46.585806: Pseudo dice [np.float32(0.9208), np.float32(0.8969), np.float32(0.9406)]
2026-08-27 09:13:46.586728: Epoch time: 44.67 s
2026-08-27 09:13:47.373972: 
2026-08-27 09:13:47.375204: Epoch 996
2026-08-27 09:13:47.376213: Current learning rate: 7e-05
2026-08-27 09:14:32.052757: train_loss -0.7456
2026-08-27 09:14:32.054617: val_loss -0.908
2026-08-27 09:14:32.055803: Pseudo dice [np.float32(0.9255), np.float32(0.8999), np.float32(0.942)]
2026-08-27 09:14:32.056687: Epoch time: 44.68 s
2026-08-27 09:14:32.840323: 
2026-08-27 09:14:32.841541: Epoch 997
2026-08-27 09:14:32.842505: Current learning rate: 5e-05
2026-08-27 09:15:17.829630: train_loss -0.7463
2026-08-27 09:15:17.831571: val_loss -0.9005
2026-08-27 09:15:17.832577: Pseudo dice [np.float32(0.9212), np.float32(0.8944), np.float32(0.9399)]
2026-08-27 09:15:17.833525: Epoch time: 44.99 s
2026-08-27 09:15:18.615659: 
2026-08-27 09:15:18.616829: Epoch 998
2026-08-27 09:15:18.617956: Current learning rate: 4e-05
2026-08-27 09:16:03.409302: train_loss -0.7518
2026-08-27 09:16:03.411549: val_loss -0.9095
2026-08-27 09:16:03.412513: Pseudo dice [np.float32(0.9271), np.float32(0.8979), np.float32(0.9424)]
2026-08-27 09:16:03.413569: Epoch time: 44.8 s
2026-08-27 09:16:03.414487: Yayy! New best EMA pseudo Dice: 0.9204000234603882
2026-08-27 09:16:05.448870: 
2026-08-27 09:16:05.450354: Epoch 999
2026-08-27 09:16:05.451339: Current learning rate: 2e-05
2026-08-27 09:16:49.835431: train_loss -0.7573
2026-08-27 09:16:49.837966: val_loss -0.9082
2026-08-27 09:16:49.838967: Pseudo dice [np.float32(0.9258), np.float32(0.8987), np.float32(0.9399)]
2026-08-27 09:16:49.839937: Epoch time: 44.39 s
2026-08-27 09:16:49.840894: Yayy! New best EMA pseudo Dice: 0.9204999804496765
2026-08-27 09:16:53.458453: Training done.
2026-08-27 09:16:53.623141: predicting topaneu_center1_mr_001
2026-08-27 09:16:53.647640: topaneu_center1_mr_001, shape torch.Size([1, 119, 163, 134]), rank 0
2026-08-27 09:16:56.742883: predicting topaneu_center1_mr_005
2026-08-27 09:16:56.762089: topaneu_center1_mr_005, shape torch.Size([1, 108, 176, 149]), rank 0
2026-08-27 09:16:57.782753: predicting topaneu_center1_mr_016
2026-08-27 09:16:57.797561: topaneu_center1_mr_016, shape torch.Size([1, 112, 163, 131]), rank 0
2026-08-27 09:21:17.095090: predicting topaneu_center1_mr_017
2026-08-27 09:21:17.111350: topaneu_center1_mr_017, shape torch.Size([1, 112, 178, 144]), rank 0
2026-08-27 09:21:43.372705: predicting topaneu_center1_mr_018
2026-08-27 09:21:43.388291: topaneu_center1_mr_018, shape torch.Size([1, 105, 175, 136]), rank 0
2026-08-27 09:22:05.743571: predicting topaneu_center1_mr_024
2026-08-27 09:22:05.760381: topaneu_center1_mr_024, shape torch.Size([1, 112, 187, 130]), rank 0
2026-08-27 09:22:32.619067: predicting topaneu_center1_mr_028
2026-08-27 09:22:32.635049: topaneu_center1_mr_028, shape torch.Size([1, 112, 165, 141]), rank 0
2026-08-27 09:22:55.584624: predicting topaneu_center1_mr_029
2026-08-27 09:22:55.600471: topaneu_center1_mr_029, shape torch.Size([1, 97, 178, 140]), rank 0
2026-08-27 09:23:32.066486: predicting topaneu_center1_mr_033
2026-08-27 09:23:32.081726: topaneu_center1_mr_033, shape torch.Size([1, 87, 190, 138]), rank 0
2026-08-27 09:23:56.249943: predicting topaneu_center1_mr_038
2026-08-27 09:23:56.266520: topaneu_center1_mr_038, shape torch.Size([1, 108, 180, 134]), rank 0
2026-08-27 09:24:28.545715: predicting topaneu_center1_mr_049
2026-08-27 09:24:28.560695: topaneu_center1_mr_049, shape torch.Size([1, 90, 175, 142]), rank 0
2026-08-27 09:25:12.748065: predicting topaneu_center1_mr_050
2026-08-27 09:25:12.765780: topaneu_center1_mr_050, shape torch.Size([1, 118, 158, 150]), rank 0
2026-08-27 09:26:07.960482: predicting topaneu_center1_mr_053
2026-08-27 09:26:07.975145: topaneu_center1_mr_053, shape torch.Size([1, 92, 178, 139]), rank 0
2026-08-27 09:26:31.930439: predicting topaneu_center1_mr_056
2026-08-27 09:26:31.948789: topaneu_center1_mr_056, shape torch.Size([1, 112, 180, 136]), rank 0
2026-08-27 09:26:58.414522: predicting topaneu_center1_mr_061
2026-08-27 09:26:58.430247: topaneu_center1_mr_061, shape torch.Size([1, 109, 168, 136]), rank 0
2026-08-27 09:27:13.680778: predicting topaneu_center1_mr_064
2026-08-27 09:27:13.699608: topaneu_center1_mr_064, shape torch.Size([1, 112, 176, 149]), rank 0
2026-08-27 09:27:39.272225: predicting topaneu_center1_mr_076
2026-08-27 09:27:39.287726: topaneu_center1_mr_076, shape torch.Size([1, 100, 171, 144]), rank 0
2026-08-27 09:28:02.463090: predicting topaneu_center1_mr_085
2026-08-27 09:28:02.476483: topaneu_center1_mr_085, shape torch.Size([1, 90, 174, 144]), rank 0
2026-08-27 09:28:29.448769: predicting topaneu_center1_mr_088
2026-08-27 09:28:29.464619: topaneu_center1_mr_088, shape torch.Size([1, 112, 166, 144]), rank 0
2026-08-27 09:28:49.018129: predicting topaneu_center1_mr_092
2026-08-27 09:28:49.033856: topaneu_center1_mr_092, shape torch.Size([1, 100, 183, 137]), rank 0
2026-08-27 09:29:32.803450: predicting topaneu_center1_mr_113
2026-08-27 09:29:32.819479: topaneu_center1_mr_113, shape torch.Size([1, 103, 185, 145]), rank 0
2026-08-27 09:29:57.578948: predicting topaneu_center1_mr_119
2026-08-27 09:29:57.591591: topaneu_center1_mr_119, shape torch.Size([1, 93, 149, 141]), rank 0
2026-08-27 09:30:30.363360: predicting topaneu_center1_mr_121
2026-08-27 09:30:30.377715: topaneu_center1_mr_121, shape torch.Size([1, 112, 152, 131]), rank 0
2026-08-27 09:30:55.529945: predicting topaneu_center1_mr_129
2026-08-27 09:30:55.546193: topaneu_center1_mr_129, shape torch.Size([1, 112, 181, 142]), rank 0
2026-08-27 09:31:13.605974: predicting topaneu_center1_mr_136
2026-08-27 09:31:13.620970: topaneu_center1_mr_136, shape torch.Size([1, 90, 179, 141]), rank 0
2026-08-27 09:31:34.495978: predicting topaneu_center1_mr_138
2026-08-27 09:31:34.513975: topaneu_center1_mr_138, shape torch.Size([1, 101, 178, 153]), rank 0
2026-08-27 09:32:12.483307: predicting topaneu_center1_mr_144
2026-08-27 09:32:12.499980: topaneu_center1_mr_144, shape torch.Size([1, 108, 181, 136]), rank 0
2026-08-27 09:32:33.652324: predicting topaneu_center1_mr_147
2026-08-27 09:32:33.669812: topaneu_center1_mr_147, shape torch.Size([1, 98, 178, 149]), rank 0
2026-08-27 09:32:55.426342: predicting topaneu_center1_mr_148
2026-08-27 09:32:55.441466: topaneu_center1_mr_148, shape torch.Size([1, 98, 174, 138]), rank 0
2026-08-27 09:33:20.102206: predicting topaneu_center1_mr_149
2026-08-27 09:33:20.119869: topaneu_center1_mr_149, shape torch.Size([1, 112, 162, 146]), rank 0
2026-08-27 09:33:40.669753: predicting topaneu_center1_mr_150
2026-08-27 09:33:40.685263: topaneu_center1_mr_150, shape torch.Size([1, 102, 178, 138]), rank 0
2026-08-27 09:33:59.737080: predicting topaneu_center1_mr_157
2026-08-27 09:33:59.752075: topaneu_center1_mr_157, shape torch.Size([1, 108, 161, 133]), rank 0
2026-08-27 09:34:24.126460: predicting topaneu_center1_mr_173
2026-08-27 09:34:24.146824: topaneu_center1_mr_173, shape torch.Size([1, 103, 174, 136]), rank 0
2026-08-27 09:34:56.425959: predicting topaneu_center1_mr_177
2026-08-27 09:34:56.441583: topaneu_center1_mr_177, shape torch.Size([1, 112, 165, 143]), rank 0
2026-08-27 09:35:17.712887: predicting topaneu_center1_mr_178
2026-08-27 09:35:17.729068: topaneu_center1_mr_178, shape torch.Size([1, 109, 174, 138]), rank 0
2026-08-27 09:35:40.191943: predicting topaneu_center1_mr_184
2026-08-27 09:35:40.208636: topaneu_center1_mr_184, shape torch.Size([1, 112, 169, 146]), rank 0
2026-08-27 09:36:20.175786: predicting topaneu_center1_mr_188
2026-08-27 09:36:20.190954: topaneu_center1_mr_188, shape torch.Size([1, 100, 161, 140]), rank 0
2026-08-27 09:36:44.741513: predicting topaneu_center1_mr_189
2026-08-27 09:36:44.756943: topaneu_center1_mr_189, shape torch.Size([1, 96, 169, 152]), rank 0
2026-08-27 09:37:26.429259: predicting topaneu_center1_mr_191
2026-08-27 09:37:26.443036: topaneu_center1_mr_191, shape torch.Size([1, 92, 167, 141]), rank 0
2026-08-27 09:37:47.300985: predicting topaneu_center1_mr_193
2026-08-27 09:37:47.362805: topaneu_center1_mr_193, shape torch.Size([1, 96, 151, 140]), rank 0
2026-08-27 09:38:39.236092: predicting topaneu_center1_mr_195
2026-08-27 09:38:39.429508: topaneu_center1_mr_195, shape torch.Size([1, 99, 165, 145]), rank 0
2026-08-27 09:39:20.794051: predicting topaneu_center1_mr_198
2026-08-27 09:39:20.856096: topaneu_center1_mr_198, shape torch.Size([1, 112, 155, 141]), rank 0
2026-08-27 09:39:34.826160: predicting topaneu_center1_mr_200
2026-08-27 09:39:34.840156: topaneu_center1_mr_200, shape torch.Size([1, 99, 170, 144]), rank 0
2026-08-27 09:39:56.706965: predicting topaneu_center1_mr_202
2026-08-27 09:39:56.959553: topaneu_center1_mr_202, shape torch.Size([1, 91, 162, 141]), rank 0
2026-08-27 09:40:19.218361: predicting topaneu_center1_mr_210
2026-08-27 09:40:19.258507: topaneu_center1_mr_210, shape torch.Size([1, 111, 181, 142]), rank 0
2026-08-27 09:41:06.140407: predicting topaneu_center1_mr_211
2026-08-27 09:41:06.157572: topaneu_center1_mr_211, shape torch.Size([1, 112, 171, 137]), rank 0
2026-08-27 09:41:25.408743: predicting topaneu_center1_mr_213
2026-08-27 09:41:25.561360: topaneu_center1_mr_213, shape torch.Size([1, 109, 186, 147]), rank 0
2026-08-27 09:42:03.334292: predicting topaneu_center1_mr_221
2026-08-27 09:42:03.439196: topaneu_center1_mr_221, shape torch.Size([1, 103, 178, 137]), rank 0
2026-08-27 09:42:27.598364: predicting topaneu_center1_mr_229
2026-08-27 09:42:27.656659: topaneu_center1_mr_229, shape torch.Size([1, 99, 171, 144]), rank 0
2026-08-27 09:42:55.317988: predicting topaneu_center1_mr_241
2026-08-27 09:42:55.336349: topaneu_center1_mr_241, shape torch.Size([1, 129, 171, 137]), rank 0
2026-08-27 09:43:18.790956: predicting topaneu_center1_mr_247
2026-08-27 09:43:19.023239: topaneu_center1_mr_247, shape torch.Size([1, 112, 181, 141]), rank 0
2026-08-27 09:43:41.099363: predicting topaneu_center1_mr_251
2026-08-27 09:43:41.237747: topaneu_center1_mr_251, shape torch.Size([1, 133, 185, 136]), rank 0
2026-08-27 09:44:11.524174: predicting topaneu_center1_mr_262
2026-08-27 09:44:11.592148: topaneu_center1_mr_262, shape torch.Size([1, 98, 180, 135]), rank 0
2026-08-27 09:44:38.055528: predicting topaneu_center1_mr_264
2026-08-27 09:44:38.295147: topaneu_center1_mr_264, shape torch.Size([1, 105, 171, 145]), rank 0
2026-08-27 09:45:48.579454: predicting topaneu_center1_mr_282
2026-08-27 09:45:48.783835: topaneu_center1_mr_282, shape torch.Size([1, 112, 169, 142]), rank 0
2026-08-27 09:46:38.378958: predicting topaneu_center1_mr_287
2026-08-27 09:46:38.509259: topaneu_center1_mr_287, shape torch.Size([1, 100, 171, 144]), rank 0
2026-08-27 09:47:02.574694: predicting topaneu_center1_mr_290
2026-08-27 09:47:02.838290: topaneu_center1_mr_290, shape torch.Size([1, 99, 164, 137]), rank 0
2026-08-27 09:47:27.611660: predicting topaneu_center1_mr_298
2026-08-27 09:47:27.626860: topaneu_center1_mr_298, shape torch.Size([1, 96, 162, 142]), rank 0
2026-08-27 09:47:50.385739: predicting topaneu_center1_mr_299
2026-08-27 09:47:50.400096: topaneu_center1_mr_299, shape torch.Size([1, 99, 174, 137]), rank 0
2026-08-27 09:48:10.660421: predicting topaneu_center1_mr_301
2026-08-27 09:48:10.678185: topaneu_center1_mr_301, shape torch.Size([1, 108, 171, 148]), rank 0
2026-08-27 09:48:54.070179: predicting topaneu_center1_mr_302
2026-08-27 09:48:54.085744: topaneu_center1_mr_302, shape torch.Size([1, 98, 167, 143]), rank 0
2026-08-27 09:49:25.365880: predicting topaneu_center1_mr_308
2026-08-27 09:49:25.604502: topaneu_center1_mr_308, shape torch.Size([1, 112, 173, 153]), rank 0
2026-08-27 09:50:01.482563: predicting topaneu_center1_mr_311
2026-08-27 09:50:01.498182: topaneu_center1_mr_311, shape torch.Size([1, 112, 164, 137]), rank 0
2026-08-27 09:50:46.685533: predicting topaneu_center1_mr_316
2026-08-27 09:50:46.702188: topaneu_center1_mr_316, shape torch.Size([1, 112, 176, 141]), rank 0
2026-08-27 09:51:31.690054: predicting topaneu_center1_mr_325
2026-08-27 09:51:31.771050: topaneu_center1_mr_325, shape torch.Size([1, 116, 184, 142]), rank 0
2026-08-27 09:51:55.031926: predicting topaneu_center1_mr_327
2026-08-27 09:51:55.049573: topaneu_center1_mr_327, shape torch.Size([1, 109, 180, 139]), rank 0
2026-08-27 09:52:20.709757: predicting topaneu_center1_mr_330
2026-08-27 09:52:20.857642: topaneu_center1_mr_330, shape torch.Size([1, 92, 162, 149]), rank 0
2026-08-27 09:52:49.013762: predicting topaneu_center1_mr_334
2026-08-27 09:52:49.081047: topaneu_center1_mr_334, shape torch.Size([1, 112, 158, 136]), rank 0
2026-08-27 09:53:14.539930: predicting topaneu_center1_mr_336
2026-08-27 09:53:14.648220: topaneu_center1_mr_336, shape torch.Size([1, 112, 185, 141]), rank 0
2026-08-27 09:53:35.016149: predicting topaneu_center1_mr_342
2026-08-27 09:53:35.109066: topaneu_center1_mr_342, shape torch.Size([1, 100, 178, 141]), rank 0
2026-08-27 09:53:57.363960: predicting topaneu_center1_mr_349
2026-08-27 09:53:57.685461: topaneu_center1_mr_349, shape torch.Size([1, 105, 162, 157]), rank 0
2026-08-27 09:54:35.856300: predicting topaneu_center1_mr_350
2026-08-27 09:54:35.995353: topaneu_center1_mr_350, shape torch.Size([1, 94, 155, 141]), rank 0
2026-08-27 09:55:24.578662: predicting topaneu_center1_mr_354
2026-08-27 09:55:24.594095: topaneu_center1_mr_354, shape torch.Size([1, 104, 180, 137]), rank 0
2026-08-27 09:55:49.166754: predicting topaneu_center1_mr_359
2026-08-27 09:55:49.180830: topaneu_center1_mr_359, shape torch.Size([1, 85, 175, 140]), rank 0
2026-08-27 09:56:08.154868: predicting topaneu_center1_mr_364
2026-08-27 09:56:08.205664: topaneu_center1_mr_364, shape torch.Size([1, 88, 167, 138]), rank 0
2026-08-27 09:56:41.782986: predicting topaneu_center1_mr_365
2026-08-27 09:56:41.801018: topaneu_center1_mr_365, shape torch.Size([1, 112, 177, 139]), rank 0
2026-08-27 09:57:09.260571: predicting topaneu_center1_mr_374
2026-08-27 09:57:09.279959: topaneu_center1_mr_374, shape torch.Size([1, 108, 178, 148]), rank 0
2026-08-27 09:57:28.332458: predicting topaneu_center1_mr_386
2026-08-27 09:57:28.363214: topaneu_center1_mr_386, shape torch.Size([1, 94, 170, 156]), rank 0
2026-08-27 09:57:53.831774: predicting topaneu_center1_mr_393
2026-08-27 09:57:53.926132: topaneu_center1_mr_393, shape torch.Size([1, 105, 164, 143]), rank 0
2026-08-27 09:58:19.908124: predicting topaneu_center1_mr_396
2026-08-27 09:58:20.073122: topaneu_center1_mr_396, shape torch.Size([1, 92, 180, 136]), rank 0
2026-08-27 09:58:42.834208: predicting topaneu_center1_mr_398
2026-08-27 09:58:43.290114: topaneu_center1_mr_398, shape torch.Size([1, 112, 173, 144]), rank 0
2026-08-27 09:59:05.552492: predicting topaneu_center1_mr_401
2026-08-27 09:59:05.566495: topaneu_center1_mr_401, shape torch.Size([1, 90, 165, 140]), rank 0
2026-08-27 09:59:20.616751: predicting topaneu_center1_mr_411
2026-08-27 09:59:20.631799: topaneu_center1_mr_411, shape torch.Size([1, 99, 174, 134]), rank 0
2026-08-27 09:59:46.396080: predicting topaneu_center1_mr_414
2026-08-27 09:59:46.463991: topaneu_center1_mr_414, shape torch.Size([1, 111, 162, 138]), rank 0
2026-08-27 10:00:26.539517: predicting topaneu_center1_mr_419
2026-08-27 10:00:26.674173: topaneu_center1_mr_419, shape torch.Size([1, 100, 179, 141]), rank 0
2026-08-27 10:01:11.245283: predicting topaneu_center1_mr_428
2026-08-27 10:01:11.260644: topaneu_center1_mr_428, shape torch.Size([1, 107, 166, 138]), rank 0
2026-08-27 10:01:34.316305: predicting topaneu_center1_mr_436
2026-08-27 10:01:34.409288: topaneu_center1_mr_436, shape torch.Size([1, 69, 175, 138]), rank 0
2026-08-27 10:02:23.494119: predicting topaneu_center1_mr_439
2026-08-27 10:02:23.509291: topaneu_center1_mr_439, shape torch.Size([1, 112, 155, 137]), rank 0
2026-08-27 10:03:00.777170: predicting topaneu_center1_mr_443
2026-08-27 10:03:00.810562: topaneu_center1_mr_443, shape torch.Size([1, 87, 178, 142]), rank 0
2026-08-27 10:03:15.966293: predicting topaneu_center1_mr_463
2026-08-27 10:03:16.463330: topaneu_center1_mr_463, shape torch.Size([1, 130, 191, 145]), rank 0
2026-08-27 10:03:37.839860: predicting topaneu_center1_mr_474
2026-08-27 10:03:38.220181: topaneu_center1_mr_474, shape torch.Size([1, 112, 165, 139]), rank 0
2026-08-27 10:03:52.665184: predicting topaneu_center1_mr_477
2026-08-27 10:03:53.058878: topaneu_center1_mr_477, shape torch.Size([1, 99, 173, 139]), rank 0
2026-08-27 10:04:26.235476: predicting topaneu_center1_mr_483
2026-08-27 10:04:26.960919: topaneu_center1_mr_483, shape torch.Size([1, 103, 164, 137]), rank 0
2026-08-27 10:04:49.929171: predicting topaneu_center1_mr_489
2026-08-27 10:04:49.944079: topaneu_center1_mr_489, shape torch.Size([1, 98, 163, 141]), rank 0
2026-08-27 10:05:11.814867: predicting topaneu_center1_mr_490
2026-08-27 10:05:12.273717: topaneu_center1_mr_490, shape torch.Size([1, 102, 157, 134]), rank 0
2026-08-27 10:05:33.825186: predicting topaneu_center1_mr_494
2026-08-27 10:05:33.839332: topaneu_center1_mr_494, shape torch.Size([1, 90, 168, 142]), rank 0
2026-08-27 10:06:17.612139: predicting topaneu_center1_mr_496
2026-08-27 10:06:17.781200: topaneu_center1_mr_496, shape torch.Size([1, 97, 168, 139]), rank 0
2026-08-27 10:06:37.547565: predicting topaneu_center1_mr_499
2026-08-27 10:06:37.612164: topaneu_center1_mr_499, shape torch.Size([1, 112, 178, 133]), rank 0
2026-08-27 10:06:57.668180: predicting topaneu_center1_mr_501
2026-08-27 10:06:57.686552: topaneu_center1_mr_501, shape torch.Size([1, 111, 193, 147]), rank 0
2026-08-27 10:07:19.162759: predicting topaneu_center1_mr_509
2026-08-27 10:07:19.307192: topaneu_center1_mr_509, shape torch.Size([1, 106, 177, 134]), rank 0
2026-08-27 10:07:43.680661: predicting topaneu_center1_mr_516
2026-08-27 10:07:43.695119: topaneu_center1_mr_516, shape torch.Size([1, 109, 155, 134]), rank 0
2026-08-27 10:08:12.278183: predicting topaneu_center1_mr_522
2026-08-27 10:08:12.628709: topaneu_center1_mr_522, shape torch.Size([1, 108, 176, 144]), rank 0
2026-08-27 10:08:50.608778: predicting topaneu_center1_mr_523
2026-08-27 10:08:50.968171: topaneu_center1_mr_523, shape torch.Size([1, 103, 169, 140]), rank 0
2026-08-27 10:09:21.243766: predicting topaneu_center1_mr_525
2026-08-27 10:09:21.329827: topaneu_center1_mr_525, shape torch.Size([1, 116, 167, 142]), rank 0
2026-08-27 10:09:46.387780: predicting topaneu_center1_mr_527
2026-08-27 10:09:46.404803: topaneu_center1_mr_527, shape torch.Size([1, 105, 171, 149]), rank 0
2026-08-27 10:10:23.095380: predicting topaneu_center1_mr_528
2026-08-27 10:10:23.113287: topaneu_center1_mr_528, shape torch.Size([1, 112, 176, 150]), rank 0
2026-08-27 10:11:16.590181: predicting topaneu_center1_mr_538
2026-08-27 10:11:16.866253: topaneu_center1_mr_538, shape torch.Size([1, 99, 174, 146]), rank 0
2026-08-27 10:11:41.441930: predicting topaneu_center1_mr_554
2026-08-27 10:11:41.505787: topaneu_center1_mr_554, shape torch.Size([1, 102, 163, 136]), rank 0
2026-08-27 10:12:08.979058: predicting topaneu_center1_mr_560
2026-08-27 10:12:09.467031: topaneu_center1_mr_560, shape torch.Size([1, 104, 173, 141]), rank 0
2026-08-27 10:12:47.037676: predicting topaneu_center1_mr_561
2026-08-27 10:12:47.052208: topaneu_center1_mr_561, shape torch.Size([1, 93, 160, 147]), rank 0
2026-08-27 10:13:08.125983: predicting topaneu_center1_mr_572
2026-08-27 10:13:08.140297: topaneu_center1_mr_572, shape torch.Size([1, 96, 172, 141]), rank 0
2026-08-27 10:13:31.500296: predicting topaneu_center1_mr_577
2026-08-27 10:13:31.728503: topaneu_center1_mr_577, shape torch.Size([1, 112, 183, 143]), rank 0
2026-08-27 10:14:13.709272: predicting topaneu_center1_mr_581
2026-08-27 10:14:13.954023: topaneu_center1_mr_581, shape torch.Size([1, 112, 162, 134]), rank 0
2026-08-27 10:14:35.209006: predicting topaneu_center1_mr_585
2026-08-27 10:14:35.303958: topaneu_center1_mr_585, shape torch.Size([1, 111, 181, 146]), rank 0
2026-08-27 10:15:02.470894: predicting topaneu_center1_mr_586
2026-08-27 10:15:02.749117: topaneu_center1_mr_586, shape torch.Size([1, 119, 171, 145]), rank 0
2026-08-27 10:15:25.212297: predicting topaneu_center1_mr_596
2026-08-27 10:15:25.228413: topaneu_center1_mr_596, shape torch.Size([1, 103, 182, 144]), rank 0
2026-08-27 10:15:52.495863: predicting topaneu_center1_mr_605
2026-08-27 10:15:52.545780: topaneu_center1_mr_605, shape torch.Size([1, 98, 169, 144]), rank 0
2026-08-27 10:16:18.920396: predicting topaneu_center1_mr_607
2026-08-27 10:16:19.868403: topaneu_center1_mr_607, shape torch.Size([1, 96, 169, 137]), rank 0
2026-08-27 10:16:43.827355: predicting topaneu_center1_mr_612
2026-08-27 10:16:43.850380: topaneu_center1_mr_612, shape torch.Size([1, 149, 185, 146]), rank 0
2026-08-27 10:17:20.125185: predicting topaneu_center1_mr_614
2026-08-27 10:17:20.161800: topaneu_center1_mr_614, shape torch.Size([1, 112, 172, 141]), rank 0
2026-08-27 10:17:53.538052: predicting topaneu_center1_mr_615
2026-08-27 10:17:53.555680: topaneu_center1_mr_615, shape torch.Size([1, 111, 184, 136]), rank 0
2026-08-27 10:18:31.220670: predicting topaneu_center1_mr_625
2026-08-27 10:18:31.239565: topaneu_center1_mr_625, shape torch.Size([1, 131, 173, 141]), rank 0
2026-08-27 10:18:56.399786: predicting topaneu_center1_mr_626
2026-08-27 10:18:56.950155: topaneu_center1_mr_626, shape torch.Size([1, 89, 171, 140]), rank 0
2026-08-27 10:19:22.124615: predicting topaneu_center1_mr_630
2026-08-27 10:19:22.143015: topaneu_center1_mr_630, shape torch.Size([1, 119, 167, 145]), rank 0
2026-08-27 10:20:24.335191: predicting topaneu_center1_mr_631
2026-08-27 10:20:24.387379: topaneu_center1_mr_631, shape torch.Size([1, 94, 180, 150]), rank 0
2026-08-27 10:21:05.078431: predicting topaneu_center1_mr_637
2026-08-27 10:21:05.454251: topaneu_center1_mr_637, shape torch.Size([1, 108, 177, 154]), rank 0
2026-08-27 10:21:33.619985: predicting topaneu_center1_mr_638
2026-08-27 10:21:33.668857: topaneu_center1_mr_638, shape torch.Size([1, 105, 180, 141]), rank 0
2026-08-27 10:21:57.136727: predicting topaneu_center1_mr_647
2026-08-27 10:21:57.445033: topaneu_center1_mr_647, shape torch.Size([1, 115, 181, 136]), rank 0
2026-08-27 10:22:29.163545: predicting topaneu_center1_mr_653
2026-08-27 10:22:29.955999: topaneu_center1_mr_653, shape torch.Size([1, 106, 166, 137]), rank 0
2026-08-27 10:22:54.489993: predicting topaneu_center1_mr_660
2026-08-27 10:22:54.794109: topaneu_center1_mr_660, shape torch.Size([1, 106, 164, 137]), rank 0
2026-08-27 10:23:20.662787: predicting topaneu_center1_mr_664
2026-08-27 10:23:20.928914: topaneu_center1_mr_664, shape torch.Size([1, 112, 158, 147]), rank 0
2026-08-27 10:23:43.194935: predicting topaneu_center1_mr_670
2026-08-27 10:23:43.408283: topaneu_center1_mr_670, shape torch.Size([1, 92, 175, 149]), rank 0
2026-08-27 10:24:05.779257: predicting topaneu_center1_mr_681
2026-08-27 10:24:06.083561: topaneu_center1_mr_681, shape torch.Size([1, 103, 164, 133]), rank 0
2026-08-27 10:24:30.052835: predicting topaneu_center1_mr_682
2026-08-27 10:24:30.418161: topaneu_center1_mr_682, shape torch.Size([1, 130, 171, 144]), rank 0
2026-08-27 10:25:05.803311: predicting topaneu_center1_mr_693
2026-08-27 10:25:06.580005: topaneu_center1_mr_693, shape torch.Size([1, 112, 178, 137]), rank 0
2026-08-27 10:25:35.495817: predicting topaneu_center1_mr_694
2026-08-27 10:25:35.937947: topaneu_center1_mr_694, shape torch.Size([1, 104, 168, 146]), rank 0
2026-08-27 10:26:05.201430: predicting topaneu_center1_mr_697
2026-08-27 10:26:06.001234: topaneu_center1_mr_697, shape torch.Size([1, 106, 162, 134]), rank 0
2026-08-27 10:27:03.181996: predicting topaneu_center1_mr_702
2026-08-27 10:27:03.397145: topaneu_center1_mr_702, shape torch.Size([1, 108, 159, 132]), rank 0
2026-08-27 10:27:23.567733: predicting topaneu_center1_mr_713
2026-08-27 10:27:23.923629: topaneu_center1_mr_713, shape torch.Size([1, 109, 163, 139]), rank 0
2026-08-27 10:27:44.902976: predicting topaneu_center1_mr_720
2026-08-27 10:27:45.297080: topaneu_center1_mr_720, shape torch.Size([1, 92, 172, 145]), rank 0
2026-08-27 10:28:14.962990: predicting topaneu_center1_mr_727
2026-08-27 10:28:15.309779: topaneu_center1_mr_727, shape torch.Size([1, 97, 162, 133]), rank 0
2026-08-27 10:28:38.171054: predicting topaneu_center1_mr_729
2026-08-27 10:28:38.465195: topaneu_center1_mr_729, shape torch.Size([1, 111, 167, 137]), rank 0
2026-08-27 10:28:53.430854: predicting topaneu_center1_mr_731
2026-08-27 10:28:53.684383: topaneu_center1_mr_731, shape torch.Size([1, 97, 170, 141]), rank 0
2026-08-27 10:29:12.936260: predicting topaneu_center1_mr_732
2026-08-27 10:29:13.251973: topaneu_center1_mr_732, shape torch.Size([1, 119, 178, 155]), rank 0
2026-08-27 10:29:36.512335: predicting topaneu_center1_mr_740
2026-08-27 10:29:36.734000: topaneu_center1_mr_740, shape torch.Size([1, 112, 162, 137]), rank 0
2026-08-27 10:29:57.685918: predicting topaneu_center1_mr_741
2026-08-27 10:29:58.036719: topaneu_center1_mr_741, shape torch.Size([1, 111, 167, 142]), rank 0
2026-08-27 10:30:27.704144: predicting topaneu_center1_mr_742
2026-08-27 10:30:28.070215: topaneu_center1_mr_742, shape torch.Size([1, 93, 160, 141]), rank 0
2026-08-27 10:30:50.839118: predicting topaneu_center1_mr_744
2026-08-27 10:30:51.291870: topaneu_center1_mr_744, shape torch.Size([1, 111, 166, 138]), rank 0
2026-08-27 10:31:46.386621: predicting topaneu_center1_mr_750
2026-08-27 10:31:46.589571: topaneu_center1_mr_750, shape torch.Size([1, 94, 178, 137]), rank 0
2026-08-27 10:32:05.754491: predicting topaneu_center1_mr_760
2026-08-27 10:32:06.562428: topaneu_center1_mr_760, shape torch.Size([1, 138, 173, 133]), rank 0
2026-08-27 10:32:29.329202: predicting topaneu_center1_mr_763
2026-08-27 10:32:29.626334: topaneu_center1_mr_763, shape torch.Size([1, 99, 161, 136]), rank 0
2026-08-27 10:33:03.196384: predicting topaneu_center1_mr_765
2026-08-27 10:33:03.471280: topaneu_center1_mr_765, shape torch.Size([1, 108, 160, 148]), rank 0
2026-08-27 10:33:45.559719: predicting topaneu_center1_mr_770
2026-08-27 10:33:45.717515: topaneu_center1_mr_770, shape torch.Size([1, 110, 166, 139]), rank 0
2026-08-27 10:34:05.678281: predicting topaneu_center1_mr_772
2026-08-27 10:34:05.955260: topaneu_center1_mr_772, shape torch.Size([1, 106, 165, 137]), rank 0
2026-08-27 10:34:29.423330: predicting topaneu_center1_mr_774
2026-08-27 10:34:29.741091: topaneu_center1_mr_774, shape torch.Size([1, 106, 176, 156]), rank 0
2026-08-27 10:34:52.898306: predicting topaneu_center1_mr_775
2026-08-27 10:34:53.310733: topaneu_center1_mr_775, shape torch.Size([1, 100, 168, 148]), rank 0
2026-08-27 10:35:24.980793: predicting topaneu_center1_mr_776
2026-08-27 10:35:25.214682: topaneu_center1_mr_776, shape torch.Size([1, 100, 155, 144]), rank 0
2026-08-27 10:35:59.684994: predicting topaneu_center1_mr_788
2026-08-27 10:36:00.147171: topaneu_center1_mr_788, shape torch.Size([1, 97, 160, 133]), rank 0
2026-08-27 10:36:23.003235: predicting topaneu_center1_mr_789
2026-08-27 10:36:23.587439: topaneu_center1_mr_789, shape torch.Size([1, 101, 170, 138]), rank 0
2026-08-27 10:37:06.076416: predicting topaneu_center1_mr_790
2026-08-27 10:37:06.610454: topaneu_center1_mr_790, shape torch.Size([1, 112, 181, 140]), rank 0
2026-08-27 10:37:25.284638: predicting topaneu_center1_mr_792
2026-08-27 10:37:26.293715: topaneu_center1_mr_792, shape torch.Size([1, 100, 178, 139]), rank 0
2026-08-27 10:37:56.460282: predicting topaneu_center1_mr_795
2026-08-27 10:37:56.972548: topaneu_center1_mr_795, shape torch.Size([1, 110, 182, 146]), rank 0
2026-08-27 10:38:22.934309: predicting topaneu_center1_mr_797
2026-08-27 10:38:23.245064: topaneu_center1_mr_797, shape torch.Size([1, 112, 170, 141]), rank 0
2026-08-27 10:39:11.127810: predicting topaneu_center1_mr_800
2026-08-27 10:39:11.579425: topaneu_center1_mr_800, shape torch.Size([1, 111, 167, 147]), rank 0
2026-08-27 10:40:13.281521: predicting topaneu_center1_mr_804
2026-08-27 10:40:13.831844: topaneu_center1_mr_804, shape torch.Size([1, 112, 163, 137]), rank 0
2026-08-27 10:40:37.694969: predicting topaneu_center1_mr_807
2026-08-27 10:40:38.571303: topaneu_center1_mr_807, shape torch.Size([1, 109, 166, 139]), rank 0
2026-08-27 10:41:03.039416: predicting topaneu_center1_mr_810
2026-08-27 10:41:03.739582: topaneu_center1_mr_810, shape torch.Size([1, 97, 172, 136]), rank 0
2026-08-27 10:41:26.214997: predicting topaneu_center1_mr_816
2026-08-27 10:41:26.977698: topaneu_center1_mr_816, shape torch.Size([1, 100, 168, 136]), rank 0
2026-08-27 10:41:49.650247: predicting topaneu_center1_mr_819
2026-08-27 10:41:49.931462: topaneu_center1_mr_819, shape torch.Size([1, 103, 186, 141]), rank 0
2026-08-27 10:42:04.713727: predicting topaneu_center1_mr_823
2026-08-27 10:42:05.230609: topaneu_center1_mr_823, shape torch.Size([1, 112, 167, 150]), rank 0
2026-08-27 10:42:25.888486: predicting topaneu_center1_mr_840
2026-08-27 10:42:26.339957: topaneu_center1_mr_840, shape torch.Size([1, 112, 172, 140]), rank 0
2026-08-27 10:42:50.715086: predicting topaneu_center1_mr_842
2026-08-27 10:42:51.132718: topaneu_center1_mr_842, shape torch.Size([1, 96, 173, 139]), rank 0
2026-08-27 10:43:16.514436: predicting topaneu_center1_mr_848
2026-08-27 10:43:16.947074: topaneu_center1_mr_848, shape torch.Size([1, 96, 162, 134]), rank 0
2026-08-27 10:43:41.530164: predicting topaneu_center1_mr_850
2026-08-27 10:43:41.990700: topaneu_center1_mr_850, shape torch.Size([1, 112, 170, 145]), rank 0
2026-08-27 10:44:03.070204: predicting topaneu_center1_mr_871
2026-08-27 10:44:03.559531: topaneu_center1_mr_871, shape torch.Size([1, 144, 178, 146]), rank 0
2026-08-27 10:44:46.740968: predicting topaneu_center1_mr_877
2026-08-27 10:44:47.275728: topaneu_center1_mr_877, shape torch.Size([1, 108, 185, 142]), rank 0
2026-08-27 10:45:12.243423: predicting topaneu_center1_mr_891
2026-08-27 10:45:12.757623: topaneu_center1_mr_891, shape torch.Size([1, 131, 171, 145]), rank 0
2026-08-27 10:46:31.261064: predicting topaneu_center1_mr_892
2026-08-27 10:46:31.997812: topaneu_center1_mr_892, shape torch.Size([1, 103, 174, 142]), rank 0
2026-08-27 10:47:08.477897: predicting topaneu_center1_mr_895
2026-08-27 10:47:09.074534: topaneu_center1_mr_895, shape torch.Size([1, 112, 152, 132]), rank 0
2026-08-27 10:47:38.655321: predicting topaneu_center1_mr_896
2026-08-27 10:47:39.510164: topaneu_center1_mr_896, shape torch.Size([1, 96, 176, 147]), rank 0
2026-08-27 10:48:02.392389: predicting topaneu_center1_mr_902
2026-08-27 10:48:02.715049: topaneu_center1_mr_902, shape torch.Size([1, 108, 184, 144]), rank 0
2026-08-27 10:48:50.420505: predicting topaneu_center1_mr_909
2026-08-27 10:48:50.887966: topaneu_center1_mr_909, shape torch.Size([1, 100, 156, 142]), rank 0
2026-08-27 10:49:13.246415: predicting topaneu_center1_mr_910
2026-08-27 10:49:13.501118: topaneu_center1_mr_910, shape torch.Size([1, 108, 173, 142]), rank 0
2026-08-27 10:49:39.661556: predicting topaneu_center1_mr_911
2026-08-27 10:49:39.875304: topaneu_center1_mr_911, shape torch.Size([1, 111, 175, 151]), rank 0
2026-08-27 10:50:00.142114: predicting topaneu_center1_mr_917
2026-08-27 10:50:01.142885: topaneu_center1_mr_917, shape torch.Size([1, 101, 176, 135]), rank 0
2026-08-27 10:50:24.399586: predicting topaneu_center1_mr_920
2026-08-27 10:50:24.783986: topaneu_center1_mr_920, shape torch.Size([1, 155, 178, 153]), rank 0
2026-08-27 10:50:51.550909: predicting topaneu_center1_mr_921
2026-08-27 10:50:52.296348: topaneu_center1_mr_921, shape torch.Size([1, 112, 164, 137]), rank 0
2026-08-27 10:51:10.867324: predicting topaneu_center1_mr_922
2026-08-27 10:51:11.284010: topaneu_center1_mr_922, shape torch.Size([1, 95, 169, 136]), rank 0
2026-08-27 10:51:49.670470: predicting topaneu_center1_mr_924
2026-08-27 10:51:50.022594: topaneu_center1_mr_924, shape torch.Size([1, 111, 178, 150]), rank 0
2026-08-27 10:52:12.901387: predicting topaneu_center1_mr_926
2026-08-27 10:52:13.640050: topaneu_center1_mr_926, shape torch.Size([1, 94, 157, 137]), rank 0
2026-08-27 10:52:41.520090: predicting topaneu_center1_mr_928
2026-08-27 10:52:42.039770: topaneu_center1_mr_928, shape torch.Size([1, 100, 166, 137]), rank 0
2026-08-27 10:53:08.502399: predicting topaneu_center1_mr_939
2026-08-27 10:53:09.328237: topaneu_center1_mr_939, shape torch.Size([1, 99, 174, 141]), rank 0
2026-08-27 10:53:27.405318: predicting topaneu_center1_mr_940
2026-08-27 10:53:28.083604: topaneu_center1_mr_940, shape torch.Size([1, 124, 177, 150]), rank 0
2026-08-27 10:54:11.082623: predicting topaneu_center1_mr_942
2026-08-27 10:54:11.471383: topaneu_center1_mr_942, shape torch.Size([1, 112, 173, 147]), rank 0
2026-08-27 10:54:33.439130: predicting topaneu_center1_mr_944
2026-08-27 10:54:34.182074: topaneu_center1_mr_944, shape torch.Size([1, 102, 183, 142]), rank 0
2026-08-27 10:54:59.353882: predicting topaneu_center1_mr_959
2026-08-27 10:54:59.934416: topaneu_center1_mr_959, shape torch.Size([1, 105, 152, 142]), rank 0
2026-08-27 10:55:25.717369: predicting topaneu_center1_mr_961
2026-08-27 10:55:26.112062: topaneu_center1_mr_961, shape torch.Size([1, 108, 171, 130]), rank 0
2026-08-27 10:55:50.173825: predicting topaneu_center1_mr_975
2026-08-27 10:55:50.499145: topaneu_center1_mr_975, shape torch.Size([1, 112, 168, 141]), rank 0
2026-08-27 10:56:21.375225: predicting topaneu_center1_mr_981
2026-08-27 10:56:21.633751: topaneu_center1_mr_981, shape torch.Size([1, 100, 164, 141]), rank 0
2026-08-27 10:56:43.490982: predicting topaneu_center1_mr_991
2026-08-27 10:56:43.839329: topaneu_center1_mr_991, shape torch.Size([1, 112, 161, 135]), rank 0
2026-08-27 10:57:07.797388: predicting topaneu_center2_ct_105
2026-08-27 10:57:08.559806: topaneu_center2_ct_105, shape torch.Size([1, 138, 175, 140]), rank 0
2026-08-27 10:57:29.236278: predicting topaneu_center2_ct_107
2026-08-27 10:57:29.966828: topaneu_center2_ct_107, shape torch.Size([1, 134, 160, 141]), rank 0
2026-08-27 10:58:21.261862: predicting topaneu_center2_ct_108
2026-08-27 10:58:21.735530: topaneu_center2_ct_108, shape torch.Size([1, 142, 173, 129]), rank 0
2026-08-27 10:58:35.180296: predicting topaneu_center2_ct_109
2026-08-27 10:58:35.643895: topaneu_center2_ct_109, shape torch.Size([1, 138, 178, 134]), rank 0
2026-08-27 10:58:47.889873: predicting topaneu_center2_ct_112
2026-08-27 10:58:49.042002: topaneu_center2_ct_112, shape torch.Size([1, 154, 163, 147]), rank 0
2026-08-27 10:59:03.211436: predicting topaneu_center2_ct_113
2026-08-27 10:59:03.691449: topaneu_center2_ct_113, shape torch.Size([1, 142, 173, 129]), rank 0
2026-08-27 10:59:11.735790: predicting topaneu_center2_ct_118
2026-08-27 10:59:12.046353: topaneu_center2_ct_118, shape torch.Size([1, 156, 163, 132]), rank 0
2026-08-27 10:59:21.218213: predicting topaneu_center2_ct_119
2026-08-27 10:59:21.542439: topaneu_center2_ct_119, shape torch.Size([1, 148, 178, 135]), rank 0
2026-08-27 10:59:34.414025: predicting topaneu_center2_ct_120
2026-08-27 10:59:35.016313: topaneu_center2_ct_120, shape torch.Size([1, 158, 181, 142]), rank 0
2026-08-27 10:59:48.466676: predicting topaneu_center2_ct_125
2026-08-27 10:59:48.819402: topaneu_center2_ct_125, shape torch.Size([1, 143, 172, 134]), rank 0
2026-08-27 11:00:03.088399: predicting topaneu_center2_ct_126
2026-08-27 11:00:03.710808: topaneu_center2_ct_126, shape torch.Size([1, 144, 167, 135]), rank 0
2026-08-27 11:00:18.161371: predicting topaneu_center2_ct_127
2026-08-27 11:00:18.650237: topaneu_center2_ct_127, shape torch.Size([1, 152, 165, 137]), rank 0
2026-08-27 11:00:32.999350: predicting topaneu_center2_ct_128
2026-08-27 11:00:33.890934: topaneu_center2_ct_128, shape torch.Size([1, 151, 176, 138]), rank 0
2026-08-27 11:00:39.743417: predicting topaneu_center2_ct_130
2026-08-27 11:00:40.382747: topaneu_center2_ct_130, shape torch.Size([1, 149, 171, 131]), rank 0
2026-08-27 11:00:52.436622: predicting topaneu_center2_ct_134
2026-08-27 11:00:52.989163: topaneu_center2_ct_134, shape torch.Size([1, 133, 164, 126]), rank 0
2026-08-27 11:01:02.958632: predicting topaneu_center2_ct_137
2026-08-27 11:01:03.689514: topaneu_center2_ct_137, shape torch.Size([1, 169, 161, 145]), rank 0
2026-08-27 11:01:14.556296: predicting topaneu_center2_ct_138
2026-08-27 11:01:14.901912: topaneu_center2_ct_138, shape torch.Size([1, 164, 177, 137]), rank 0
2026-08-27 11:01:23.258195: predicting topaneu_center2_ct_141
2026-08-27 11:01:23.935564: topaneu_center2_ct_141, shape torch.Size([1, 150, 171, 136]), rank 0
2026-08-27 11:01:38.500547: predicting topaneu_center2_ct_142
2026-08-27 11:01:38.878500: topaneu_center2_ct_142, shape torch.Size([1, 160, 167, 137]), rank 0
2026-08-27 11:01:56.746745: predicting topaneu_center2_ct_144
2026-08-27 11:01:57.852638: topaneu_center2_ct_144, shape torch.Size([1, 154, 178, 150]), rank 0
2026-08-27 11:02:37.944566: predicting topaneu_center2_ct_147
2026-08-27 11:02:38.404896: topaneu_center2_ct_147, shape torch.Size([1, 152, 172, 148]), rank 0
2026-08-27 11:02:55.577391: predicting topaneu_center2_ct_150
2026-08-27 11:02:56.414374: topaneu_center2_ct_150, shape torch.Size([1, 157, 166, 137]), rank 0
2026-08-27 11:03:17.285767: predicting topaneu_center2_ct_154
2026-08-27 11:03:18.231705: topaneu_center2_ct_154, shape torch.Size([1, 139, 135, 135]), rank 0
2026-08-27 11:03:41.399656: predicting topaneu_center2_ct_156
2026-08-27 11:03:43.144553: topaneu_center2_ct_156, shape torch.Size([1, 145, 163, 127]), rank 0
2026-08-27 11:04:06.712768: predicting topaneu_center2_ct_160
2026-08-27 11:04:07.878846: topaneu_center2_ct_160, shape torch.Size([1, 132, 166, 131]), rank 0
2026-08-27 11:04:49.463596: predicting topaneu_center2_ct_161
2026-08-27 11:04:49.861065: topaneu_center2_ct_161, shape torch.Size([1, 147, 168, 139]), rank 0
2026-08-27 11:05:01.618144: predicting topaneu_center2_ct_162
2026-08-27 11:05:02.695697: topaneu_center2_ct_162, shape torch.Size([1, 145, 171, 136]), rank 0
2026-08-27 11:05:14.165468: predicting topaneu_center2_ct_163
2026-08-27 11:05:14.598943: topaneu_center2_ct_163, shape torch.Size([1, 145, 173, 130]), rank 0
2026-08-27 11:05:27.858207: predicting topaneu_center2_ct_164
2026-08-27 11:05:29.103235: topaneu_center2_ct_164, shape torch.Size([1, 149, 161, 131]), rank 0
2026-08-27 11:05:38.654665: predicting topaneu_center2_ct_165
2026-08-27 11:05:39.026520: topaneu_center2_ct_165, shape torch.Size([1, 142, 164, 131]), rank 0
2026-08-27 11:05:50.075487: predicting topaneu_center2_ct_166
2026-08-27 11:05:50.468916: topaneu_center2_ct_166, shape torch.Size([1, 146, 162, 134]), rank 0
2026-08-27 11:06:02.320338: predicting topaneu_center2_ct_167
2026-08-27 11:06:02.672130: topaneu_center2_ct_167, shape torch.Size([1, 148, 173, 132]), rank 0
2026-08-27 11:06:12.440307: predicting topaneu_center2_ct_169
2026-08-27 11:06:12.813518: topaneu_center2_ct_169, shape torch.Size([1, 148, 174, 142]), rank 0
2026-08-27 11:06:25.677853: predicting topaneu_center2_ct_170
2026-08-27 11:06:26.172196: topaneu_center2_ct_170, shape torch.Size([1, 151, 165, 137]), rank 0
2026-08-27 11:06:35.429115: predicting topaneu_center2_ct_171
2026-08-27 11:06:36.185140: topaneu_center2_ct_171, shape torch.Size([1, 136, 139, 135]), rank 0
2026-08-27 11:06:55.062129: predicting topaneu_center2_ct_172
2026-08-27 11:06:55.450169: topaneu_center2_ct_172, shape torch.Size([1, 156, 174, 136]), rank 0
2026-08-27 11:07:13.314462: predicting topaneu_center2_ct_173
2026-08-27 11:07:13.623068: topaneu_center2_ct_173, shape torch.Size([1, 154, 172, 132]), rank 0
2026-08-27 11:07:24.879489: predicting topaneu_center2_ct_174
2026-08-27 11:07:26.242810: topaneu_center2_ct_174, shape torch.Size([1, 141, 158, 129]), rank 0
2026-08-27 11:07:40.401380: predicting topaneu_center2_ct_175
2026-08-27 11:07:41.387225: topaneu_center2_ct_175, shape torch.Size([1, 152, 190, 136]), rank 0
2026-08-27 11:07:55.751946: predicting topaneu_center2_ct_184
2026-08-27 11:07:56.332934: topaneu_center2_ct_184, shape torch.Size([1, 152, 186, 146]), rank 0
2026-08-27 11:08:05.000662: predicting topaneu_center2_ct_189
2026-08-27 11:08:05.442431: topaneu_center2_ct_189, shape torch.Size([1, 138, 165, 128]), rank 0
2026-08-27 11:08:19.413605: predicting topaneu_center2_ct_190
2026-08-27 11:08:20.149233: topaneu_center2_ct_190, shape torch.Size([1, 154, 161, 132]), rank 0
2026-08-27 11:08:36.324942: predicting topaneu_center2_ct_191
2026-08-27 11:08:37.170830: topaneu_center2_ct_191, shape torch.Size([1, 138, 162, 125]), rank 0
2026-08-27 11:08:52.941559: predicting topaneu_center2_ct_192
2026-08-27 11:08:53.470781: topaneu_center2_ct_192, shape torch.Size([1, 150, 159, 133]), rank 0
2026-08-27 11:09:04.939403: predicting topaneu_center2_ct_193
2026-08-27 11:09:05.521875: topaneu_center2_ct_193, shape torch.Size([1, 119, 163, 131]), rank 0
2026-08-27 11:09:21.975627: predicting topaneu_center2_ct_196
2026-08-27 11:09:22.449322: topaneu_center2_ct_196, shape torch.Size([1, 148, 167, 145]), rank 0
2026-08-27 11:09:57.930933: predicting topaneu_center2_ct_197
2026-08-27 11:09:58.679939: topaneu_center2_ct_197, shape torch.Size([1, 139, 167, 129]), rank 0
2026-08-27 11:10:36.472149: predicting topaneu_center2_mr_002
2026-08-27 11:10:36.905909: topaneu_center2_mr_002, shape torch.Size([1, 110, 174, 146]), rank 0
2026-08-27 11:10:55.670230: predicting topaneu_center2_mr_004
2026-08-27 11:10:56.048294: topaneu_center2_mr_004, shape torch.Size([1, 77, 165, 138]), rank 0
2026-08-27 11:11:10.712950: predicting topaneu_center2_mr_007
2026-08-27 11:11:11.019154: topaneu_center2_mr_007, shape torch.Size([1, 77, 179, 143]), rank 0
2026-08-27 11:11:44.398068: predicting topaneu_center2_mr_010
2026-08-27 11:11:44.829817: topaneu_center2_mr_010, shape torch.Size([1, 77, 184, 140]), rank 0
2026-08-27 11:12:05.811251: predicting topaneu_center2_mr_011
2026-08-27 11:12:06.492668: topaneu_center2_mr_011, shape torch.Size([1, 82, 158, 137]), rank 0
2026-08-27 11:12:29.465783: predicting topaneu_center2_mr_012
2026-08-27 11:12:30.401360: topaneu_center2_mr_012, shape torch.Size([1, 110, 176, 144]), rank 0
2026-08-27 11:12:53.060233: predicting topaneu_center2_mr_016
2026-08-27 11:12:54.107403: topaneu_center2_mr_016, shape torch.Size([1, 109, 174, 137]), rank 0
2026-08-27 11:13:05.273388: predicting topaneu_center2_mr_017
2026-08-27 11:13:06.075233: topaneu_center2_mr_017, shape torch.Size([1, 110, 179, 141]), rank 0
2026-08-27 11:13:39.353033: predicting topaneu_center2_mr_018
2026-08-27 11:13:39.815755: topaneu_center2_mr_018, shape torch.Size([1, 108, 189, 147]), rank 0
2026-08-27 11:14:11.286466: predicting topaneu_center2_mr_019
2026-08-27 11:14:17.227394: topaneu_center2_mr_019, shape torch.Size([1, 110, 168, 152]), rank 0
2026-08-27 11:14:45.315839: predicting topaneu_center2_mr_020
2026-08-27 11:14:46.037103: topaneu_center2_mr_020, shape torch.Size([1, 110, 170, 153]), rank 0
2026-08-27 11:15:21.407838: predicting topaneu_center2_mr_025
2026-08-27 11:15:22.044171: topaneu_center2_mr_025, shape torch.Size([1, 110, 165, 140]), rank 0
2026-08-27 11:15:55.933223: predicting topaneu_center2_mr_028
2026-08-27 11:15:56.447284: topaneu_center2_mr_028, shape torch.Size([1, 110, 169, 134]), rank 0
2026-08-27 11:16:31.024174: predicting topaneu_center2_mr_029
2026-08-27 11:16:31.797673: topaneu_center2_mr_029, shape torch.Size([1, 110, 171, 135]), rank 0
2026-08-27 11:17:01.966694: predicting topaneu_center2_mr_031
2026-08-27 11:17:02.954244: topaneu_center2_mr_031, shape torch.Size([1, 102, 168, 138]), rank 0
2026-08-27 11:17:32.643353: predicting topaneu_center2_mr_032
2026-08-27 11:17:33.047956: topaneu_center2_mr_032, shape torch.Size([1, 77, 165, 146]), rank 0
2026-08-27 11:18:03.636635: predicting topaneu_center2_mr_034
2026-08-27 11:18:04.204011: topaneu_center2_mr_034, shape torch.Size([1, 103, 170, 134]), rank 0
2026-08-27 11:18:32.876425: predicting topaneu_center2_mr_035
2026-08-27 11:18:33.278561: topaneu_center2_mr_035, shape torch.Size([1, 110, 166, 140]), rank 0
2026-08-27 11:18:55.243026: predicting topaneu_center2_mr_038
2026-08-27 11:18:56.000614: topaneu_center2_mr_038, shape torch.Size([1, 110, 169, 137]), rank 0
2026-08-27 11:19:24.384893: predicting topaneu_center2_mr_042
2026-08-27 11:19:24.921429: topaneu_center2_mr_042, shape torch.Size([1, 110, 170, 140]), rank 0
2026-08-27 11:19:55.899440: predicting topaneu_center2_mr_044
2026-08-27 11:19:56.532662: topaneu_center2_mr_044, shape torch.Size([1, 76, 169, 135]), rank 0
2026-08-27 11:20:27.120366: predicting topaneu_center2_mr_047
2026-08-27 11:20:28.487153: topaneu_center2_mr_047, shape torch.Size([1, 110, 171, 143]), rank 0
2026-08-27 11:20:59.066040: predicting topaneu_center2_mr_048
2026-08-27 11:20:59.373762: topaneu_center2_mr_048, shape torch.Size([1, 110, 170, 134]), rank 0
2026-08-27 11:21:20.042130: predicting topaneu_center2_mr_049
2026-08-27 11:21:20.724579: topaneu_center2_mr_049, shape torch.Size([1, 110, 174, 141]), rank 0
2026-08-27 11:21:53.811396: predicting topaneu_center2_mr_050
2026-08-27 11:21:55.317055: topaneu_center2_mr_050, shape torch.Size([1, 110, 160, 134]), rank 0
2026-08-27 11:22:24.687072: predicting topaneu_center2_mr_051
2026-08-27 11:22:25.806483: topaneu_center2_mr_051, shape torch.Size([1, 102, 184, 150]), rank 0
2026-08-27 11:22:58.080392: predicting topaneu_center2_mr_054
2026-08-27 11:22:58.611582: topaneu_center2_mr_054, shape torch.Size([1, 110, 168, 149]), rank 0
2026-08-27 11:23:27.193325: predicting topaneu_center2_mr_055
2026-08-27 11:23:27.860208: topaneu_center2_mr_055, shape torch.Size([1, 77, 168, 135]), rank 0
2026-08-27 11:24:01.848877: predicting topaneu_center2_mr_056
2026-08-27 11:24:02.105475: topaneu_center2_mr_056, shape torch.Size([1, 110, 182, 143]), rank 0
2026-08-27 11:24:35.489635: predicting topaneu_center2_mr_057
2026-08-27 11:24:35.895678: topaneu_center2_mr_057, shape torch.Size([1, 110, 169, 137]), rank 0
2026-08-27 11:24:56.668260: predicting topaneu_center2_mr_058
2026-08-27 11:24:56.943688: topaneu_center2_mr_058, shape torch.Size([1, 110, 177, 147]), rank 0
2026-08-27 11:25:31.320198: predicting topaneu_center2_mr_069
2026-08-27 11:25:31.675762: topaneu_center2_mr_069, shape torch.Size([1, 110, 174, 141]), rank 0
2026-08-27 11:26:02.546689: predicting topaneu_center2_mr_074
2026-08-27 11:26:02.922219: topaneu_center2_mr_074, shape torch.Size([1, 110, 182, 141]), rank 0
2026-08-27 11:26:37.703276: predicting topaneu_center2_mr_077
2026-08-27 11:26:38.114757: topaneu_center2_mr_077, shape torch.Size([1, 106, 175, 153]), rank 0
2026-08-27 11:27:14.086578: predicting topaneu_center2_mr_078
2026-08-27 11:27:14.654824: topaneu_center2_mr_078, shape torch.Size([1, 110, 160, 135]), rank 0
2026-08-27 11:27:48.729862: predicting topaneu_center2_mr_079
2026-08-27 11:27:49.152431: topaneu_center2_mr_079, shape torch.Size([1, 110, 168, 147]), rank 0
2026-08-27 11:28:23.355740: predicting topaneu_center2_mr_080
2026-08-27 11:28:24.336307: topaneu_center2_mr_080, shape torch.Size([1, 110, 178, 143]), rank 0
2026-08-27 11:28:53.074027: predicting topaneu_center2_mr_083
2026-08-27 11:28:53.572789: topaneu_center2_mr_083, shape torch.Size([1, 104, 165, 149]), rank 0
2026-08-27 11:29:26.458818: predicting topaneu_center2_mr_085
2026-08-27 11:29:26.910609: topaneu_center2_mr_085, shape torch.Size([1, 110, 175, 132]), rank 0
2026-08-27 11:30:00.505756: predicting topaneu_center2_mr_086
2026-08-27 11:30:01.677195: topaneu_center2_mr_086, shape torch.Size([1, 121, 178, 143]), rank 0
2026-08-27 11:30:31.702871: predicting topaneu_center4_ct_002
2026-08-27 11:30:32.575167: topaneu_center4_ct_002, shape torch.Size([1, 149, 173, 138]), rank 0
2026-08-27 11:31:02.618194: predicting topaneu_center4_ct_005
2026-08-27 11:31:03.024817: topaneu_center4_ct_005, shape torch.Size([1, 151, 159, 136]), rank 0
2026-08-27 11:31:27.599055: predicting topaneu_center4_ct_008_1
2026-08-27 11:31:44.676147: topaneu_center4_ct_008_1, shape torch.Size([1, 146, 166, 133]), rank 0
2026-08-27 11:32:21.052027: predicting topaneu_center4_ct_008_2
2026-08-27 11:32:21.688808: topaneu_center4_ct_008_2, shape torch.Size([1, 146, 166, 133]), rank 0
2026-08-27 11:33:03.889582: predicting topaneu_center4_ct_009
2026-08-27 11:33:04.757070: topaneu_center4_ct_009, shape torch.Size([1, 156, 152, 158]), rank 0
2026-08-27 11:33:46.043839: predicting topaneu_center4_ct_012
2026-08-27 11:33:46.524225: topaneu_center4_ct_012, shape torch.Size([1, 138, 163, 129]), rank 0
2026-08-27 11:34:28.213890: predicting topaneu_center4_ct_019
2026-08-27 11:34:28.639200: topaneu_center4_ct_019, shape torch.Size([1, 149, 165, 139]), rank 0
2026-08-27 11:35:15.945601: predicting topaneu_center4_ct_020_1
2026-08-27 11:35:16.694596: topaneu_center4_ct_020_1, shape torch.Size([1, 152, 170, 151]), rank 0
2026-08-27 11:36:01.594823: predicting topaneu_center4_ct_020_2
2026-08-27 11:37:05.984737: topaneu_center4_ct_020_2, shape torch.Size([1, 152, 171, 151]), rank 0
2026-08-27 11:37:37.284381: predicting topaneu_center4_ct_020_3
2026-08-27 11:37:37.885134: topaneu_center4_ct_020_3, shape torch.Size([1, 148, 171, 151]), rank 0
2026-08-27 11:38:27.480801: predicting topaneu_center4_ct_023
2026-08-27 11:38:28.280059: topaneu_center4_ct_023, shape torch.Size([1, 148, 164, 138]), rank 0
2026-08-27 11:39:18.481153: predicting topaneu_center4_ct_025_1
2026-08-27 11:39:19.032705: topaneu_center4_ct_025_1, shape torch.Size([1, 146, 160, 139]), rank 0
2026-08-27 11:40:08.019061: predicting topaneu_center4_ct_025_2
2026-08-27 11:40:08.842878: topaneu_center4_ct_025_2, shape torch.Size([1, 144, 157, 139]), rank 0
2026-08-27 11:41:03.845383: predicting topaneu_center4_ct_030
2026-08-27 11:41:06.803414: topaneu_center4_ct_030, shape torch.Size([1, 157, 169, 142]), rank 0
2026-08-27 11:41:46.282755: predicting topaneu_center4_ct_034_1
2026-08-27 11:41:47.292829: topaneu_center4_ct_034_1, shape torch.Size([1, 138, 157, 131]), rank 0
2026-08-27 11:42:27.281853: predicting topaneu_center4_ct_034_2
2026-08-27 11:42:27.816944: topaneu_center4_ct_034_2, shape torch.Size([1, 85, 159, 129]), rank 0
2026-08-27 11:43:15.746432: predicting topaneu_center4_ct_037
2026-08-27 11:43:16.344381: topaneu_center4_ct_037, shape torch.Size([1, 152, 165, 148]), rank 0
2026-08-27 11:43:56.327016: predicting topaneu_center4_ct_041
2026-08-27 11:43:56.991370: topaneu_center4_ct_041, shape torch.Size([1, 148, 165, 131]), rank 0
2026-08-27 11:44:46.809617: predicting topaneu_center4_ct_042_1
2026-08-27 11:44:48.169283: topaneu_center4_ct_042_1, shape torch.Size([1, 146, 158, 137]), rank 0
2026-08-27 11:45:35.158509: predicting topaneu_center4_ct_042_2
2026-08-27 11:45:35.619502: topaneu_center4_ct_042_2, shape torch.Size([1, 146, 158, 137]), rank 0
2026-08-27 11:46:25.309661: predicting topaneu_center4_ct_045
2026-08-27 11:46:25.735327: topaneu_center4_ct_045, shape torch.Size([1, 149, 166, 139]), rank 0
2026-08-27 11:47:06.438415: predicting topaneu_center4_ct_047
2026-08-27 11:47:06.722760: topaneu_center4_ct_047, shape torch.Size([1, 155, 168, 142]), rank 0
2026-08-27 11:47:48.323695: predicting topaneu_center4_ct_048
2026-08-27 11:48:06.372411: topaneu_center4_ct_048, shape torch.Size([1, 157, 181, 143]), rank 0
2026-08-27 11:48:32.941082: predicting topaneu_center4_ct_051_1
2026-08-27 11:48:33.783498: topaneu_center4_ct_051_1, shape torch.Size([1, 149, 170, 132]), rank 0
2026-08-27 11:49:21.582585: predicting topaneu_center4_ct_051_2
2026-08-27 11:49:22.510512: topaneu_center4_ct_051_2, shape torch.Size([1, 89, 171, 132]), rank 0
2026-08-27 11:50:14.702233: predicting topaneu_center4_ct_055
2026-08-27 11:50:15.210402: topaneu_center4_ct_055, shape torch.Size([1, 149, 160, 138]), rank 0
2026-08-27 11:50:58.400283: predicting topaneu_center4_ct_057
2026-08-27 11:50:58.820465: topaneu_center4_ct_057, shape torch.Size([1, 146, 154, 135]), rank 0
2026-08-27 11:51:20.300931: predicting topaneu_center4_ct_059
2026-08-27 11:51:20.807029: topaneu_center4_ct_059, shape torch.Size([1, 151, 169, 147]), rank 0
2026-08-27 11:52:24.917506: predicting topaneu_center4_ct_060
2026-08-27 11:52:26.542802: topaneu_center4_ct_060, shape torch.Size([1, 148, 160, 135]), rank 0
2026-08-27 11:53:04.623245: predicting topaneu_center4_ct_062_1
2026-08-27 11:53:04.915972: topaneu_center4_ct_062_1, shape torch.Size([1, 156, 166, 147]), rank 0
2026-08-27 11:53:52.603925: predicting topaneu_center4_ct_062_2
2026-08-27 11:53:53.157742: topaneu_center4_ct_062_2, shape torch.Size([1, 157, 165, 152]), rank 0
2026-08-27 11:54:34.036729: predicting topaneu_center4_ct_063
2026-08-27 11:54:34.455957: topaneu_center4_ct_063, shape torch.Size([1, 152, 165, 134]), rank 0
2026-08-27 11:55:33.266343: predicting topaneu_center4_ct_064
2026-08-27 11:55:34.097687: topaneu_center4_ct_064, shape torch.Size([1, 152, 174, 135]), rank 0
2026-08-27 11:56:24.301903: predicting topaneu_center4_ct_065
2026-08-27 11:56:25.108657: topaneu_center4_ct_065, shape torch.Size([1, 152, 165, 138]), rank 0
2026-08-27 11:57:17.803263: predicting topaneu_center4_ct_067
2026-08-27 11:57:18.217884: topaneu_center4_ct_067, shape torch.Size([1, 152, 173, 139]), rank 0
2026-08-27 11:58:14.311378: predicting topaneu_center4_ct_070
2026-08-27 11:58:14.991471: topaneu_center4_ct_070, shape torch.Size([1, 151, 165, 138]), rank 0
2026-08-27 11:59:09.612099: predicting topaneu_center4_ct_072
2026-08-27 11:59:10.220081: topaneu_center4_ct_072, shape torch.Size([1, 145, 160, 135]), rank 0
2026-08-27 11:59:57.405793: predicting topaneu_center4_ct_074
2026-08-27 11:59:58.421741: topaneu_center4_ct_074, shape torch.Size([1, 146, 170, 139]), rank 0
2026-08-27 12:00:44.313567: predicting topaneu_center4_ct_083
2026-08-27 12:00:44.916162: topaneu_center4_ct_083, shape torch.Size([1, 137, 169, 140]), rank 0
2026-08-27 12:01:24.606146: predicting topaneu_center4_ct_087
2026-08-27 12:01:25.648484: topaneu_center4_ct_087, shape torch.Size([1, 137, 160, 141]), rank 0
2026-08-27 12:02:09.835253: predicting topaneu_center4_ct_093
2026-08-27 12:02:11.896466: topaneu_center4_ct_093, shape torch.Size([1, 137, 159, 153]), rank 0
2026-08-27 12:03:00.781679: predicting topaneu_center4_ct_094
2026-08-27 12:03:01.177574: topaneu_center4_ct_094, shape torch.Size([1, 142, 156, 134]), rank 0
2026-08-27 12:03:20.958051: predicting topaneu_center4_ct_097
2026-08-27 12:03:21.340277: topaneu_center4_ct_097, shape torch.Size([1, 139, 158, 127]), rank 0
2026-08-27 12:03:42.311183: predicting topaneu_center4_ct_101
2026-08-27 12:03:42.638698: topaneu_center4_ct_101, shape torch.Size([1, 149, 159, 146]), rank 0
2026-08-27 12:04:29.936955: predicting topaneu_center4_ct_102
2026-08-27 12:04:31.174313: topaneu_center4_ct_102, shape torch.Size([1, 157, 173, 151]), rank 0
2026-08-27 12:05:07.171103: predicting topaneu_center4_ct_103
2026-08-27 12:05:07.581736: topaneu_center4_ct_103, shape torch.Size([1, 152, 184, 141]), rank 0
2026-08-27 12:06:01.192896: predicting topaneu_center4_ct_104
2026-08-27 12:06:01.718349: topaneu_center4_ct_104, shape torch.Size([1, 149, 165, 137]), rank 0
2026-08-27 12:06:53.716940: predicting topaneu_center4_ct_105
2026-08-27 12:06:54.156602: topaneu_center4_ct_105, shape torch.Size([1, 152, 177, 137]), rank 0
2026-08-27 12:07:45.061796: predicting topaneu_center4_ct_106
2026-08-27 12:07:46.656332: topaneu_center4_ct_106, shape torch.Size([1, 154, 173, 139]), rank 0
2026-08-27 12:08:38.258180: predicting topaneu_center4_ct_107
2026-08-27 12:08:38.695417: topaneu_center4_ct_107, shape torch.Size([1, 151, 165, 148]), rank 0
2026-08-27 12:09:27.497428: predicting topaneu_center4_ct_108
2026-08-27 12:09:27.858651: topaneu_center4_ct_108, shape torch.Size([1, 151, 169, 132]), rank 0
2026-08-27 12:10:16.564494: predicting topaneu_center4_ct_115
2026-08-27 12:10:16.864182: topaneu_center4_ct_115, shape torch.Size([1, 105, 178, 129]), rank 0
2026-08-27 12:11:04.755056: predicting topaneu_center4_ct_116
2026-08-27 12:11:05.134542: topaneu_center4_ct_116, shape torch.Size([1, 90, 166, 147]), rank 0
2026-08-27 12:11:48.827098: predicting topaneu_center4_ct_119
2026-08-27 12:11:53.595911: topaneu_center4_ct_119, shape torch.Size([1, 87, 159, 138]), rank 0
2026-08-27 12:12:15.582203: predicting topaneu_center4_ct_122
2026-08-27 12:12:16.862959: topaneu_center4_ct_122, shape torch.Size([1, 147, 164, 132]), rank 0
2026-08-27 12:12:44.445966: predicting topaneu_center4_ct_127
2026-08-27 12:12:45.427375: topaneu_center4_ct_127, shape torch.Size([1, 82, 170, 152]), rank 0
2026-08-27 12:13:04.986496: predicting topaneu_center4_ct_129
2026-08-27 12:13:06.086670: topaneu_center4_ct_129, shape torch.Size([1, 81, 162, 147]), rank 0
2026-08-27 12:13:40.383981: predicting topaneu_center4_ct_134
2026-08-27 12:13:41.174308: topaneu_center4_ct_134, shape torch.Size([1, 96, 150, 139]), rank 0
2026-08-27 12:14:03.640800: predicting topaneu_center4_ct_140
2026-08-27 12:14:04.375737: topaneu_center4_ct_140, shape torch.Size([1, 104, 154, 143]), rank 0
2026-08-27 12:14:28.539299: predicting topaneu_center4_ct_193
2026-08-27 12:14:29.384061: topaneu_center4_ct_193, shape torch.Size([1, 97, 159, 132]), rank 0
2026-08-27 12:14:50.845579: predicting topaneu_center4_ct_200
2026-08-27 12:14:51.161685: topaneu_center4_ct_200, shape torch.Size([1, 84, 163, 144]), rank 0
2026-08-27 12:15:21.235841: predicting topaneu_center4_ct_201
2026-08-27 12:15:22.088233: topaneu_center4_ct_201, shape torch.Size([1, 90, 240, 240]), rank 0
2026-08-27 12:15:43.819647: predicting topaneu_center5_mr_007
2026-08-27 12:15:45.092219: topaneu_center5_mr_007, shape torch.Size([1, 68, 200, 181]), rank 0
2026-08-27 12:16:09.864589: predicting topaneu_center5_mr_009
2026-08-27 12:16:10.837918: topaneu_center5_mr_009, shape torch.Size([1, 140, 220, 156]), rank 0
2026-08-27 12:16:55.133749: predicting topaneu_center5_mr_010
2026-08-27 12:16:55.892128: topaneu_center5_mr_010, shape torch.Size([1, 81, 200, 200]), rank 0
2026-08-27 12:17:08.598063: predicting topaneu_center5_mr_011
2026-08-27 12:17:09.065402: topaneu_center5_mr_011, shape torch.Size([1, 81, 200, 200]), rank 0
2026-08-27 12:17:58.817211: predicting topaneu_center5_mr_015
2026-08-27 12:17:59.591658: topaneu_center5_mr_015, shape torch.Size([1, 81, 200, 200]), rank 0
2026-08-27 12:18:17.814659: predicting topaneu_center5_mr_016
2026-08-27 12:18:18.505746: topaneu_center5_mr_016, shape torch.Size([1, 81, 200, 200]), rank 0
2026-08-27 12:18:36.129118: predicting topaneu_center5_mr_021
2026-08-27 12:18:37.008350: topaneu_center5_mr_021, shape torch.Size([1, 81, 200, 200]), rank 0
2026-08-27 12:18:55.520864: predicting topaneu_center5_mr_022
2026-08-27 12:18:56.396589: topaneu_center5_mr_022, shape torch.Size([1, 81, 200, 200]), rank 0
2026-08-27 12:19:14.106179: predicting topaneu_center5_mr_023
2026-08-27 12:19:25.914266: topaneu_center5_mr_023, shape torch.Size([1, 130, 220, 154]), rank 0
2026-08-27 12:19:32.761079: predicting topaneu_center5_mr_024
2026-08-27 12:19:33.373273: topaneu_center5_mr_024, shape torch.Size([1, 130, 230, 163]), rank 0
2026-08-27 12:19:51.424659: predicting topaneu_center5_mr_025
2026-08-27 12:19:51.863522: topaneu_center5_mr_025, shape torch.Size([1, 81, 200, 200]), rank 0
2026-08-27 12:20:41.216433: predicting topaneu_center5_mr_027
2026-08-27 12:20:41.578576: topaneu_center5_mr_027, shape torch.Size([1, 81, 200, 200]), rank 0
2026-08-27 12:21:31.522821: predicting topaneu_center5_mr_028
2026-08-27 12:21:44.779636: topaneu_center5_mr_028, shape torch.Size([1, 105, 220, 199]), rank 0
2026-08-27 12:21:50.281445: predicting topaneu_center5_mr_029
2026-08-27 12:21:50.882042: topaneu_center5_mr_029, shape torch.Size([1, 68, 200, 181]), rank 0
2026-08-27 12:22:09.162580: predicting topaneu_center5_mr_030
2026-08-27 12:22:09.937669: topaneu_center5_mr_030, shape torch.Size([1, 68, 200, 181]), rank 0
2026-08-27 12:23:03.645672: predicting topaneu_center5_mr_031
2026-08-27 12:23:04.028727: topaneu_center5_mr_031, shape torch.Size([1, 68, 200, 181]), rank 0
2026-08-27 12:23:16.890897: predicting topaneu_center5_mr_032
2026-08-27 12:23:17.543786: topaneu_center5_mr_032, shape torch.Size([1, 81, 200, 200]), rank 0
2026-08-27 12:23:30.056367: predicting topaneu_center5_mr_033
2026-08-27 12:23:30.405001: topaneu_center5_mr_033, shape torch.Size([1, 81, 200, 200]), rank 0
2026-08-27 12:23:43.328553: predicting topaneu_center5_mr_034
2026-08-27 12:23:43.677308: topaneu_center5_mr_034, shape torch.Size([1, 81, 200, 199]), rank 0
2026-08-27 12:24:01.784199: predicting topaneu_center5_mr_036
2026-08-27 12:24:02.510740: topaneu_center5_mr_036, shape torch.Size([1, 68, 200, 181]), rank 0
2026-08-27 12:24:20.191853: predicting topaneu_center5_mr_037
2026-08-27 12:24:20.726413: topaneu_center5_mr_037, shape torch.Size([1, 81, 200, 200]), rank 0
2026-08-27 12:24:38.649206: predicting topaneu_center5_mr_038
2026-08-27 12:24:39.627632: topaneu_center5_mr_038, shape torch.Size([1, 68, 200, 181]), rank 0
2026-08-27 12:24:51.784971: predicting topaneu_center5_mr_039
2026-08-27 12:24:52.412180: topaneu_center5_mr_039, shape torch.Size([1, 68, 200, 181]), rank 0
2026-08-27 12:25:10.188171: predicting topaneu_center5_mr_041
2026-08-27 12:25:10.986261: topaneu_center5_mr_041, shape torch.Size([1, 120, 220, 176]), rank 0
2026-08-27 12:25:23.358763: predicting topaneu_center5_mr_052
2026-08-27 12:25:23.971100: topaneu_center5_mr_052, shape torch.Size([1, 60, 160, 160]), rank 0
2026-08-27 12:25:36.630020: predicting topaneu_center5_mr_061
2026-08-27 12:25:37.395409: topaneu_center5_mr_061, shape torch.Size([1, 60, 160, 160]), rank 0
2026-08-27 12:26:32.922401: predicting topaneu_center5_mr_063
2026-08-27 12:26:33.324674: topaneu_center5_mr_063, shape torch.Size([1, 60, 160, 160]), rank 0
2026-08-27 12:26:53.303579: predicting topaneu_center5_mr_068
2026-08-27 12:26:54.177091: topaneu_center5_mr_068, shape torch.Size([1, 60, 160, 160]), rank 0
2026-08-27 12:27:13.630156: predicting topaneu_center5_mr_074
2026-08-27 12:27:14.287386: topaneu_center5_mr_074, shape torch.Size([1, 60, 160, 160]), rank 0
2026-08-27 12:27:33.767950: predicting topaneu_center5_mr_079
2026-08-27 12:27:34.113301: topaneu_center5_mr_079, shape torch.Size([1, 60, 160, 160]), rank 0
2026-08-27 12:27:53.987589: predicting topaneu_center5_mr_081
2026-08-27 12:27:54.716397: topaneu_center5_mr_081, shape torch.Size([1, 60, 160, 160]), rank 0
2026-08-27 12:28:14.086561: predicting topaneu_center5_mr_082
2026-08-27 12:28:14.822877: topaneu_center5_mr_082, shape torch.Size([1, 60, 160, 160]), rank 0
2026-08-27 12:28:34.105779: predicting topaneu_center5_mr_451
2026-08-27 12:28:34.503885: topaneu_center5_mr_451, shape torch.Size([1, 100, 176, 138]), rank 0
2026-08-27 12:28:54.571487: predicting topaneu_center5_mr_452
2026-08-27 12:28:54.932762: topaneu_center5_mr_452, shape torch.Size([1, 112, 184, 143]), rank 0
2026-08-27 12:29:14.793164: predicting topaneu_center5_mr_453
2026-08-27 12:29:15.666240: topaneu_center5_mr_453, shape torch.Size([1, 100, 168, 146]), rank 0
2026-08-27 12:29:49.752407: predicting topaneu_center5_mr_454
2026-08-27 12:29:50.135489: topaneu_center5_mr_454, shape torch.Size([1, 101, 181, 132]), rank 0
2026-08-27 12:30:33.739979: predicting topaneu_center5_mr_455
2026-08-27 12:30:34.400980: topaneu_center5_mr_455, shape torch.Size([1, 133, 175, 135]), rank 0
2026-08-27 12:31:10.582756: predicting topaneu_center5_mr_457
2026-08-27 12:31:10.975078: topaneu_center5_mr_457, shape torch.Size([1, 84, 173, 139]), rank 0
2026-08-27 12:31:17.816535: predicting topaneu_center5_mr_458
2026-08-27 12:31:18.588633: topaneu_center5_mr_458, shape torch.Size([1, 89, 172, 138]), rank 0
2026-08-27 12:32:05.686320: predicting topaneu_center5_mr_459
2026-08-27 12:32:06.399673: topaneu_center5_mr_459, shape torch.Size([1, 86, 180, 148]), rank 0
2026-08-27 12:32:37.581621: predicting topaneu_center5_mr_460
2026-08-27 12:32:37.862787: topaneu_center5_mr_460, shape torch.Size([1, 100, 169, 144]), rank 0
2026-08-27 12:32:44.019094: predicting topaneu_center5_mr_461
2026-08-27 12:32:44.413438: topaneu_center5_mr_461, shape torch.Size([1, 99, 175, 147]), rank 0
2026-08-27 12:33:11.282835: predicting topaneu_center5_mr_462
2026-08-27 12:33:12.117304: topaneu_center5_mr_462, shape torch.Size([1, 92, 161, 138]), rank 0
2026-08-27 12:33:45.916294: predicting topaneu_center5_mr_464
2026-08-27 12:33:46.569530: topaneu_center5_mr_464, shape torch.Size([1, 100, 179, 148]), rank 0
2026-08-27 12:34:23.751917: predicting topaneu_center5_mr_465
2026-08-27 12:34:24.228308: topaneu_center5_mr_465, shape torch.Size([1, 99, 172, 135]), rank 0
2026-08-27 12:34:53.928830: predicting topaneu_center5_mr_466
2026-08-27 12:34:54.401900: topaneu_center5_mr_466, shape torch.Size([1, 105, 174, 152]), rank 0
2026-08-27 12:35:31.884828: predicting topaneu_center5_mr_467
2026-08-27 12:35:32.571852: topaneu_center5_mr_467, shape torch.Size([1, 100, 177, 157]), rank 0
2026-08-27 12:36:05.283518: predicting topaneu_center5_mr_469
2026-08-27 12:36:05.649771: topaneu_center5_mr_469, shape torch.Size([1, 84, 158, 129]), rank 0
2026-08-27 12:36:13.695457: predicting topaneu_center5_mr_470
2026-08-27 12:36:14.118541: topaneu_center5_mr_470, shape torch.Size([1, 104, 174, 137]), rank 0
2026-08-27 12:36:53.405117: predicting topaneu_center5_mr_471
2026-08-27 12:36:53.754725: topaneu_center5_mr_471, shape torch.Size([1, 111, 177, 147]), rank 0
2026-08-27 12:37:20.048141: predicting topaneu_center5_mr_472
2026-08-27 12:37:20.502514: topaneu_center5_mr_472, shape torch.Size([1, 109, 178, 147]), rank 0
2026-08-27 12:37:28.054994: predicting topaneu_center5_mr_473
2026-08-27 12:37:28.453242: topaneu_center5_mr_473, shape torch.Size([1, 100, 168, 144]), rank 0
2026-08-27 12:38:08.060060: predicting topaneu_center5_mr_474
2026-08-27 12:38:08.685648: topaneu_center5_mr_474, shape torch.Size([1, 100, 180, 148]), rank 0
2026-08-27 12:38:16.646799: predicting topaneu_center5_mr_475
2026-08-27 12:38:17.491079: topaneu_center5_mr_475, shape torch.Size([1, 84, 164, 139]), rank 0
2026-08-27 12:38:23.946047: predicting topaneu_center5_mr_476
2026-08-27 12:38:24.541205: topaneu_center5_mr_476, shape torch.Size([1, 106, 175, 142]), rank 0
2026-08-27 12:39:02.023246: predicting topaneu_center5_mr_478
2026-08-27 12:39:02.374464: topaneu_center5_mr_478, shape torch.Size([1, 104, 166, 142]), rank 0
2026-08-27 12:39:32.364089: predicting topaneu_center5_mr_479
2026-08-27 12:39:33.202847: topaneu_center5_mr_479, shape torch.Size([1, 106, 160, 140]), rank 0
2026-08-27 12:39:40.271536: predicting topaneu_center5_mr_480
2026-08-27 12:39:41.251931: topaneu_center5_mr_480, shape torch.Size([1, 95, 175, 138]), rank 0
2026-08-27 12:40:17.342093: predicting topaneu_center5_mr_481
2026-08-27 12:40:17.602710: topaneu_center5_mr_481, shape torch.Size([1, 96, 185, 144]), rank 0
2026-08-27 12:40:53.407656: predicting topaneu_center5_mr_484
2026-08-27 12:40:54.229869: topaneu_center5_mr_484, shape torch.Size([1, 108, 190, 144]), rank 0
2026-08-27 12:41:02.586356: predicting topaneu_center5_mr_485
2026-08-27 12:41:03.045386: topaneu_center5_mr_485, shape torch.Size([1, 96, 173, 148]), rank 0
2026-08-27 12:41:41.050533: predicting topaneu_center5_mr_486
2026-08-27 12:41:41.448805: topaneu_center5_mr_486, shape torch.Size([1, 101, 167, 140]), rank 0
2026-08-27 12:41:49.907610: predicting topaneu_center5_mr_487
2026-08-27 12:41:50.474273: topaneu_center5_mr_487, shape torch.Size([1, 80, 165, 142]), rank 0
2026-08-27 12:41:59.843774: predicting topaneu_center5_mr_488
2026-08-27 12:42:00.455274: topaneu_center5_mr_488, shape torch.Size([1, 104, 173, 148]), rank 0
2026-08-27 12:42:06.907784: predicting topaneu_center5_mr_489
2026-08-27 12:42:07.380178: topaneu_center5_mr_489, shape torch.Size([1, 108, 161, 138]), rank 0
2026-08-27 12:42:35.748964: predicting topaneu_center5_mr_490
2026-08-27 12:42:36.265702: topaneu_center5_mr_490, shape torch.Size([1, 106, 173, 146]), rank 0
2026-08-27 12:42:46.333943: predicting topaneu_center5_mr_491
2026-08-27 12:42:46.659808: topaneu_center5_mr_491, shape torch.Size([1, 93, 155, 137]), rank 0
2026-08-27 12:42:53.615389: predicting topaneu_center5_mr_492
2026-08-27 12:42:54.109497: topaneu_center5_mr_492, shape torch.Size([1, 93, 168, 142]), rank 0
2026-08-27 12:53:27.052132: Validation complete
2026-08-27 12:53:27.053102: Mean Validation Dice:  0.864543310263154

======================================================
TopAneu Model 1 COMPLETE
======================================================
Job ID : 1769491
End    : Thu Aug 27 12:53:30 EDT 2026
======================================================
