============================================================
TopAneu final ROI
Job ID:       2032293
Node:         ng10104
Start:        Sat Aug 29 05:38:03 EDT 2026
============================================================
==============================================
TopAneu RSNA Pipeline Environment
==============================================
TOPANEU_ROOT        = /home/abdul7/projects/def-punithak/abdul7/TopAneu
EXP_ROOT            = /home/abdul7/projects/def-punithak/abdul7/TopAneu/experiments/02_rsna_self_pipeline
CODE_ROOT           = /home/abdul7/projects/def-punithak/abdul7/TopAneu/experiments/02_rsna_self_pipeline/code
TOPANEU_DATA        = /home/abdul7/projects/def-punithak/abdul7/TopAneu/data

SCRATCH_ROOT        = /scratch/abdul7/TopAneu/experiments/02_rsna_self_pipeline
nnUNet_raw          = /scratch/abdul7/TopAneu/experiments/02_rsna_self_pipeline/nnUNet_raw
nnUNet_preprocessed = /scratch/abdul7/TopAneu/experiments/02_rsna_self_pipeline/nnUNet_preprocessed
nnUNet_results      = /scratch/abdul7/TopAneu/experiments/02_rsna_self_pipeline/nnUNet_results
LOG_ROOT            = /home/abdul7/projects/def-punithak/abdul7/TopAneu/experiments/02_rsna_self_pipeline/logs

Python:
/home/abdul7/projects/def-punithak/abdul7/TopAneu/venv/bin/python

nnUNet:
/home/abdul7/projects/def-punithak/abdul7/TopAneu/venv/bin/nnUNetv2_train

Scratch:
Filesystem                                   Size  Used Avail Use% Mounted on
10.82.48.7@o2ib1:10.82.48.8@o2ib1:/lustre07   19T  400G   19T   3% /scratch
==============================================
CODE_ROOT:    /home/abdul7/projects/def-punithak/abdul7/TopAneu/experiments/02_rsna_self_pipeline/code
SCRATCH_ROOT: /scratch/abdul7/TopAneu/experiments/02_rsna_self_pipeline
CPUs:         8
Memory:       131072 MB
============================================================
GPU information
============================================================
Sat Aug 29 05:38:03 2026       
+-----------------------------------------------------------------------------------------+
| NVIDIA-SMI 580.159.04             Driver Version: 580.159.04     CUDA Version: 13.0     |
+-----------------------------------------+------------------------+----------------------+
| GPU  Name                 Persistence-M | Bus-Id          Disp.A | Volatile Uncorr. ECC |
| Fan  Temp   Perf          Pwr:Usage/Cap |           Memory-Usage | GPU-Util  Compute M. |
|                                         |                        |               MIG M. |
|=========================================+========================+======================|
|   0  NVIDIA A100-SXM4-40GB          Off |   00000000:41:00.0 Off |                    0 |
| N/A   28C    P0             54W /  400W |       0MiB /  40960MiB |      0%      Default |
|                                         |                        |             Disabled |
+-----------------------------------------+------------------------+----------------------+

+-----------------------------------------------------------------------------------------+
| Processes:                                                                              |
|  GPU   GI   CI              PID   Type   Process name                        GPU Memory |
|        ID   ID                                                               Usage      |
|=========================================================================================|
|  No running processes found                                                             |
+-----------------------------------------------------------------------------------------+
============================================================
Preparing final ROI input
============================================================
Final ROI input:
/scratch/abdul7/TopAneu/experiments/02_rsna_self_pipeline/work/roi_images
Number of input images:
417
============================================================
Running final ROI vessel prediction - Model 2
============================================================

#######################################################################
Please cite the following paper when using nnU-Net:
Isensee, F., Jaeger, P. F., Kohl, S. A., Petersen, J., & Maier-Hein, K. H. (2021). nnU-Net: a self-configuring method for deep learning-based biomedical image segmentation. Nature methods, 18(2), 203-211.
#######################################################################

There are 417 cases in the source folder
I am processing 0 out of 1 (max process ID is 0, we start counting with 0!)
There are 417 cases that I would like to predict

Predicting topaneu_center1_mr_001:
perform_everything_on_device: True
sending off prediction to background worker for resampling and export
done with topaneu_center1_mr_001

Predicting topaneu_center1_mr_005:
perform_everything_on_device: True
sending off prediction to background worker for resampling and export
done with topaneu_center1_mr_005

Predicting topaneu_center1_mr_016:
perform_everything_on_device: True
sending off prediction to background worker for resampling and export
done with topaneu_center1_mr_016

Predicting topaneu_center1_mr_017:
perform_everything_on_device: True
sending off prediction to background worker for resampling and export
done with topaneu_center1_mr_017

Predicting topaneu_center1_mr_018:
perform_everything_on_device: True
sending off prediction to background worker for resampling and export
done with topaneu_center1_mr_018

Predicting topaneu_center1_mr_024:
perform_everything_on_device: True
sending off prediction to background worker for resampling and export
done with topaneu_center1_mr_024

Predicting topaneu_center1_mr_028:
perform_everything_on_device: True
sending off prediction to background worker for resampling and export
done with topaneu_center1_mr_028

Predicting topaneu_center1_mr_029:
perform_everything_on_device: True
sending off prediction to background worker for resampling and export
done with topaneu_center1_mr_029

Predicting topaneu_center1_mr_033:
perform_everything_on_device: True
sending off prediction to background worker for resampling and export
done with topaneu_center1_mr_033

Predicting topaneu_center1_mr_038:
perform_everything_on_device: True
sending off prediction to background worker for resampling and export
done with topaneu_center1_mr_038

Predicting topaneu_center1_mr_049:
perform_everything_on_device: True
sending off prediction to background worker for resampling and export
done with topaneu_center1_mr_049

Predicting topaneu_center1_mr_050:
perform_everything_on_device: True
sending off prediction to background worker for resampling and export
done with topaneu_center1_mr_050

Predicting topaneu_center1_mr_053:
perform_everything_on_device: True
sending off prediction to background worker for resampling and export
done with topaneu_center1_mr_053

Predicting topaneu_center1_mr_056:
perform_everything_on_device: True
sending off prediction to background worker for resampling and export
done with topaneu_center1_mr_056

Predicting topaneu_center1_mr_061:
perform_everything_on_device: True
sending off prediction to background worker for resampling and export
done with topaneu_center1_mr_061

Predicting topaneu_center1_mr_064:
perform_everything_on_device: True
sending off prediction to background worker for resampling and export
done with topaneu_center1_mr_064

Predicting topaneu_center1_mr_076:
perform_everything_on_device: True
sending off prediction to background worker for resampling and export
done with topaneu_center1_mr_076

Predicting topaneu_center1_mr_085:
perform_everything_on_device: True
sending off prediction to background worker for resampling and export
done with topaneu_center1_mr_085

Predicting topaneu_center1_mr_088:
perform_everything_on_device: True
sending off prediction to background worker for resampling and export
done with topaneu_center1_mr_088

Predicting topaneu_center1_mr_092:
perform_everything_on_device: True
sending off prediction to background worker for resampling and export
done with topaneu_center1_mr_092

Predicting topaneu_center1_mr_113:
perform_everything_on_device: True
sending off prediction to background worker for resampling and export
done with topaneu_center1_mr_113

Predicting topaneu_center1_mr_119:
perform_everything_on_device: True
sending off prediction to background worker for resampling and export
done with topaneu_center1_mr_119

Predicting topaneu_center1_mr_121:
perform_everything_on_device: True
sending off prediction to background worker for resampling and export
done with topaneu_center1_mr_121

Predicting topaneu_center1_mr_129:
perform_everything_on_device: True
sending off prediction to background worker for resampling and export
done with topaneu_center1_mr_129

Predicting topaneu_center1_mr_136:
perform_everything_on_device: True
sending off prediction to background worker for resampling and export
done with topaneu_center1_mr_136

Predicting topaneu_center1_mr_138:
perform_everything_on_device: True
sending off prediction to background worker for resampling and export
done with topaneu_center1_mr_138

Predicting topaneu_center1_mr_144:
perform_everything_on_device: True
sending off prediction to background worker for resampling and export
done with topaneu_center1_mr_144

Predicting topaneu_center1_mr_147:
perform_everything_on_device: True
sending off prediction to background worker for resampling and export
done with topaneu_center1_mr_147

Predicting topaneu_center1_mr_148:
perform_everything_on_device: True
sending off prediction to background worker for resampling and export
done with topaneu_center1_mr_148

Predicting topaneu_center1_mr_149:
perform_everything_on_device: True
sending off prediction to background worker for resampling and export
done with topaneu_center1_mr_149

Predicting topaneu_center1_mr_150:
perform_everything_on_device: True
sending off prediction to background worker for resampling and export
done with topaneu_center1_mr_150

Predicting topaneu_center1_mr_157:
perform_everything_on_device: True
sending off prediction to background worker for resampling and export
done with topaneu_center1_mr_157

Predicting topaneu_center1_mr_173:
perform_everything_on_device: True
sending off prediction to background worker for resampling and export
done with topaneu_center1_mr_173

Predicting topaneu_center1_mr_177:
perform_everything_on_device: True
sending off prediction to background worker for resampling and export
done with topaneu_center1_mr_177

Predicting topaneu_center1_mr_178:
perform_everything_on_device: True
sending off prediction to background worker for resampling and export
done with topaneu_center1_mr_178

Predicting topaneu_center1_mr_184:
perform_everything_on_device: True
sending off prediction to background worker for resampling and export
done with topaneu_center1_mr_184

Predicting topaneu_center1_mr_188:
perform_everything_on_device: True
sending off prediction to background worker for resampling and export
done with topaneu_center1_mr_188

Predicting topaneu_center1_mr_189:
perform_everything_on_device: True
sending off prediction to background worker for resampling and export
done with topaneu_center1_mr_189

Predicting topaneu_center1_mr_191:
perform_everything_on_device: True
sending off prediction to background worker for resampling and export
done with topaneu_center1_mr_191

Predicting topaneu_center1_mr_193:
perform_everything_on_device: True
sending off prediction to background worker for resampling and export
done with topaneu_center1_mr_193

Predicting topaneu_center1_mr_195:
perform_everything_on_device: True
sending off prediction to background worker for resampling and export
done with topaneu_center1_mr_195

Predicting topaneu_center1_mr_198:
perform_everything_on_device: True
sending off prediction to background worker for resampling and export
done with topaneu_center1_mr_198

Predicting topaneu_center1_mr_200:
perform_everything_on_device: True
sending off prediction to background worker for resampling and export
done with topaneu_center1_mr_200

Predicting topaneu_center1_mr_202:
perform_everything_on_device: True
sending off prediction to background worker for resampling and export
done with topaneu_center1_mr_202

Predicting topaneu_center1_mr_210:
perform_everything_on_device: True
sending off prediction to background worker for resampling and export
done with topaneu_center1_mr_210

Predicting topaneu_center1_mr_211:
perform_everything_on_device: True
sending off prediction to background worker for resampling and export
done with topaneu_center1_mr_211

Predicting topaneu_center1_mr_213:
perform_everything_on_device: True
sending off prediction to background worker for resampling and export
done with topaneu_center1_mr_213

Predicting topaneu_center1_mr_221:
perform_everything_on_device: True
sending off prediction to background worker for resampling and export
done with topaneu_center1_mr_221

Predicting topaneu_center1_mr_229:
perform_everything_on_device: True
sending off prediction to background worker for resampling and export
done with topaneu_center1_mr_229

Predicting topaneu_center1_mr_241:
perform_everything_on_device: True
sending off prediction to background worker for resampling and export
done with topaneu_center1_mr_241

Predicting topaneu_center1_mr_247:
perform_everything_on_device: True
sending off prediction to background worker for resampling and export
done with topaneu_center1_mr_247

Predicting topaneu_center1_mr_251:
perform_everything_on_device: True
sending off prediction to background worker for resampling and export
done with topaneu_center1_mr_251

Predicting topaneu_center1_mr_262:
perform_everything_on_device: True
sending off prediction to background worker for resampling and export
done with topaneu_center1_mr_262

Predicting topaneu_center1_mr_264:
perform_everything_on_device: True
sending off prediction to background worker for resampling and export
done with topaneu_center1_mr_264

Predicting topaneu_center1_mr_282:
perform_everything_on_device: True
sending off prediction to background worker for resampling and export
done with topaneu_center1_mr_282

Predicting topaneu_center1_mr_287:
perform_everything_on_device: True
sending off prediction to background worker for resampling and export
done with topaneu_center1_mr_287

Predicting topaneu_center1_mr_290:
perform_everything_on_device: True
sending off prediction to background worker for resampling and export
done with topaneu_center1_mr_290

Predicting topaneu_center1_mr_298:
perform_everything_on_device: True
sending off prediction to background worker for resampling and export
done with topaneu_center1_mr_298

Predicting topaneu_center1_mr_299:
perform_everything_on_device: True
sending off prediction to background worker for resampling and export
done with topaneu_center1_mr_299

Predicting topaneu_center1_mr_301:
perform_everything_on_device: True
sending off prediction to background worker for resampling and export
done with topaneu_center1_mr_301

Predicting topaneu_center1_mr_302:
perform_everything_on_device: True
sending off prediction to background worker for resampling and export
done with topaneu_center1_mr_302

Predicting topaneu_center1_mr_308:
perform_everything_on_device: True
sending off prediction to background worker for resampling and export
done with topaneu_center1_mr_308

Predicting topaneu_center1_mr_311:
perform_everything_on_device: True
sending off prediction to background worker for resampling and export
done with topaneu_center1_mr_311

Predicting topaneu_center1_mr_316:
perform_everything_on_device: True
sending off prediction to background worker for resampling and export
done with topaneu_center1_mr_316

Predicting topaneu_center1_mr_325:
perform_everything_on_device: True
sending off prediction to background worker for resampling and export
done with topaneu_center1_mr_325

Predicting topaneu_center1_mr_327:
perform_everything_on_device: True
sending off prediction to background worker for resampling and export
done with topaneu_center1_mr_327

Predicting topaneu_center1_mr_330:
perform_everything_on_device: True
sending off prediction to background worker for resampling and export
done with topaneu_center1_mr_330

Predicting topaneu_center1_mr_334:
perform_everything_on_device: True
sending off prediction to background worker for resampling and export
done with topaneu_center1_mr_334

Predicting topaneu_center1_mr_336:
perform_everything_on_device: True
sending off prediction to background worker for resampling and export
done with topaneu_center1_mr_336

Predicting topaneu_center1_mr_342:
perform_everything_on_device: True
sending off prediction to background worker for resampling and export
done with topaneu_center1_mr_342

Predicting topaneu_center1_mr_349:
perform_everything_on_device: True
sending off prediction to background worker for resampling and export
done with topaneu_center1_mr_349

Predicting topaneu_center1_mr_350:
perform_everything_on_device: True
sending off prediction to background worker for resampling and export
done with topaneu_center1_mr_350

Predicting topaneu_center1_mr_354:
perform_everything_on_device: True
sending off prediction to background worker for resampling and export
done with topaneu_center1_mr_354

Predicting topaneu_center1_mr_359:
perform_everything_on_device: True
sending off prediction to background worker for resampling and export
done with topaneu_center1_mr_359

Predicting topaneu_center1_mr_364:
perform_everything_on_device: True
sending off prediction to background worker for resampling and export
done with topaneu_center1_mr_364

Predicting topaneu_center1_mr_365:
perform_everything_on_device: True
sending off prediction to background worker for resampling and export
done with topaneu_center1_mr_365

Predicting topaneu_center1_mr_374:
perform_everything_on_device: True
sending off prediction to background worker for resampling and export
done with topaneu_center1_mr_374

Predicting topaneu_center1_mr_386:
perform_everything_on_device: True
sending off prediction to background worker for resampling and export
done with topaneu_center1_mr_386

Predicting topaneu_center1_mr_393:
perform_everything_on_device: True
sending off prediction to background worker for resampling and export
done with topaneu_center1_mr_393

Predicting topaneu_center1_mr_396:
perform_everything_on_device: True
sending off prediction to background worker for resampling and export
done with topaneu_center1_mr_396

Predicting topaneu_center1_mr_398:
perform_everything_on_device: True
sending off prediction to background worker for resampling and export
done with topaneu_center1_mr_398

Predicting topaneu_center1_mr_401:
perform_everything_on_device: True
sending off prediction to background worker for resampling and export
done with topaneu_center1_mr_401

Predicting topaneu_center1_mr_411:
perform_everything_on_device: True
sending off prediction to background worker for resampling and export
done with topaneu_center1_mr_411

Predicting topaneu_center1_mr_414:
perform_everything_on_device: True
sending off prediction to background worker for resampling and export
done with topaneu_center1_mr_414

Predicting topaneu_center1_mr_419:
perform_everything_on_device: True
sending off prediction to background worker for resampling and export
done with topaneu_center1_mr_419

Predicting topaneu_center1_mr_428:
perform_everything_on_device: True
sending off prediction to background worker for resampling and export
done with topaneu_center1_mr_428

Predicting topaneu_center1_mr_436:
perform_everything_on_device: True
sending off prediction to background worker for resampling and export
done with topaneu_center1_mr_436

Predicting topaneu_center1_mr_439:
perform_everything_on_device: True
sending off prediction to background worker for resampling and export
done with topaneu_center1_mr_439

Predicting topaneu_center1_mr_443:
perform_everything_on_device: True
sending off prediction to background worker for resampling and export
done with topaneu_center1_mr_443

Predicting topaneu_center1_mr_463:
perform_everything_on_device: True
sending off prediction to background worker for resampling and export
done with topaneu_center1_mr_463

Predicting topaneu_center1_mr_474:
perform_everything_on_device: True
sending off prediction to background worker for resampling and export
done with topaneu_center1_mr_474

Predicting topaneu_center1_mr_477:
perform_everything_on_device: True
sending off prediction to background worker for resampling and export
done with topaneu_center1_mr_477

Predicting topaneu_center1_mr_483:
perform_everything_on_device: True
sending off prediction to background worker for resampling and export
done with topaneu_center1_mr_483

Predicting topaneu_center1_mr_489:
perform_everything_on_device: True
sending off prediction to background worker for resampling and export
done with topaneu_center1_mr_489

Predicting topaneu_center1_mr_490:
perform_everything_on_device: True
sending off prediction to background worker for resampling and export
done with topaneu_center1_mr_490

Predicting topaneu_center1_mr_494:
perform_everything_on_device: True
sending off prediction to background worker for resampling and export
done with topaneu_center1_mr_494

Predicting topaneu_center1_mr_496:
perform_everything_on_device: True
sending off prediction to background worker for resampling and export
done with topaneu_center1_mr_496

Predicting topaneu_center1_mr_499:
perform_everything_on_device: True
sending off prediction to background worker for resampling and export
done with topaneu_center1_mr_499

Predicting topaneu_center1_mr_501:
perform_everything_on_device: True
sending off prediction to background worker for resampling and export
done with topaneu_center1_mr_501

Predicting topaneu_center1_mr_509:
perform_everything_on_device: True
sending off prediction to background worker for resampling and export
done with topaneu_center1_mr_509

Predicting topaneu_center1_mr_516:
perform_everything_on_device: True
sending off prediction to background worker for resampling and export
done with topaneu_center1_mr_516

Predicting topaneu_center1_mr_522:
perform_everything_on_device: True
sending off prediction to background worker for resampling and export
done with topaneu_center1_mr_522

Predicting topaneu_center1_mr_523:
perform_everything_on_device: True
sending off prediction to background worker for resampling and export
done with topaneu_center1_mr_523

Predicting topaneu_center1_mr_525:
perform_everything_on_device: True
sending off prediction to background worker for resampling and export
done with topaneu_center1_mr_525

Predicting topaneu_center1_mr_527:
perform_everything_on_device: True
sending off prediction to background worker for resampling and export
done with topaneu_center1_mr_527

Predicting topaneu_center1_mr_528:
perform_everything_on_device: True
sending off prediction to background worker for resampling and export
done with topaneu_center1_mr_528

Predicting topaneu_center1_mr_538:
perform_everything_on_device: True
sending off prediction to background worker for resampling and export
done with topaneu_center1_mr_538

Predicting topaneu_center1_mr_554:
perform_everything_on_device: True
sending off prediction to background worker for resampling and export
done with topaneu_center1_mr_554

Predicting topaneu_center1_mr_560:
perform_everything_on_device: True
sending off prediction to background worker for resampling and export
done with topaneu_center1_mr_560

Predicting topaneu_center1_mr_561:
perform_everything_on_device: True
sending off prediction to background worker for resampling and export
done with topaneu_center1_mr_561

Predicting topaneu_center1_mr_572:
perform_everything_on_device: True
sending off prediction to background worker for resampling and export
done with topaneu_center1_mr_572

Predicting topaneu_center1_mr_577:
perform_everything_on_device: True
sending off prediction to background worker for resampling and export
done with topaneu_center1_mr_577

Predicting topaneu_center1_mr_581:
perform_everything_on_device: True
sending off prediction to background worker for resampling and export
done with topaneu_center1_mr_581

Predicting topaneu_center1_mr_585:
perform_everything_on_device: True
sending off prediction to background worker for resampling and export
done with topaneu_center1_mr_585

Predicting topaneu_center1_mr_586:
perform_everything_on_device: True
sending off prediction to background worker for resampling and export
done with topaneu_center1_mr_586

Predicting topaneu_center1_mr_596:
perform_everything_on_device: True
sending off prediction to background worker for resampling and export
done with topaneu_center1_mr_596

Predicting topaneu_center1_mr_605:
perform_everything_on_device: True
sending off prediction to background worker for resampling and export
done with topaneu_center1_mr_605

Predicting topaneu_center1_mr_607:
perform_everything_on_device: True
sending off prediction to background worker for resampling and export
done with topaneu_center1_mr_607

Predicting topaneu_center1_mr_612:
perform_everything_on_device: True
sending off prediction to background worker for resampling and export
done with topaneu_center1_mr_612

Predicting topaneu_center1_mr_614:
perform_everything_on_device: True
sending off prediction to background worker for resampling and export
done with topaneu_center1_mr_614

Predicting topaneu_center1_mr_615:
perform_everything_on_device: True
sending off prediction to background worker for resampling and export
done with topaneu_center1_mr_615

Predicting topaneu_center1_mr_625:
perform_everything_on_device: True
sending off prediction to background worker for resampling and export
done with topaneu_center1_mr_625

Predicting topaneu_center1_mr_626:
perform_everything_on_device: True
sending off prediction to background worker for resampling and export
done with topaneu_center1_mr_626

Predicting topaneu_center1_mr_630:
perform_everything_on_device: True
sending off prediction to background worker for resampling and export
done with topaneu_center1_mr_630

Predicting topaneu_center1_mr_631:
perform_everything_on_device: True
sending off prediction to background worker for resampling and export
done with topaneu_center1_mr_631

Predicting topaneu_center1_mr_637:
perform_everything_on_device: True
sending off prediction to background worker for resampling and export
done with topaneu_center1_mr_637

Predicting topaneu_center1_mr_638:
perform_everything_on_device: True
sending off prediction to background worker for resampling and export
done with topaneu_center1_mr_638

Predicting topaneu_center1_mr_647:
perform_everything_on_device: True
sending off prediction to background worker for resampling and export
done with topaneu_center1_mr_647

Predicting topaneu_center1_mr_653:
perform_everything_on_device: True
sending off prediction to background worker for resampling and export
done with topaneu_center1_mr_653

Predicting topaneu_center1_mr_660:
perform_everything_on_device: True
sending off prediction to background worker for resampling and export
done with topaneu_center1_mr_660

Predicting topaneu_center1_mr_664:
perform_everything_on_device: True
sending off prediction to background worker for resampling and export
done with topaneu_center1_mr_664

Predicting topaneu_center1_mr_670:
perform_everything_on_device: True
sending off prediction to background worker for resampling and export
done with topaneu_center1_mr_670

Predicting topaneu_center1_mr_681:
perform_everything_on_device: True
sending off prediction to background worker for resampling and export
done with topaneu_center1_mr_681

Predicting topaneu_center1_mr_682:
perform_everything_on_device: True
sending off prediction to background worker for resampling and export
done with topaneu_center1_mr_682

Predicting topaneu_center1_mr_693:
perform_everything_on_device: True
sending off prediction to background worker for resampling and export
done with topaneu_center1_mr_693

Predicting topaneu_center1_mr_694:
perform_everything_on_device: True
sending off prediction to background worker for resampling and export
done with topaneu_center1_mr_694

Predicting topaneu_center1_mr_697:
perform_everything_on_device: True
sending off prediction to background worker for resampling and export
done with topaneu_center1_mr_697

Predicting topaneu_center1_mr_702:
perform_everything_on_device: True
sending off prediction to background worker for resampling and export
done with topaneu_center1_mr_702

Predicting topaneu_center1_mr_713:
perform_everything_on_device: True
sending off prediction to background worker for resampling and export
done with topaneu_center1_mr_713

Predicting topaneu_center1_mr_720:
perform_everything_on_device: True
sending off prediction to background worker for resampling and export
done with topaneu_center1_mr_720

Predicting topaneu_center1_mr_727:
perform_everything_on_device: True
sending off prediction to background worker for resampling and export
done with topaneu_center1_mr_727

Predicting topaneu_center1_mr_729:
perform_everything_on_device: True
sending off prediction to background worker for resampling and export
done with topaneu_center1_mr_729

Predicting topaneu_center1_mr_731:
perform_everything_on_device: True
sending off prediction to background worker for resampling and export
done with topaneu_center1_mr_731

Predicting topaneu_center1_mr_732:
perform_everything_on_device: True
sending off prediction to background worker for resampling and export
done with topaneu_center1_mr_732

Predicting topaneu_center1_mr_740:
perform_everything_on_device: True
sending off prediction to background worker for resampling and export
done with topaneu_center1_mr_740

Predicting topaneu_center1_mr_741:
perform_everything_on_device: True
sending off prediction to background worker for resampling and export
done with topaneu_center1_mr_741

Predicting topaneu_center1_mr_742:
perform_everything_on_device: True
sending off prediction to background worker for resampling and export
done with topaneu_center1_mr_742

Predicting topaneu_center1_mr_744:
perform_everything_on_device: True
sending off prediction to background worker for resampling and export
done with topaneu_center1_mr_744

Predicting topaneu_center1_mr_750:
perform_everything_on_device: True
sending off prediction to background worker for resampling and export
done with topaneu_center1_mr_750

Predicting topaneu_center1_mr_760:
perform_everything_on_device: True
sending off prediction to background worker for resampling and export
done with topaneu_center1_mr_760

Predicting topaneu_center1_mr_763:
perform_everything_on_device: True
sending off prediction to background worker for resampling and export
done with topaneu_center1_mr_763

Predicting topaneu_center1_mr_765:
perform_everything_on_device: True
sending off prediction to background worker for resampling and export
done with topaneu_center1_mr_765

Predicting topaneu_center1_mr_770:
perform_everything_on_device: True
sending off prediction to background worker for resampling and export
done with topaneu_center1_mr_770

Predicting topaneu_center1_mr_772:
perform_everything_on_device: True
sending off prediction to background worker for resampling and export
done with topaneu_center1_mr_772

Predicting topaneu_center1_mr_774:
perform_everything_on_device: True
sending off prediction to background worker for resampling and export
done with topaneu_center1_mr_774

Predicting topaneu_center1_mr_775:
perform_everything_on_device: True
sending off prediction to background worker for resampling and export
done with topaneu_center1_mr_775

Predicting topaneu_center1_mr_776:
perform_everything_on_device: True
sending off prediction to background worker for resampling and export
done with topaneu_center1_mr_776

Predicting topaneu_center1_mr_788:
perform_everything_on_device: True
sending off prediction to background worker for resampling and export
done with topaneu_center1_mr_788

Predicting topaneu_center1_mr_789:
perform_everything_on_device: True
sending off prediction to background worker for resampling and export
done with topaneu_center1_mr_789

Predicting topaneu_center1_mr_790:
perform_everything_on_device: True
sending off prediction to background worker for resampling and export
done with topaneu_center1_mr_790

Predicting topaneu_center1_mr_792:
perform_everything_on_device: True
sending off prediction to background worker for resampling and export
done with topaneu_center1_mr_792

Predicting topaneu_center1_mr_795:
perform_everything_on_device: True
sending off prediction to background worker for resampling and export
done with topaneu_center1_mr_795

Predicting topaneu_center1_mr_797:
perform_everything_on_device: True
sending off prediction to background worker for resampling and export
done with topaneu_center1_mr_797

Predicting topaneu_center1_mr_800:
perform_everything_on_device: True
sending off prediction to background worker for resampling and export
done with topaneu_center1_mr_800

Predicting topaneu_center1_mr_804:
perform_everything_on_device: True
sending off prediction to background worker for resampling and export
done with topaneu_center1_mr_804

Predicting topaneu_center1_mr_807:
perform_everything_on_device: True
sending off prediction to background worker for resampling and export
done with topaneu_center1_mr_807

Predicting topaneu_center1_mr_810:
perform_everything_on_device: True
sending off prediction to background worker for resampling and export
done with topaneu_center1_mr_810

Predicting topaneu_center1_mr_816:
perform_everything_on_device: True
sending off prediction to background worker for resampling and export
done with topaneu_center1_mr_816

Predicting topaneu_center1_mr_819:
perform_everything_on_device: True
sending off prediction to background worker for resampling and export
done with topaneu_center1_mr_819

Predicting topaneu_center1_mr_823:
perform_everything_on_device: True
sending off prediction to background worker for resampling and export
done with topaneu_center1_mr_823

Predicting topaneu_center1_mr_840:
perform_everything_on_device: True
sending off prediction to background worker for resampling and export
done with topaneu_center1_mr_840

Predicting topaneu_center1_mr_842:
perform_everything_on_device: True
sending off prediction to background worker for resampling and export
done with topaneu_center1_mr_842

Predicting topaneu_center1_mr_848:
perform_everything_on_device: True
sending off prediction to background worker for resampling and export
done with topaneu_center1_mr_848

Predicting topaneu_center1_mr_850:
perform_everything_on_device: True
sending off prediction to background worker for resampling and export
done with topaneu_center1_mr_850

Predicting topaneu_center1_mr_871:
perform_everything_on_device: True
sending off prediction to background worker for resampling and export
done with topaneu_center1_mr_871

Predicting topaneu_center1_mr_877:
perform_everything_on_device: True
sending off prediction to background worker for resampling and export
done with topaneu_center1_mr_877

Predicting topaneu_center1_mr_891:
perform_everything_on_device: True
sending off prediction to background worker for resampling and export
done with topaneu_center1_mr_891

Predicting topaneu_center1_mr_892:
perform_everything_on_device: True
sending off prediction to background worker for resampling and export
done with topaneu_center1_mr_892

Predicting topaneu_center1_mr_895:
perform_everything_on_device: True
sending off prediction to background worker for resampling and export
done with topaneu_center1_mr_895

Predicting topaneu_center1_mr_896:
perform_everything_on_device: True
sending off prediction to background worker for resampling and export
done with topaneu_center1_mr_896

Predicting topaneu_center1_mr_902:
perform_everything_on_device: True
sending off prediction to background worker for resampling and export
done with topaneu_center1_mr_902

Predicting topaneu_center1_mr_909:
perform_everything_on_device: True
sending off prediction to background worker for resampling and export
done with topaneu_center1_mr_909

Predicting topaneu_center1_mr_910:
perform_everything_on_device: True
sending off prediction to background worker for resampling and export
done with topaneu_center1_mr_910

Predicting topaneu_center1_mr_911:
perform_everything_on_device: True
sending off prediction to background worker for resampling and export
done with topaneu_center1_mr_911

Predicting topaneu_center1_mr_917:
perform_everything_on_device: True
sending off prediction to background worker for resampling and export
done with topaneu_center1_mr_917

Predicting topaneu_center1_mr_920:
perform_everything_on_device: True
sending off prediction to background worker for resampling and export
done with topaneu_center1_mr_920

Predicting topaneu_center1_mr_921:
perform_everything_on_device: True
sending off prediction to background worker for resampling and export
done with topaneu_center1_mr_921

Predicting topaneu_center1_mr_922:
perform_everything_on_device: True
sending off prediction to background worker for resampling and export
done with topaneu_center1_mr_922

Predicting topaneu_center1_mr_924:
perform_everything_on_device: True
sending off prediction to background worker for resampling and export
done with topaneu_center1_mr_924

Predicting topaneu_center1_mr_926:
perform_everything_on_device: True
sending off prediction to background worker for resampling and export
done with topaneu_center1_mr_926

Predicting topaneu_center1_mr_928:
perform_everything_on_device: True
sending off prediction to background worker for resampling and export
done with topaneu_center1_mr_928

Predicting topaneu_center1_mr_939:
perform_everything_on_device: True
sending off prediction to background worker for resampling and export
done with topaneu_center1_mr_939

Predicting topaneu_center1_mr_940:
perform_everything_on_device: True
sending off prediction to background worker for resampling and export
done with topaneu_center1_mr_940

Predicting topaneu_center1_mr_942:
perform_everything_on_device: True
sending off prediction to background worker for resampling and export
done with topaneu_center1_mr_942

Predicting topaneu_center1_mr_944:
perform_everything_on_device: True
sending off prediction to background worker for resampling and export
done with topaneu_center1_mr_944

Predicting topaneu_center1_mr_959:
perform_everything_on_device: True
sending off prediction to background worker for resampling and export
done with topaneu_center1_mr_959

Predicting topaneu_center1_mr_961:
perform_everything_on_device: True
sending off prediction to background worker for resampling and export
done with topaneu_center1_mr_961

Predicting topaneu_center1_mr_975:
perform_everything_on_device: True
sending off prediction to background worker for resampling and export
done with topaneu_center1_mr_975

Predicting topaneu_center1_mr_981:
perform_everything_on_device: True
sending off prediction to background worker for resampling and export
done with topaneu_center1_mr_981

Predicting topaneu_center1_mr_991:
perform_everything_on_device: True
sending off prediction to background worker for resampling and export
done with topaneu_center1_mr_991

Predicting topaneu_center2_ct_105:
perform_everything_on_device: True
sending off prediction to background worker for resampling and export
done with topaneu_center2_ct_105

Predicting topaneu_center2_ct_107:
perform_everything_on_device: True
sending off prediction to background worker for resampling and export
done with topaneu_center2_ct_107

Predicting topaneu_center2_ct_108:
perform_everything_on_device: True
sending off prediction to background worker for resampling and export
done with topaneu_center2_ct_108

Predicting topaneu_center2_ct_109:
perform_everything_on_device: True
sending off prediction to background worker for resampling and export
done with topaneu_center2_ct_109

Predicting topaneu_center2_ct_112:
perform_everything_on_device: True
sending off prediction to background worker for resampling and export
done with topaneu_center2_ct_112

Predicting topaneu_center2_ct_113:
perform_everything_on_device: True
sending off prediction to background worker for resampling and export
done with topaneu_center2_ct_113

Predicting topaneu_center2_ct_118:
perform_everything_on_device: True
sending off prediction to background worker for resampling and export
done with topaneu_center2_ct_118

Predicting topaneu_center2_ct_119:
perform_everything_on_device: True
sending off prediction to background worker for resampling and export
done with topaneu_center2_ct_119

Predicting topaneu_center2_ct_120:
perform_everything_on_device: True
sending off prediction to background worker for resampling and export
done with topaneu_center2_ct_120

Predicting topaneu_center2_ct_125:
perform_everything_on_device: True
sending off prediction to background worker for resampling and export
done with topaneu_center2_ct_125

Predicting topaneu_center2_ct_126:
perform_everything_on_device: True
sending off prediction to background worker for resampling and export
done with topaneu_center2_ct_126

Predicting topaneu_center2_ct_127:
perform_everything_on_device: True
sending off prediction to background worker for resampling and export
done with topaneu_center2_ct_127

Predicting topaneu_center2_ct_128:
perform_everything_on_device: True
sending off prediction to background worker for resampling and export
done with topaneu_center2_ct_128

Predicting topaneu_center2_ct_130:
perform_everything_on_device: True
sending off prediction to background worker for resampling and export
done with topaneu_center2_ct_130

Predicting topaneu_center2_ct_134:
perform_everything_on_device: True
sending off prediction to background worker for resampling and export
done with topaneu_center2_ct_134

Predicting topaneu_center2_ct_137:
perform_everything_on_device: True
sending off prediction to background worker for resampling and export
done with topaneu_center2_ct_137

Predicting topaneu_center2_ct_138:
perform_everything_on_device: True
sending off prediction to background worker for resampling and export
done with topaneu_center2_ct_138

Predicting topaneu_center2_ct_141:
perform_everything_on_device: True
sending off prediction to background worker for resampling and export
done with topaneu_center2_ct_141

Predicting topaneu_center2_ct_142:
perform_everything_on_device: True
sending off prediction to background worker for resampling and export
done with topaneu_center2_ct_142

Predicting topaneu_center2_ct_144:
perform_everything_on_device: True
sending off prediction to background worker for resampling and export
done with topaneu_center2_ct_144

Predicting topaneu_center2_ct_147:
perform_everything_on_device: True
sending off prediction to background worker for resampling and export
done with topaneu_center2_ct_147

Predicting topaneu_center2_ct_150:
perform_everything_on_device: True
sending off prediction to background worker for resampling and export
done with topaneu_center2_ct_150

Predicting topaneu_center2_ct_154:
perform_everything_on_device: True
sending off prediction to background worker for resampling and export
done with topaneu_center2_ct_154

Predicting topaneu_center2_ct_156:
perform_everything_on_device: True
sending off prediction to background worker for resampling and export
done with topaneu_center2_ct_156

Predicting topaneu_center2_ct_160:
perform_everything_on_device: True
sending off prediction to background worker for resampling and export
done with topaneu_center2_ct_160

Predicting topaneu_center2_ct_161:
perform_everything_on_device: True
sending off prediction to background worker for resampling and export
done with topaneu_center2_ct_161

Predicting topaneu_center2_ct_162:
perform_everything_on_device: True
sending off prediction to background worker for resampling and export
done with topaneu_center2_ct_162

Predicting topaneu_center2_ct_163:
perform_everything_on_device: True
sending off prediction to background worker for resampling and export
done with topaneu_center2_ct_163

Predicting topaneu_center2_ct_164:
perform_everything_on_device: True
sending off prediction to background worker for resampling and export
done with topaneu_center2_ct_164

Predicting topaneu_center2_ct_165:
perform_everything_on_device: True
sending off prediction to background worker for resampling and export
done with topaneu_center2_ct_165

Predicting topaneu_center2_ct_166:
perform_everything_on_device: True
sending off prediction to background worker for resampling and export
done with topaneu_center2_ct_166

Predicting topaneu_center2_ct_167:
perform_everything_on_device: True
sending off prediction to background worker for resampling and export
done with topaneu_center2_ct_167

Predicting topaneu_center2_ct_169:
perform_everything_on_device: True
sending off prediction to background worker for resampling and export
done with topaneu_center2_ct_169

Predicting topaneu_center2_ct_170:
perform_everything_on_device: True
sending off prediction to background worker for resampling and export
done with topaneu_center2_ct_170

Predicting topaneu_center2_ct_171:
perform_everything_on_device: True
sending off prediction to background worker for resampling and export
done with topaneu_center2_ct_171

Predicting topaneu_center2_ct_172:
perform_everything_on_device: True
sending off prediction to background worker for resampling and export
done with topaneu_center2_ct_172

Predicting topaneu_center2_ct_173:
perform_everything_on_device: True
sending off prediction to background worker for resampling and export
done with topaneu_center2_ct_173

Predicting topaneu_center2_ct_174:
perform_everything_on_device: True
sending off prediction to background worker for resampling and export
done with topaneu_center2_ct_174

Predicting topaneu_center2_ct_175:
perform_everything_on_device: True
sending off prediction to background worker for resampling and export
done with topaneu_center2_ct_175

Predicting topaneu_center2_ct_184:
perform_everything_on_device: True
sending off prediction to background worker for resampling and export
done with topaneu_center2_ct_184

Predicting topaneu_center2_ct_189:
perform_everything_on_device: True
sending off prediction to background worker for resampling and export
done with topaneu_center2_ct_189

Predicting topaneu_center2_ct_190:
perform_everything_on_device: True
sending off prediction to background worker for resampling and export
done with topaneu_center2_ct_190

Predicting topaneu_center2_ct_191:
perform_everything_on_device: True
sending off prediction to background worker for resampling and export
done with topaneu_center2_ct_191

Predicting topaneu_center2_ct_192:
perform_everything_on_device: True
sending off prediction to background worker for resampling and export
done with topaneu_center2_ct_192

Predicting topaneu_center2_ct_193:
perform_everything_on_device: True
sending off prediction to background worker for resampling and export
done with topaneu_center2_ct_193

Predicting topaneu_center2_ct_196:
perform_everything_on_device: True
sending off prediction to background worker for resampling and export
done with topaneu_center2_ct_196

Predicting topaneu_center2_ct_197:
perform_everything_on_device: True
sending off prediction to background worker for resampling and export
done with topaneu_center2_ct_197

Predicting topaneu_center2_mr_002:
perform_everything_on_device: True
sending off prediction to background worker for resampling and export
done with topaneu_center2_mr_002

Predicting topaneu_center2_mr_004:
perform_everything_on_device: True
sending off prediction to background worker for resampling and export
done with topaneu_center2_mr_004

Predicting topaneu_center2_mr_007:
perform_everything_on_device: True
sending off prediction to background worker for resampling and export
done with topaneu_center2_mr_007

Predicting topaneu_center2_mr_010:
perform_everything_on_device: True
sending off prediction to background worker for resampling and export
done with topaneu_center2_mr_010

Predicting topaneu_center2_mr_011:
perform_everything_on_device: True
sending off prediction to background worker for resampling and export
done with topaneu_center2_mr_011

Predicting topaneu_center2_mr_012:
perform_everything_on_device: True
sending off prediction to background worker for resampling and export
done with topaneu_center2_mr_012

Predicting topaneu_center2_mr_016:
perform_everything_on_device: True
sending off prediction to background worker for resampling and export
done with topaneu_center2_mr_016

Predicting topaneu_center2_mr_017:
perform_everything_on_device: True
sending off prediction to background worker for resampling and export
done with topaneu_center2_mr_017

Predicting topaneu_center2_mr_018:
perform_everything_on_device: True
sending off prediction to background worker for resampling and export
done with topaneu_center2_mr_018

Predicting topaneu_center2_mr_019:
perform_everything_on_device: True
sending off prediction to background worker for resampling and export
done with topaneu_center2_mr_019

Predicting topaneu_center2_mr_020:
perform_everything_on_device: True
sending off prediction to background worker for resampling and export
done with topaneu_center2_mr_020

Predicting topaneu_center2_mr_025:
perform_everything_on_device: True
sending off prediction to background worker for resampling and export
done with topaneu_center2_mr_025

Predicting topaneu_center2_mr_028:
perform_everything_on_device: True
sending off prediction to background worker for resampling and export
done with topaneu_center2_mr_028

Predicting topaneu_center2_mr_029:
perform_everything_on_device: True
sending off prediction to background worker for resampling and export
done with topaneu_center2_mr_029

Predicting topaneu_center2_mr_031:
perform_everything_on_device: True
sending off prediction to background worker for resampling and export
done with topaneu_center2_mr_031

Predicting topaneu_center2_mr_032:
perform_everything_on_device: True
sending off prediction to background worker for resampling and export
done with topaneu_center2_mr_032

Predicting topaneu_center2_mr_034:
perform_everything_on_device: True
sending off prediction to background worker for resampling and export
done with topaneu_center2_mr_034

Predicting topaneu_center2_mr_035:
perform_everything_on_device: True
sending off prediction to background worker for resampling and export
done with topaneu_center2_mr_035

Predicting topaneu_center2_mr_038:
perform_everything_on_device: True
sending off prediction to background worker for resampling and export
done with topaneu_center2_mr_038

Predicting topaneu_center2_mr_042:
perform_everything_on_device: True
sending off prediction to background worker for resampling and export
done with topaneu_center2_mr_042

Predicting topaneu_center2_mr_044:
perform_everything_on_device: True
sending off prediction to background worker for resampling and export
done with topaneu_center2_mr_044

Predicting topaneu_center2_mr_047:
perform_everything_on_device: True
sending off prediction to background worker for resampling and export
done with topaneu_center2_mr_047

Predicting topaneu_center2_mr_048:
perform_everything_on_device: True
sending off prediction to background worker for resampling and export
done with topaneu_center2_mr_048

Predicting topaneu_center2_mr_049:
perform_everything_on_device: True
sending off prediction to background worker for resampling and export
done with topaneu_center2_mr_049

Predicting topaneu_center2_mr_050:
perform_everything_on_device: True
sending off prediction to background worker for resampling and export
done with topaneu_center2_mr_050

Predicting topaneu_center2_mr_051:
perform_everything_on_device: True
sending off prediction to background worker for resampling and export
done with topaneu_center2_mr_051

Predicting topaneu_center2_mr_054:
perform_everything_on_device: True
sending off prediction to background worker for resampling and export
done with topaneu_center2_mr_054

Predicting topaneu_center2_mr_055:
perform_everything_on_device: True
sending off prediction to background worker for resampling and export
done with topaneu_center2_mr_055

Predicting topaneu_center2_mr_056:
perform_everything_on_device: True
sending off prediction to background worker for resampling and export
done with topaneu_center2_mr_056

Predicting topaneu_center2_mr_057:
perform_everything_on_device: True
sending off prediction to background worker for resampling and export
done with topaneu_center2_mr_057

Predicting topaneu_center2_mr_058:
perform_everything_on_device: True
sending off prediction to background worker for resampling and export
done with topaneu_center2_mr_058

Predicting topaneu_center2_mr_069:
perform_everything_on_device: True
sending off prediction to background worker for resampling and export
done with topaneu_center2_mr_069

Predicting topaneu_center2_mr_074:
perform_everything_on_device: True
sending off prediction to background worker for resampling and export
done with topaneu_center2_mr_074

Predicting topaneu_center2_mr_077:
perform_everything_on_device: True
sending off prediction to background worker for resampling and export
done with topaneu_center2_mr_077

Predicting topaneu_center2_mr_078:
perform_everything_on_device: True
sending off prediction to background worker for resampling and export
done with topaneu_center2_mr_078

Predicting topaneu_center2_mr_079:
perform_everything_on_device: True
sending off prediction to background worker for resampling and export
done with topaneu_center2_mr_079

Predicting topaneu_center2_mr_080:
perform_everything_on_device: True
sending off prediction to background worker for resampling and export
done with topaneu_center2_mr_080

Predicting topaneu_center2_mr_083:
perform_everything_on_device: True
sending off prediction to background worker for resampling and export
done with topaneu_center2_mr_083

Predicting topaneu_center2_mr_085:
perform_everything_on_device: True
sending off prediction to background worker for resampling and export
done with topaneu_center2_mr_085

Predicting topaneu_center2_mr_086:
perform_everything_on_device: True
sending off prediction to background worker for resampling and export
done with topaneu_center2_mr_086

Predicting topaneu_center4_ct_002:
perform_everything_on_device: True
sending off prediction to background worker for resampling and export
done with topaneu_center4_ct_002

Predicting topaneu_center4_ct_005:
perform_everything_on_device: True
sending off prediction to background worker for resampling and export
done with topaneu_center4_ct_005

Predicting topaneu_center4_ct_008_1:
perform_everything_on_device: True
sending off prediction to background worker for resampling and export
done with topaneu_center4_ct_008_1

Predicting topaneu_center4_ct_008_2:
perform_everything_on_device: True
sending off prediction to background worker for resampling and export
done with topaneu_center4_ct_008_2

Predicting topaneu_center4_ct_009:
perform_everything_on_device: True
sending off prediction to background worker for resampling and export
done with topaneu_center4_ct_009

Predicting topaneu_center4_ct_012:
perform_everything_on_device: True
sending off prediction to background worker for resampling and export
done with topaneu_center4_ct_012

Predicting topaneu_center4_ct_019:
perform_everything_on_device: True
sending off prediction to background worker for resampling and export
done with topaneu_center4_ct_019

Predicting topaneu_center4_ct_020_1:
perform_everything_on_device: True
sending off prediction to background worker for resampling and export
done with topaneu_center4_ct_020_1

Predicting topaneu_center4_ct_020_2:
perform_everything_on_device: True
sending off prediction to background worker for resampling and export
done with topaneu_center4_ct_020_2

Predicting topaneu_center4_ct_020_3:
perform_everything_on_device: True
sending off prediction to background worker for resampling and export
done with topaneu_center4_ct_020_3

Predicting topaneu_center4_ct_023:
perform_everything_on_device: True
sending off prediction to background worker for resampling and export
done with topaneu_center4_ct_023

Predicting topaneu_center4_ct_025_1:
perform_everything_on_device: True
sending off prediction to background worker for resampling and export
done with topaneu_center4_ct_025_1

Predicting topaneu_center4_ct_025_2:
perform_everything_on_device: True
sending off prediction to background worker for resampling and export
done with topaneu_center4_ct_025_2

Predicting topaneu_center4_ct_030:
perform_everything_on_device: True
sending off prediction to background worker for resampling and export
done with topaneu_center4_ct_030

Predicting topaneu_center4_ct_034_1:
perform_everything_on_device: True
sending off prediction to background worker for resampling and export
done with topaneu_center4_ct_034_1

Predicting topaneu_center4_ct_034_2:
perform_everything_on_device: True
sending off prediction to background worker for resampling and export
done with topaneu_center4_ct_034_2

Predicting topaneu_center4_ct_037:
perform_everything_on_device: True
sending off prediction to background worker for resampling and export
done with topaneu_center4_ct_037

Predicting topaneu_center4_ct_041:
perform_everything_on_device: True
sending off prediction to background worker for resampling and export
done with topaneu_center4_ct_041

Predicting topaneu_center4_ct_042_1:
perform_everything_on_device: True
sending off prediction to background worker for resampling and export
done with topaneu_center4_ct_042_1

Predicting topaneu_center4_ct_042_2:
perform_everything_on_device: True
sending off prediction to background worker for resampling and export
done with topaneu_center4_ct_042_2

Predicting topaneu_center4_ct_045:
perform_everything_on_device: True
sending off prediction to background worker for resampling and export
done with topaneu_center4_ct_045

Predicting topaneu_center4_ct_047:
perform_everything_on_device: True
sending off prediction to background worker for resampling and export
done with topaneu_center4_ct_047

Predicting topaneu_center4_ct_048:
perform_everything_on_device: True
sending off prediction to background worker for resampling and export
done with topaneu_center4_ct_048

Predicting topaneu_center4_ct_051_1:
perform_everything_on_device: True
sending off prediction to background worker for resampling and export
done with topaneu_center4_ct_051_1

Predicting topaneu_center4_ct_051_2:
perform_everything_on_device: True
sending off prediction to background worker for resampling and export
done with topaneu_center4_ct_051_2

Predicting topaneu_center4_ct_055:
perform_everything_on_device: True
sending off prediction to background worker for resampling and export
done with topaneu_center4_ct_055

Predicting topaneu_center4_ct_057:
perform_everything_on_device: True
sending off prediction to background worker for resampling and export
done with topaneu_center4_ct_057

Predicting topaneu_center4_ct_059:
perform_everything_on_device: True
sending off prediction to background worker for resampling and export
done with topaneu_center4_ct_059

Predicting topaneu_center4_ct_060:
perform_everything_on_device: True
sending off prediction to background worker for resampling and export
done with topaneu_center4_ct_060

Predicting topaneu_center4_ct_062_1:
perform_everything_on_device: True
sending off prediction to background worker for resampling and export
done with topaneu_center4_ct_062_1

Predicting topaneu_center4_ct_062_2:
perform_everything_on_device: True
sending off prediction to background worker for resampling and export
done with topaneu_center4_ct_062_2

Predicting topaneu_center4_ct_063:
perform_everything_on_device: True
sending off prediction to background worker for resampling and export
done with topaneu_center4_ct_063

Predicting topaneu_center4_ct_064:
perform_everything_on_device: True
sending off prediction to background worker for resampling and export
done with topaneu_center4_ct_064

Predicting topaneu_center4_ct_065:
perform_everything_on_device: True
sending off prediction to background worker for resampling and export
done with topaneu_center4_ct_065

Predicting topaneu_center4_ct_067:
perform_everything_on_device: True
sending off prediction to background worker for resampling and export
done with topaneu_center4_ct_067

Predicting topaneu_center4_ct_070:
perform_everything_on_device: True
sending off prediction to background worker for resampling and export
done with topaneu_center4_ct_070

Predicting topaneu_center4_ct_072:
perform_everything_on_device: True
sending off prediction to background worker for resampling and export
done with topaneu_center4_ct_072

Predicting topaneu_center4_ct_074:
perform_everything_on_device: True
sending off prediction to background worker for resampling and export
done with topaneu_center4_ct_074

Predicting topaneu_center4_ct_083:
perform_everything_on_device: True
sending off prediction to background worker for resampling and export
done with topaneu_center4_ct_083

Predicting topaneu_center4_ct_087:
perform_everything_on_device: True
sending off prediction to background worker for resampling and export
done with topaneu_center4_ct_087

Predicting topaneu_center4_ct_093:
perform_everything_on_device: True
sending off prediction to background worker for resampling and export
done with topaneu_center4_ct_093

Predicting topaneu_center4_ct_094:
perform_everything_on_device: True
sending off prediction to background worker for resampling and export
done with topaneu_center4_ct_094

Predicting topaneu_center4_ct_097:
perform_everything_on_device: True
sending off prediction to background worker for resampling and export
done with topaneu_center4_ct_097

Predicting topaneu_center4_ct_101:
perform_everything_on_device: True
sending off prediction to background worker for resampling and export
done with topaneu_center4_ct_101

Predicting topaneu_center4_ct_102:
perform_everything_on_device: True
sending off prediction to background worker for resampling and export
done with topaneu_center4_ct_102

Predicting topaneu_center4_ct_103:
perform_everything_on_device: True
sending off prediction to background worker for resampling and export
done with topaneu_center4_ct_103

Predicting topaneu_center4_ct_104:
perform_everything_on_device: True
sending off prediction to background worker for resampling and export
done with topaneu_center4_ct_104

Predicting topaneu_center4_ct_105:
perform_everything_on_device: True
sending off prediction to background worker for resampling and export
done with topaneu_center4_ct_105

Predicting topaneu_center4_ct_106:
perform_everything_on_device: True
sending off prediction to background worker for resampling and export
done with topaneu_center4_ct_106

Predicting topaneu_center4_ct_107:
perform_everything_on_device: True
sending off prediction to background worker for resampling and export
done with topaneu_center4_ct_107

Predicting topaneu_center4_ct_108:
perform_everything_on_device: True
sending off prediction to background worker for resampling and export
done with topaneu_center4_ct_108

Predicting topaneu_center4_ct_115:
perform_everything_on_device: True
sending off prediction to background worker for resampling and export
done with topaneu_center4_ct_115

Predicting topaneu_center4_ct_116:
perform_everything_on_device: True
sending off prediction to background worker for resampling and export
done with topaneu_center4_ct_116

Predicting topaneu_center4_ct_119:
perform_everything_on_device: True
sending off prediction to background worker for resampling and export
done with topaneu_center4_ct_119

Predicting topaneu_center4_ct_122:
perform_everything_on_device: True
sending off prediction to background worker for resampling and export
done with topaneu_center4_ct_122

Predicting topaneu_center4_ct_127:
perform_everything_on_device: True
sending off prediction to background worker for resampling and export
done with topaneu_center4_ct_127

Predicting topaneu_center4_ct_129:
perform_everything_on_device: True
sending off prediction to background worker for resampling and export
done with topaneu_center4_ct_129

Predicting topaneu_center4_ct_134:
perform_everything_on_device: True
sending off prediction to background worker for resampling and export
done with topaneu_center4_ct_134

Predicting topaneu_center4_ct_140:
perform_everything_on_device: True
sending off prediction to background worker for resampling and export
done with topaneu_center4_ct_140

Predicting topaneu_center4_ct_193:
perform_everything_on_device: True
sending off prediction to background worker for resampling and export
done with topaneu_center4_ct_193

Predicting topaneu_center4_ct_200:
perform_everything_on_device: True
sending off prediction to background worker for resampling and export
done with topaneu_center4_ct_200

Predicting topaneu_center4_ct_201:
perform_everything_on_device: True
sending off prediction to background worker for resampling and export
done with topaneu_center4_ct_201

Predicting topaneu_center5_mr_007:
perform_everything_on_device: True
sending off prediction to background worker for resampling and export
done with topaneu_center5_mr_007

Predicting topaneu_center5_mr_009:
perform_everything_on_device: True
sending off prediction to background worker for resampling and export
done with topaneu_center5_mr_009

Predicting topaneu_center5_mr_010:
perform_everything_on_device: True
sending off prediction to background worker for resampling and export
done with topaneu_center5_mr_010

Predicting topaneu_center5_mr_011:
perform_everything_on_device: True
sending off prediction to background worker for resampling and export
done with topaneu_center5_mr_011

Predicting topaneu_center5_mr_015:
perform_everything_on_device: True
sending off prediction to background worker for resampling and export
done with topaneu_center5_mr_015

Predicting topaneu_center5_mr_016:
perform_everything_on_device: True
sending off prediction to background worker for resampling and export
done with topaneu_center5_mr_016

Predicting topaneu_center5_mr_021:
perform_everything_on_device: True
sending off prediction to background worker for resampling and export
done with topaneu_center5_mr_021

Predicting topaneu_center5_mr_022:
perform_everything_on_device: True
sending off prediction to background worker for resampling and export
done with topaneu_center5_mr_022

Predicting topaneu_center5_mr_023:
perform_everything_on_device: True
sending off prediction to background worker for resampling and export
done with topaneu_center5_mr_023

Predicting topaneu_center5_mr_024:
perform_everything_on_device: True
sending off prediction to background worker for resampling and export
done with topaneu_center5_mr_024

Predicting topaneu_center5_mr_025:
perform_everything_on_device: True
sending off prediction to background worker for resampling and export
done with topaneu_center5_mr_025

Predicting topaneu_center5_mr_027:
perform_everything_on_device: True
sending off prediction to background worker for resampling and export
done with topaneu_center5_mr_027

Predicting topaneu_center5_mr_028:
perform_everything_on_device: True
sending off prediction to background worker for resampling and export
done with topaneu_center5_mr_028

Predicting topaneu_center5_mr_029:
perform_everything_on_device: True
sending off prediction to background worker for resampling and export
done with topaneu_center5_mr_029

Predicting topaneu_center5_mr_030:
perform_everything_on_device: True
sending off prediction to background worker for resampling and export
done with topaneu_center5_mr_030

Predicting topaneu_center5_mr_031:
perform_everything_on_device: True
sending off prediction to background worker for resampling and export
done with topaneu_center5_mr_031

Predicting topaneu_center5_mr_032:
perform_everything_on_device: True
sending off prediction to background worker for resampling and export
done with topaneu_center5_mr_032

Predicting topaneu_center5_mr_033:
perform_everything_on_device: True
sending off prediction to background worker for resampling and export
done with topaneu_center5_mr_033

Predicting topaneu_center5_mr_034:
perform_everything_on_device: True
sending off prediction to background worker for resampling and export
done with topaneu_center5_mr_034

Predicting topaneu_center5_mr_036:
perform_everything_on_device: True
sending off prediction to background worker for resampling and export
done with topaneu_center5_mr_036

Predicting topaneu_center5_mr_037:
perform_everything_on_device: True
sending off prediction to background worker for resampling and export
done with topaneu_center5_mr_037

Predicting topaneu_center5_mr_038:
perform_everything_on_device: True
sending off prediction to background worker for resampling and export
done with topaneu_center5_mr_038

Predicting topaneu_center5_mr_039:
perform_everything_on_device: True
sending off prediction to background worker for resampling and export
done with topaneu_center5_mr_039

Predicting topaneu_center5_mr_041:
perform_everything_on_device: True
sending off prediction to background worker for resampling and export
done with topaneu_center5_mr_041

Predicting topaneu_center5_mr_052:
perform_everything_on_device: True
sending off prediction to background worker for resampling and export
done with topaneu_center5_mr_052

Predicting topaneu_center5_mr_061:
perform_everything_on_device: True
sending off prediction to background worker for resampling and export
done with topaneu_center5_mr_061

Predicting topaneu_center5_mr_063:
perform_everything_on_device: True
sending off prediction to background worker for resampling and export
done with topaneu_center5_mr_063

Predicting topaneu_center5_mr_068:
perform_everything_on_device: True
sending off prediction to background worker for resampling and export
done with topaneu_center5_mr_068

Predicting topaneu_center5_mr_074:
perform_everything_on_device: True
sending off prediction to background worker for resampling and export
done with topaneu_center5_mr_074

Predicting topaneu_center5_mr_079:
perform_everything_on_device: True
sending off prediction to background worker for resampling and export
done with topaneu_center5_mr_079

Predicting topaneu_center5_mr_081:
perform_everything_on_device: True
sending off prediction to background worker for resampling and export
done with topaneu_center5_mr_081

Predicting topaneu_center5_mr_082:
perform_everything_on_device: True
sending off prediction to background worker for resampling and export
done with topaneu_center5_mr_082

Predicting topaneu_center5_mr_451:
perform_everything_on_device: True
sending off prediction to background worker for resampling and export
done with topaneu_center5_mr_451

Predicting topaneu_center5_mr_452:
perform_everything_on_device: True
sending off prediction to background worker for resampling and export
done with topaneu_center5_mr_452

Predicting topaneu_center5_mr_453:
perform_everything_on_device: True
sending off prediction to background worker for resampling and export
done with topaneu_center5_mr_453

Predicting topaneu_center5_mr_454:
perform_everything_on_device: True
sending off prediction to background worker for resampling and export
done with topaneu_center5_mr_454

Predicting topaneu_center5_mr_455:
perform_everything_on_device: True
sending off prediction to background worker for resampling and export
done with topaneu_center5_mr_455

Predicting topaneu_center5_mr_457:
perform_everything_on_device: True
sending off prediction to background worker for resampling and export
done with topaneu_center5_mr_457

Predicting topaneu_center5_mr_458:
perform_everything_on_device: True
sending off prediction to background worker for resampling and export
done with topaneu_center5_mr_458

Predicting topaneu_center5_mr_459:
perform_everything_on_device: True
sending off prediction to background worker for resampling and export
done with topaneu_center5_mr_459

Predicting topaneu_center5_mr_460:
perform_everything_on_device: True
sending off prediction to background worker for resampling and export
done with topaneu_center5_mr_460

Predicting topaneu_center5_mr_461:
perform_everything_on_device: True
sending off prediction to background worker for resampling and export
done with topaneu_center5_mr_461

Predicting topaneu_center5_mr_462:
perform_everything_on_device: True
sending off prediction to background worker for resampling and export
done with topaneu_center5_mr_462

Predicting topaneu_center5_mr_464:
perform_everything_on_device: True
sending off prediction to background worker for resampling and export
done with topaneu_center5_mr_464

Predicting topaneu_center5_mr_465:
perform_everything_on_device: True
sending off prediction to background worker for resampling and export
done with topaneu_center5_mr_465

Predicting topaneu_center5_mr_466:
perform_everything_on_device: True
sending off prediction to background worker for resampling and export
done with topaneu_center5_mr_466

Predicting topaneu_center5_mr_467:
perform_everything_on_device: True
sending off prediction to background worker for resampling and export
done with topaneu_center5_mr_467

Predicting topaneu_center5_mr_469:
perform_everything_on_device: True
sending off prediction to background worker for resampling and export
done with topaneu_center5_mr_469

Predicting topaneu_center5_mr_470:
perform_everything_on_device: True
sending off prediction to background worker for resampling and export
done with topaneu_center5_mr_470

Predicting topaneu_center5_mr_471:
perform_everything_on_device: True
sending off prediction to background worker for resampling and export
done with topaneu_center5_mr_471

Predicting topaneu_center5_mr_472:
perform_everything_on_device: True
sending off prediction to background worker for resampling and export
done with topaneu_center5_mr_472

Predicting topaneu_center5_mr_473:
perform_everything_on_device: True
sending off prediction to background worker for resampling and export
done with topaneu_center5_mr_473

Predicting topaneu_center5_mr_474:
perform_everything_on_device: True
sending off prediction to background worker for resampling and export
done with topaneu_center5_mr_474

Predicting topaneu_center5_mr_475:
perform_everything_on_device: True
sending off prediction to background worker for resampling and export
done with topaneu_center5_mr_475

Predicting topaneu_center5_mr_476:
perform_everything_on_device: True
sending off prediction to background worker for resampling and export
done with topaneu_center5_mr_476

Predicting topaneu_center5_mr_478:
perform_everything_on_device: True
sending off prediction to background worker for resampling and export
done with topaneu_center5_mr_478

Predicting topaneu_center5_mr_479:
perform_everything_on_device: True
sending off prediction to background worker for resampling and export
done with topaneu_center5_mr_479

Predicting topaneu_center5_mr_480:
perform_everything_on_device: True
sending off prediction to background worker for resampling and export
done with topaneu_center5_mr_480

Predicting topaneu_center5_mr_481:
perform_everything_on_device: True
sending off prediction to background worker for resampling and export
done with topaneu_center5_mr_481

Predicting topaneu_center5_mr_484:
perform_everything_on_device: True
sending off prediction to background worker for resampling and export
done with topaneu_center5_mr_484

Predicting topaneu_center5_mr_485:
perform_everything_on_device: True
sending off prediction to background worker for resampling and export
done with topaneu_center5_mr_485

Predicting topaneu_center5_mr_486:
perform_everything_on_device: True
sending off prediction to background worker for resampling and export
done with topaneu_center5_mr_486

Predicting topaneu_center5_mr_487:
perform_everything_on_device: True
sending off prediction to background worker for resampling and export
done with topaneu_center5_mr_487

Predicting topaneu_center5_mr_488:
perform_everything_on_device: True
sending off prediction to background worker for resampling and export
done with topaneu_center5_mr_488

Predicting topaneu_center5_mr_489:
perform_everything_on_device: True
sending off prediction to background worker for resampling and export
done with topaneu_center5_mr_489

Predicting topaneu_center5_mr_490:
perform_everything_on_device: True
sending off prediction to background worker for resampling and export
done with topaneu_center5_mr_490

Predicting topaneu_center5_mr_491:
perform_everything_on_device: True
sending off prediction to background worker for resampling and export
done with topaneu_center5_mr_491

Predicting topaneu_center5_mr_492:
perform_everything_on_device: True
sending off prediction to background worker for resampling and export
done with topaneu_center5_mr_492
============================================================
Model 2 prediction COMPLETE
End: Sat Aug 29 05:50:15 EDT 2026
============================================================
============================================================
Running final ROI vessel prediction - Model 3
============================================================

#######################################################################
Please cite the following paper when using nnU-Net:
Isensee, F., Jaeger, P. F., Kohl, S. A., Petersen, J., & Maier-Hein, K. H. (2021). nnU-Net: a self-configuring method for deep learning-based biomedical image segmentation. Nature methods, 18(2), 203-211.
#######################################################################

There are 417 cases in the source folder
I am processing 0 out of 1 (max process ID is 0, we start counting with 0!)
There are 417 cases that I would like to predict

Predicting topaneu_center1_mr_001:
perform_everything_on_device: True
sending off prediction to background worker for resampling and export
done with topaneu_center1_mr_001

Predicting topaneu_center1_mr_005:
perform_everything_on_device: True
sending off prediction to background worker for resampling and export
done with topaneu_center1_mr_005

Predicting topaneu_center1_mr_016:
perform_everything_on_device: True
sending off prediction to background worker for resampling and export
done with topaneu_center1_mr_016

Predicting topaneu_center1_mr_017:
perform_everything_on_device: True
sending off prediction to background worker for resampling and export
done with topaneu_center1_mr_017

Predicting topaneu_center1_mr_018:
perform_everything_on_device: True
sending off prediction to background worker for resampling and export
done with topaneu_center1_mr_018

Predicting topaneu_center1_mr_024:
perform_everything_on_device: True
sending off prediction to background worker for resampling and export
done with topaneu_center1_mr_024

Predicting topaneu_center1_mr_028:
perform_everything_on_device: True
sending off prediction to background worker for resampling and export
done with topaneu_center1_mr_028

Predicting topaneu_center1_mr_029:
perform_everything_on_device: True
sending off prediction to background worker for resampling and export
done with topaneu_center1_mr_029

Predicting topaneu_center1_mr_033:
perform_everything_on_device: True
sending off prediction to background worker for resampling and export
done with topaneu_center1_mr_033

Predicting topaneu_center1_mr_038:
perform_everything_on_device: True
sending off prediction to background worker for resampling and export
done with topaneu_center1_mr_038

Predicting topaneu_center1_mr_049:
perform_everything_on_device: True
sending off prediction to background worker for resampling and export
done with topaneu_center1_mr_049

Predicting topaneu_center1_mr_050:
perform_everything_on_device: True
sending off prediction to background worker for resampling and export
done with topaneu_center1_mr_050

Predicting topaneu_center1_mr_053:
perform_everything_on_device: True
sending off prediction to background worker for resampling and export
done with topaneu_center1_mr_053

Predicting topaneu_center1_mr_056:
perform_everything_on_device: True
sending off prediction to background worker for resampling and export
done with topaneu_center1_mr_056

Predicting topaneu_center1_mr_061:
perform_everything_on_device: True
sending off prediction to background worker for resampling and export
done with topaneu_center1_mr_061

Predicting topaneu_center1_mr_064:
perform_everything_on_device: True
sending off prediction to background worker for resampling and export
done with topaneu_center1_mr_064

Predicting topaneu_center1_mr_076:
perform_everything_on_device: True
sending off prediction to background worker for resampling and export
done with topaneu_center1_mr_076

Predicting topaneu_center1_mr_085:
perform_everything_on_device: True
sending off prediction to background worker for resampling and export
done with topaneu_center1_mr_085

Predicting topaneu_center1_mr_088:
perform_everything_on_device: True
sending off prediction to background worker for resampling and export
done with topaneu_center1_mr_088

Predicting topaneu_center1_mr_092:
perform_everything_on_device: True
sending off prediction to background worker for resampling and export
done with topaneu_center1_mr_092

Predicting topaneu_center1_mr_113:
perform_everything_on_device: True
sending off prediction to background worker for resampling and export
done with topaneu_center1_mr_113

Predicting topaneu_center1_mr_119:
perform_everything_on_device: True
sending off prediction to background worker for resampling and export
done with topaneu_center1_mr_119

Predicting topaneu_center1_mr_121:
perform_everything_on_device: True
sending off prediction to background worker for resampling and export
done with topaneu_center1_mr_121

Predicting topaneu_center1_mr_129:
perform_everything_on_device: True
sending off prediction to background worker for resampling and export
done with topaneu_center1_mr_129

Predicting topaneu_center1_mr_136:
perform_everything_on_device: True
sending off prediction to background worker for resampling and export
done with topaneu_center1_mr_136

Predicting topaneu_center1_mr_138:
perform_everything_on_device: True
sending off prediction to background worker for resampling and export
done with topaneu_center1_mr_138

Predicting topaneu_center1_mr_144:
perform_everything_on_device: True
sending off prediction to background worker for resampling and export
done with topaneu_center1_mr_144

Predicting topaneu_center1_mr_147:
perform_everything_on_device: True
sending off prediction to background worker for resampling and export
done with topaneu_center1_mr_147

Predicting topaneu_center1_mr_148:
perform_everything_on_device: True
sending off prediction to background worker for resampling and export
done with topaneu_center1_mr_148

Predicting topaneu_center1_mr_149:
perform_everything_on_device: True
sending off prediction to background worker for resampling and export
done with topaneu_center1_mr_149

Predicting topaneu_center1_mr_150:
perform_everything_on_device: True
sending off prediction to background worker for resampling and export
done with topaneu_center1_mr_150

Predicting topaneu_center1_mr_157:
perform_everything_on_device: True
sending off prediction to background worker for resampling and export
done with topaneu_center1_mr_157

Predicting topaneu_center1_mr_173:
perform_everything_on_device: True
sending off prediction to background worker for resampling and export
done with topaneu_center1_mr_173

Predicting topaneu_center1_mr_177:
perform_everything_on_device: True
sending off prediction to background worker for resampling and export
done with topaneu_center1_mr_177

Predicting topaneu_center1_mr_178:
perform_everything_on_device: True
sending off prediction to background worker for resampling and export
done with topaneu_center1_mr_178

Predicting topaneu_center1_mr_184:
perform_everything_on_device: True
sending off prediction to background worker for resampling and export
done with topaneu_center1_mr_184

Predicting topaneu_center1_mr_188:
perform_everything_on_device: True
sending off prediction to background worker for resampling and export
done with topaneu_center1_mr_188

Predicting topaneu_center1_mr_189:
perform_everything_on_device: True
sending off prediction to background worker for resampling and export
done with topaneu_center1_mr_189

Predicting topaneu_center1_mr_191:
perform_everything_on_device: True
sending off prediction to background worker for resampling and export
done with topaneu_center1_mr_191

Predicting topaneu_center1_mr_193:
perform_everything_on_device: True
sending off prediction to background worker for resampling and export
done with topaneu_center1_mr_193

Predicting topaneu_center1_mr_195:
perform_everything_on_device: True
sending off prediction to background worker for resampling and export
done with topaneu_center1_mr_195

Predicting topaneu_center1_mr_198:
perform_everything_on_device: True
sending off prediction to background worker for resampling and export
done with topaneu_center1_mr_198

Predicting topaneu_center1_mr_200:
perform_everything_on_device: True
sending off prediction to background worker for resampling and export
done with topaneu_center1_mr_200

Predicting topaneu_center1_mr_202:
perform_everything_on_device: True
sending off prediction to background worker for resampling and export
done with topaneu_center1_mr_202

Predicting topaneu_center1_mr_210:
perform_everything_on_device: True
sending off prediction to background worker for resampling and export
done with topaneu_center1_mr_210

Predicting topaneu_center1_mr_211:
perform_everything_on_device: True
sending off prediction to background worker for resampling and export
done with topaneu_center1_mr_211

Predicting topaneu_center1_mr_213:
perform_everything_on_device: True
sending off prediction to background worker for resampling and export
done with topaneu_center1_mr_213

Predicting topaneu_center1_mr_221:
perform_everything_on_device: True
sending off prediction to background worker for resampling and export
done with topaneu_center1_mr_221

Predicting topaneu_center1_mr_229:
perform_everything_on_device: True
sending off prediction to background worker for resampling and export
done with topaneu_center1_mr_229

Predicting topaneu_center1_mr_241:
perform_everything_on_device: True
sending off prediction to background worker for resampling and export
done with topaneu_center1_mr_241

Predicting topaneu_center1_mr_247:
perform_everything_on_device: True
sending off prediction to background worker for resampling and export
done with topaneu_center1_mr_247

Predicting topaneu_center1_mr_251:
perform_everything_on_device: True
sending off prediction to background worker for resampling and export
done with topaneu_center1_mr_251

Predicting topaneu_center1_mr_262:
perform_everything_on_device: True
sending off prediction to background worker for resampling and export
done with topaneu_center1_mr_262

Predicting topaneu_center1_mr_264:
perform_everything_on_device: True
sending off prediction to background worker for resampling and export
done with topaneu_center1_mr_264

Predicting topaneu_center1_mr_282:
perform_everything_on_device: True
sending off prediction to background worker for resampling and export
done with topaneu_center1_mr_282

Predicting topaneu_center1_mr_287:
perform_everything_on_device: True
sending off prediction to background worker for resampling and export
done with topaneu_center1_mr_287

Predicting topaneu_center1_mr_290:
perform_everything_on_device: True
sending off prediction to background worker for resampling and export
done with topaneu_center1_mr_290

Predicting topaneu_center1_mr_298:
perform_everything_on_device: True
sending off prediction to background worker for resampling and export
done with topaneu_center1_mr_298

Predicting topaneu_center1_mr_299:
perform_everything_on_device: True
sending off prediction to background worker for resampling and export
done with topaneu_center1_mr_299

Predicting topaneu_center1_mr_301:
perform_everything_on_device: True
sending off prediction to background worker for resampling and export
done with topaneu_center1_mr_301

Predicting topaneu_center1_mr_302:
perform_everything_on_device: True
sending off prediction to background worker for resampling and export
done with topaneu_center1_mr_302

Predicting topaneu_center1_mr_308:
perform_everything_on_device: True
sending off prediction to background worker for resampling and export
done with topaneu_center1_mr_308

Predicting topaneu_center1_mr_311:
perform_everything_on_device: True
sending off prediction to background worker for resampling and export
done with topaneu_center1_mr_311

Predicting topaneu_center1_mr_316:
perform_everything_on_device: True
sending off prediction to background worker for resampling and export
done with topaneu_center1_mr_316

Predicting topaneu_center1_mr_325:
perform_everything_on_device: True
sending off prediction to background worker for resampling and export
done with topaneu_center1_mr_325

Predicting topaneu_center1_mr_327:
perform_everything_on_device: True
sending off prediction to background worker for resampling and export
done with topaneu_center1_mr_327

Predicting topaneu_center1_mr_330:
perform_everything_on_device: True
sending off prediction to background worker for resampling and export
done with topaneu_center1_mr_330

Predicting topaneu_center1_mr_334:
perform_everything_on_device: True
sending off prediction to background worker for resampling and export
done with topaneu_center1_mr_334

Predicting topaneu_center1_mr_336:
perform_everything_on_device: True
sending off prediction to background worker for resampling and export
done with topaneu_center1_mr_336

Predicting topaneu_center1_mr_342:
perform_everything_on_device: True
sending off prediction to background worker for resampling and export
done with topaneu_center1_mr_342

Predicting topaneu_center1_mr_349:
perform_everything_on_device: True
sending off prediction to background worker for resampling and export
done with topaneu_center1_mr_349

Predicting topaneu_center1_mr_350:
perform_everything_on_device: True
sending off prediction to background worker for resampling and export
done with topaneu_center1_mr_350

Predicting topaneu_center1_mr_354:
perform_everything_on_device: True
sending off prediction to background worker for resampling and export
done with topaneu_center1_mr_354

Predicting topaneu_center1_mr_359:
perform_everything_on_device: True
sending off prediction to background worker for resampling and export
done with topaneu_center1_mr_359

Predicting topaneu_center1_mr_364:
perform_everything_on_device: True
sending off prediction to background worker for resampling and export
done with topaneu_center1_mr_364

Predicting topaneu_center1_mr_365:
perform_everything_on_device: True
sending off prediction to background worker for resampling and export
done with topaneu_center1_mr_365

Predicting topaneu_center1_mr_374:
perform_everything_on_device: True
sending off prediction to background worker for resampling and export
done with topaneu_center1_mr_374

Predicting topaneu_center1_mr_386:
perform_everything_on_device: True
sending off prediction to background worker for resampling and export
done with topaneu_center1_mr_386

Predicting topaneu_center1_mr_393:
perform_everything_on_device: True
sending off prediction to background worker for resampling and export
done with topaneu_center1_mr_393

Predicting topaneu_center1_mr_396:
perform_everything_on_device: True
sending off prediction to background worker for resampling and export
done with topaneu_center1_mr_396

Predicting topaneu_center1_mr_398:
perform_everything_on_device: True
sending off prediction to background worker for resampling and export
done with topaneu_center1_mr_398

Predicting topaneu_center1_mr_401:
perform_everything_on_device: True
sending off prediction to background worker for resampling and export
done with topaneu_center1_mr_401

Predicting topaneu_center1_mr_411:
perform_everything_on_device: True
sending off prediction to background worker for resampling and export
done with topaneu_center1_mr_411

Predicting topaneu_center1_mr_414:
perform_everything_on_device: True
sending off prediction to background worker for resampling and export
done with topaneu_center1_mr_414

Predicting topaneu_center1_mr_419:
perform_everything_on_device: True
sending off prediction to background worker for resampling and export
done with topaneu_center1_mr_419

Predicting topaneu_center1_mr_428:
perform_everything_on_device: True
sending off prediction to background worker for resampling and export
done with topaneu_center1_mr_428

Predicting topaneu_center1_mr_436:
perform_everything_on_device: True
sending off prediction to background worker for resampling and export
done with topaneu_center1_mr_436

Predicting topaneu_center1_mr_439:
perform_everything_on_device: True
sending off prediction to background worker for resampling and export
done with topaneu_center1_mr_439

Predicting topaneu_center1_mr_443:
perform_everything_on_device: True
sending off prediction to background worker for resampling and export
done with topaneu_center1_mr_443

Predicting topaneu_center1_mr_463:
perform_everything_on_device: True
sending off prediction to background worker for resampling and export
done with topaneu_center1_mr_463

Predicting topaneu_center1_mr_474:
perform_everything_on_device: True
sending off prediction to background worker for resampling and export
done with topaneu_center1_mr_474

Predicting topaneu_center1_mr_477:
perform_everything_on_device: True
sending off prediction to background worker for resampling and export
done with topaneu_center1_mr_477

Predicting topaneu_center1_mr_483:
perform_everything_on_device: True
sending off prediction to background worker for resampling and export
done with topaneu_center1_mr_483

Predicting topaneu_center1_mr_489:
perform_everything_on_device: True
sending off prediction to background worker for resampling and export
done with topaneu_center1_mr_489

Predicting topaneu_center1_mr_490:
perform_everything_on_device: True
sending off prediction to background worker for resampling and export
done with topaneu_center1_mr_490

Predicting topaneu_center1_mr_494:
perform_everything_on_device: True
sending off prediction to background worker for resampling and export
done with topaneu_center1_mr_494

Predicting topaneu_center1_mr_496:
perform_everything_on_device: True
sending off prediction to background worker for resampling and export
done with topaneu_center1_mr_496

Predicting topaneu_center1_mr_499:
perform_everything_on_device: True
sending off prediction to background worker for resampling and export
done with topaneu_center1_mr_499

Predicting topaneu_center1_mr_501:
perform_everything_on_device: True
sending off prediction to background worker for resampling and export
done with topaneu_center1_mr_501

Predicting topaneu_center1_mr_509:
perform_everything_on_device: True
sending off prediction to background worker for resampling and export
done with topaneu_center1_mr_509

Predicting topaneu_center1_mr_516:
perform_everything_on_device: True
sending off prediction to background worker for resampling and export
done with topaneu_center1_mr_516

Predicting topaneu_center1_mr_522:
perform_everything_on_device: True
sending off prediction to background worker for resampling and export
done with topaneu_center1_mr_522

Predicting topaneu_center1_mr_523:
perform_everything_on_device: True
sending off prediction to background worker for resampling and export
done with topaneu_center1_mr_523

Predicting topaneu_center1_mr_525:
perform_everything_on_device: True
sending off prediction to background worker for resampling and export
done with topaneu_center1_mr_525

Predicting topaneu_center1_mr_527:
perform_everything_on_device: True
sending off prediction to background worker for resampling and export
done with topaneu_center1_mr_527

Predicting topaneu_center1_mr_528:
perform_everything_on_device: True
sending off prediction to background worker for resampling and export
done with topaneu_center1_mr_528

Predicting topaneu_center1_mr_538:
perform_everything_on_device: True
sending off prediction to background worker for resampling and export
done with topaneu_center1_mr_538

Predicting topaneu_center1_mr_554:
perform_everything_on_device: True
sending off prediction to background worker for resampling and export
done with topaneu_center1_mr_554

Predicting topaneu_center1_mr_560:
perform_everything_on_device: True
sending off prediction to background worker for resampling and export
done with topaneu_center1_mr_560

Predicting topaneu_center1_mr_561:
perform_everything_on_device: True
sending off prediction to background worker for resampling and export
done with topaneu_center1_mr_561

Predicting topaneu_center1_mr_572:
perform_everything_on_device: True
sending off prediction to background worker for resampling and export
done with topaneu_center1_mr_572

Predicting topaneu_center1_mr_577:
perform_everything_on_device: True
sending off prediction to background worker for resampling and export
done with topaneu_center1_mr_577

Predicting topaneu_center1_mr_581:
perform_everything_on_device: True
sending off prediction to background worker for resampling and export
done with topaneu_center1_mr_581

Predicting topaneu_center1_mr_585:
perform_everything_on_device: True
sending off prediction to background worker for resampling and export
done with topaneu_center1_mr_585

Predicting topaneu_center1_mr_586:
perform_everything_on_device: True
sending off prediction to background worker for resampling and export
done with topaneu_center1_mr_586

Predicting topaneu_center1_mr_596:
perform_everything_on_device: True
sending off prediction to background worker for resampling and export
done with topaneu_center1_mr_596

Predicting topaneu_center1_mr_605:
perform_everything_on_device: True
sending off prediction to background worker for resampling and export
done with topaneu_center1_mr_605

Predicting topaneu_center1_mr_607:
perform_everything_on_device: True
sending off prediction to background worker for resampling and export
done with topaneu_center1_mr_607

Predicting topaneu_center1_mr_612:
perform_everything_on_device: True
sending off prediction to background worker for resampling and export
done with topaneu_center1_mr_612

Predicting topaneu_center1_mr_614:
perform_everything_on_device: True
sending off prediction to background worker for resampling and export
done with topaneu_center1_mr_614

Predicting topaneu_center1_mr_615:
perform_everything_on_device: True
sending off prediction to background worker for resampling and export
done with topaneu_center1_mr_615

Predicting topaneu_center1_mr_625:
perform_everything_on_device: True
sending off prediction to background worker for resampling and export
done with topaneu_center1_mr_625

Predicting topaneu_center1_mr_626:
perform_everything_on_device: True
sending off prediction to background worker for resampling and export
done with topaneu_center1_mr_626

Predicting topaneu_center1_mr_630:
perform_everything_on_device: True
sending off prediction to background worker for resampling and export
done with topaneu_center1_mr_630

Predicting topaneu_center1_mr_631:
perform_everything_on_device: True
sending off prediction to background worker for resampling and export
done with topaneu_center1_mr_631

Predicting topaneu_center1_mr_637:
perform_everything_on_device: True
sending off prediction to background worker for resampling and export
done with topaneu_center1_mr_637

Predicting topaneu_center1_mr_638:
perform_everything_on_device: True
sending off prediction to background worker for resampling and export
done with topaneu_center1_mr_638

Predicting topaneu_center1_mr_647:
perform_everything_on_device: True
sending off prediction to background worker for resampling and export
done with topaneu_center1_mr_647

Predicting topaneu_center1_mr_653:
perform_everything_on_device: True
sending off prediction to background worker for resampling and export
done with topaneu_center1_mr_653

Predicting topaneu_center1_mr_660:
perform_everything_on_device: True
sending off prediction to background worker for resampling and export
done with topaneu_center1_mr_660

Predicting topaneu_center1_mr_664:
perform_everything_on_device: True
sending off prediction to background worker for resampling and export
done with topaneu_center1_mr_664

Predicting topaneu_center1_mr_670:
perform_everything_on_device: True
sending off prediction to background worker for resampling and export
done with topaneu_center1_mr_670

Predicting topaneu_center1_mr_681:
perform_everything_on_device: True
sending off prediction to background worker for resampling and export
done with topaneu_center1_mr_681

Predicting topaneu_center1_mr_682:
perform_everything_on_device: True
sending off prediction to background worker for resampling and export
done with topaneu_center1_mr_682

Predicting topaneu_center1_mr_693:
perform_everything_on_device: True
sending off prediction to background worker for resampling and export
done with topaneu_center1_mr_693

Predicting topaneu_center1_mr_694:
perform_everything_on_device: True
sending off prediction to background worker for resampling and export
done with topaneu_center1_mr_694

Predicting topaneu_center1_mr_697:
perform_everything_on_device: True
sending off prediction to background worker for resampling and export
done with topaneu_center1_mr_697

Predicting topaneu_center1_mr_702:
perform_everything_on_device: True
sending off prediction to background worker for resampling and export
done with topaneu_center1_mr_702

Predicting topaneu_center1_mr_713:
perform_everything_on_device: True
sending off prediction to background worker for resampling and export
done with topaneu_center1_mr_713

Predicting topaneu_center1_mr_720:
perform_everything_on_device: True
sending off prediction to background worker for resampling and export
done with topaneu_center1_mr_720

Predicting topaneu_center1_mr_727:
perform_everything_on_device: True
sending off prediction to background worker for resampling and export
done with topaneu_center1_mr_727

Predicting topaneu_center1_mr_729:
perform_everything_on_device: True
sending off prediction to background worker for resampling and export
done with topaneu_center1_mr_729

Predicting topaneu_center1_mr_731:
perform_everything_on_device: True
sending off prediction to background worker for resampling and export
done with topaneu_center1_mr_731

Predicting topaneu_center1_mr_732:
perform_everything_on_device: True
sending off prediction to background worker for resampling and export
done with topaneu_center1_mr_732

Predicting topaneu_center1_mr_740:
perform_everything_on_device: True
sending off prediction to background worker for resampling and export
done with topaneu_center1_mr_740

Predicting topaneu_center1_mr_741:
perform_everything_on_device: True
sending off prediction to background worker for resampling and export
done with topaneu_center1_mr_741

Predicting topaneu_center1_mr_742:
perform_everything_on_device: True
sending off prediction to background worker for resampling and export
done with topaneu_center1_mr_742

Predicting topaneu_center1_mr_744:
perform_everything_on_device: True
sending off prediction to background worker for resampling and export
done with topaneu_center1_mr_744

Predicting topaneu_center1_mr_750:
perform_everything_on_device: True
sending off prediction to background worker for resampling and export
done with topaneu_center1_mr_750

Predicting topaneu_center1_mr_760:
perform_everything_on_device: True
sending off prediction to background worker for resampling and export
done with topaneu_center1_mr_760

Predicting topaneu_center1_mr_763:
perform_everything_on_device: True
sending off prediction to background worker for resampling and export
done with topaneu_center1_mr_763

Predicting topaneu_center1_mr_765:
perform_everything_on_device: True
sending off prediction to background worker for resampling and export
done with topaneu_center1_mr_765

Predicting topaneu_center1_mr_770:
perform_everything_on_device: True
sending off prediction to background worker for resampling and export
done with topaneu_center1_mr_770

Predicting topaneu_center1_mr_772:
perform_everything_on_device: True
sending off prediction to background worker for resampling and export
done with topaneu_center1_mr_772

Predicting topaneu_center1_mr_774:
perform_everything_on_device: True
sending off prediction to background worker for resampling and export
done with topaneu_center1_mr_774

Predicting topaneu_center1_mr_775:
perform_everything_on_device: True
sending off prediction to background worker for resampling and export
done with topaneu_center1_mr_775

Predicting topaneu_center1_mr_776:
perform_everything_on_device: True
sending off prediction to background worker for resampling and export
done with topaneu_center1_mr_776

Predicting topaneu_center1_mr_788:
perform_everything_on_device: True
sending off prediction to background worker for resampling and export
done with topaneu_center1_mr_788

Predicting topaneu_center1_mr_789:
perform_everything_on_device: True
sending off prediction to background worker for resampling and export
done with topaneu_center1_mr_789

Predicting topaneu_center1_mr_790:
perform_everything_on_device: True
sending off prediction to background worker for resampling and export
done with topaneu_center1_mr_790

Predicting topaneu_center1_mr_792:
perform_everything_on_device: True
sending off prediction to background worker for resampling and export
done with topaneu_center1_mr_792

Predicting topaneu_center1_mr_795:
perform_everything_on_device: True
sending off prediction to background worker for resampling and export
done with topaneu_center1_mr_795

Predicting topaneu_center1_mr_797:
perform_everything_on_device: True
sending off prediction to background worker for resampling and export
done with topaneu_center1_mr_797

Predicting topaneu_center1_mr_800:
perform_everything_on_device: True
sending off prediction to background worker for resampling and export
done with topaneu_center1_mr_800

Predicting topaneu_center1_mr_804:
perform_everything_on_device: True
sending off prediction to background worker for resampling and export
done with topaneu_center1_mr_804

Predicting topaneu_center1_mr_807:
perform_everything_on_device: True
sending off prediction to background worker for resampling and export
done with topaneu_center1_mr_807

Predicting topaneu_center1_mr_810:
perform_everything_on_device: True
sending off prediction to background worker for resampling and export
done with topaneu_center1_mr_810

Predicting topaneu_center1_mr_816:
perform_everything_on_device: True
sending off prediction to background worker for resampling and export
done with topaneu_center1_mr_816

Predicting topaneu_center1_mr_819:
perform_everything_on_device: True
sending off prediction to background worker for resampling and export
done with topaneu_center1_mr_819

Predicting topaneu_center1_mr_823:
perform_everything_on_device: True
sending off prediction to background worker for resampling and export
done with topaneu_center1_mr_823

Predicting topaneu_center1_mr_840:
perform_everything_on_device: True
sending off prediction to background worker for resampling and export
done with topaneu_center1_mr_840

Predicting topaneu_center1_mr_842:
perform_everything_on_device: True
sending off prediction to background worker for resampling and export
done with topaneu_center1_mr_842

Predicting topaneu_center1_mr_848:
perform_everything_on_device: True
sending off prediction to background worker for resampling and export
done with topaneu_center1_mr_848

Predicting topaneu_center1_mr_850:
perform_everything_on_device: True
sending off prediction to background worker for resampling and export
done with topaneu_center1_mr_850

Predicting topaneu_center1_mr_871:
perform_everything_on_device: True
sending off prediction to background worker for resampling and export
done with topaneu_center1_mr_871

Predicting topaneu_center1_mr_877:
perform_everything_on_device: True
sending off prediction to background worker for resampling and export
done with topaneu_center1_mr_877

Predicting topaneu_center1_mr_891:
perform_everything_on_device: True
sending off prediction to background worker for resampling and export
done with topaneu_center1_mr_891

Predicting topaneu_center1_mr_892:
perform_everything_on_device: True
sending off prediction to background worker for resampling and export
done with topaneu_center1_mr_892

Predicting topaneu_center1_mr_895:
perform_everything_on_device: True
sending off prediction to background worker for resampling and export
done with topaneu_center1_mr_895

Predicting topaneu_center1_mr_896:
perform_everything_on_device: True
sending off prediction to background worker for resampling and export
done with topaneu_center1_mr_896

Predicting topaneu_center1_mr_902:
perform_everything_on_device: True
sending off prediction to background worker for resampling and export
done with topaneu_center1_mr_902

Predicting topaneu_center1_mr_909:
perform_everything_on_device: True
sending off prediction to background worker for resampling and export
done with topaneu_center1_mr_909

Predicting topaneu_center1_mr_910:
perform_everything_on_device: True
sending off prediction to background worker for resampling and export
done with topaneu_center1_mr_910

Predicting topaneu_center1_mr_911:
perform_everything_on_device: True
sending off prediction to background worker for resampling and export
done with topaneu_center1_mr_911

Predicting topaneu_center1_mr_917:
perform_everything_on_device: True
sending off prediction to background worker for resampling and export
done with topaneu_center1_mr_917

Predicting topaneu_center1_mr_920:
perform_everything_on_device: True
sending off prediction to background worker for resampling and export
done with topaneu_center1_mr_920

Predicting topaneu_center1_mr_921:
perform_everything_on_device: True
sending off prediction to background worker for resampling and export
done with topaneu_center1_mr_921

Predicting topaneu_center1_mr_922:
perform_everything_on_device: True
sending off prediction to background worker for resampling and export
done with topaneu_center1_mr_922

Predicting topaneu_center1_mr_924:
perform_everything_on_device: True
sending off prediction to background worker for resampling and export
done with topaneu_center1_mr_924

Predicting topaneu_center1_mr_926:
perform_everything_on_device: True
sending off prediction to background worker for resampling and export
done with topaneu_center1_mr_926

Predicting topaneu_center1_mr_928:
perform_everything_on_device: True
sending off prediction to background worker for resampling and export
done with topaneu_center1_mr_928

Predicting topaneu_center1_mr_939:
perform_everything_on_device: True
sending off prediction to background worker for resampling and export
done with topaneu_center1_mr_939

Predicting topaneu_center1_mr_940:
perform_everything_on_device: True
sending off prediction to background worker for resampling and export
done with topaneu_center1_mr_940

Predicting topaneu_center1_mr_942:
perform_everything_on_device: True
sending off prediction to background worker for resampling and export
done with topaneu_center1_mr_942

Predicting topaneu_center1_mr_944:
perform_everything_on_device: True
sending off prediction to background worker for resampling and export
done with topaneu_center1_mr_944

Predicting topaneu_center1_mr_959:
perform_everything_on_device: True
sending off prediction to background worker for resampling and export
done with topaneu_center1_mr_959

Predicting topaneu_center1_mr_961:
perform_everything_on_device: True
sending off prediction to background worker for resampling and export
done with topaneu_center1_mr_961

Predicting topaneu_center1_mr_975:
perform_everything_on_device: True
sending off prediction to background worker for resampling and export
done with topaneu_center1_mr_975

Predicting topaneu_center1_mr_981:
perform_everything_on_device: True
sending off prediction to background worker for resampling and export
done with topaneu_center1_mr_981

Predicting topaneu_center1_mr_991:
perform_everything_on_device: True
sending off prediction to background worker for resampling and export
done with topaneu_center1_mr_991

Predicting topaneu_center2_ct_105:
perform_everything_on_device: True
sending off prediction to background worker for resampling and export
done with topaneu_center2_ct_105

Predicting topaneu_center2_ct_107:
perform_everything_on_device: True
sending off prediction to background worker for resampling and export
done with topaneu_center2_ct_107

Predicting topaneu_center2_ct_108:
perform_everything_on_device: True
sending off prediction to background worker for resampling and export
done with topaneu_center2_ct_108

Predicting topaneu_center2_ct_109:
perform_everything_on_device: True
sending off prediction to background worker for resampling and export
done with topaneu_center2_ct_109

Predicting topaneu_center2_ct_112:
perform_everything_on_device: True
sending off prediction to background worker for resampling and export
done with topaneu_center2_ct_112

Predicting topaneu_center2_ct_113:
perform_everything_on_device: True
sending off prediction to background worker for resampling and export
done with topaneu_center2_ct_113

Predicting topaneu_center2_ct_118:
perform_everything_on_device: True
sending off prediction to background worker for resampling and export
done with topaneu_center2_ct_118

Predicting topaneu_center2_ct_119:
perform_everything_on_device: True
sending off prediction to background worker for resampling and export
done with topaneu_center2_ct_119

Predicting topaneu_center2_ct_120:
perform_everything_on_device: True
sending off prediction to background worker for resampling and export
done with topaneu_center2_ct_120

Predicting topaneu_center2_ct_125:
perform_everything_on_device: True
sending off prediction to background worker for resampling and export
done with topaneu_center2_ct_125

Predicting topaneu_center2_ct_126:
perform_everything_on_device: True
sending off prediction to background worker for resampling and export
done with topaneu_center2_ct_126

Predicting topaneu_center2_ct_127:
perform_everything_on_device: True
sending off prediction to background worker for resampling and export
done with topaneu_center2_ct_127

Predicting topaneu_center2_ct_128:
perform_everything_on_device: True
sending off prediction to background worker for resampling and export
done with topaneu_center2_ct_128

Predicting topaneu_center2_ct_130:
perform_everything_on_device: True
sending off prediction to background worker for resampling and export
done with topaneu_center2_ct_130

Predicting topaneu_center2_ct_134:
perform_everything_on_device: True
sending off prediction to background worker for resampling and export
done with topaneu_center2_ct_134

Predicting topaneu_center2_ct_137:
perform_everything_on_device: True
sending off prediction to background worker for resampling and export
done with topaneu_center2_ct_137

Predicting topaneu_center2_ct_138:
perform_everything_on_device: True
sending off prediction to background worker for resampling and export
done with topaneu_center2_ct_138

Predicting topaneu_center2_ct_141:
perform_everything_on_device: True
sending off prediction to background worker for resampling and export
done with topaneu_center2_ct_141

Predicting topaneu_center2_ct_142:
perform_everything_on_device: True
sending off prediction to background worker for resampling and export
done with topaneu_center2_ct_142

Predicting topaneu_center2_ct_144:
perform_everything_on_device: True
sending off prediction to background worker for resampling and export
done with topaneu_center2_ct_144

Predicting topaneu_center2_ct_147:
perform_everything_on_device: True
sending off prediction to background worker for resampling and export
done with topaneu_center2_ct_147

Predicting topaneu_center2_ct_150:
perform_everything_on_device: True
sending off prediction to background worker for resampling and export
done with topaneu_center2_ct_150

Predicting topaneu_center2_ct_154:
perform_everything_on_device: True
sending off prediction to background worker for resampling and export
done with topaneu_center2_ct_154

Predicting topaneu_center2_ct_156:
perform_everything_on_device: True
sending off prediction to background worker for resampling and export
done with topaneu_center2_ct_156

Predicting topaneu_center2_ct_160:
perform_everything_on_device: True
sending off prediction to background worker for resampling and export
done with topaneu_center2_ct_160

Predicting topaneu_center2_ct_161:
perform_everything_on_device: True
sending off prediction to background worker for resampling and export
done with topaneu_center2_ct_161

Predicting topaneu_center2_ct_162:
perform_everything_on_device: True
sending off prediction to background worker for resampling and export
done with topaneu_center2_ct_162

Predicting topaneu_center2_ct_163:
perform_everything_on_device: True
sending off prediction to background worker for resampling and export
done with topaneu_center2_ct_163

Predicting topaneu_center2_ct_164:
perform_everything_on_device: True
sending off prediction to background worker for resampling and export
done with topaneu_center2_ct_164

Predicting topaneu_center2_ct_165:
perform_everything_on_device: True
sending off prediction to background worker for resampling and export
done with topaneu_center2_ct_165

Predicting topaneu_center2_ct_166:
perform_everything_on_device: True
sending off prediction to background worker for resampling and export
done with topaneu_center2_ct_166

Predicting topaneu_center2_ct_167:
perform_everything_on_device: True
sending off prediction to background worker for resampling and export
done with topaneu_center2_ct_167

Predicting topaneu_center2_ct_169:
perform_everything_on_device: True
sending off prediction to background worker for resampling and export
done with topaneu_center2_ct_169

Predicting topaneu_center2_ct_170:
perform_everything_on_device: True
sending off prediction to background worker for resampling and export
done with topaneu_center2_ct_170

Predicting topaneu_center2_ct_171:
perform_everything_on_device: True
sending off prediction to background worker for resampling and export
done with topaneu_center2_ct_171

Predicting topaneu_center2_ct_172:
perform_everything_on_device: True
sending off prediction to background worker for resampling and export
done with topaneu_center2_ct_172

Predicting topaneu_center2_ct_173:
perform_everything_on_device: True
sending off prediction to background worker for resampling and export
done with topaneu_center2_ct_173

Predicting topaneu_center2_ct_174:
perform_everything_on_device: True
sending off prediction to background worker for resampling and export
done with topaneu_center2_ct_174

Predicting topaneu_center2_ct_175:
perform_everything_on_device: True
sending off prediction to background worker for resampling and export
done with topaneu_center2_ct_175

Predicting topaneu_center2_ct_184:
perform_everything_on_device: True
sending off prediction to background worker for resampling and export
done with topaneu_center2_ct_184

Predicting topaneu_center2_ct_189:
perform_everything_on_device: True
sending off prediction to background worker for resampling and export
done with topaneu_center2_ct_189

Predicting topaneu_center2_ct_190:
perform_everything_on_device: True
sending off prediction to background worker for resampling and export
done with topaneu_center2_ct_190

Predicting topaneu_center2_ct_191:
perform_everything_on_device: True
sending off prediction to background worker for resampling and export
done with topaneu_center2_ct_191

Predicting topaneu_center2_ct_192:
perform_everything_on_device: True
sending off prediction to background worker for resampling and export
done with topaneu_center2_ct_192

Predicting topaneu_center2_ct_193:
perform_everything_on_device: True
sending off prediction to background worker for resampling and export
done with topaneu_center2_ct_193

Predicting topaneu_center2_ct_196:
perform_everything_on_device: True
sending off prediction to background worker for resampling and export
done with topaneu_center2_ct_196

Predicting topaneu_center2_ct_197:
perform_everything_on_device: True
sending off prediction to background worker for resampling and export
done with topaneu_center2_ct_197

Predicting topaneu_center2_mr_002:
perform_everything_on_device: True
sending off prediction to background worker for resampling and export
done with topaneu_center2_mr_002

Predicting topaneu_center2_mr_004:
perform_everything_on_device: True
sending off prediction to background worker for resampling and export
done with topaneu_center2_mr_004

Predicting topaneu_center2_mr_007:
perform_everything_on_device: True
sending off prediction to background worker for resampling and export
done with topaneu_center2_mr_007

Predicting topaneu_center2_mr_010:
perform_everything_on_device: True
sending off prediction to background worker for resampling and export
done with topaneu_center2_mr_010

Predicting topaneu_center2_mr_011:
perform_everything_on_device: True
sending off prediction to background worker for resampling and export
done with topaneu_center2_mr_011

Predicting topaneu_center2_mr_012:
perform_everything_on_device: True
sending off prediction to background worker for resampling and export
done with topaneu_center2_mr_012

Predicting topaneu_center2_mr_016:
perform_everything_on_device: True
sending off prediction to background worker for resampling and export
done with topaneu_center2_mr_016

Predicting topaneu_center2_mr_017:
perform_everything_on_device: True
sending off prediction to background worker for resampling and export
done with topaneu_center2_mr_017

Predicting topaneu_center2_mr_018:
perform_everything_on_device: True
sending off prediction to background worker for resampling and export
done with topaneu_center2_mr_018

Predicting topaneu_center2_mr_019:
perform_everything_on_device: True
sending off prediction to background worker for resampling and export
done with topaneu_center2_mr_019

Predicting topaneu_center2_mr_020:
perform_everything_on_device: True
sending off prediction to background worker for resampling and export
done with topaneu_center2_mr_020

Predicting topaneu_center2_mr_025:
perform_everything_on_device: True
sending off prediction to background worker for resampling and export
done with topaneu_center2_mr_025

Predicting topaneu_center2_mr_028:
perform_everything_on_device: True
sending off prediction to background worker for resampling and export
done with topaneu_center2_mr_028

Predicting topaneu_center2_mr_029:
perform_everything_on_device: True
sending off prediction to background worker for resampling and export
done with topaneu_center2_mr_029

Predicting topaneu_center2_mr_031:
perform_everything_on_device: True
sending off prediction to background worker for resampling and export
done with topaneu_center2_mr_031

Predicting topaneu_center2_mr_032:
perform_everything_on_device: True
sending off prediction to background worker for resampling and export
done with topaneu_center2_mr_032

Predicting topaneu_center2_mr_034:
perform_everything_on_device: True
sending off prediction to background worker for resampling and export
done with topaneu_center2_mr_034

Predicting topaneu_center2_mr_035:
perform_everything_on_device: True
sending off prediction to background worker for resampling and export
done with topaneu_center2_mr_035

Predicting topaneu_center2_mr_038:
perform_everything_on_device: True
sending off prediction to background worker for resampling and export
done with topaneu_center2_mr_038

Predicting topaneu_center2_mr_042:
perform_everything_on_device: True
sending off prediction to background worker for resampling and export
done with topaneu_center2_mr_042

Predicting topaneu_center2_mr_044:
perform_everything_on_device: True
sending off prediction to background worker for resampling and export
done with topaneu_center2_mr_044

Predicting topaneu_center2_mr_047:
perform_everything_on_device: True
sending off prediction to background worker for resampling and export
done with topaneu_center2_mr_047

Predicting topaneu_center2_mr_048:
perform_everything_on_device: True
sending off prediction to background worker for resampling and export
done with topaneu_center2_mr_048

Predicting topaneu_center2_mr_049:
perform_everything_on_device: True
sending off prediction to background worker for resampling and export
done with topaneu_center2_mr_049

Predicting topaneu_center2_mr_050:
perform_everything_on_device: True
sending off prediction to background worker for resampling and export
done with topaneu_center2_mr_050

Predicting topaneu_center2_mr_051:
perform_everything_on_device: True
sending off prediction to background worker for resampling and export
done with topaneu_center2_mr_051

Predicting topaneu_center2_mr_054:
perform_everything_on_device: True
sending off prediction to background worker for resampling and export
done with topaneu_center2_mr_054

Predicting topaneu_center2_mr_055:
perform_everything_on_device: True
sending off prediction to background worker for resampling and export
done with topaneu_center2_mr_055

Predicting topaneu_center2_mr_056:
perform_everything_on_device: True
sending off prediction to background worker for resampling and export
done with topaneu_center2_mr_056

Predicting topaneu_center2_mr_057:
perform_everything_on_device: True
sending off prediction to background worker for resampling and export
done with topaneu_center2_mr_057

Predicting topaneu_center2_mr_058:
perform_everything_on_device: True
sending off prediction to background worker for resampling and export
done with topaneu_center2_mr_058

Predicting topaneu_center2_mr_069:
perform_everything_on_device: True
sending off prediction to background worker for resampling and export
done with topaneu_center2_mr_069

Predicting topaneu_center2_mr_074:
perform_everything_on_device: True
sending off prediction to background worker for resampling and export
done with topaneu_center2_mr_074

Predicting topaneu_center2_mr_077:
perform_everything_on_device: True
sending off prediction to background worker for resampling and export
done with topaneu_center2_mr_077

Predicting topaneu_center2_mr_078:
perform_everything_on_device: True
sending off prediction to background worker for resampling and export
done with topaneu_center2_mr_078

Predicting topaneu_center2_mr_079:
perform_everything_on_device: True
sending off prediction to background worker for resampling and export
done with topaneu_center2_mr_079

Predicting topaneu_center2_mr_080:
perform_everything_on_device: True
sending off prediction to background worker for resampling and export
done with topaneu_center2_mr_080

Predicting topaneu_center2_mr_083:
perform_everything_on_device: True
sending off prediction to background worker for resampling and export
done with topaneu_center2_mr_083

Predicting topaneu_center2_mr_085:
perform_everything_on_device: True
sending off prediction to background worker for resampling and export
done with topaneu_center2_mr_085

Predicting topaneu_center2_mr_086:
perform_everything_on_device: True
sending off prediction to background worker for resampling and export
done with topaneu_center2_mr_086

Predicting topaneu_center4_ct_002:
perform_everything_on_device: True
sending off prediction to background worker for resampling and export
done with topaneu_center4_ct_002

Predicting topaneu_center4_ct_005:
perform_everything_on_device: True
sending off prediction to background worker for resampling and export
done with topaneu_center4_ct_005

Predicting topaneu_center4_ct_008_1:
perform_everything_on_device: True
sending off prediction to background worker for resampling and export
done with topaneu_center4_ct_008_1

Predicting topaneu_center4_ct_008_2:
perform_everything_on_device: True
sending off prediction to background worker for resampling and export
done with topaneu_center4_ct_008_2

Predicting topaneu_center4_ct_009:
perform_everything_on_device: True
sending off prediction to background worker for resampling and export
done with topaneu_center4_ct_009

Predicting topaneu_center4_ct_012:
perform_everything_on_device: True
sending off prediction to background worker for resampling and export
done with topaneu_center4_ct_012

Predicting topaneu_center4_ct_019:
perform_everything_on_device: True
sending off prediction to background worker for resampling and export
done with topaneu_center4_ct_019

Predicting topaneu_center4_ct_020_1:
perform_everything_on_device: True
sending off prediction to background worker for resampling and export
done with topaneu_center4_ct_020_1

Predicting topaneu_center4_ct_020_2:
perform_everything_on_device: True
sending off prediction to background worker for resampling and export
done with topaneu_center4_ct_020_2

Predicting topaneu_center4_ct_020_3:
perform_everything_on_device: True
sending off prediction to background worker for resampling and export
done with topaneu_center4_ct_020_3

Predicting topaneu_center4_ct_023:
perform_everything_on_device: True
sending off prediction to background worker for resampling and export
done with topaneu_center4_ct_023

Predicting topaneu_center4_ct_025_1:
perform_everything_on_device: True
sending off prediction to background worker for resampling and export
done with topaneu_center4_ct_025_1

Predicting topaneu_center4_ct_025_2:
perform_everything_on_device: True
sending off prediction to background worker for resampling and export
done with topaneu_center4_ct_025_2

Predicting topaneu_center4_ct_030:
perform_everything_on_device: True
sending off prediction to background worker for resampling and export
done with topaneu_center4_ct_030

Predicting topaneu_center4_ct_034_1:
perform_everything_on_device: True
sending off prediction to background worker for resampling and export
done with topaneu_center4_ct_034_1

Predicting topaneu_center4_ct_034_2:
perform_everything_on_device: True
sending off prediction to background worker for resampling and export
done with topaneu_center4_ct_034_2

Predicting topaneu_center4_ct_037:
perform_everything_on_device: True
sending off prediction to background worker for resampling and export
done with topaneu_center4_ct_037

Predicting topaneu_center4_ct_041:
perform_everything_on_device: True
sending off prediction to background worker for resampling and export
done with topaneu_center4_ct_041

Predicting topaneu_center4_ct_042_1:
perform_everything_on_device: True
sending off prediction to background worker for resampling and export
done with topaneu_center4_ct_042_1

Predicting topaneu_center4_ct_042_2:
perform_everything_on_device: True
sending off prediction to background worker for resampling and export
done with topaneu_center4_ct_042_2

Predicting topaneu_center4_ct_045:
perform_everything_on_device: True
sending off prediction to background worker for resampling and export
done with topaneu_center4_ct_045

Predicting topaneu_center4_ct_047:
perform_everything_on_device: True
sending off prediction to background worker for resampling and export
done with topaneu_center4_ct_047

Predicting topaneu_center4_ct_048:
perform_everything_on_device: True
sending off prediction to background worker for resampling and export
done with topaneu_center4_ct_048

Predicting topaneu_center4_ct_051_1:
perform_everything_on_device: True
sending off prediction to background worker for resampling and export
done with topaneu_center4_ct_051_1

Predicting topaneu_center4_ct_051_2:
perform_everything_on_device: True
sending off prediction to background worker for resampling and export
done with topaneu_center4_ct_051_2

Predicting topaneu_center4_ct_055:
perform_everything_on_device: True
sending off prediction to background worker for resampling and export
done with topaneu_center4_ct_055

Predicting topaneu_center4_ct_057:
perform_everything_on_device: True
sending off prediction to background worker for resampling and export
done with topaneu_center4_ct_057

Predicting topaneu_center4_ct_059:
perform_everything_on_device: True
sending off prediction to background worker for resampling and export
done with topaneu_center4_ct_059

Predicting topaneu_center4_ct_060:
perform_everything_on_device: True
sending off prediction to background worker for resampling and export
done with topaneu_center4_ct_060

Predicting topaneu_center4_ct_062_1:
perform_everything_on_device: True
sending off prediction to background worker for resampling and export
done with topaneu_center4_ct_062_1

Predicting topaneu_center4_ct_062_2:
perform_everything_on_device: True
sending off prediction to background worker for resampling and export
done with topaneu_center4_ct_062_2

Predicting topaneu_center4_ct_063:
perform_everything_on_device: True
sending off prediction to background worker for resampling and export
done with topaneu_center4_ct_063

Predicting topaneu_center4_ct_064:
perform_everything_on_device: True
sending off prediction to background worker for resampling and export
done with topaneu_center4_ct_064

Predicting topaneu_center4_ct_065:
perform_everything_on_device: True
sending off prediction to background worker for resampling and export
done with topaneu_center4_ct_065

Predicting topaneu_center4_ct_067:
perform_everything_on_device: True
sending off prediction to background worker for resampling and export
done with topaneu_center4_ct_067

Predicting topaneu_center4_ct_070:
perform_everything_on_device: True
sending off prediction to background worker for resampling and export
done with topaneu_center4_ct_070

Predicting topaneu_center4_ct_072:
perform_everything_on_device: True
sending off prediction to background worker for resampling and export
done with topaneu_center4_ct_072

Predicting topaneu_center4_ct_074:
perform_everything_on_device: True
sending off prediction to background worker for resampling and export
done with topaneu_center4_ct_074

Predicting topaneu_center4_ct_083:
perform_everything_on_device: True
sending off prediction to background worker for resampling and export
done with topaneu_center4_ct_083

Predicting topaneu_center4_ct_087:
perform_everything_on_device: True
sending off prediction to background worker for resampling and export
done with topaneu_center4_ct_087

Predicting topaneu_center4_ct_093:
perform_everything_on_device: True
sending off prediction to background worker for resampling and export
done with topaneu_center4_ct_093

Predicting topaneu_center4_ct_094:
perform_everything_on_device: True
sending off prediction to background worker for resampling and export
done with topaneu_center4_ct_094

Predicting topaneu_center4_ct_097:
perform_everything_on_device: True
sending off prediction to background worker for resampling and export
done with topaneu_center4_ct_097

Predicting topaneu_center4_ct_101:
perform_everything_on_device: True
sending off prediction to background worker for resampling and export
done with topaneu_center4_ct_101

Predicting topaneu_center4_ct_102:
perform_everything_on_device: True
sending off prediction to background worker for resampling and export
done with topaneu_center4_ct_102

Predicting topaneu_center4_ct_103:
perform_everything_on_device: True
sending off prediction to background worker for resampling and export
done with topaneu_center4_ct_103

Predicting topaneu_center4_ct_104:
perform_everything_on_device: True
sending off prediction to background worker for resampling and export
done with topaneu_center4_ct_104

Predicting topaneu_center4_ct_105:
perform_everything_on_device: True
sending off prediction to background worker for resampling and export
done with topaneu_center4_ct_105

Predicting topaneu_center4_ct_106:
perform_everything_on_device: True
sending off prediction to background worker for resampling and export
done with topaneu_center4_ct_106

Predicting topaneu_center4_ct_107:
perform_everything_on_device: True
sending off prediction to background worker for resampling and export
done with topaneu_center4_ct_107

Predicting topaneu_center4_ct_108:
perform_everything_on_device: True
sending off prediction to background worker for resampling and export
done with topaneu_center4_ct_108

Predicting topaneu_center4_ct_115:
perform_everything_on_device: True
sending off prediction to background worker for resampling and export
done with topaneu_center4_ct_115

Predicting topaneu_center4_ct_116:
perform_everything_on_device: True
sending off prediction to background worker for resampling and export
done with topaneu_center4_ct_116

Predicting topaneu_center4_ct_119:
perform_everything_on_device: True
sending off prediction to background worker for resampling and export
done with topaneu_center4_ct_119

Predicting topaneu_center4_ct_122:
perform_everything_on_device: True
sending off prediction to background worker for resampling and export
done with topaneu_center4_ct_122

Predicting topaneu_center4_ct_127:
perform_everything_on_device: True
sending off prediction to background worker for resampling and export
done with topaneu_center4_ct_127

Predicting topaneu_center4_ct_129:
perform_everything_on_device: True
sending off prediction to background worker for resampling and export
done with topaneu_center4_ct_129

Predicting topaneu_center4_ct_134:
perform_everything_on_device: True
sending off prediction to background worker for resampling and export
done with topaneu_center4_ct_134

Predicting topaneu_center4_ct_140:
perform_everything_on_device: True
sending off prediction to background worker for resampling and export
done with topaneu_center4_ct_140

Predicting topaneu_center4_ct_193:
perform_everything_on_device: True
sending off prediction to background worker for resampling and export
done with topaneu_center4_ct_193

Predicting topaneu_center4_ct_200:
perform_everything_on_device: True
sending off prediction to background worker for resampling and export
done with topaneu_center4_ct_200

Predicting topaneu_center4_ct_201:
perform_everything_on_device: True
sending off prediction to background worker for resampling and export
done with topaneu_center4_ct_201

Predicting topaneu_center5_mr_007:
perform_everything_on_device: True
sending off prediction to background worker for resampling and export
done with topaneu_center5_mr_007

Predicting topaneu_center5_mr_009:
perform_everything_on_device: True
sending off prediction to background worker for resampling and export
done with topaneu_center5_mr_009

Predicting topaneu_center5_mr_010:
perform_everything_on_device: True
sending off prediction to background worker for resampling and export
done with topaneu_center5_mr_010

Predicting topaneu_center5_mr_011:
perform_everything_on_device: True
sending off prediction to background worker for resampling and export
done with topaneu_center5_mr_011

Predicting topaneu_center5_mr_015:
perform_everything_on_device: True
sending off prediction to background worker for resampling and export
done with topaneu_center5_mr_015

Predicting topaneu_center5_mr_016:
perform_everything_on_device: True
sending off prediction to background worker for resampling and export
done with topaneu_center5_mr_016

Predicting topaneu_center5_mr_021:
perform_everything_on_device: True
sending off prediction to background worker for resampling and export
done with topaneu_center5_mr_021

Predicting topaneu_center5_mr_022:
perform_everything_on_device: True
sending off prediction to background worker for resampling and export
done with topaneu_center5_mr_022

Predicting topaneu_center5_mr_023:
perform_everything_on_device: True
sending off prediction to background worker for resampling and export
done with topaneu_center5_mr_023

Predicting topaneu_center5_mr_024:
perform_everything_on_device: True
sending off prediction to background worker for resampling and export
done with topaneu_center5_mr_024

Predicting topaneu_center5_mr_025:
perform_everything_on_device: True
sending off prediction to background worker for resampling and export
done with topaneu_center5_mr_025

Predicting topaneu_center5_mr_027:
perform_everything_on_device: True
sending off prediction to background worker for resampling and export
done with topaneu_center5_mr_027

Predicting topaneu_center5_mr_028:
perform_everything_on_device: True
sending off prediction to background worker for resampling and export
done with topaneu_center5_mr_028

Predicting topaneu_center5_mr_029:
perform_everything_on_device: True
sending off prediction to background worker for resampling and export
done with topaneu_center5_mr_029

Predicting topaneu_center5_mr_030:
perform_everything_on_device: True
sending off prediction to background worker for resampling and export
done with topaneu_center5_mr_030

Predicting topaneu_center5_mr_031:
perform_everything_on_device: True
sending off prediction to background worker for resampling and export
done with topaneu_center5_mr_031

Predicting topaneu_center5_mr_032:
perform_everything_on_device: True
sending off prediction to background worker for resampling and export
done with topaneu_center5_mr_032

Predicting topaneu_center5_mr_033:
perform_everything_on_device: True
sending off prediction to background worker for resampling and export
done with topaneu_center5_mr_033

Predicting topaneu_center5_mr_034:
perform_everything_on_device: True
sending off prediction to background worker for resampling and export
done with topaneu_center5_mr_034

Predicting topaneu_center5_mr_036:
perform_everything_on_device: True
sending off prediction to background worker for resampling and export
done with topaneu_center5_mr_036

Predicting topaneu_center5_mr_037:
perform_everything_on_device: True
sending off prediction to background worker for resampling and export
done with topaneu_center5_mr_037

Predicting topaneu_center5_mr_038:
perform_everything_on_device: True
sending off prediction to background worker for resampling and export
done with topaneu_center5_mr_038

Predicting topaneu_center5_mr_039:
perform_everything_on_device: True
sending off prediction to background worker for resampling and export
done with topaneu_center5_mr_039

Predicting topaneu_center5_mr_041:
perform_everything_on_device: True
sending off prediction to background worker for resampling and export
done with topaneu_center5_mr_041

Predicting topaneu_center5_mr_052:
perform_everything_on_device: True
sending off prediction to background worker for resampling and export
done with topaneu_center5_mr_052

Predicting topaneu_center5_mr_061:
perform_everything_on_device: True
sending off prediction to background worker for resampling and export
done with topaneu_center5_mr_061

Predicting topaneu_center5_mr_063:
perform_everything_on_device: True
sending off prediction to background worker for resampling and export
done with topaneu_center5_mr_063

Predicting topaneu_center5_mr_068:
perform_everything_on_device: True
sending off prediction to background worker for resampling and export
done with topaneu_center5_mr_068

Predicting topaneu_center5_mr_074:
perform_everything_on_device: True
sending off prediction to background worker for resampling and export
done with topaneu_center5_mr_074

Predicting topaneu_center5_mr_079:
perform_everything_on_device: True
sending off prediction to background worker for resampling and export
done with topaneu_center5_mr_079

Predicting topaneu_center5_mr_081:
perform_everything_on_device: True
sending off prediction to background worker for resampling and export
done with topaneu_center5_mr_081

Predicting topaneu_center5_mr_082:
perform_everything_on_device: True
sending off prediction to background worker for resampling and export
done with topaneu_center5_mr_082

Predicting topaneu_center5_mr_451:
perform_everything_on_device: True
sending off prediction to background worker for resampling and export
done with topaneu_center5_mr_451

Predicting topaneu_center5_mr_452:
perform_everything_on_device: True
sending off prediction to background worker for resampling and export
done with topaneu_center5_mr_452

Predicting topaneu_center5_mr_453:
perform_everything_on_device: True
sending off prediction to background worker for resampling and export
done with topaneu_center5_mr_453

Predicting topaneu_center5_mr_454:
perform_everything_on_device: True
sending off prediction to background worker for resampling and export
done with topaneu_center5_mr_454

Predicting topaneu_center5_mr_455:
perform_everything_on_device: True
sending off prediction to background worker for resampling and export
done with topaneu_center5_mr_455

Predicting topaneu_center5_mr_457:
perform_everything_on_device: True
sending off prediction to background worker for resampling and export
done with topaneu_center5_mr_457

Predicting topaneu_center5_mr_458:
perform_everything_on_device: True
sending off prediction to background worker for resampling and export
done with topaneu_center5_mr_458

Predicting topaneu_center5_mr_459:
perform_everything_on_device: True
sending off prediction to background worker for resampling and export
done with topaneu_center5_mr_459

Predicting topaneu_center5_mr_460:
perform_everything_on_device: True
sending off prediction to background worker for resampling and export
done with topaneu_center5_mr_460

Predicting topaneu_center5_mr_461:
perform_everything_on_device: True
sending off prediction to background worker for resampling and export
done with topaneu_center5_mr_461

Predicting topaneu_center5_mr_462:
perform_everything_on_device: True
sending off prediction to background worker for resampling and export
done with topaneu_center5_mr_462

Predicting topaneu_center5_mr_464:
perform_everything_on_device: True
sending off prediction to background worker for resampling and export
done with topaneu_center5_mr_464

Predicting topaneu_center5_mr_465:
perform_everything_on_device: True
sending off prediction to background worker for resampling and export
done with topaneu_center5_mr_465

Predicting topaneu_center5_mr_466:
perform_everything_on_device: True
sending off prediction to background worker for resampling and export
done with topaneu_center5_mr_466

Predicting topaneu_center5_mr_467:
perform_everything_on_device: True
sending off prediction to background worker for resampling and export
done with topaneu_center5_mr_467

Predicting topaneu_center5_mr_469:
perform_everything_on_device: True
sending off prediction to background worker for resampling and export
done with topaneu_center5_mr_469

Predicting topaneu_center5_mr_470:
perform_everything_on_device: True
sending off prediction to background worker for resampling and export
done with topaneu_center5_mr_470

Predicting topaneu_center5_mr_471:
perform_everything_on_device: True
sending off prediction to background worker for resampling and export
done with topaneu_center5_mr_471

Predicting topaneu_center5_mr_472:
perform_everything_on_device: True
sending off prediction to background worker for resampling and export
done with topaneu_center5_mr_472

Predicting topaneu_center5_mr_473:
perform_everything_on_device: True
sending off prediction to background worker for resampling and export
done with topaneu_center5_mr_473

Predicting topaneu_center5_mr_474:
perform_everything_on_device: True
sending off prediction to background worker for resampling and export
done with topaneu_center5_mr_474

Predicting topaneu_center5_mr_475:
perform_everything_on_device: True
sending off prediction to background worker for resampling and export
done with topaneu_center5_mr_475

Predicting topaneu_center5_mr_476:
perform_everything_on_device: True
sending off prediction to background worker for resampling and export
done with topaneu_center5_mr_476

Predicting topaneu_center5_mr_478:
perform_everything_on_device: True
sending off prediction to background worker for resampling and export
done with topaneu_center5_mr_478

Predicting topaneu_center5_mr_479:
perform_everything_on_device: True
sending off prediction to background worker for resampling and export
done with topaneu_center5_mr_479

Predicting topaneu_center5_mr_480:
perform_everything_on_device: True
sending off prediction to background worker for resampling and export
done with topaneu_center5_mr_480

Predicting topaneu_center5_mr_481:
perform_everything_on_device: True
sending off prediction to background worker for resampling and export
done with topaneu_center5_mr_481

Predicting topaneu_center5_mr_484:
perform_everything_on_device: True
sending off prediction to background worker for resampling and export
done with topaneu_center5_mr_484

Predicting topaneu_center5_mr_485:
perform_everything_on_device: True
sending off prediction to background worker for resampling and export
done with topaneu_center5_mr_485

Predicting topaneu_center5_mr_486:
perform_everything_on_device: True
sending off prediction to background worker for resampling and export
done with topaneu_center5_mr_486

Predicting topaneu_center5_mr_487:
perform_everything_on_device: True
sending off prediction to background worker for resampling and export
done with topaneu_center5_mr_487

Predicting topaneu_center5_mr_488:
perform_everything_on_device: True
sending off prediction to background worker for resampling and export
done with topaneu_center5_mr_488

Predicting topaneu_center5_mr_489:
perform_everything_on_device: True
sending off prediction to background worker for resampling and export
done with topaneu_center5_mr_489

Predicting topaneu_center5_mr_490:
perform_everything_on_device: True
sending off prediction to background worker for resampling and export
done with topaneu_center5_mr_490

Predicting topaneu_center5_mr_491:
perform_everything_on_device: True
sending off prediction to background worker for resampling and export
done with topaneu_center5_mr_491

Predicting topaneu_center5_mr_492:
perform_everything_on_device: True
sending off prediction to background worker for resampling and export
done with topaneu_center5_mr_492
============================================================
Model 3 prediction COMPLETE
End: Sat Aug 29 06:00:54 EDT 2026
============================================================
============================================================
Generating final ROI
============================================================
417/417 cached -> /scratch/abdul7/TopAneu/experiments/02_rsna_self_pipeline/work/cls_cache
============================================================
TopAneu final ROI COMPLETE
End: Sat Aug 29 06:09:36 EDT 2026
============================================================
