case,aneurysm_present,R-1.1 VA trunk,L-1.1 VA trunk,R-1.2 PICA trunk,L-1.2 PICA trunk,R-1.3 VA-PICA junction,L-1.3 VA-PICA junction,1.4 BA trunk,1.5 VA-BA junction,R-1.6 AICA trunk,L-1.6 AICA trunk,R-1.7 BA-AICA junction,L-1.7 BA-AICA junction,R-1.8 SCA trunk,L-1.8 SCA trunk,R-1.9 BA-SCA junction,L-1.9 BA-SCA junction,1.10 BA tip,R-2.1 P1P2,L-2.1 P1P2,R-2.2 P3P4,L-2.2 P3P4,R-3.1 ICA infraclinoid C1-C5,L-3.1 ICA infraclinoid C1-C5,R-3.2 ICA C6-OA-junction,L-3.2 ICA C6-OA-junction,R-3.3 ICA C6-nonOA,L-3.3 ICA C6-nonOA,R-3.4 ICA C7-Pcom-junction,L-3.4 ICA C7-Pcom-junction,R-3.5 ICA C7-AChA-junction,L-3.5 ICA C7-AChA-junction,R-3.6 ICA C7-nonBranch,L-3.6 ICA C7-nonBranch,R-3.7 ICA C7-terminus,L-3.7 ICA C7-terminus,4.1 Acom complex,R-4.2 A1,L-4.2 A1,R-4.3 A2,L-4.3 A2,R-4.4 A3,L-4.4 A3,R-4.5 Distal ACA branches,L-4.5 Distal ACA branches,R-5.1 M1 trunk,L-5.1 M1 trunk,R-5.2 M1 early bifurcation,L-5.2 M1 early bifurcation,R-5.3 M1-M2 junction,L-5.3 M1-M2 junction,R-5.3 Distal-M2M3,L-5.3 Distal-M2M3
topaneu_center1_mr_001,0.220883,0.049762,0.006008,0.004390,0.004364,0.004494,0.004509,0.004393,0.004200,0.006110,0.006702,0.004009,0.003978,0.003670,0.003539,0.004034,0.004086,0.004303,0.003199,0.003220,0.003452,0.003449,0.008074,0.008648,0.003656,0.006705,0.003715,0.007118,0.008057,0.014076,0.004585,0.004483,0.003678,0.005968,0.003695,0.006562,0.010039,0.003419,0.003412,0.003377,0.003441,0.003429,0.003546,0.003383,0.003504,0.003212,0.003270,0.003214,0.003287,0.003684,0.003509,0.003362,0.003345
topaneu_center1_mr_005,0.104582,0.003677,0.003945,0.003719,0.003592,0.003745,0.003628,0.003971,0.003927,0.003942,0.004005,0.003801,0.003782,0.004646,0.013698,0.003819,0.003828,0.003951,0.003453,0.003510,0.003768,0.003910,0.007497,0.007619,0.005524,0.006178,0.006013,0.006744,0.004430,0.003998,0.004428,0.004323,0.005738,0.005449,0.006015,0.005656,0.003956,0.003464,0.003480,0.003456,0.003485,0.003676,0.003418,0.003620,0.003400,0.003312,0.003318,0.003324,0.003330,0.003965,0.004248,0.003565,0.003769
topaneu_center1_mr_016,0.143669,0.005859,0.006562,0.004099,0.004081,0.004151,0.004129,0.004208,0.004123,0.004318,0.005048,0.004030,0.004039,0.004583,0.004068,0.004048,0.004076,0.004171,0.003572,0.003565,0.004006,0.004094,0.007192,0.006997,0.003919,0.003822,0.003946,0.003865,0.004627,0.005214,0.005335,0.005150,0.003940,0.003819,0.003934,0.003866,0.005948,0.003717,0.003690,0.003695,0.003690,0.003748,0.003695,0.003704,0.003647,0.003567,0.003707,0.003609,0.003754,0.004600,0.004193,0.003895,0.003745
topaneu_center1_mr_017,0.928117,0.003702,0.004065,0.003405,0.003414,0.003436,0.003474,0.003753,0.003698,0.003162,0.003327,0.003587,0.003555,0.003430,0.003327,0.003580,0.003577,0.003710,0.003111,0.003113,0.003422,0.003613,0.010521,0.008561,0.186030,0.003665,0.223223,0.003733,0.005262,0.005430,0.005501,0.005235,0.186939,0.003660,0.207907,0.003662,0.004652,0.004238,0.003168,0.004060,0.003179,0.003261,0.003217,0.003245,0.003214,0.003194,0.003174,0.003234,0.003188,0.003971,0.003990,0.003258,0.003316
topaneu_center1_mr_018,0.208227,0.003478,0.003764,0.003354,0.003230,0.003363,0.003250,0.003599,0.003553,0.004434,0.004885,0.003467,0.003461,0.003294,0.003214,0.003487,0.003518,0.003594,0.003019,0.003025,0.003224,0.003311,0.008222,0.018531,0.003570,0.055015,0.003631,0.058628,0.003541,0.221994,0.004174,0.004065,0.003584,0.039594,0.003608,0.043052,0.003468,0.003024,0.003120,0.003022,0.003121,0.003123,0.003099,0.003102,0.003085,0.002998,0.002989,0.002999,0.002994,0.003513,0.003486,0.003117,0.003125
topaneu_center1_mr_024,0.840562,0.003730,0.004431,0.003372,0.003240,0.003391,0.003273,0.003522,0.003511,0.003198,0.003279,0.003401,0.003369,0.003206,0.003947,0.003400,0.003422,0.003530,0.002985,0.074618,0.003328,0.003453,0.073906,0.045187,0.067181,0.017273,0.084237,0.020332,0.004224,0.004995,0.005181,0.004826,0.069357,0.012415,0.079837,0.014606,0.004914,0.003443,0.003333,0.003358,0.003296,0.003214,0.003148,0.003143,0.003130,0.003044,0.003023,0.003065,0.003020,0.003747,0.003858,0.003145,0.003140
topaneu_center1_mr_028,0.790820,0.004228,0.004404,0.003287,0.003219,0.003292,0.003243,0.003598,0.003563,0.004010,0.003343,0.003479,0.003464,0.003338,0.003526,0.003480,0.003476,0.003586,0.003065,0.003121,0.003355,0.003413,0.009972,0.013907,0.114841,0.025565,0.142034,0.028191,0.005117,0.004972,0.005024,0.004841,0.117505,0.019612,0.131569,0.021455,0.003838,0.003242,0.003158,0.003194,0.003161,0.003211,0.003262,0.003184,0.003242,0.003300,0.003074,0.003345,0.003089,0.016237,0.003408,0.006887,0.003136
topaneu_center1_mr_029,0.434018,0.003402,0.003716,0.003291,0.003309,0.003328,0.003353,0.003246,0.003213,0.006725,0.004313,0.003156,0.003155,0.003270,0.003320,0.003177,0.003187,0.003224,0.003049,0.002983,0.003282,0.003366,0.008500,0.048497,0.003315,0.003507,0.003357,0.003572,0.004449,0.003999,0.004680,0.004457,0.003339,0.003473,0.003359,0.003534,0.227213,0.014171,0.026416,0.011555,0.019286,0.003273,0.003199,0.003177,0.003164,0.003038,0.003042,0.003056,0.003043,0.003528,0.003293,0.003070,0.003029
topaneu_center1_mr_033,0.936538,0.003845,0.003740,0.003530,0.003255,0.003662,0.003295,0.003134,0.003114,0.003505,0.003498,0.003090,0.003083,0.003557,0.003367,0.003089,0.003100,0.003135,0.003230,0.003237,0.003426,0.003350,0.080223,0.056970,0.005991,0.130840,0.007194,0.137612,0.005636,0.004784,0.007456,0.006574,0.006124,0.102467,0.006713,0.112570,0.019436,0.003362,0.003433,0.003284,0.003403,0.003739,0.003786,0.003528,0.003635,0.003088,0.003068,0.003120,0.003081,0.007338,0.004314,0.003544,0.003222
topaneu_center1_mr_038,0.215261,0.005222,0.003712,0.003684,0.003542,0.003704,0.003599,0.005787,0.005327,0.003552,0.004020,0.004816,0.004449,0.003535,0.003690,0.004688,0.004657,0.005464,0.003376,0.004031,0.003414,0.003490,0.007270,0.008723,0.003621,0.004522,0.003665,0.004602,0.004053,0.006382,0.004644,0.004485,0.003656,0.004271,0.003670,0.004418,0.004427,0.003198,0.003182,0.003193,0.003199,0.003405,0.003463,0.003340,0.003412,0.003176,0.003151,0.003210,0.003156,0.004244,0.004204,0.003482,0.003496
topaneu_center1_mr_049,0.107103,0.005124,0.004335,0.003843,0.003733,0.003865,0.003761,0.003962,0.003887,0.004303,0.004086,0.003785,0.003805,0.003948,0.003916,0.003818,0.003849,0.003927,0.003354,0.003450,0.003833,0.004031,0.005924,0.008858,0.003548,0.005343,0.003566,0.005494,0.004614,0.004869,0.004572,0.004470,0.003569,0.005024,0.003574,0.005262,0.004155,0.003704,0.003394,0.003689,0.003405,0.003611,0.003531,0.003569,0.003491,0.003335,0.003328,0.003368,0.003339,0.003953,0.003899,0.003562,0.003597
topaneu_center1_mr_050,0.122991,0.004475,0.003732,0.003612,0.003513,0.003614,0.003534,0.003585,0.003539,0.003743,0.004171,0.003488,0.003483,0.003564,0.003539,0.003496,0.003509,0.003542,0.003270,0.003225,0.003487,0.003461,0.015555,0.015780,0.004093,0.005921,0.004222,0.006273,0.025840,0.004286,0.004354,0.004267,0.004129,0.005283,0.004153,0.005650,0.004020,0.003320,0.003272,0.003311,0.003291,0.003324,0.003462,0.003316,0.003435,0.003232,0.003215,0.003239,0.003220,0.003610,0.003584,0.003354,0.003366
topaneu_center1_mr_053,0.291440,0.004811,0.032727,0.003206,0.003278,0.003217,0.003322,0.003533,0.003500,0.004138,0.003935,0.003415,0.003388,0.003640,0.003639,0.003426,0.003443,0.003521,0.003029,0.003217,0.003434,0.003435,0.013880,0.111519,0.004807,0.010069,0.005279,0.011456,0.004510,0.004344,0.004459,0.004291,0.004923,0.007990,0.005105,0.008999,0.031805,0.004018,0.003366,0.003783,0.003277,0.003194,0.003205,0.003160,0.003170,0.003054,0.003095,0.003051,0.003097,0.003649,0.004144,0.003207,0.003346
topaneu_center1_mr_056,0.958285,0.003738,0.003997,0.004985,0.003362,0.005211,0.003429,0.003697,0.003642,0.003291,0.003617,0.003518,0.003489,0.003240,0.003223,0.003522,0.003523,0.003661,0.003102,0.003119,0.003368,0.003290,0.146223,0.008313,0.155771,0.004032,0.189576,0.004081,0.005941,0.023492,0.005820,0.005543,0.156605,0.003926,0.175404,0.003965,0.012731,0.003733,0.004044,0.003608,0.003993,0.003254,0.003235,0.003218,0.003229,0.003123,0.003190,0.003149,0.003200,0.003542,0.003939,0.003127,0.003219
topaneu_center1_mr_061,0.107000,0.004515,0.006064,0.004042,0.004177,0.004093,0.004222,0.004573,0.004499,0.004299,0.004754,0.004360,0.004366,0.004364,0.004931,0.004417,0.004433,0.004543,0.003665,0.003939,0.004239,0.004290,0.007328,0.007746,0.004175,0.004360,0.004238,0.004401,0.005017,0.004859,0.004960,0.004872,0.004195,0.004288,0.004205,0.004404,0.004798,0.003896,0.003849,0.003869,0.003852,0.003958,0.003929,0.003876,0.003856,0.003598,0.003608,0.003634,0.003642,0.004503,0.004499,0.003954,0.004064
topaneu_center1_mr_064,0.114537,0.004208,0.005280,0.004465,0.003934,0.004572,0.003974,0.004397,0.004316,0.004039,0.004676,0.004177,0.004131,0.003801,0.003833,0.004198,0.004217,0.004346,0.003471,0.003588,0.003962,0.004046,0.006071,0.007109,0.003699,0.009233,0.003734,0.010066,0.005514,0.004279,0.004612,0.004539,0.003718,0.007106,0.003724,0.006920,0.003990,0.003466,0.003476,0.003474,0.003486,0.003619,0.003588,0.003576,0.003559,0.003408,0.003443,0.003426,0.003462,0.003920,0.003966,0.003621,0.003696
topaneu_center1_mr_076,0.172474,0.004313,0.003894,0.003732,0.003747,0.003770,0.003783,0.003677,0.003633,0.003730,0.003622,0.003563,0.003558,0.003773,0.003669,0.003564,0.003575,0.003640,0.003312,0.003355,0.003746,0.003908,0.007356,0.007407,0.004026,0.004496,0.004155,0.004581,0.004127,0.004816,0.004822,0.004654,0.004082,0.004367,0.004111,0.004508,0.004177,0.003482,0.003409,0.003467,0.003409,0.003866,0.003675,0.003718,0.003590,0.003327,0.003323,0.003339,0.003338,0.004886,0.004285,0.003728,0.003584
topaneu_center1_mr_085,0.982389,0.003450,0.003556,0.003355,0.003319,0.003409,0.003378,0.003258,0.003244,0.003236,0.004909,0.003219,0.003222,0.003275,0.003187,0.003223,0.003230,0.003260,0.003223,0.003088,0.003371,0.003420,0.008310,0.014259,0.078374,0.032523,0.097167,0.035054,0.004887,0.004739,0.007392,0.006860,0.080075,0.025791,0.089325,0.027927,0.012752,0.115311,0.024298,0.099472,0.019499,0.003472,0.003372,0.003404,0.003335,0.004016,0.108185,0.004218,0.123076,0.004761,0.004508,0.003477,0.003439
topaneu_center1_mr_088,0.109170,0.003887,0.004489,0.003851,0.003862,0.003884,0.003905,0.004076,0.004017,0.004360,0.004235,0.003911,0.003888,0.003741,0.003650,0.003933,0.003959,0.004040,0.003450,0.003387,0.003856,0.004384,0.008318,0.006205,0.004884,0.003666,0.005218,0.003714,0.004436,0.004321,0.004402,0.004332,0.004934,0.003666,0.005048,0.003721,0.003887,0.003421,0.003464,0.003421,0.003472,0.003436,0.003377,0.003400,0.003365,0.003366,0.003359,0.003376,0.003375,0.003838,0.003764,0.003545,0.003526
topaneu_center1_mr_092,0.975270,0.003653,0.003459,0.003323,0.003248,0.003386,0.003275,0.003517,0.003477,0.005977,0.006115,0.003405,0.003381,0.003218,0.003263,0.003433,0.003431,0.003498,0.003140,0.003188,0.003361,0.003315,0.016877,0.052652,0.024362,0.171810,0.031956,0.178186,0.004102,0.008167,0.007111,0.006501,0.024642,0.140178,0.027474,0.147061,0.014292,0.003319,0.146674,0.003275,0.127351,0.003198,0.003331,0.003166,0.003318,0.003417,0.004278,0.003460,0.004410,0.004694,0.004398,0.003547,0.003436
topaneu_center1_mr_113,0.955185,0.004861,0.003819,0.003399,0.005026,0.003427,0.005253,0.003715,0.003638,0.003940,0.003433,0.003565,0.003545,0.003606,0.003514,0.003568,0.003572,0.003679,0.003194,0.003208,0.003635,0.003655,0.009857,0.008547,0.003481,0.003435,0.003493,0.003469,0.009036,0.004998,0.005419,0.005208,0.003465,0.003454,0.003483,0.003430,0.556403,0.096870,0.033254,0.087787,0.029434,0.003293,0.003226,0.003266,0.003204,0.003297,0.003241,0.003303,0.003268,0.003819,0.003972,0.003296,0.003326
topaneu_center1_mr_119,0.229307,0.003498,0.003863,0.003467,0.003352,0.003460,0.003375,0.003600,0.003550,0.003382,0.003664,0.003466,0.003449,0.003370,0.003398,0.003485,0.003490,0.003586,0.003155,0.003142,0.003390,0.003349,0.016262,0.070477,0.003596,0.053258,0.003713,0.055988,0.004446,0.004297,0.004392,0.004292,0.003622,0.040109,0.003662,0.044977,0.003736,0.003262,0.003185,0.003227,0.003201,0.003480,0.003330,0.003421,0.003285,0.003102,0.003192,0.003099,0.003193,0.003547,0.003389,0.003222,0.003158
topaneu_center1_mr_121,0.117766,0.003731,0.004100,0.003942,0.003465,0.003985,0.003492,0.003572,0.003527,0.004069,0.004120,0.003466,0.003458,0.003597,0.003372,0.003478,0.003483,0.003540,0.003120,0.003243,0.003381,0.003755,0.009223,0.018145,0.003454,0.009486,0.003470,0.010254,0.004350,0.007922,0.004327,0.004217,0.003465,0.007853,0.003462,0.008559,0.036949,0.003683,0.003308,0.003574,0.003311,0.003286,0.003137,0.003255,0.003116,0.003166,0.003190,0.003174,0.003194,0.003674,0.003480,0.003337,0.003272
topaneu_center1_mr_129,0.969546,0.004490,0.005879,0.003406,0.006664,0.003528,0.007631,0.004113,0.003982,0.003910,0.003355,0.003786,0.003695,0.003618,0.003724,0.003770,0.003772,0.004044,0.003231,0.003239,0.003624,0.003821,0.019626,0.389656,0.003776,0.125140,0.003869,0.134944,0.007919,0.007728,0.007617,0.006897,0.003781,0.096254,0.003817,0.102711,0.006314,0.003410,0.003394,0.003378,0.003397,0.003379,0.003430,0.003327,0.003405,0.003360,0.004505,0.003409,0.004710,0.004488,0.003951,0.003439,0.003319
topaneu_center1_mr_136,0.174700,0.005214,0.005264,0.003429,0.003453,0.003434,0.003467,0.003818,0.003732,0.004102,0.003979,0.003647,0.003632,0.003424,0.003355,0.003637,0.003678,0.003787,0.003158,0.003187,0.003447,0.003449,0.062140,0.025286,0.011026,0.007171,0.014381,0.008001,0.004385,0.004261,0.004377,0.004249,0.010910,0.006174,0.012774,0.006749,0.003807,0.003239,0.003209,0.003231,0.003220,0.003285,0.003271,0.003246,0.003253,0.003260,0.003311,0.003258,0.003332,0.003475,0.003543,0.003217,0.003237
topaneu_center1_mr_138,0.117816,0.004210,0.004335,0.003763,0.004213,0.003788,0.004330,0.003729,0.003690,0.003457,0.003931,0.003597,0.003584,0.003478,0.003534,0.003628,0.003641,0.003695,0.003297,0.003281,0.003591,0.003798,0.008938,0.008464,0.003808,0.010168,0.003860,0.010573,0.004030,0.004906,0.004605,0.004488,0.003826,0.008423,0.003847,0.009243,0.005169,0.003375,0.003288,0.003373,0.003282,0.003260,0.003228,0.003246,0.003201,0.003224,0.003194,0.003235,0.003208,0.003574,0.003729,0.003320,0.003414
topaneu_center1_mr_144,0.169471,0.003857,0.003775,0.003530,0.003537,0.003545,0.003572,0.003371,0.003338,0.003954,0.003516,0.003302,0.003290,0.003532,0.003575,0.003298,0.003310,0.003346,0.003186,0.003213,0.004277,0.003605,0.005898,0.008736,0.003401,0.003644,0.003435,0.003691,0.004448,0.004322,0.004415,0.004285,0.003412,0.003612,0.003418,0.003685,0.003781,0.003310,0.003219,0.003287,0.003228,0.003258,0.003239,0.003222,0.003223,0.069281,0.003152,0.092684,0.003152,0.004648,0.004060,0.003574,0.003422
topaneu_center1_mr_147,0.101419,0.004425,0.004186,0.003820,0.003841,0.003839,0.003881,0.003908,0.003851,0.003918,0.004640,0.003784,0.003778,0.003980,0.004030,0.003804,0.003811,0.003878,0.003585,0.003520,0.003820,0.003752,0.007257,0.008891,0.004551,0.004772,0.004728,0.004900,0.006028,0.006386,0.004544,0.004454,0.004581,0.004618,0.004659,0.004776,0.003997,0.003503,0.003453,0.003499,0.003468,0.003474,0.003474,0.003447,0.003451,0.003350,0.003330,0.003378,0.003354,0.004065,0.003916,0.003655,0.003643
topaneu_center1_mr_148,0.839254,0.005840,0.003165,0.003285,0.003632,0.003303,0.003658,0.004138,0.004033,0.004444,0.003298,0.003876,0.003827,0.003267,0.005025,0.003895,0.003895,0.004092,0.003017,0.003042,0.003469,0.003842,0.003876,0.009973,0.003554,0.153974,0.003623,0.160929,0.003972,0.004797,0.004881,0.004705,0.003558,0.119272,0.003589,0.126246,0.019843,0.006510,0.003360,0.006281,0.003341,0.003131,0.003324,0.003110,0.003290,0.003413,0.003083,0.003500,0.003094,0.003541,0.003411,0.003129,0.003067
topaneu_center1_mr_149,0.110230,0.004109,0.004738,0.003803,0.003754,0.003832,0.003792,0.003559,0.003522,0.003766,0.003668,0.003495,0.003510,0.003853,0.003770,0.003515,0.003522,0.003547,0.003463,0.003389,0.003789,0.003859,0.006702,0.011096,0.003802,0.004094,0.003842,0.004150,0.004681,0.004552,0.004629,0.004536,0.003829,0.004034,0.003837,0.004100,0.004222,0.003518,0.003442,0.003503,0.003454,0.003432,0.003462,0.003407,0.003429,0.003459,0.003419,0.003503,0.003438,0.004035,0.003955,0.003558,0.003574
topaneu_center1_mr_150,0.772409,0.005671,0.004344,0.003652,0.003698,0.003720,0.003821,0.003382,0.003360,0.003820,0.003552,0.003289,0.003284,0.003806,0.004169,0.003302,0.003315,0.003378,0.003378,0.003148,0.003660,0.003877,0.075863,0.025435,0.007213,0.004748,0.009259,0.004836,0.006790,0.006308,0.006596,0.006000,0.007400,0.004502,0.008159,0.004640,0.004874,0.003594,0.003245,0.003526,0.003242,0.003631,0.003586,0.003498,0.003574,0.057321,0.003241,0.083024,0.003278,0.004583,0.004538,0.003353,0.003278
topaneu_center1_mr_157,0.898245,0.003931,0.003642,0.003333,0.003312,0.003365,0.003361,0.004347,0.004206,0.004566,0.003964,0.004025,0.003905,0.003237,0.003167,0.004077,0.004093,0.004238,0.003086,0.005032,0.003391,0.003360,0.276483,0.087659,0.081179,0.003593,0.105106,0.003645,0.003691,0.003589,0.005001,0.004809,0.083989,0.003605,0.096278,0.003598,0.003963,0.003301,0.003116,0.003266,0.003136,0.003140,0.003146,0.003118,0.003145,0.003182,0.003203,0.003190,0.003210,0.003404,0.003617,0.003101,0.003210
topaneu_center1_mr_173,0.146430,0.003867,0.004367,0.003662,0.003650,0.003700,0.003701,0.003794,0.003662,0.003961,0.022530,0.003496,0.003439,0.003827,0.003784,0.003478,0.003466,0.003695,0.003276,0.003283,0.003645,0.003714,0.006326,0.006590,0.003826,0.003698,0.003922,0.003733,0.004273,0.004312,0.004561,0.004414,0.003857,0.003651,0.003893,0.003714,0.004993,0.003268,0.003221,0.003261,0.003227,0.003465,0.003354,0.003394,0.003331,0.003187,0.003274,0.003202,0.003271,0.004555,0.004446,0.003638,0.003642
topaneu_center1_mr_177,0.972691,0.003570,0.005168,0.003395,0.003535,0.003488,0.003667,0.003427,0.003395,0.006333,0.003913,0.003322,0.003298,0.003359,0.003624,0.003329,0.003318,0.003410,0.003207,0.003269,0.003561,0.003617,0.012977,0.010897,0.004575,0.003994,0.004841,0.004026,0.005023,0.004262,0.007553,0.006893,0.004629,0.003892,0.004800,0.003921,0.101161,0.283472,0.034854,0.273589,0.024598,0.003423,0.003567,0.003354,0.003512,0.003283,0.003299,0.003305,0.003325,0.004674,0.004710,0.003416,0.003457
topaneu_center1_mr_178,0.232785,0.003966,0.003366,0.003418,0.003382,0.003418,0.003399,0.003480,0.003453,0.003721,0.004291,0.003399,0.003395,0.003628,0.003215,0.003407,0.003401,0.003471,0.003337,0.003210,0.003485,0.003814,0.007851,0.005969,0.050421,0.006664,0.064378,0.006898,0.004041,0.004108,0.004236,0.004162,0.053475,0.005922,0.060961,0.006325,0.003925,0.003273,0.003205,0.003258,0.003216,0.003184,0.003194,0.003177,0.003208,0.003234,0.003248,0.003241,0.003267,0.003530,0.003611,0.003264,0.003316
topaneu_center1_mr_184,0.851745,0.004527,0.004482,0.003460,0.003315,0.003525,0.003370,0.003494,0.003430,0.003240,0.003352,0.003358,0.003345,0.003316,0.003489,0.003357,0.003378,0.003470,0.003023,0.003059,0.003313,0.003519,0.007975,0.009531,0.003350,0.003728,0.003362,0.003798,0.005185,0.004968,0.005154,0.004842,0.003341,0.003697,0.003353,0.003737,0.542566,0.014446,0.029097,0.013024,0.026032,0.003203,0.003222,0.003154,0.003199,0.004602,0.003222,0.005377,0.003230,0.003958,0.003469,0.003188,0.003086
topaneu_center1_mr_188,0.098967,0.003731,0.004329,0.003730,0.003585,0.003773,0.003618,0.003575,0.003531,0.003534,0.003832,0.003484,0.003471,0.003542,0.003649,0.003482,0.003495,0.003537,0.003241,0.003551,0.003741,0.004497,0.028268,0.005980,0.004698,0.005003,0.004984,0.005007,0.006901,0.003890,0.004557,0.004408,0.004748,0.004704,0.004808,0.004868,0.004151,0.003372,0.003384,0.003358,0.003384,0.003391,0.003358,0.003336,0.003326,0.003279,0.003270,0.003283,0.003277,0.003789,0.004061,0.003422,0.003585
topaneu_center1_mr_189,0.157375,0.004003,0.004252,0.004693,0.003781,0.004939,0.003865,0.003352,0.003312,0.003813,0.004641,0.003282,0.003278,0.003549,0.003637,0.003293,0.003292,0.003316,0.003490,0.003332,0.003592,0.003595,0.007577,0.053867,0.003539,0.003979,0.003593,0.004021,0.004220,0.003930,0.005098,0.004818,0.003563,0.003887,0.003577,0.003993,0.004633,0.003335,0.003274,0.003310,0.003283,0.003744,0.003775,0.003593,0.003632,0.003234,0.003316,0.003243,0.003316,0.004714,0.004000,0.003636,0.003512
topaneu_center1_mr_191,0.985587,0.004309,0.004398,0.003461,0.003640,0.003529,0.003796,0.003784,0.003736,0.003685,0.003677,0.003654,0.003612,0.003557,0.003463,0.003660,0.003656,0.003758,0.003280,0.003384,0.003598,0.003677,0.007921,0.016525,0.006477,0.021341,0.007292,0.023830,0.014565,0.005773,0.008041,0.007417,0.006639,0.016649,0.006995,0.018500,0.558700,0.251271,0.022804,0.239910,0.019403,0.003671,0.003645,0.003578,0.003599,0.003324,0.003354,0.003338,0.003375,0.004089,0.004061,0.003465,0.003409
topaneu_center1_mr_193,0.799679,0.003287,0.003489,0.003274,0.003159,0.003285,0.003177,0.003431,0.003405,0.003357,0.003427,0.003373,0.003386,0.003904,0.003698,0.003388,0.003392,0.003445,0.003385,0.003020,0.003261,0.003344,0.027713,0.005845,0.008295,0.126800,0.009804,0.132504,0.004953,0.004747,0.004875,0.004720,0.008510,0.101568,0.009086,0.109378,0.003842,0.003094,0.003274,0.003089,0.003273,0.003547,0.003218,0.003394,0.003174,0.003104,0.109677,0.003107,0.126936,0.003724,0.003396,0.003228,0.003135
topaneu_center1_mr_195,0.107269,0.003959,0.004539,0.004311,0.003872,0.004406,0.003926,0.003804,0.003762,0.003756,0.003821,0.003695,0.003689,0.003771,0.003831,0.003713,0.003719,0.003781,0.003400,0.003415,0.003738,0.003937,0.009286,0.012943,0.003761,0.004629,0.003800,0.004779,0.009296,0.005531,0.004479,0.004391,0.003771,0.004466,0.003769,0.004617,0.004781,0.003421,0.003493,0.003404,0.003483,0.003500,0.003384,0.003448,0.003368,0.003314,0.003350,0.003333,0.003371,0.003900,0.003818,0.003512,0.003551
topaneu_center1_mr_198,0.963724,0.003869,0.003589,0.003396,0.003403,0.003414,0.003469,0.003655,0.003579,0.005101,0.003500,0.003477,0.003404,0.003434,0.003414,0.003445,0.003435,0.003597,0.003231,0.003223,0.003671,0.003938,0.006079,0.007157,0.003588,0.003877,0.003649,0.003948,0.009798,0.015298,0.005827,0.005462,0.003583,0.003819,0.003608,0.003835,0.004624,0.003381,0.003193,0.003351,0.003205,0.003483,0.003344,0.003378,0.003309,0.003237,0.004315,0.003264,0.004485,0.004465,0.430863,0.003352,0.302334
topaneu_center1_mr_200,0.978013,0.004157,0.005305,0.003588,0.003401,0.003620,0.003468,0.167185,0.152695,0.005363,0.006906,0.131650,0.113942,0.004025,0.003472,0.132021,0.131612,0.159693,0.003408,0.128055,0.003523,0.003454,0.008069,0.041089,0.004037,0.028107,0.004145,0.030934,0.008468,0.007874,0.008158,0.007472,0.004046,0.021670,0.004108,0.024437,0.070587,0.005020,0.003982,0.004795,0.003906,0.003682,0.003584,0.003602,0.003531,0.003557,0.003435,0.003616,0.003445,0.004675,0.004196,0.003605,0.003551
topaneu_center1_mr_202,0.126219,0.003807,0.004895,0.004344,0.003725,0.004521,0.003763,0.003516,0.003480,0.003608,0.004421,0.003451,0.003473,0.003837,0.003883,0.003473,0.003488,0.003507,0.003344,0.003348,0.003851,0.003703,0.007073,0.006679,0.006709,0.004119,0.008368,0.004280,0.004766,0.004135,0.004714,0.004563,0.006703,0.003960,0.007409,0.004081,0.004302,0.003530,0.003445,0.003495,0.003443,0.003491,0.003465,0.003434,0.003432,0.003238,0.003250,0.003274,0.003262,0.004151,0.003622,0.003569,0.003357
topaneu_center1_mr_210,0.925314,0.003908,0.003896,0.003282,0.003187,0.003311,0.003237,0.003379,0.003321,0.003383,0.003247,0.003259,0.003258,0.003303,0.003234,0.003272,0.003276,0.003359,0.002957,0.003089,0.003172,0.003366,0.006566,0.006520,0.058332,0.003501,0.073380,0.003530,0.005890,0.005499,0.005721,0.005324,0.061134,0.003489,0.070246,0.003507,0.004134,0.004245,0.003051,0.003942,0.003065,0.003219,0.003191,0.003155,0.003152,0.010380,0.096888,0.015009,0.107867,0.004846,0.024241,0.003393,0.005835
topaneu_center1_mr_211,0.126404,0.004777,0.004756,0.003927,0.003766,0.003956,0.003808,0.003930,0.003859,0.004315,0.004374,0.003753,0.003732,0.003805,0.003688,0.003765,0.003784,0.003877,0.003369,0.003470,0.003697,0.003736,0.006992,0.007394,0.003607,0.004466,0.003629,0.004537,0.004626,0.004567,0.004607,0.004480,0.003613,0.004277,0.003619,0.004429,0.003886,0.003344,0.003335,0.003347,0.003355,0.003456,0.003454,0.003416,0.003425,0.003323,0.003305,0.003334,0.003313,0.003964,0.004038,0.003528,0.003580
topaneu_center1_mr_213,0.497649,0.003970,0.005328,0.003516,0.003618,0.003579,0.003675,0.003818,0.003792,0.003482,0.004844,0.003660,0.003636,0.003801,0.003658,0.003664,0.003674,0.003799,0.003300,0.003319,0.003616,0.003746,0.010393,0.264130,0.005021,0.003812,0.005455,0.003869,0.005210,0.004478,0.004654,0.004464,0.005090,0.003762,0.005154,0.003819,0.004065,0.003439,0.003280,0.003417,0.003270,0.003332,0.003264,0.003285,0.003257,0.003408,0.003263,0.003439,0.003281,0.003840,0.004127,0.003348,0.003391
topaneu_center1_mr_221,0.112842,0.006345,0.004479,0.004487,0.003832,0.004632,0.003854,0.003982,0.003928,0.003955,0.003787,0.003826,0.003812,0.003689,0.003813,0.003847,0.003857,0.003953,0.003372,0.003393,0.003633,0.003749,0.006735,0.009655,0.003796,0.006114,0.003838,0.006610,0.004464,0.004124,0.004426,0.004358,0.003807,0.005448,0.003814,0.005839,0.003922,0.003457,0.003429,0.003452,0.003416,0.003478,0.003420,0.003451,0.003397,0.003280,0.003297,0.003299,0.003313,0.004036,0.004236,0.003614,0.003732
topaneu_center1_mr_229,0.148030,0.005115,0.004581,0.003547,0.003569,0.003570,0.003606,0.004206,0.004134,0.003589,0.004714,0.003974,0.003946,0.003782,0.003729,0.003994,0.004029,0.004172,0.003268,0.003263,0.003564,0.003566,0.130060,0.009050,0.003596,0.003603,0.003641,0.003625,0.004460,0.004635,0.004482,0.004343,0.003624,0.003593,0.003613,0.003621,0.003758,0.003326,0.003354,0.003314,0.003341,0.003396,0.003460,0.003353,0.003418,0.003312,0.003240,0.003344,0.003256,0.004013,0.004047,0.003512,0.003468
topaneu_center1_mr_241,0.224481,0.004506,0.008301,0.004512,0.005037,0.004643,0.005235,0.006788,0.006136,0.004352,0.004148,0.005560,0.005274,0.003684,0.003566,0.005573,0.005702,0.006508,0.003304,0.003311,0.003631,0.003777,0.027189,0.011435,0.004842,0.004798,0.005096,0.004941,0.004627,0.004532,0.005217,0.005043,0.004935,0.004563,0.005051,0.004863,0.027522,0.003636,0.004101,0.003615,0.004092,0.003563,0.003576,0.003506,0.003528,0.003350,0.003492,0.003367,0.003535,0.003817,0.006768,0.003423,0.004228
topaneu_center1_mr_247,0.209569,0.005269,0.005650,0.004153,0.003689,0.004201,0.003745,0.061884,0.053977,0.003708,0.003584,0.044629,0.036657,0.003858,0.003705,0.043907,0.044360,0.057810,0.003270,0.003306,0.004074,0.003786,0.008083,0.007652,0.003964,0.004538,0.004031,0.004704,0.004318,0.004226,0.004306,0.004223,0.003982,0.004419,0.004001,0.004522,0.004269,0.003311,0.003243,0.003301,0.003264,0.003278,0.003394,0.003253,0.003351,0.003354,0.003357,0.003354,0.003364,0.003718,0.003569,0.003352,0.003330
topaneu_center1_mr_251,0.931032,0.003491,0.003276,0.003604,0.003985,0.003655,0.004078,0.003692,0.003580,0.003246,0.004970,0.003422,0.003341,0.003262,0.003747,0.003409,0.003415,0.003651,0.003048,0.005271,0.003365,0.003225,0.008229,0.118703,0.003859,0.121453,0.004001,0.125204,0.004580,0.005341,0.005572,0.005209,0.003882,0.092303,0.003954,0.098216,0.004986,0.003149,0.003156,0.003126,0.003160,0.003286,0.003265,0.003198,0.003244,0.003056,0.003047,0.003064,0.003055,0.003734,0.003656,0.003147,0.003095
topaneu_center1_mr_262,0.946973,0.003174,0.178036,0.003338,0.249931,0.003424,0.271608,0.005055,0.005146,0.004348,0.004224,0.004220,0.004038,0.003654,0.003519,0.004474,0.004291,0.005216,0.003034,0.003037,0.003471,0.003629,0.271497,0.012574,0.003721,0.004121,0.003847,0.004192,0.005851,0.004044,0.005750,0.005320,0.003757,0.004003,0.003825,0.004084,0.006751,0.003212,0.003173,0.003179,0.003182,0.004037,0.003441,0.003738,0.003369,0.003101,0.003087,0.003121,0.003074,0.004455,0.004361,0.003259,0.003313
topaneu_center1_mr_264,0.500708,0.003929,0.003712,0.003435,0.003442,0.003446,0.003488,0.003475,0.003431,0.003912,0.003652,0.003359,0.003352,0.003430,0.003498,0.003368,0.003353,0.003434,0.003092,0.003097,0.003289,0.003343,0.009713,0.008951,0.004151,0.004260,0.004280,0.004327,0.004808,0.003823,0.004765,0.004608,0.004162,0.004127,0.004223,0.004211,0.003872,0.003277,0.003150,0.003257,0.003153,0.003179,0.003406,0.003158,0.003351,0.003269,0.178934,0.003279,0.196863,0.003723,0.003771,0.003279,0.003285
topaneu_center1_mr_282,0.095350,0.004547,0.006052,0.004041,0.003924,0.004085,0.003957,0.004732,0.004636,0.004258,0.004537,0.004489,0.004478,0.004415,0.004675,0.004536,0.004561,0.004702,0.003661,0.003835,0.004092,0.004262,0.008299,0.007046,0.004336,0.003812,0.004430,0.003852,0.005335,0.004573,0.004713,0.004627,0.004377,0.003792,0.004392,0.003854,0.006270,0.003615,0.003645,0.003616,0.003663,0.003783,0.004073,0.003752,0.003989,0.003617,0.003530,0.003648,0.003557,0.004300,0.004290,0.003903,0.003942
topaneu_center1_mr_287,0.281431,0.003391,0.004316,0.004056,0.003331,0.004132,0.003347,0.003484,0.003460,0.003266,0.003293,0.003400,0.003393,0.003150,0.003229,0.003398,0.003414,0.003480,0.003031,0.003039,0.003516,0.003271,0.076823,0.006818,0.071076,0.004743,0.091274,0.004942,0.003928,0.004147,0.004222,0.004110,0.072334,0.004447,0.082236,0.004655,0.004479,0.003128,0.003178,0.003106,0.003188,0.003212,0.003103,0.003188,0.003104,0.003111,0.003046,0.003113,0.003048,0.003500,0.003525,0.003214,0.003195
topaneu_center1_mr_290,0.122642,0.003799,0.003718,0.003685,0.003632,0.003705,0.003669,0.003510,0.003480,0.004000,0.003643,0.003433,0.003429,0.003805,0.004090,0.003450,0.003447,0.003488,0.003384,0.003399,0.003695,0.003961,0.006783,0.005170,0.004484,0.011029,0.004736,0.011673,0.004047,0.004457,0.004504,0.004419,0.004536,0.009073,0.004597,0.010027,0.003975,0.003380,0.003335,0.003371,0.003338,0.003303,0.003319,0.003287,0.003286,0.003295,0.003346,0.003317,0.003360,0.004077,0.003959,0.003607,0.003572
topaneu_center1_mr_298,0.252789,0.003577,0.003506,0.003678,0.003590,0.003718,0.003626,0.003279,0.003261,0.003510,0.003404,0.003233,0.003239,0.003543,0.003476,0.003244,0.003254,0.003268,0.003276,0.003340,0.003485,0.003512,0.011599,0.087740,0.004365,0.006612,0.004669,0.007301,0.004327,0.005129,0.004941,0.004703,0.004446,0.005663,0.004558,0.006205,0.005073,0.004044,0.003337,0.003693,0.003280,0.004094,0.003741,0.003760,0.003585,0.003175,0.003160,0.003222,0.003178,0.004383,0.004288,0.003400,0.003439
topaneu_center1_mr_299,0.269780,0.003708,0.004105,0.003462,0.004549,0.003506,0.004745,0.003260,0.003220,0.006206,0.003315,0.003184,0.003193,0.003496,0.003452,0.003198,0.003216,0.003236,0.010805,0.003096,0.003472,0.003585,0.055858,0.015263,0.005197,0.004330,0.005911,0.004448,0.018826,0.003901,0.004985,0.004732,0.005287,0.004153,0.005552,0.004293,0.005701,0.003453,0.003584,0.003366,0.003493,0.003316,0.003229,0.003248,0.003188,0.003134,0.003118,0.003157,0.003127,0.005832,0.004049,0.003530,0.003241
topaneu_center1_mr_301,0.690785,0.003958,0.008763,0.003685,0.003634,0.003876,0.003720,0.003914,0.003817,0.003688,0.003513,0.003647,0.003601,0.004862,0.004409,0.003643,0.003659,0.003862,0.003241,0.003333,0.003691,0.004290,0.034120,0.243372,0.003733,0.003864,0.003796,0.003935,0.006028,0.005621,0.006029,0.005478,0.003759,0.003805,0.003770,0.003866,0.004788,0.003353,0.003448,0.003317,0.003412,0.003937,0.004109,0.003621,0.003871,0.003247,0.003260,0.003295,0.003274,0.004587,0.005849,0.003498,0.003568
topaneu_center1_mr_302,0.850247,0.003447,0.003521,0.003272,0.003207,0.003298,0.003250,0.003199,0.003198,0.003339,0.003922,0.003166,0.003154,0.003202,0.003206,0.003162,0.003159,0.003197,0.003064,0.003141,0.003259,0.003264,0.011774,0.029465,0.004402,0.054559,0.004616,0.059472,0.006161,0.095201,0.005238,0.005004,0.004439,0.040395,0.004512,0.046157,0.317726,0.006708,0.070464,0.006303,0.048449,0.003270,0.003199,0.003201,0.003172,0.003083,0.003101,0.003101,0.003097,0.003966,0.003562,0.003206,0.003122
topaneu_center1_mr_308,0.947900,0.003363,0.003281,0.003416,0.003610,0.003478,0.003744,0.003215,0.003206,0.003581,0.003850,0.003156,0.003143,0.003373,0.003795,0.003157,0.003150,0.003215,0.003153,0.003074,0.003871,0.004198,0.017286,0.012658,0.004030,0.004005,0.004160,0.004092,0.003906,0.004518,0.005659,0.005325,0.004045,0.003912,0.004108,0.003980,0.004711,0.003162,0.003154,0.003156,0.003162,0.003327,0.003226,0.003212,0.003200,0.042460,0.003475,0.059151,0.003546,0.368009,0.070710,0.185539,0.030316
topaneu_center1_mr_311,0.345952,0.003773,0.004408,0.003473,0.003424,0.003467,0.003462,0.003370,0.003333,0.004354,0.004046,0.003286,0.003283,0.003478,0.003289,0.003298,0.003287,0.003346,0.107181,0.003104,0.003418,0.003359,0.007071,0.004378,0.018511,0.003295,0.023398,0.003338,0.030443,0.003766,0.004376,0.004288,0.019366,0.003324,0.022210,0.003327,0.007361,0.005799,0.003261,0.005361,0.003264,0.004350,0.003535,0.004074,0.003468,0.003136,0.003144,0.003138,0.003140,0.003437,0.003518,0.003185,0.003265
topaneu_center1_mr_316,0.112683,0.003663,0.003625,0.003624,0.003672,0.003638,0.003704,0.003822,0.003782,0.004029,0.004079,0.003682,0.003661,0.003655,0.003579,0.003693,0.003711,0.003806,0.003243,0.003243,0.003471,0.003779,0.010273,0.021285,0.007485,0.006877,0.008844,0.007425,0.004045,0.004147,0.004220,0.004162,0.007602,0.006013,0.007951,0.006694,0.004101,0.003453,0.003435,0.003422,0.003437,0.003452,0.003408,0.003405,0.003377,0.003196,0.003266,0.003197,0.003278,0.003724,0.003791,0.003452,0.003551
topaneu_center1_mr_325,0.796284,0.003874,0.003662,0.005053,0.003216,0.005288,0.003259,0.162112,0.144301,0.004655,0.005891,0.118847,0.099516,0.003251,0.003241,0.117422,0.117095,0.154451,0.003112,0.003177,0.003277,0.003210,0.029333,0.014061,0.004450,0.004015,0.004717,0.004098,0.004955,0.004803,0.004898,0.004680,0.004531,0.003964,0.004616,0.003980,0.003920,0.003209,0.003139,0.003177,0.003140,0.003324,0.003313,0.003269,0.003276,0.003252,0.003194,0.003267,0.003195,0.003731,0.003735,0.003236,0.003271
topaneu_center1_mr_327,0.109235,0.004118,0.004227,0.003639,0.003494,0.003648,0.003526,0.003499,0.003456,0.003512,0.003677,0.003402,0.003394,0.003591,0.003705,0.003407,0.003418,0.003463,0.003162,0.003167,0.003426,0.003553,0.008484,0.006414,0.009750,0.003820,0.012187,0.003899,0.055561,0.004181,0.004255,0.004168,0.009946,0.003770,0.011099,0.003844,0.003770,0.003193,0.003204,0.003191,0.003208,0.003287,0.003227,0.003247,0.003206,0.003150,0.003120,0.003152,0.003123,0.003450,0.003409,0.003222,0.003247
topaneu_center1_mr_330,0.099895,0.004870,0.005522,0.003900,0.004119,0.003918,0.004190,0.003894,0.003828,0.004533,0.004602,0.003786,0.003771,0.004823,0.004357,0.003807,0.003798,0.003856,0.003778,0.004002,0.004113,0.004148,0.006263,0.013143,0.003765,0.004142,0.003783,0.004206,0.004874,0.004181,0.004828,0.004716,0.003780,0.004083,0.003797,0.004174,0.005352,0.003648,0.003689,0.003627,0.003702,0.003698,0.003598,0.003652,0.003552,0.003531,0.003539,0.003578,0.003579,0.004561,0.004290,0.003950,0.003870
topaneu_center1_mr_334,0.121648,0.003623,0.004849,0.003465,0.003527,0.003454,0.003564,0.003645,0.003595,0.003805,0.004008,0.003516,0.003521,0.003616,0.003393,0.003542,0.003540,0.003615,0.003182,0.003146,0.003386,0.003468,0.012950,0.008934,0.013236,0.005525,0.017057,0.005880,0.004180,0.004219,0.004160,0.004102,0.013420,0.005076,0.014412,0.005325,0.004541,0.003361,0.003265,0.003323,0.003279,0.003314,0.003241,0.003298,0.003222,0.003196,0.003195,0.003198,0.003200,0.003497,0.003398,0.003235,0.003224
topaneu_center1_mr_336,0.966066,0.003651,0.004113,0.003293,0.003217,0.003341,0.003261,0.003331,0.003301,0.005171,0.005871,0.003236,0.003202,0.003161,0.003256,0.003232,0.003236,0.003316,0.003083,0.003079,0.003283,0.003335,0.018381,0.017708,0.008027,0.007302,0.009450,0.007809,0.004065,0.003921,0.005858,0.005518,0.008280,0.006501,0.009038,0.007003,0.519887,0.124301,0.019090,0.115249,0.016660,0.003235,0.003129,0.003170,0.003122,0.003229,0.003198,0.003240,0.003203,0.003730,0.003682,0.003172,0.003171
topaneu_center1_mr_342,0.739853,0.003993,0.006052,0.003669,0.003563,0.003831,0.003660,0.003601,0.003546,0.003852,0.004130,0.003454,0.003455,0.003872,0.004142,0.003459,0.003481,0.003562,0.003180,0.003218,0.003649,0.003701,0.009690,0.010808,0.003513,0.003869,0.003576,0.003917,0.005693,0.004601,0.006054,0.005606,0.003530,0.003798,0.003549,0.003871,0.004853,0.003801,0.003296,0.003717,0.003303,0.003618,0.003493,0.003460,0.003416,0.004383,0.003359,0.004882,0.003362,0.300984,0.005313,0.162286,0.003887
topaneu_center1_mr_349,0.137565,0.003808,0.003847,0.003798,0.003610,0.003831,0.003645,0.003731,0.003690,0.003619,0.004319,0.003609,0.003607,0.003808,0.003667,0.003627,0.003642,0.003692,0.003217,0.003255,0.003648,0.003622,0.007326,0.025710,0.008430,0.004013,0.010627,0.004098,0.073802,0.004441,0.004558,0.004423,0.009256,0.003913,0.010162,0.004027,0.004911,0.003305,0.003319,0.003304,0.003324,0.003350,0.003207,0.003320,0.003199,0.003309,0.003203,0.003309,0.003209,0.003672,0.003442,0.003396,0.003290
topaneu_center1_mr_350,0.109816,0.003871,0.003679,0.003733,0.003533,0.003753,0.003552,0.003514,0.003464,0.003699,0.004239,0.003421,0.003414,0.004173,0.003665,0.003428,0.003432,0.003473,0.003463,0.003452,0.003913,0.003923,0.007214,0.007852,0.003786,0.010384,0.003860,0.011215,0.004096,0.010648,0.004470,0.004360,0.003810,0.008753,0.003836,0.010213,0.003902,0.003417,0.003373,0.003391,0.003372,0.003459,0.003459,0.003421,0.003440,0.003261,0.003240,0.003295,0.003250,0.003842,0.004038,0.003423,0.003542
topaneu_center1_mr_354,0.963093,0.004238,0.004802,0.003751,0.004132,0.003868,0.004319,0.003353,0.003308,0.003371,0.005885,0.003232,0.003205,0.003794,0.003491,0.003233,0.003233,0.003321,0.003127,0.003259,0.003615,0.003659,0.084908,0.040708,0.003647,0.004610,0.003730,0.004829,0.004818,0.005382,0.006846,0.006193,0.003661,0.004394,0.003693,0.004568,0.004361,0.003263,0.003200,0.003255,0.003204,0.003540,0.003317,0.003419,0.003286,0.005074,0.257641,0.005952,0.287386,0.006182,0.005319,0.003549,0.003321
topaneu_center1_mr_359,0.875408,0.003437,0.004021,0.003308,0.003217,0.003324,0.003261,0.003300,0.003282,0.003298,0.004639,0.003224,0.003215,0.003189,0.003171,0.003236,0.003240,0.003296,0.002996,0.003056,0.003320,0.003295,0.009726,0.034785,0.004040,0.049818,0.004201,0.053550,0.004197,0.005046,0.005213,0.004913,0.004064,0.038408,0.004135,0.045480,0.316367,0.054232,0.072395,0.046709,0.058648,0.003294,0.003153,0.003223,0.003123,0.003062,0.006702,0.003071,0.007652,0.004146,0.003912,0.003182,0.003166
topaneu_center1_mr_364,0.231875,0.004062,0.003826,0.003473,0.004198,0.003482,0.004297,0.003306,0.003287,0.003730,0.004167,0.003252,0.003254,0.003433,0.003262,0.003265,0.003264,0.003302,0.003154,0.003155,0.003335,0.003432,0.028988,0.006824,0.033601,0.004216,0.044729,0.004252,0.004513,0.004356,0.004459,0.004305,0.034343,0.004086,0.039185,0.004163,0.004146,0.003206,0.003178,0.003183,0.003188,0.003398,0.003281,0.003347,0.003241,0.003164,0.003071,0.003178,0.003077,0.003490,0.003418,0.003167,0.003169
topaneu_center1_mr_365,0.103384,0.003976,0.003884,0.003836,0.003892,0.003856,0.003950,0.003906,0.003853,0.004032,0.004319,0.003774,0.003776,0.003833,0.003950,0.003807,0.003811,0.003888,0.003497,0.003549,0.003843,0.003743,0.008560,0.007191,0.005219,0.003737,0.005647,0.003785,0.020608,0.004007,0.004449,0.004399,0.005277,0.003734,0.005410,0.003780,0.004400,0.003460,0.003517,0.003464,0.003524,0.003577,0.003690,0.003527,0.003625,0.003433,0.003389,0.003468,0.003402,0.004281,0.004124,0.003783,0.003754
topaneu_center1_mr_374,0.119304,0.003579,0.003544,0.003703,0.003664,0.003725,0.003691,0.003407,0.003371,0.004116,0.003589,0.003353,0.003344,0.003770,0.003758,0.003349,0.003347,0.003380,0.003601,0.003599,0.003864,0.003789,0.006245,0.016030,0.003481,0.027488,0.003506,0.028715,0.004409,0.004303,0.004331,0.004242,0.003483,0.020212,0.003509,0.021444,0.003895,0.003365,0.003366,0.003361,0.003382,0.003506,0.003466,0.003453,0.003438,0.003289,0.003330,0.003293,0.003334,0.003900,0.003826,0.003506,0.003499
topaneu_center1_mr_386,0.097665,0.004177,0.004140,0.003930,0.003887,0.003961,0.003944,0.003810,0.003737,0.004515,0.005034,0.003664,0.003653,0.003875,0.004031,0.003688,0.003681,0.003758,0.003430,0.003493,0.003795,0.003771,0.021474,0.007019,0.004685,0.003900,0.004881,0.003955,0.004136,0.004025,0.004825,0.004700,0.004753,0.003871,0.004825,0.003954,0.004920,0.003486,0.003674,0.003473,0.003686,0.003491,0.003664,0.003460,0.003579,0.003357,0.003405,0.003378,0.003434,0.003829,0.003819,0.003508,0.003530
topaneu_center1_mr_393,0.118725,0.006472,0.004255,0.003690,0.003680,0.003714,0.003728,0.004325,0.004247,0.003907,0.004262,0.004077,0.004057,0.003720,0.003672,0.004102,0.004158,0.004286,0.003314,0.003307,0.003776,0.003820,0.009619,0.008206,0.003879,0.004127,0.003926,0.004210,0.004490,0.004359,0.004486,0.004386,0.003914,0.004068,0.003925,0.004175,0.004777,0.003383,0.003376,0.003372,0.003379,0.003515,0.003441,0.003453,0.003408,0.003305,0.003277,0.003327,0.003288,0.003868,0.003493,0.003420,0.003329
topaneu_center1_mr_396,0.205740,0.003176,0.003287,0.003366,0.003454,0.003392,0.003478,0.003390,0.003350,0.004477,0.004199,0.003313,0.003300,0.003458,0.003282,0.003312,0.003330,0.003377,0.003044,0.003107,0.003501,0.003561,0.023665,0.016214,0.014131,0.010526,0.018418,0.011452,0.004519,0.004391,0.004449,0.004318,0.013925,0.008588,0.016303,0.009650,0.006091,0.003313,0.003292,0.003257,0.003271,0.003403,0.003213,0.003335,0.003185,0.003197,0.003117,0.003194,0.003118,0.004038,0.003877,0.003397,0.003413
topaneu_center1_mr_398,0.102490,0.003579,0.003774,0.004258,0.003698,0.004372,0.003756,0.003461,0.003430,0.003524,0.003857,0.003383,0.003391,0.003561,0.003488,0.003402,0.003397,0.003437,0.003399,0.003966,0.003612,0.003720,0.006977,0.006962,0.012414,0.005059,0.015889,0.005210,0.003954,0.010987,0.004164,0.004109,0.012682,0.004771,0.013241,0.004970,0.003826,0.003552,0.003286,0.003508,0.003295,0.003332,0.003392,0.003298,0.003359,0.003444,0.003216,0.003507,0.003215,0.003853,0.003599,0.003435,0.003378
topaneu_center1_mr_401,0.981673,0.003767,0.004452,0.003444,0.003353,0.003466,0.003418,0.003449,0.003439,0.003255,0.003294,0.003396,0.003408,0.003258,0.003242,0.003405,0.003408,0.003459,0.004927,0.003146,0.003268,0.003364,0.145781,0.007237,0.075579,0.182267,0.093853,0.190851,0.007160,0.006729,0.006910,0.006481,0.075712,0.150543,0.086990,0.160937,0.018641,0.003939,0.004352,0.003788,0.004277,0.003393,0.003407,0.003352,0.003368,0.003224,0.004032,0.003236,0.004062,0.004083,0.004158,0.003374,0.003383
topaneu_center1_mr_411,0.902794,0.003490,0.004603,0.003211,0.003347,0.003268,0.003408,0.003413,0.003366,0.003416,0.003528,0.003273,0.003253,0.003374,0.003694,0.003269,0.003286,0.003387,0.003018,0.003057,0.003370,0.003419,0.007014,0.046566,0.003382,0.188503,0.003420,0.194478,0.006059,0.007326,0.005873,0.005433,0.003386,0.150121,0.003409,0.160460,0.036260,0.003138,0.003658,0.003115,0.003587,0.003298,0.003244,0.003206,0.003212,0.003023,0.003064,0.003045,0.003066,0.003689,0.004240,0.003107,0.003232
topaneu_center1_mr_414,0.118740,0.003846,0.004870,0.003708,0.003591,0.003721,0.003638,0.003400,0.003372,0.003921,0.004178,0.003341,0.003343,0.003604,0.003708,0.003351,0.003354,0.003378,0.003596,0.003241,0.003538,0.003555,0.026339,0.007033,0.004287,0.006107,0.004554,0.006427,0.004423,0.004319,0.004392,0.004292,0.004344,0.005429,0.004439,0.005735,0.004719,0.003315,0.003302,0.003294,0.003307,0.003412,0.003355,0.003385,0.003323,0.003226,0.003199,0.003233,0.003212,0.003575,0.003413,0.003298,0.003250
topaneu_center1_mr_419,0.292570,0.003504,0.003718,0.003494,0.004261,0.003537,0.004360,0.003584,0.003531,0.003559,0.003581,0.003470,0.003493,0.003771,0.003839,0.003480,0.003521,0.003552,0.003278,0.003189,0.003581,0.003590,0.007978,0.021137,0.003529,0.004279,0.003578,0.004454,0.004367,0.005324,0.005886,0.005473,0.003555,0.004083,0.003566,0.004244,0.010406,0.017132,0.008075,0.014472,0.006904,0.003565,0.003345,0.003457,0.003278,0.003205,0.003177,0.003250,0.003178,0.004830,0.004532,0.003574,0.003570
topaneu_center1_mr_428,0.981896,0.004518,0.003829,0.003504,0.003633,0.003564,0.003728,0.003540,0.003503,0.006434,0.006538,0.003433,0.003409,0.003538,0.003441,0.003433,0.003424,0.003518,0.003367,0.003340,0.003598,0.003722,0.014828,0.021057,0.004061,0.004502,0.004226,0.004520,0.007838,0.007284,0.007629,0.006923,0.004051,0.004314,0.004134,0.004378,0.009039,0.003678,0.003683,0.003594,0.003654,0.003641,0.003982,0.003507,0.003872,0.003290,0.069012,0.003317,0.084227,0.004626,0.417579,0.003529,0.287587
topaneu_center1_mr_436,0.401831,0.003544,0.004640,0.003971,0.003881,0.004045,0.003939,0.003686,0.003633,0.003662,0.004110,0.003585,0.003552,0.003637,0.003755,0.003578,0.003576,0.003657,0.003427,0.003562,0.003744,0.003657,0.026332,0.021931,0.004479,0.009848,0.004796,0.010944,0.004189,0.004165,0.005364,0.005105,0.004603,0.008056,0.004686,0.008898,0.010678,0.003346,0.003388,0.003311,0.003382,0.003716,0.003579,0.003563,0.003539,0.003305,0.003315,0.003340,0.003358,0.004426,0.004339,0.003543,0.003544
topaneu_center1_mr_439,0.593831,0.003695,0.004271,0.004119,0.003426,0.004242,0.003445,0.003526,0.003500,0.003161,0.003725,0.003444,0.003428,0.003533,0.003562,0.003437,0.003451,0.003521,0.003099,0.003118,0.004187,0.003479,0.007620,0.265114,0.004317,0.036113,0.004542,0.042851,0.004322,0.004228,0.004298,0.004191,0.004367,0.024501,0.004472,0.027905,0.004587,0.003207,0.003155,0.003192,0.003148,0.003266,0.003209,0.003206,0.003198,0.003142,0.003111,0.003152,0.003129,0.003569,0.003262,0.003220,0.003130
topaneu_center1_mr_443,0.925475,0.004125,0.005526,0.003241,0.003262,0.003255,0.003298,0.005611,0.005315,0.004945,0.005034,0.005054,0.004818,0.005077,0.003473,0.005128,0.005100,0.005503,0.005124,0.003921,0.003533,0.005350,0.008321,0.034235,0.004524,0.067934,0.004739,0.073314,0.005516,0.004645,0.005440,0.005240,0.004616,0.051323,0.004797,0.057159,0.292209,0.081508,0.006504,0.075452,0.005900,0.003339,0.003345,0.003316,0.003324,0.003521,0.003349,0.003573,0.003360,0.003804,0.003289,0.003354,0.003143
topaneu_center1_mr_463,0.101690,0.007181,0.004291,0.004081,0.004067,0.004097,0.004109,0.004604,0.004482,0.004248,0.004507,0.004363,0.004348,0.004096,0.004148,0.004391,0.004418,0.004542,0.003644,0.003710,0.003894,0.004001,0.006993,0.007107,0.004651,0.004414,0.004823,0.004466,0.004802,0.004642,0.004749,0.004687,0.004710,0.004321,0.004778,0.004471,0.006834,0.003674,0.003718,0.003672,0.003733,0.003673,0.003713,0.003654,0.003662,0.003526,0.003572,0.003565,0.003596,0.004061,0.004017,0.003793,0.003788
topaneu_center1_mr_474,0.977489,0.003903,0.003662,0.003510,0.003286,0.003561,0.003339,0.003314,0.003290,0.004392,0.005504,0.003238,0.003232,0.003150,0.003128,0.003245,0.003243,0.003309,0.003081,0.003086,0.003352,0.003414,0.010489,0.008422,0.003700,0.253563,0.003774,0.261989,0.004442,0.004664,0.006047,0.005739,0.003686,0.212292,0.003733,0.222671,0.011851,0.003217,0.004170,0.003179,0.004039,0.003221,0.003164,0.003186,0.003151,0.003160,0.003138,0.003175,0.003148,0.004104,0.003599,0.003313,0.003189
topaneu_center1_mr_477,0.147067,0.005191,0.006038,0.004125,0.003394,0.004283,0.003443,0.003844,0.003792,0.003578,0.003573,0.003645,0.003623,0.003618,0.003463,0.003643,0.003693,0.003796,0.003113,0.003095,0.003395,0.003465,0.016929,0.012640,0.003925,0.004399,0.004037,0.004599,0.004430,0.004331,0.004393,0.004223,0.003951,0.004225,0.003966,0.004345,0.058172,0.005657,0.003614,0.005276,0.003560,0.003149,0.003151,0.003141,0.003157,0.003116,0.003129,0.003127,0.003142,0.003606,0.018402,0.003203,0.005850
topaneu_center1_mr_483,0.797619,0.004201,0.003833,0.003410,0.003393,0.003428,0.003440,0.003321,0.003296,0.003374,0.003659,0.003249,0.003245,0.003396,0.003308,0.003254,0.003250,0.003306,0.003075,0.003112,0.003276,0.003199,0.308067,0.158121,0.005371,0.003445,0.006031,0.003484,0.025802,0.003758,0.004785,0.004613,0.005451,0.003449,0.005840,0.003459,0.003748,0.003207,0.003166,0.003169,0.003167,0.003313,0.003250,0.003273,0.003222,0.003184,0.054669,0.003190,0.067013,0.003397,0.003973,0.003119,0.003612
topaneu_center1_mr_489,0.982047,0.003724,0.005902,0.003612,0.003634,0.003727,0.003727,0.003900,0.003818,0.004220,0.003438,0.003725,0.003669,0.003479,0.003382,0.003730,0.003708,0.003866,0.004445,0.003507,0.003556,0.003641,0.025725,0.019563,0.007621,0.006408,0.008927,0.006596,0.028688,0.011061,0.007467,0.006905,0.007856,0.005876,0.008531,0.006026,0.530955,0.202541,0.024629,0.191864,0.021641,0.003705,0.003685,0.003626,0.003655,0.003406,0.003443,0.003422,0.003469,0.004117,0.032901,0.003442,0.012442
topaneu_center1_mr_490,0.105657,0.005234,0.004690,0.003975,0.003894,0.004003,0.003927,0.004225,0.004130,0.003902,0.004432,0.003988,0.003986,0.004141,0.003717,0.004019,0.004055,0.004179,0.003534,0.003553,0.004269,0.004065,0.005980,0.023228,0.003653,0.005898,0.003700,0.006089,0.004783,0.003951,0.004744,0.004595,0.003679,0.005486,0.003678,0.005700,0.003885,0.003611,0.003398,0.003580,0.003430,0.003671,0.003558,0.003619,0.003489,0.003356,0.003350,0.003403,0.003366,0.003791,0.003870,0.003512,0.003533
topaneu_center1_mr_494,0.336841,0.003833,0.003693,0.003395,0.003606,0.003410,0.003655,0.003549,0.003516,0.004194,0.003461,0.003439,0.003428,0.003452,0.003457,0.003448,0.003453,0.003532,0.003186,0.003127,0.003611,0.003576,0.183270,0.006988,0.016207,0.003500,0.019387,0.003513,0.004625,0.004443,0.004593,0.004407,0.017530,0.003468,0.019745,0.003486,0.003589,0.003157,0.003396,0.003150,0.003380,0.003436,0.003383,0.003363,0.003352,0.003096,0.003086,0.003113,0.003098,0.004067,0.003754,0.003325,0.003306
topaneu_center1_mr_496,0.107612,0.003737,0.003873,0.003463,0.003603,0.003477,0.003638,0.003615,0.003574,0.003852,0.004291,0.003511,0.003510,0.003608,0.003400,0.003531,0.003529,0.003578,0.003216,0.003210,0.003515,0.003605,0.024276,0.007947,0.005011,0.006160,0.005455,0.006458,0.007523,0.004416,0.004516,0.004412,0.005037,0.005565,0.005203,0.005923,0.004890,0.003313,0.003259,0.003319,0.003265,0.003438,0.003382,0.003398,0.003354,0.003309,0.003325,0.003310,0.003337,0.003645,0.003452,0.003350,0.003275
topaneu_center1_mr_499,0.169068,0.003812,0.004084,0.003456,0.003582,0.003462,0.003623,0.003450,0.003421,0.003324,0.003679,0.003364,0.003361,0.003517,0.003430,0.003384,0.003390,0.003432,0.003168,0.003171,0.003538,0.003454,0.112974,0.016951,0.003978,0.004234,0.004124,0.004409,0.004457,0.003954,0.004427,0.004323,0.003997,0.004067,0.004043,0.004198,0.005058,0.003193,0.003189,0.003196,0.003192,0.003899,0.003654,0.003764,0.003559,0.003111,0.003180,0.003118,0.003195,0.003717,0.003326,0.003332,0.003179
topaneu_center1_mr_501,0.114404,0.004228,0.005005,0.003980,0.003895,0.004003,0.003920,0.004345,0.004233,0.004448,0.004098,0.004109,0.004099,0.003865,0.003892,0.004126,0.004174,0.004292,0.003436,0.003438,0.003626,0.003779,0.008479,0.011692,0.003887,0.004713,0.003967,0.004853,0.004780,0.004628,0.004720,0.004621,0.003924,0.004463,0.003944,0.004676,0.005116,0.003512,0.003463,0.003509,0.003477,0.003637,0.003704,0.003588,0.003643,0.003370,0.003384,0.003396,0.003394,0.004177,0.003967,0.003718,0.003659
topaneu_center1_mr_509,0.746112,0.003456,0.005263,0.004681,0.004600,0.004937,0.004782,0.003501,0.003464,0.003253,0.003864,0.003367,0.003345,0.003167,0.003409,0.003365,0.003384,0.003489,0.003343,0.003022,0.003405,0.003365,0.035493,0.156699,0.003481,0.038221,0.003525,0.043234,0.004990,0.004749,0.004961,0.004721,0.003484,0.027313,0.003494,0.031858,0.004455,0.003145,0.004565,0.003096,0.003775,0.003156,0.003450,0.003093,0.003379,0.002998,0.003043,0.003013,0.003053,0.003892,0.003657,0.003151,0.003090
topaneu_center1_mr_516,0.975365,0.004034,0.004830,0.003580,0.003762,0.003657,0.003856,0.003478,0.003429,0.003597,0.003816,0.003377,0.003344,0.003552,0.003712,0.003374,0.003364,0.003463,0.003172,0.003249,0.003793,0.003617,0.199180,0.014325,0.005194,0.004011,0.005653,0.004074,0.006562,0.006083,0.006449,0.005888,0.005272,0.003936,0.005535,0.004002,0.005597,0.003612,0.003316,0.003547,0.003292,0.003586,0.003455,0.003432,0.003403,0.009079,0.003220,0.011310,0.003229,0.403316,0.005104,0.202149,0.003508
topaneu_center1_mr_522,0.169259,0.003978,0.006025,0.003782,0.003947,0.003830,0.004019,0.003701,0.003657,0.003970,0.003893,0.003612,0.003587,0.003699,0.003796,0.003593,0.003615,0.003672,0.003375,0.003372,0.003927,0.003825,0.006154,0.009542,0.003997,0.005054,0.004148,0.005264,0.004690,0.004546,0.004664,0.004500,0.004024,0.004767,0.004070,0.005011,0.004064,0.003351,0.003361,0.003334,0.003375,0.003478,0.003408,0.003417,0.003383,0.003365,0.003297,0.003381,0.003311,0.004132,0.004075,0.003568,0.003547
topaneu_center1_mr_523,0.920166,0.003536,0.003499,0.005422,0.003146,0.005632,0.003167,0.143535,0.130360,0.003275,0.003873,0.110876,0.096371,0.109397,0.004776,0.111506,0.112583,0.138363,0.018243,0.008642,0.003512,0.003718,0.008775,0.007426,0.022733,0.018498,0.027582,0.019697,0.004053,0.004634,0.005816,0.005554,0.024052,0.014901,0.026306,0.015848,0.004465,0.003517,0.003228,0.003462,0.003254,0.003255,0.003246,0.003215,0.003233,0.003318,0.003287,0.003326,0.003287,0.004034,0.003881,0.003377,0.003361
topaneu_center1_mr_525,0.983474,0.003724,0.004152,0.003631,0.003497,0.003714,0.003605,0.003930,0.003864,0.003505,0.003877,0.003750,0.003680,0.003728,0.003568,0.003765,0.003743,0.003904,0.003847,0.003266,0.003726,0.003775,0.103406,0.007451,0.006099,0.004175,0.006866,0.004240,0.009144,0.006729,0.008882,0.008009,0.006298,0.004042,0.006600,0.004106,0.006188,0.003429,0.003472,0.003391,0.003468,0.003988,0.003567,0.003792,0.003494,0.026451,0.009973,0.038144,0.011240,0.452382,0.005572,0.292151,0.003640
topaneu_center1_mr_527,0.633263,0.004071,0.004492,0.003346,0.003303,0.003381,0.003351,0.003568,0.003513,0.003839,0.007006,0.003435,0.003431,0.003700,0.003545,0.003439,0.003471,0.003546,0.003053,0.003035,0.003436,0.003609,0.011448,0.239243,0.003339,0.003682,0.003369,0.003767,0.008197,0.004413,0.004613,0.004445,0.003356,0.003633,0.003351,0.003684,0.005047,0.003088,0.003151,0.003088,0.003130,0.003131,0.003073,0.003087,0.003079,0.005638,0.003112,0.006459,0.003128,0.003570,0.003685,0.003156,0.003178
topaneu_center1_mr_528,0.906744,0.003345,0.003234,0.003234,0.003274,0.003266,0.003306,0.003313,0.003291,0.003142,0.003415,0.003243,0.003228,0.003113,0.003516,0.003244,0.003250,0.003315,0.003020,0.025012,0.003522,0.003456,0.004816,0.007812,0.100831,0.004997,0.123389,0.005230,0.005013,0.037969,0.004951,0.004739,0.102510,0.004737,0.114132,0.004846,0.004156,0.003396,0.003125,0.003330,0.003145,0.003073,0.003074,0.003054,0.003062,0.003203,0.061810,0.003209,0.073766,0.003231,0.004224,0.003018,0.003442
topaneu_center1_mr_538,0.965457,0.003310,0.004265,0.003346,0.003235,0.003471,0.003294,0.003366,0.003327,0.003684,0.003413,0.003265,0.003245,0.003547,0.003775,0.003263,0.003270,0.003357,0.002969,0.002980,0.003282,0.003352,0.033599,0.010135,0.013723,0.004302,0.017553,0.004517,0.019917,0.006095,0.006349,0.005836,0.013240,0.004112,0.015903,0.004192,0.558584,0.015423,0.092768,0.014391,0.080335,0.003274,0.003416,0.003201,0.003369,0.003126,0.003126,0.003149,0.003124,0.004223,0.003906,0.003247,0.003172
topaneu_center1_mr_554,0.180305,0.003610,0.003519,0.003625,0.003421,0.003628,0.003459,0.003443,0.003405,0.004026,0.004081,0.003360,0.003355,0.003871,0.003416,0.003366,0.003370,0.003413,0.003136,0.003190,0.003401,0.003486,0.013422,0.005901,0.004148,0.003508,0.004391,0.003537,0.004276,0.003824,0.004273,0.004157,0.004169,0.003500,0.004278,0.003520,0.164767,0.012023,0.003358,0.010908,0.003344,0.003141,0.003160,0.003140,0.003151,0.003174,0.003133,0.003191,0.003130,0.043001,0.003580,0.010595,0.003283
topaneu_center1_mr_560,0.864767,0.003426,0.003745,0.003388,0.003374,0.003425,0.003419,0.003316,0.003297,0.004531,0.004210,0.003252,0.003242,0.003382,0.003260,0.003254,0.003247,0.003305,0.003052,0.003058,0.003300,0.003381,0.297297,0.008958,0.060617,0.003661,0.079256,0.003698,0.005109,0.008643,0.005010,0.004789,0.062150,0.003620,0.074398,0.003638,0.003990,0.003108,0.003077,0.003098,0.003087,0.003253,0.003128,0.003184,0.003119,0.003042,0.003070,0.003053,0.003077,0.003507,0.003480,0.003115,0.003133
topaneu_center1_mr_561,0.818334,0.003326,0.003559,0.004312,0.003515,0.004467,0.003537,0.086298,0.079900,0.003406,0.003220,0.062373,0.054113,0.162336,0.003436,0.065070,0.064630,0.083324,0.153357,0.003283,0.003443,0.003359,0.008776,0.024061,0.003982,0.004064,0.004084,0.004121,0.006057,0.005824,0.005924,0.005596,0.004000,0.003983,0.004034,0.004025,0.004580,0.003437,0.003142,0.003365,0.003139,0.003766,0.003488,0.003551,0.003388,0.003323,0.003173,0.003386,0.003174,0.006727,0.004936,0.003701,0.003425
topaneu_center1_mr_572,0.930477,0.003306,0.003560,0.003312,0.003312,0.003321,0.003334,0.003283,0.003259,0.004554,0.003202,0.003221,0.003219,0.003175,0.003231,0.003219,0.003227,0.003289,0.009106,0.003009,0.003245,0.003262,0.009777,0.006947,0.132445,0.003797,0.162789,0.003844,0.190892,0.004950,0.004990,0.004790,0.134062,0.003750,0.150769,0.003779,0.003657,0.003354,0.003021,0.003285,0.003042,0.003197,0.003179,0.003166,0.003159,0.003078,0.003119,0.003078,0.003119,0.003513,0.003614,0.003114,0.003159
topaneu_center1_mr_577,0.125794,0.005703,0.004339,0.004116,0.004049,0.004168,0.004077,0.004835,0.004624,0.005111,0.004181,0.004381,0.004291,0.004038,0.004273,0.004373,0.004405,0.004706,0.003542,0.003618,0.003912,0.003977,0.008625,0.009849,0.004025,0.004191,0.004087,0.004271,0.005252,0.005050,0.005153,0.004993,0.004074,0.004108,0.004098,0.004244,0.004484,0.003595,0.003782,0.003591,0.003772,0.003664,0.003607,0.003605,0.003565,0.003479,0.003471,0.003512,0.003496,0.004346,0.004231,0.003837,0.003815
topaneu_center1_mr_581,0.454125,0.003979,0.003969,0.003245,0.003201,0.003268,0.003217,0.003732,0.003687,0.003399,0.003219,0.003573,0.003543,0.003123,0.003032,0.003576,0.003595,0.003719,0.002992,0.003015,0.003186,0.003207,0.011033,0.119310,0.004112,0.107797,0.004294,0.113971,0.004467,0.059035,0.004405,0.004268,0.004137,0.081457,0.004188,0.087412,0.016035,0.003103,0.003228,0.003087,0.003217,0.003042,0.003010,0.003047,0.003016,0.003086,0.003072,0.003089,0.003078,0.003346,0.003237,0.003066,0.003039
topaneu_center1_mr_585,0.786552,0.003659,0.003718,0.005112,0.007422,0.005400,0.008208,0.144841,0.131952,0.003409,0.004524,0.109491,0.095342,0.116697,0.003348,0.111003,0.113190,0.139184,0.006269,0.003140,0.003380,0.003333,0.008076,0.009917,0.003645,0.003684,0.003689,0.003708,0.005633,0.005497,0.005462,0.005221,0.003627,0.003669,0.003669,0.003700,0.004805,0.003191,0.003183,0.003156,0.003221,0.003387,0.003267,0.003365,0.003253,0.003152,0.003263,0.003164,0.003263,0.003527,0.003417,0.003226,0.003188
topaneu_center1_mr_586,0.120699,0.004055,0.004752,0.003528,0.004041,0.003539,0.004151,0.003711,0.003649,0.003396,0.003434,0.003545,0.003522,0.003570,0.003378,0.003549,0.003567,0.003684,0.003139,0.003158,0.003438,0.003412,0.009593,0.009390,0.004597,0.006624,0.005032,0.007033,0.004165,0.046541,0.004147,0.004037,0.004608,0.006006,0.004766,0.006339,0.004546,0.003274,0.003202,0.003242,0.003206,0.003147,0.003164,0.003139,0.003142,0.003143,0.003125,0.003132,0.003134,0.003451,0.003461,0.003193,0.003231
topaneu_center1_mr_596,0.110142,0.003648,0.004834,0.003706,0.003723,0.003716,0.003751,0.004022,0.003957,0.003970,0.004203,0.003861,0.003855,0.004156,0.003943,0.003881,0.003886,0.004001,0.003444,0.003371,0.003764,0.003956,0.029442,0.007541,0.004427,0.016719,0.004603,0.018231,0.010731,0.004015,0.004241,0.004175,0.004459,0.013420,0.004504,0.015536,0.004116,0.003391,0.003386,0.003401,0.003396,0.003793,0.003654,0.003706,0.003607,0.003313,0.003339,0.003317,0.003351,0.004205,0.003901,0.003706,0.003639
topaneu_center1_mr_605,0.203123,0.003515,0.003813,0.003883,0.003552,0.004031,0.003596,0.004099,0.003999,0.003617,0.004243,0.003791,0.003727,0.004481,0.003581,0.003793,0.003833,0.004056,0.003101,0.003092,0.003413,0.003461,0.013842,0.008859,0.012791,0.004356,0.016357,0.004505,0.004631,0.004421,0.004565,0.004388,0.012131,0.004195,0.014777,0.004354,0.004918,0.003214,0.003140,0.003189,0.003152,0.003352,0.003134,0.003289,0.003122,0.003129,0.003092,0.003144,0.003098,0.003435,0.003679,0.003149,0.003249
topaneu_center1_mr_607,0.237052,0.003526,0.003800,0.003613,0.003454,0.003650,0.003494,0.003195,0.003172,0.003556,0.004772,0.003165,0.003154,0.003468,0.003680,0.003165,0.003172,0.003175,0.003207,0.003115,0.003533,0.003545,0.020666,0.015204,0.004927,0.006452,0.005556,0.006848,0.007038,0.005751,0.004962,0.004735,0.005020,0.005591,0.005312,0.006038,0.005696,0.003223,0.003125,0.003212,0.003129,0.003427,0.003364,0.003337,0.003319,0.003134,0.003112,0.003139,0.003119,0.003962,0.003701,0.003313,0.003293
topaneu_center1_mr_612,0.844007,0.003702,0.004453,0.003268,0.003486,0.003320,0.003524,0.003823,0.003777,0.003213,0.003188,0.003612,0.003548,0.003352,0.003184,0.003627,0.003615,0.003803,0.003021,0.002993,0.003258,0.003238,0.007825,0.008192,0.003666,0.005311,0.003777,0.005576,0.005266,0.006193,0.005143,0.004873,0.003662,0.004921,0.003708,0.005113,0.483891,0.163033,0.016454,0.152694,0.014725,0.003114,0.003128,0.003083,0.003109,0.003216,0.003076,0.003242,0.003078,0.003431,0.003390,0.003083,0.003049
topaneu_center1_mr_614,0.117650,0.004518,0.004909,0.003861,0.003725,0.003893,0.003772,0.003587,0.003555,0.003779,0.003883,0.003506,0.003509,0.003824,0.003930,0.003512,0.003523,0.003555,0.003422,0.003452,0.003907,0.003835,0.007063,0.008537,0.003820,0.004736,0.003847,0.004909,0.004268,0.010686,0.004744,0.004575,0.003842,0.004501,0.003838,0.004683,0.004252,0.003380,0.003462,0.003386,0.003464,0.003551,0.003506,0.003486,0.003490,0.003376,0.003357,0.003396,0.003369,0.003847,0.003928,0.003504,0.003594
topaneu_center1_mr_615,0.561575,0.003869,0.003890,0.003589,0.003485,0.003687,0.003545,0.003481,0.003457,0.003905,0.003363,0.003383,0.003375,0.004103,0.003374,0.003377,0.003383,0.003455,0.003245,0.003231,0.003471,0.003586,0.007431,0.009797,0.003354,0.003733,0.003374,0.003781,0.005137,0.005137,0.005070,0.004808,0.003350,0.003694,0.003352,0.003726,0.004161,0.003200,0.003260,0.003190,0.003263,0.003369,0.003315,0.003282,0.003295,0.216348,0.003267,0.264799,0.003286,0.004132,0.003973,0.003322,0.003310
topaneu_center1_mr_625,0.945438,0.003409,0.003423,0.003499,0.014603,0.003615,0.017478,0.006078,0.006127,0.003888,0.003509,0.005174,0.004899,0.003467,0.003637,0.005486,0.005236,0.006254,0.003095,0.003089,0.003568,0.004043,0.013811,0.028034,0.003918,0.004998,0.004070,0.005194,0.004201,0.005318,0.005624,0.005229,0.003933,0.004671,0.004012,0.004785,0.156242,0.021422,0.003673,0.019593,0.003599,0.003690,0.003534,0.003504,0.003473,0.031390,0.003634,0.041799,0.003656,0.231963,0.005042,0.079724,0.003482
topaneu_center1_mr_626,0.966480,0.003999,0.004443,0.003508,0.003774,0.003721,0.003869,0.003695,0.003641,0.004461,0.003770,0.003541,0.003492,0.003466,0.003371,0.003554,0.003528,0.003659,0.003243,0.003315,0.003848,0.003616,0.011808,0.028618,0.003704,0.005817,0.003811,0.005997,0.004187,0.004924,0.006928,0.006258,0.003717,0.005341,0.003754,0.005523,0.006222,0.003539,0.003254,0.003436,0.003247,0.004120,0.003659,0.003737,0.003552,0.014926,0.003223,0.020485,0.003230,0.478287,0.010692,0.317730,0.003800
topaneu_center1_mr_630,0.884998,0.004652,0.003388,0.003956,0.004125,0.004108,0.004248,0.003539,0.003462,0.003267,0.003278,0.003402,0.003376,0.003341,0.003962,0.003384,0.003409,0.003512,0.003031,0.003057,0.003380,0.003378,0.006573,0.006450,0.003630,0.003418,0.003689,0.003465,0.004132,0.004638,0.004755,0.004614,0.003626,0.003438,0.003661,0.003435,0.480513,0.042825,0.040918,0.040144,0.036672,0.003160,0.003148,0.003125,0.003149,0.003143,0.003113,0.003141,0.003129,0.003502,0.003560,0.003144,0.003173
topaneu_center1_mr_631,0.109902,0.005644,0.004149,0.003672,0.003755,0.003709,0.003809,0.005230,0.005066,0.004398,0.004322,0.004733,0.004582,0.004557,0.003715,0.004793,0.004818,0.005199,0.003394,0.003659,0.003816,0.004096,0.029749,0.010801,0.004558,0.004200,0.004786,0.004279,0.004860,0.004673,0.004798,0.004615,0.004638,0.004085,0.004683,0.004230,0.005550,0.003308,0.003373,0.003313,0.003375,0.003373,0.003405,0.003332,0.003358,0.003242,0.003267,0.003261,0.003274,0.003810,0.003929,0.003420,0.003569
topaneu_center1_mr_637,0.132544,0.003416,0.003605,0.003565,0.003587,0.003580,0.003623,0.003595,0.003567,0.003942,0.003919,0.003501,0.003499,0.003973,0.003583,0.003515,0.003518,0.003569,0.003409,0.003353,0.003718,0.003662,0.007656,0.006843,0.013472,0.003681,0.017223,0.003752,0.004520,0.003853,0.004488,0.004372,0.013837,0.003663,0.015787,0.003731,0.005210,0.003328,0.003263,0.003314,0.003278,0.003385,0.003347,0.003345,0.003325,0.003238,0.003247,0.003253,0.003255,0.004032,0.003758,0.003554,0.003484
topaneu_center1_mr_638,0.146747,0.004159,0.005325,0.003943,0.003761,0.003989,0.003802,0.003951,0.003877,0.004007,0.004053,0.003794,0.003793,0.003909,0.004010,0.003809,0.003836,0.003919,0.003463,0.003378,0.004028,0.003870,0.007528,0.008222,0.003822,0.004014,0.003877,0.004104,0.004977,0.004795,0.004889,0.004747,0.003841,0.003895,0.003857,0.004030,0.004842,0.003504,0.003472,0.003500,0.003480,0.003532,0.003508,0.003487,0.003476,0.003391,0.003415,0.003418,0.003430,0.004103,0.004108,0.003624,0.003687
topaneu_center1_mr_647,0.948536,0.003215,0.003636,0.003327,0.003276,0.003356,0.003340,0.003466,0.003439,0.003193,0.004854,0.003360,0.003358,0.003265,0.003293,0.003353,0.003358,0.003445,0.003040,0.003078,0.003272,0.003371,0.008972,0.004520,0.003508,0.042258,0.003539,0.045045,0.003798,0.005093,0.005269,0.005011,0.003500,0.031548,0.003511,0.032828,0.065545,0.003191,0.015294,0.003172,0.014403,0.003206,0.003300,0.003180,0.003258,0.006576,0.023820,0.008134,0.026086,0.313282,0.003934,0.151302,0.003210
topaneu_center1_mr_653,0.104290,0.004315,0.004255,0.003943,0.003982,0.003968,0.004037,0.003784,0.003748,0.004036,0.004097,0.003696,0.003696,0.003840,0.003833,0.003709,0.003712,0.003770,0.003573,0.003564,0.004057,0.004030,0.009493,0.011224,0.004304,0.003716,0.004468,0.003784,0.004570,0.004688,0.004724,0.004605,0.004350,0.003710,0.004395,0.003751,0.004360,0.003658,0.003674,0.003629,0.003670,0.003726,0.003704,0.003672,0.003637,0.003433,0.003441,0.003446,0.003457,0.004194,0.004060,0.003742,0.003732
topaneu_center1_mr_660,0.139693,0.003419,0.003573,0.003392,0.003323,0.003390,0.003343,0.003345,0.003317,0.003677,0.003353,0.003299,0.003305,0.003508,0.003486,0.003305,0.003306,0.003329,0.003168,0.003149,0.003401,0.003459,0.008430,0.008045,0.005558,0.017329,0.006182,0.018561,0.031055,0.005604,0.004089,0.004028,0.005634,0.013211,0.005829,0.014403,0.003685,0.003286,0.003196,0.003276,0.003205,0.003313,0.003207,0.003273,0.003193,0.003169,0.003214,0.003172,0.003222,0.003514,0.003874,0.003232,0.003401
topaneu_center1_mr_664,0.704527,0.003469,0.004370,0.003417,0.003381,0.003427,0.003393,0.003895,0.003824,0.003262,0.003939,0.003725,0.003670,0.003486,0.003290,0.003724,0.003733,0.003879,0.003093,0.003213,0.004607,0.004693,0.125948,0.009732,0.104893,0.004446,0.132574,0.004584,0.004882,0.003690,0.004767,0.004609,0.106671,0.004295,0.126635,0.004385,0.003982,0.003201,0.003151,0.003177,0.003165,0.003271,0.003754,0.003210,0.003686,0.003173,0.003224,0.003191,0.003248,0.003657,0.003465,0.003201,0.003185
topaneu_center1_mr_670,0.975960,0.003612,0.003665,0.003491,0.005462,0.003525,0.005805,0.003432,0.003393,0.003505,0.003405,0.003322,0.003304,0.004203,0.003442,0.003317,0.003317,0.003420,0.003091,0.003108,0.003407,0.003462,0.015387,0.015837,0.035413,0.004440,0.046968,0.004542,0.006243,0.005858,0.006100,0.005628,0.036401,0.004292,0.040958,0.004453,0.004720,0.003516,0.003206,0.003426,0.003218,0.004030,0.003696,0.003719,0.003619,0.003890,0.009718,0.004081,0.011789,0.008783,0.372469,0.004080,0.236184
topaneu_center1_mr_681,0.982479,0.003707,0.003681,0.003327,0.005998,0.003346,0.006419,0.003666,0.003623,0.003877,0.003377,0.003542,0.003526,0.003432,0.003853,0.003557,0.003559,0.003654,0.003207,0.003320,0.003538,0.003368,0.004620,0.009820,0.003552,0.175438,0.003582,0.182286,0.006909,0.006507,0.006707,0.006284,0.003538,0.144284,0.003557,0.150041,0.005584,0.003491,0.017464,0.003432,0.014994,0.003624,0.003538,0.003550,0.003493,0.003526,0.183531,0.003590,0.208038,0.091537,0.003729,0.028514,0.003302
topaneu_center1_mr_682,0.343134,0.003519,0.004425,0.003614,0.003582,0.003628,0.003620,0.003703,0.003654,0.003837,0.003866,0.003597,0.003580,0.003683,0.003959,0.003614,0.003624,0.003705,0.003243,0.003260,0.003600,0.003676,0.010272,0.007759,0.003846,0.003722,0.003976,0.003794,0.004663,0.004545,0.004610,0.004476,0.003868,0.003728,0.003942,0.003767,0.004249,0.003750,0.060841,0.003729,0.056560,0.003560,0.003756,0.003495,0.003677,0.003250,0.003228,0.003255,0.003245,0.003873,0.003776,0.003447,0.003455
topaneu_center1_mr_693,0.294250,0.003775,0.003652,0.003419,0.003440,0.003437,0.003497,0.003601,0.003561,0.003464,0.004868,0.003449,0.003433,0.003325,0.003362,0.003458,0.003460,0.003557,0.003011,0.003044,0.003321,0.003376,0.013131,0.037189,0.004784,0.021623,0.005142,0.024896,0.004686,0.004232,0.004648,0.004439,0.004839,0.015902,0.004954,0.018584,0.003884,0.003156,0.003166,0.003151,0.003163,0.003191,0.003148,0.003173,0.003135,0.003155,0.003150,0.003152,0.003154,0.003801,0.003642,0.003216,0.003204
topaneu_center1_mr_694,0.871622,0.003495,0.004428,0.003368,0.003216,0.003422,0.003256,0.003362,0.003350,0.003167,0.003304,0.003278,0.003264,0.003444,0.003396,0.003272,0.003273,0.003353,0.003019,0.003042,0.003308,0.003476,0.004737,0.006938,0.041115,0.003840,0.053440,0.003892,0.005266,0.005072,0.005082,0.004836,0.044004,0.003770,0.050090,0.003822,0.004004,0.200950,0.003066,0.190399,0.003073,0.003135,0.003116,0.003094,0.003097,0.003202,0.003113,0.003249,0.003116,0.004011,0.003795,0.003244,0.003238
topaneu_center1_mr_697,0.106194,0.004209,0.004395,0.003764,0.004353,0.003814,0.004423,0.003757,0.003720,0.006244,0.003887,0.003652,0.003653,0.003794,0.003857,0.003658,0.003685,0.003723,0.003536,0.003388,0.003775,0.003758,0.009026,0.028134,0.004060,0.003665,0.004140,0.003709,0.003955,0.004420,0.004535,0.004413,0.004083,0.003647,0.004098,0.003700,0.004884,0.003427,0.003446,0.003420,0.003439,0.003499,0.003518,0.003434,0.003477,0.003356,0.003297,0.003367,0.003327,0.004206,0.003954,0.003649,0.003579
topaneu_center1_mr_702,0.936296,0.003424,0.003519,0.003166,0.003221,0.003187,0.003242,0.003210,0.003185,0.003232,0.003532,0.003143,0.003140,0.003238,0.003147,0.003157,0.003154,0.003206,0.003076,0.003195,0.003615,0.003517,0.012804,0.057332,0.043809,0.121574,0.056549,0.128395,0.005005,0.004123,0.005694,0.005376,0.044294,0.096183,0.049892,0.104732,0.008911,0.003228,0.004593,0.003213,0.004491,0.003403,0.003364,0.003334,0.003308,0.003188,0.013630,0.003193,0.016222,0.018577,0.003908,0.008380,0.003285
topaneu_center1_mr_713,0.241342,0.004804,0.004346,0.003476,0.004021,0.003496,0.004137,0.003635,0.003598,0.003909,0.003337,0.003499,0.003496,0.003236,0.003274,0.003504,0.003529,0.003606,0.003080,0.003084,0.003263,0.003414,0.006742,0.013530,0.003424,0.011039,0.003456,0.012309,0.004184,0.004087,0.004155,0.004044,0.003429,0.008769,0.003439,0.009709,0.143591,0.018470,0.003540,0.016021,0.003501,0.003209,0.003124,0.003173,0.003119,0.003075,0.003095,0.003080,0.003095,0.003559,0.003801,0.003220,0.003256
topaneu_center1_mr_720,0.357605,0.003413,0.003905,0.003466,0.004227,0.003478,0.004282,0.003425,0.003392,0.004107,0.003299,0.003340,0.003314,0.003327,0.003457,0.003342,0.003355,0.003420,0.003113,0.003199,0.003511,0.003712,0.009656,0.085144,0.004032,0.050211,0.004216,0.053491,0.004478,0.003749,0.004408,0.004269,0.004078,0.034937,0.004151,0.036821,0.004781,0.003199,0.003204,0.003173,0.003199,0.003322,0.003324,0.003229,0.003295,0.003086,0.003103,0.003081,0.003105,0.003950,0.003856,0.003363,0.003373
topaneu_center1_mr_727,0.114818,0.003654,0.004153,0.003547,0.003533,0.003557,0.003557,0.003350,0.003319,0.004184,0.004314,0.003291,0.003291,0.003505,0.003521,0.003299,0.003304,0.003320,0.003221,0.003311,0.003553,0.003578,0.007045,0.006278,0.005145,0.004619,0.005783,0.004775,0.004029,0.003802,0.004451,0.004346,0.005238,0.004392,0.005549,0.004554,0.004232,0.003319,0.003377,0.003311,0.003388,0.003182,0.003295,0.003173,0.003281,0.003191,0.005492,0.003195,0.005623,0.003680,0.003709,0.003362,0.003390
topaneu_center1_mr_729,0.195697,0.003427,0.003769,0.003377,0.003538,0.003394,0.003571,0.031667,0.026576,0.004083,0.004122,0.019994,0.016035,0.004019,0.005058,0.019875,0.019701,0.029026,0.038422,0.007239,0.003435,0.003472,0.005791,0.006860,0.003672,0.004821,0.003699,0.004991,0.006872,0.004298,0.004360,0.004241,0.003667,0.004579,0.003689,0.004731,0.004013,0.003283,0.003230,0.003247,0.003238,0.003233,0.003264,0.003199,0.003228,0.003226,0.003197,0.003253,0.003195,0.003480,0.003565,0.003206,0.003298
topaneu_center1_mr_731,0.244434,0.003823,0.004414,0.003846,0.003909,0.003863,0.003932,0.003532,0.003486,0.004380,0.004610,0.003461,0.003471,0.004077,0.003775,0.003473,0.003469,0.003511,0.003715,0.003583,0.003824,0.004005,0.006063,0.005996,0.003658,0.003544,0.003662,0.003581,0.004216,0.004524,0.004628,0.004516,0.003664,0.003550,0.003671,0.003573,0.004968,0.003457,0.003413,0.003458,0.003435,0.003725,0.003818,0.003637,0.003738,0.003379,0.068156,0.003416,0.080916,0.004103,0.004128,0.003669,0.003703
topaneu_center1_mr_732,0.130883,0.003672,0.021701,0.003536,0.003768,0.003560,0.003810,0.003568,0.003535,0.003240,0.003529,0.003484,0.003494,0.003976,0.003565,0.003497,0.003514,0.003548,0.003281,0.003258,0.004388,0.004287,0.005524,0.011520,0.003831,0.025828,0.003993,0.027039,0.004917,0.026457,0.004319,0.004233,0.003844,0.018943,0.003910,0.019355,0.004601,0.003440,0.003303,0.003441,0.003307,0.003275,0.003342,0.003257,0.003323,0.003164,0.003130,0.003186,0.003148,0.003799,0.003527,0.003425,0.003345
topaneu_center1_mr_740,0.269559,0.003477,0.004647,0.003618,0.003427,0.003699,0.003441,0.003592,0.003559,0.004087,0.004119,0.003471,0.003456,0.003542,0.003452,0.003483,0.003484,0.003567,0.003227,0.003684,0.003624,0.003585,0.008752,0.118747,0.003755,0.005604,0.003840,0.005828,0.004417,0.005833,0.004425,0.004264,0.003778,0.005158,0.003791,0.005471,0.003708,0.003292,0.003245,0.003263,0.003238,0.003301,0.003427,0.003211,0.003359,0.003215,0.003159,0.003249,0.003171,0.004736,0.003847,0.003525,0.003360
topaneu_center1_mr_741,0.975231,0.003750,0.003915,0.003289,0.003206,0.003362,0.003261,0.003195,0.003176,0.003516,0.003448,0.003137,0.003121,0.003377,0.003702,0.003137,0.003135,0.003177,0.003043,0.005276,0.003325,0.003414,0.011878,0.014398,0.004249,0.214552,0.004544,0.222198,0.004329,0.102583,0.006818,0.006363,0.004258,0.173876,0.004359,0.182906,0.013577,0.003569,0.003920,0.003527,0.003884,0.003273,0.003208,0.003250,0.003204,0.003170,0.005106,0.003184,0.005659,0.003951,0.004154,0.003208,0.003214
topaneu_center1_mr_742,0.678893,0.003610,0.004313,0.003303,0.003237,0.003288,0.003255,0.003909,0.003826,0.003223,0.003358,0.003707,0.003688,0.003174,0.003304,0.003711,0.003741,0.003892,0.003064,0.003030,0.003388,0.003407,0.006620,0.012620,0.012599,0.148353,0.016061,0.154274,0.004537,0.004445,0.004471,0.004365,0.012300,0.115453,0.014096,0.121916,0.004213,0.003118,0.003170,0.003091,0.003177,0.003147,0.003150,0.003119,0.003128,0.003075,0.003154,0.003080,0.003157,0.003242,0.003264,0.003058,0.003060
topaneu_center1_mr_744,0.502660,0.004156,0.003768,0.003417,0.003195,0.003437,0.003216,0.003503,0.003472,0.003436,0.004151,0.003387,0.003361,0.003414,0.003329,0.003384,0.003393,0.003497,0.003084,0.003205,0.003598,0.003377,0.008008,0.008881,0.003795,0.138865,0.003853,0.145172,0.004286,0.084150,0.004276,0.004164,0.003811,0.105789,0.003818,0.113752,0.003564,0.003186,0.003179,0.003170,0.003159,0.003069,0.003104,0.003051,0.003104,0.003094,0.003117,0.003109,0.003129,0.003469,0.003336,0.003146,0.003106
topaneu_center1_mr_750,0.984361,0.003810,0.005080,0.003554,0.003783,0.003668,0.003937,0.003725,0.003678,0.005486,0.007055,0.003575,0.003514,0.003735,0.003887,0.003577,0.003556,0.003699,0.003459,0.003642,0.004011,0.003866,0.006389,0.012485,0.004663,0.005015,0.004953,0.005116,0.008477,0.015427,0.008304,0.007532,0.004704,0.004749,0.004894,0.004899,0.006028,0.003546,0.003461,0.003497,0.003439,0.003826,0.003610,0.003654,0.003536,0.003954,0.005264,0.004090,0.005747,0.006870,0.491292,0.003972,0.362706
topaneu_center1_mr_760,0.253940,0.003746,0.003932,0.003858,0.003610,0.003904,0.003664,0.003491,0.003433,0.003633,0.004401,0.003390,0.003374,0.003617,0.003738,0.003384,0.003406,0.003452,0.003181,0.003249,0.003637,0.003651,0.006643,0.009501,0.003591,0.005543,0.003647,0.005818,0.004202,0.014900,0.004736,0.004556,0.003619,0.005054,0.003639,0.005378,0.004330,0.003397,0.003355,0.003368,0.003355,0.003532,0.004941,0.003392,0.004574,0.003378,0.003210,0.003473,0.003220,0.005334,0.003776,0.003658,0.003315
topaneu_center1_mr_763,0.176923,0.004604,0.004515,0.004255,0.004215,0.004295,0.004284,0.004062,0.003966,0.004242,0.007602,0.003906,0.003890,0.004128,0.004201,0.003921,0.003925,0.004015,0.003906,0.004083,0.004362,0.004451,0.005636,0.005085,0.003808,0.003782,0.003829,0.003794,0.007214,0.004608,0.005537,0.005385,0.003834,0.003776,0.003835,0.003809,0.005259,0.003920,0.003883,0.003878,0.003868,0.004278,0.004128,0.004129,0.004006,0.003680,0.003772,0.003740,0.003809,0.005515,0.004994,0.004266,0.004090
topaneu_center1_mr_765,0.199180,0.004959,0.005399,0.003609,0.003695,0.003631,0.003724,0.003973,0.003910,0.004079,0.003737,0.003798,0.003790,0.003629,0.003756,0.003810,0.003843,0.003923,0.003198,0.003250,0.003646,0.003599,0.006497,0.009855,0.003914,0.035446,0.003994,0.037634,0.004534,0.004422,0.004508,0.004405,0.003943,0.024859,0.003952,0.024866,0.004173,0.003277,0.003309,0.003266,0.003323,0.003288,0.003306,0.003288,0.003301,0.003228,0.003204,0.003248,0.003220,0.003570,0.003401,0.003336,0.003268
topaneu_center1_mr_770,0.097138,0.004512,0.004477,0.003931,0.004011,0.003966,0.004055,0.003700,0.003665,0.004212,0.003709,0.003597,0.003591,0.003925,0.003874,0.003604,0.003616,0.003664,0.003415,0.003527,0.003951,0.004031,0.009087,0.009190,0.003873,0.004613,0.003917,0.004720,0.004190,0.003894,0.004892,0.004728,0.003907,0.004431,0.003907,0.004572,0.004534,0.003459,0.003535,0.003451,0.003531,0.003677,0.003650,0.003598,0.003597,0.003328,0.003358,0.003353,0.003373,0.004071,0.003964,0.003654,0.003634
topaneu_center1_mr_772,0.936741,0.003563,0.005269,0.003316,0.003242,0.003328,0.003258,0.003582,0.003559,0.004614,0.005290,0.003462,0.003450,0.003294,0.003746,0.003476,0.003476,0.003582,0.003032,0.003048,0.003259,0.003348,0.022726,0.052755,0.101989,0.113974,0.124542,0.121313,0.005128,0.004953,0.005017,0.004848,0.102413,0.090604,0.115614,0.097661,0.005045,0.003857,0.003157,0.003765,0.003173,0.003208,0.003218,0.003196,0.003206,0.003118,0.003164,0.003132,0.003167,0.003680,0.004107,0.003214,0.003298
topaneu_center1_mr_774,0.919649,0.004360,0.004194,0.003396,0.003736,0.003467,0.003844,0.005339,0.004913,0.003421,0.003219,0.004462,0.004264,0.003499,0.004204,0.004430,0.004455,0.005113,0.002991,0.002980,0.003312,0.003563,0.018085,0.009994,0.101312,0.010329,0.123953,0.011629,0.006363,0.005890,0.006169,0.005601,0.102270,0.008401,0.115819,0.009245,0.005965,0.005129,0.003250,0.004682,0.003230,0.003266,0.004145,0.003226,0.003890,0.003159,0.003083,0.003178,0.003088,0.003945,0.003937,0.003176,0.003074
topaneu_center1_mr_775,0.301164,0.003555,0.003360,0.003777,0.003277,0.003868,0.003297,0.003320,0.003316,0.003992,0.003704,0.003246,0.003240,0.003685,0.003314,0.003262,0.003263,0.003316,0.003085,0.006317,0.003390,0.004194,0.148126,0.056471,0.048373,0.004288,0.061881,0.004292,0.004264,0.004144,0.004255,0.004137,0.047567,0.004122,0.058425,0.004230,0.003537,0.003072,0.003058,0.003048,0.003054,0.003203,0.003082,0.003160,0.003063,0.003004,0.003004,0.003011,0.003014,0.003208,0.003406,0.003030,0.003101
topaneu_center1_mr_776,0.882164,0.003481,0.003984,0.003143,0.003250,0.003172,0.003292,0.003354,0.003342,0.003234,0.003607,0.003290,0.003263,0.003187,0.003194,0.003285,0.003281,0.003352,0.003270,0.003204,0.003793,0.003599,0.011416,0.040673,0.090749,0.009102,0.112739,0.010049,0.037131,0.099597,0.005885,0.005533,0.092826,0.007581,0.106026,0.008290,0.004276,0.201032,0.003099,0.191860,0.003106,0.003286,0.003198,0.003232,0.003180,0.003389,0.003113,0.003454,0.003116,0.003846,0.003722,0.003260,0.003190
topaneu_center1_mr_788,0.164903,0.005808,0.045557,0.003375,0.003233,0.003380,0.003244,0.003426,0.003392,0.003312,0.003900,0.003344,0.003346,0.003514,0.003266,0.003351,0.003376,0.003418,0.003048,0.003097,0.003375,0.003377,0.010248,0.015943,0.004193,0.021481,0.004428,0.024197,0.004705,0.006541,0.004077,0.003995,0.004231,0.015770,0.004317,0.017998,0.003956,0.003116,0.003233,0.003108,0.003235,0.003190,0.003190,0.003180,0.003170,0.003087,0.003081,0.003093,0.003081,0.003737,0.003640,0.003254,0.003260
topaneu_center1_mr_789,0.981132,0.003633,0.003620,0.003197,0.003265,0.003245,0.003314,0.003399,0.003365,0.006061,0.006239,0.003297,0.003279,0.003315,0.003421,0.003300,0.003301,0.003381,0.003388,0.003135,0.003340,0.003454,0.135720,0.023605,0.165807,0.006726,0.195111,0.006879,0.008302,0.006549,0.007319,0.006715,0.165472,0.006057,0.183440,0.006336,0.008712,0.104322,0.003215,0.095918,0.003236,0.003321,0.003346,0.003265,0.003298,0.003347,0.003235,0.003382,0.003232,0.003917,0.003766,0.003259,0.003242
topaneu_center1_mr_790,0.103844,0.004142,0.004860,0.003983,0.003778,0.004019,0.003826,0.003735,0.003695,0.003934,0.004569,0.003633,0.003616,0.003851,0.004032,0.003633,0.003630,0.003696,0.003554,0.003448,0.003757,0.003713,0.024820,0.008632,0.004123,0.004658,0.004228,0.004808,0.004432,0.004600,0.004682,0.004561,0.004161,0.004480,0.004183,0.004634,0.004293,0.003637,0.003476,0.003595,0.003480,0.003584,0.003458,0.003514,0.003424,0.003339,0.003367,0.003360,0.003385,0.004091,0.004052,0.003631,0.003640
topaneu_center1_mr_792,0.827987,0.003423,0.003829,0.003460,0.004701,0.003642,0.005009,0.003517,0.003490,0.003596,0.003531,0.003348,0.003297,0.003944,0.003487,0.003355,0.003339,0.003501,0.003149,0.003137,0.003420,0.003551,0.010310,0.009865,0.003667,0.004639,0.003758,0.004740,0.004780,0.004123,0.005923,0.005437,0.003681,0.004411,0.003722,0.004550,0.004208,0.003162,0.003185,0.003138,0.003174,0.003429,0.003773,0.003329,0.003597,0.003097,0.209677,0.003125,0.238600,0.005239,0.042159,0.003323,0.007443
topaneu_center1_mr_795,0.968625,0.004780,0.004100,0.003465,0.003189,0.003503,0.003236,0.003408,0.003390,0.003311,0.003597,0.003323,0.003314,0.003439,0.003455,0.003328,0.003318,0.003409,0.003078,0.003056,0.003400,0.003380,0.225128,0.025066,0.008890,0.164391,0.011042,0.170842,0.006729,0.004430,0.006493,0.006016,0.009418,0.129969,0.010705,0.138067,0.008274,0.003249,0.003202,0.003184,0.003199,0.003219,0.003389,0.003186,0.003321,0.003146,0.003140,0.003165,0.003146,0.004245,0.003825,0.003343,0.003300
topaneu_center1_mr_797,0.113281,0.003558,0.004721,0.003818,0.003745,0.003865,0.003797,0.004294,0.004210,0.004290,0.003974,0.004050,0.004047,0.003841,0.003801,0.004083,0.004133,0.004263,0.003290,0.003331,0.003595,0.003773,0.022390,0.005584,0.005202,0.003768,0.005561,0.003818,0.005369,0.004429,0.004576,0.004450,0.005273,0.003740,0.005412,0.003797,0.004156,0.003345,0.003324,0.003352,0.003328,0.003371,0.003456,0.003337,0.003411,0.003302,0.003355,0.003321,0.003376,0.003919,0.003754,0.003535,0.003503
topaneu_center1_mr_800,0.932782,0.006533,0.004848,0.003836,0.003627,0.003980,0.003749,0.003855,0.003762,0.003618,0.003671,0.003622,0.003571,0.003574,0.003631,0.003611,0.003582,0.003782,0.003309,0.003500,0.003541,0.136876,0.010666,0.012206,0.003518,0.076299,0.003573,0.078898,0.006611,0.008550,0.006500,0.006066,0.003503,0.060851,0.003534,0.061012,0.007665,0.003514,0.003658,0.003474,0.003644,0.004194,0.004133,0.003956,0.003964,0.003533,0.003619,0.003623,0.003641,0.026558,0.005142,0.012340,0.003559
topaneu_center1_mr_804,0.540149,0.003411,0.003942,0.003447,0.003084,0.003444,0.003092,0.003593,0.003542,0.003690,0.003898,0.003463,0.003463,0.003964,0.004152,0.003478,0.003485,0.003577,0.003202,0.003044,0.003286,0.003252,0.051205,0.087232,0.006302,0.003788,0.007195,0.003843,0.004333,0.004417,0.004534,0.004371,0.006332,0.003739,0.006594,0.003793,0.004666,0.003161,0.003113,0.003156,0.003136,0.003206,0.003140,0.003178,0.003123,0.003144,0.023605,0.003155,0.027865,0.004065,0.253435,0.003260,0.133030
topaneu_center1_mr_807,0.717953,0.003962,0.003629,0.003203,0.004572,0.003207,0.004718,0.003575,0.003539,0.004346,0.003380,0.003473,0.003453,0.003751,0.003471,0.003467,0.003468,0.003557,0.003247,0.003224,0.003450,0.003634,0.035933,0.016234,0.004120,0.004536,0.004282,0.004687,0.010690,0.004732,0.004854,0.004691,0.004130,0.004369,0.004202,0.004447,0.489704,0.151068,0.015095,0.140571,0.012982,0.003354,0.003199,0.003263,0.003179,0.003273,0.003186,0.003286,0.003213,0.003421,0.003538,0.003146,0.003163
topaneu_center1_mr_810,0.977552,0.004137,0.003370,0.003497,0.005232,0.003559,0.005755,0.003637,0.003577,0.005738,0.005710,0.003488,0.003454,0.003435,0.003678,0.003506,0.003473,0.003605,0.011230,0.003239,0.003585,0.003382,0.010318,0.004752,0.004648,0.028680,0.004914,0.029474,0.004534,0.005994,0.006349,0.005961,0.004672,0.023506,0.004817,0.026104,0.004505,0.003312,0.005814,0.003289,0.005232,0.003395,0.003467,0.003290,0.003419,0.003294,0.003638,0.003321,0.003677,0.004258,0.389139,0.003428,0.256625
topaneu_center1_mr_816,0.731164,0.003820,0.003539,0.004966,0.003285,0.005183,0.003330,0.003512,0.003475,0.003447,0.004269,0.003415,0.003381,0.003237,0.003435,0.003417,0.003417,0.003506,0.003095,0.003041,0.003341,0.003351,0.012565,0.009376,0.108197,0.004935,0.131786,0.005052,0.346342,0.004097,0.005330,0.005066,0.110450,0.004671,0.125079,0.004804,0.005962,0.003252,0.003122,0.003200,0.003129,0.003157,0.003094,0.003120,0.003086,0.003241,0.003046,0.003258,0.003060,0.003357,0.003757,0.003067,0.003142
topaneu_center1_mr_819,0.114565,0.004107,0.003824,0.003598,0.003747,0.003622,0.003786,0.003718,0.003680,0.003554,0.003577,0.003572,0.003567,0.004121,0.003735,0.003590,0.003605,0.003683,0.003381,0.003457,0.003769,0.003952,0.017391,0.028626,0.004467,0.005437,0.004622,0.005712,0.004086,0.003952,0.004630,0.004505,0.004518,0.005095,0.004541,0.005329,0.005135,0.003402,0.003380,0.003382,0.003357,0.003396,0.003275,0.003360,0.003264,0.003281,0.003321,0.003299,0.003344,0.003783,0.003627,0.003452,0.003406
topaneu_center1_mr_823,0.102525,0.004385,0.005033,0.004546,0.003913,0.004628,0.003968,0.003984,0.003917,0.004011,0.004117,0.003852,0.003849,0.003957,0.004080,0.003868,0.003875,0.003937,0.003592,0.003537,0.003741,0.003930,0.010426,0.007980,0.004035,0.004216,0.004121,0.004315,0.004468,0.017051,0.004698,0.004621,0.004073,0.004114,0.004106,0.004224,0.004877,0.004987,0.003567,0.004864,0.003575,0.003490,0.003419,0.003463,0.003402,0.003393,0.003761,0.003417,0.003779,0.003890,0.003677,0.003576,0.003504
topaneu_center1_mr_840,0.098692,0.003901,0.004091,0.003961,0.003780,0.003981,0.003825,0.003643,0.003606,0.003843,0.003706,0.003569,0.003560,0.003877,0.003750,0.003572,0.003571,0.003611,0.003396,0.003761,0.003756,0.003896,0.011571,0.009334,0.004140,0.003934,0.004286,0.004006,0.005345,0.005044,0.004761,0.004610,0.004192,0.003872,0.004264,0.003977,0.005233,0.003446,0.003552,0.003449,0.003545,0.003586,0.003505,0.003542,0.003473,0.003379,0.003377,0.003410,0.003400,0.003989,0.003923,0.003610,0.003632
topaneu_center1_mr_842,0.957607,0.003692,0.003872,0.003503,0.003485,0.003563,0.003571,0.003577,0.003533,0.003776,0.003645,0.003455,0.003412,0.003535,0.003474,0.003434,0.003424,0.003534,0.003284,0.003303,0.003701,0.003667,0.013864,0.011595,0.003870,0.004130,0.003953,0.004186,0.004470,0.005968,0.006276,0.005905,0.003871,0.004032,0.003904,0.004069,0.004632,0.003275,0.003253,0.003255,0.003246,0.003531,0.003322,0.003434,0.003292,0.013981,0.003381,0.018906,0.003411,0.468534,0.004968,0.305839,0.003474
topaneu_center1_mr_848,0.196712,0.003967,0.004495,0.003430,0.003348,0.003452,0.003389,0.007785,0.006674,0.003378,0.004453,0.005927,0.005296,0.003487,0.003478,0.005646,0.005681,0.007123,0.003053,0.005487,0.003392,0.003369,0.012018,0.038959,0.003814,0.007504,0.003941,0.007789,0.004657,0.004412,0.004583,0.004383,0.003843,0.006507,0.003882,0.006871,0.003735,0.003137,0.003105,0.003126,0.003123,0.003354,0.003248,0.003279,0.003221,0.003067,0.003076,0.003067,0.003066,0.003574,0.003583,0.003179,0.003203
topaneu_center1_mr_850,0.124884,0.004717,0.004221,0.003749,0.003708,0.003765,0.003776,0.003553,0.003511,0.003688,0.003853,0.003477,0.003493,0.003533,0.003751,0.003493,0.003498,0.003521,0.006937,0.003243,0.003606,0.003622,0.011011,0.009379,0.003905,0.005020,0.004019,0.005073,0.009085,0.004401,0.004502,0.004405,0.003945,0.004667,0.003979,0.004866,0.004163,0.003296,0.003389,0.003297,0.003401,0.003364,0.003468,0.003344,0.003404,0.003235,0.003406,0.003246,0.003409,0.004007,0.003566,0.003545,0.003374
topaneu_center1_mr_871,0.696759,0.004585,0.003847,0.004180,0.003246,0.004332,0.003290,0.028944,0.026666,0.003101,0.003577,0.020879,0.018320,0.004421,0.006762,0.022291,0.022592,0.028823,0.003218,0.005360,0.003272,0.003447,0.020167,0.013194,0.027807,0.004201,0.035408,0.004367,0.008894,0.005989,0.004955,0.004674,0.027717,0.004074,0.031776,0.004186,0.037825,0.007759,0.003289,0.006695,0.003315,0.003212,0.003146,0.003160,0.003130,0.003121,0.019298,0.003144,0.023532,0.003697,0.003417,0.003166,0.003102
topaneu_center1_mr_877,0.971128,0.050802,0.003815,0.220393,0.003504,0.251518,0.003582,0.003724,0.003650,0.005370,0.003709,0.003508,0.003458,0.003374,0.003243,0.003505,0.003523,0.003687,0.003123,0.003178,0.003505,0.003571,0.011680,0.012987,0.003849,0.003751,0.003967,0.003826,0.006302,0.005239,0.006143,0.005726,0.003855,0.003708,0.003925,0.003741,0.007093,0.003232,0.003299,0.003200,0.003301,0.003337,0.003371,0.003246,0.003312,0.242686,0.003316,0.289918,0.003320,0.004406,0.003583,0.003376,0.003214
topaneu_center1_mr_891,0.116096,0.005451,0.005435,0.003863,0.003627,0.003874,0.003663,0.003826,0.003776,0.003865,0.004338,0.003712,0.003710,0.003883,0.003947,0.003723,0.003731,0.003788,0.003384,0.003460,0.003828,0.003822,0.005503,0.007513,0.003471,0.004239,0.003500,0.004307,0.004878,0.012504,0.004816,0.004701,0.003494,0.004148,0.003500,0.004271,0.004649,0.003741,0.003510,0.003717,0.003518,0.003585,0.003545,0.003550,0.003509,0.003398,0.003431,0.003417,0.003456,0.004298,0.004083,0.003767,0.003688
topaneu_center1_mr_892,0.920200,0.003314,0.003510,0.003459,0.003317,0.003494,0.003365,0.003864,0.003807,0.004516,0.004601,0.003657,0.003617,0.003695,0.003506,0.003667,0.003645,0.003841,0.179486,0.003087,0.003277,0.003462,0.007618,0.008560,0.019088,0.004073,0.025545,0.004111,0.004987,0.004816,0.004890,0.004728,0.020756,0.003981,0.024331,0.004035,0.005335,0.166412,0.003102,0.146741,0.003106,0.003206,0.003196,0.003136,0.003170,0.003135,0.003132,0.003166,0.003140,0.003618,0.003656,0.003192,0.003173
topaneu_center1_mr_895,0.973256,0.006552,0.005677,0.003941,0.007336,0.004015,0.007905,0.133483,0.121294,0.007003,0.005634,0.102575,0.089463,0.004754,0.003806,0.102797,0.102269,0.127954,0.003806,0.003683,0.004290,0.004599,0.009870,0.086797,0.007229,0.005656,0.007969,0.005829,0.008391,0.008007,0.008212,0.007621,0.007329,0.005391,0.007628,0.005539,0.007055,0.019265,0.003892,0.018054,0.003902,0.099413,0.032496,0.081140,0.032004,0.131021,0.180129,0.159651,0.200541,0.005732,0.005729,0.004320,0.004378
topaneu_center1_mr_896,0.105873,0.003817,0.005186,0.003813,0.003635,0.003833,0.003667,0.004427,0.004341,0.004251,0.004281,0.004144,0.004122,0.003655,0.003704,0.004195,0.004225,0.004387,0.003330,0.003343,0.003686,0.003673,0.006797,0.007269,0.007130,0.004239,0.008166,0.004349,0.004503,0.004376,0.004483,0.004376,0.007552,0.004137,0.008162,0.004259,0.004646,0.003718,0.003363,0.003595,0.003376,0.003504,0.003400,0.003477,0.003369,0.003299,0.003305,0.003308,0.003317,0.003699,0.003591,0.003432,0.003436
topaneu_center1_mr_902,0.101184,0.004293,0.004835,0.003715,0.004232,0.003733,0.004286,0.003897,0.003840,0.003752,0.004205,0.003743,0.003730,0.003937,0.003724,0.003764,0.003787,0.003870,0.003373,0.003537,0.003735,0.003778,0.010288,0.025575,0.004586,0.003983,0.004860,0.004069,0.004402,0.004407,0.004377,0.004295,0.004623,0.003906,0.004703,0.004019,0.004036,0.003424,0.003459,0.003411,0.003459,0.003476,0.003452,0.003428,0.003413,0.003278,0.003246,0.003313,0.003257,0.003658,0.003736,0.003382,0.003498
topaneu_center1_mr_909,0.451792,0.003863,0.003230,0.009004,0.003324,0.012005,0.003359,0.003443,0.003410,0.003516,0.003409,0.003353,0.003360,0.003263,0.003266,0.003367,0.003367,0.003423,0.003093,0.003100,0.003469,0.003443,0.005463,0.007146,0.003421,0.080506,0.003451,0.082134,0.004600,0.003861,0.004860,0.004697,0.003422,0.061957,0.003441,0.062172,0.007693,0.003248,0.003683,0.003213,0.003648,0.003241,0.003354,0.003193,0.003303,0.003211,0.003157,0.003214,0.003160,0.003552,0.003509,0.003175,0.003195
topaneu_center1_mr_910,0.107702,0.004170,0.003750,0.003583,0.003527,0.003595,0.003547,0.003667,0.003615,0.004391,0.004103,0.003543,0.003548,0.004139,0.003876,0.003574,0.003573,0.003641,0.003348,0.003326,0.003807,0.003676,0.033084,0.009765,0.005004,0.004524,0.005438,0.004644,0.007498,0.004341,0.004473,0.004381,0.005083,0.004385,0.005294,0.004530,0.004802,0.003330,0.003338,0.003328,0.003348,0.003446,0.003521,0.003398,0.003467,0.003286,0.003208,0.003305,0.003221,0.004087,0.003803,0.003536,0.003478
topaneu_center1_mr_911,0.103609,0.005382,0.004668,0.004376,0.005391,0.004432,0.005538,0.004488,0.004403,0.004314,0.004614,0.004341,0.004331,0.004382,0.004845,0.004366,0.004374,0.004459,0.003885,0.003932,0.004325,0.004446,0.012393,0.007059,0.003894,0.003931,0.003911,0.003969,0.005457,0.005275,0.005396,0.005281,0.003923,0.003926,0.003917,0.003982,0.005073,0.003998,0.003964,0.003974,0.003979,0.004324,0.004257,0.004200,0.004159,0.003837,0.004025,0.003901,0.004044,0.004974,0.004766,0.004343,0.004303
topaneu_center1_mr_917,0.933971,0.004152,0.004800,0.005036,0.003105,0.005278,0.003142,0.003516,0.003485,0.003299,0.004948,0.003390,0.003352,0.003595,0.003227,0.003380,0.003383,0.003502,0.003108,0.003106,0.003464,0.003452,0.010309,0.141012,0.003444,0.003844,0.003465,0.003890,0.005524,0.005290,0.005436,0.005167,0.003431,0.003795,0.003444,0.003809,0.511329,0.024234,0.189384,0.021757,0.167615,0.003284,0.003287,0.003202,0.003241,0.003129,0.003104,0.003150,0.003116,0.003963,0.004075,0.003272,0.003265
topaneu_center1_mr_920,0.102589,0.003979,0.004482,0.003930,0.003698,0.003970,0.003721,0.004049,0.003986,0.004030,0.003910,0.003885,0.003890,0.003976,0.004106,0.003912,0.003932,0.004009,0.003533,0.003501,0.003836,0.004030,0.007129,0.008496,0.003818,0.005397,0.003855,0.005696,0.004856,0.004672,0.004801,0.004672,0.003842,0.004979,0.003855,0.005170,0.004519,0.003686,0.003541,0.003672,0.003539,0.003442,0.003618,0.003411,0.003591,0.003413,0.003460,0.003436,0.003481,0.004068,0.004025,0.003670,0.003732
topaneu_center1_mr_921,0.126031,0.004340,0.004232,0.003658,0.003545,0.003690,0.003581,0.003807,0.003747,0.003777,0.004425,0.003650,0.003647,0.003738,0.003786,0.003676,0.003698,0.003765,0.003255,0.003315,0.003528,0.003785,0.010551,0.007857,0.003592,0.006133,0.003623,0.006346,0.004739,0.004945,0.004673,0.004546,0.003606,0.005481,0.003620,0.005796,0.013664,0.003587,0.003771,0.003525,0.003673,0.003322,0.003321,0.003306,0.003298,0.003255,0.003691,0.003266,0.003769,0.003676,0.003636,0.003366,0.003389
topaneu_center1_mr_922,0.969000,0.003447,0.003907,0.003262,0.003382,0.003334,0.003466,0.003494,0.003459,0.005319,0.003918,0.003369,0.003330,0.003401,0.029767,0.003382,0.003376,0.003479,0.003076,0.279889,0.003324,0.003331,0.008104,0.006844,0.005513,0.014850,0.006206,0.015841,0.087837,0.293927,0.006249,0.005756,0.005578,0.012378,0.005791,0.014466,0.005652,0.003188,0.003213,0.003147,0.003189,0.003152,0.003266,0.003096,0.003248,0.003105,0.003094,0.003118,0.003086,0.003893,0.004634,0.003199,0.003230
topaneu_center1_mr_924,0.124609,0.004140,0.004684,0.004085,0.003945,0.004118,0.003991,0.003835,0.003773,0.004125,0.004148,0.003720,0.003718,0.004120,0.004191,0.003743,0.003741,0.003795,0.003703,0.003897,0.004018,0.004039,0.007252,0.007710,0.003775,0.004179,0.003775,0.004257,0.004173,0.004166,0.004885,0.004771,0.003784,0.004123,0.003784,0.004254,0.081323,0.003983,0.003537,0.003910,0.003557,0.003613,0.003568,0.003576,0.003546,0.003439,0.003529,0.003461,0.003544,0.004240,0.004321,0.003800,0.003850
topaneu_center1_mr_926,0.745360,0.004206,0.003623,0.003472,0.003291,0.003482,0.003319,0.003376,0.003351,0.005921,0.004625,0.003296,0.003280,0.003409,0.003255,0.003302,0.003295,0.003365,0.003141,0.003519,0.003695,0.003462,0.143320,0.316402,0.005394,0.003992,0.006076,0.004054,0.004981,0.004709,0.004958,0.004766,0.005420,0.003912,0.005577,0.003953,0.004046,0.003225,0.003192,0.003192,0.003176,0.003169,0.003199,0.003137,0.003191,0.003121,0.003202,0.003141,0.003232,0.004143,0.003649,0.003293,0.003217
topaneu_center1_mr_928,0.977190,0.003448,0.003258,0.003518,0.003376,0.003671,0.003491,0.003350,0.003307,0.003569,0.003629,0.003266,0.003260,0.003356,0.004777,0.003259,0.003276,0.003334,0.003079,0.003071,0.003471,0.003649,0.010762,0.023646,0.003732,0.222697,0.003897,0.229511,0.006639,0.006069,0.006472,0.006029,0.003761,0.185481,0.003864,0.195190,0.005756,0.003254,0.003700,0.003205,0.003651,0.003465,0.003255,0.003354,0.003232,0.003215,0.003189,0.003245,0.003196,0.003929,0.004243,0.003232,0.003319
topaneu_center1_mr_939,0.117485,0.004607,0.004140,0.003594,0.003658,0.003609,0.003702,0.003541,0.003499,0.003821,0.003558,0.003456,0.003477,0.003760,0.003857,0.003472,0.003476,0.003520,0.003361,0.003373,0.003761,0.003767,0.005886,0.008306,0.003591,0.010395,0.003609,0.011273,0.004613,0.006702,0.004592,0.004452,0.003604,0.008433,0.003601,0.009148,0.004809,0.003340,0.003432,0.003324,0.003426,0.003385,0.003486,0.003349,0.003444,0.003281,0.003337,0.003298,0.003364,0.004040,0.003865,0.003549,0.003553
topaneu_center1_mr_940,0.222208,0.003736,0.004196,0.004323,0.004081,0.004460,0.004152,0.019742,0.016785,0.030853,0.036341,0.014467,0.013130,0.003341,0.005083,0.014802,0.015667,0.018540,0.003191,0.003325,0.003585,0.004184,0.038349,0.014586,0.004993,0.004339,0.005537,0.004408,0.004244,0.004116,0.004219,0.004137,0.005002,0.004235,0.005266,0.004342,0.004405,0.003162,0.003244,0.003159,0.003268,0.003386,0.003441,0.003348,0.003384,0.009018,0.003248,0.010941,0.003254,0.003637,0.003676,0.003320,0.003402
topaneu_center1_mr_942,0.114964,0.004783,0.005555,0.003783,0.003613,0.003796,0.003636,0.003852,0.003800,0.003785,0.003872,0.003720,0.003735,0.003713,0.004139,0.003748,0.003771,0.003822,0.003303,0.003339,0.003695,0.003750,0.005551,0.009338,0.003635,0.007891,0.003669,0.008160,0.004207,0.004558,0.004666,0.004547,0.003651,0.006887,0.003650,0.007396,0.004524,0.003480,0.003406,0.003454,0.003419,0.003762,0.003334,0.003657,0.003319,0.003374,0.003642,0.003381,0.003687,0.003706,0.003690,0.003435,0.003436
topaneu_center1_mr_944,0.130486,0.004597,0.004386,0.003793,0.003690,0.003850,0.003736,0.003748,0.003696,0.003902,0.004027,0.003620,0.003614,0.003774,0.003834,0.003635,0.003645,0.003697,0.003465,0.003399,0.003682,0.003986,0.009022,0.047539,0.003629,0.004414,0.003641,0.004526,0.004193,0.004003,0.005112,0.004917,0.003645,0.004295,0.003636,0.004436,0.004979,0.004100,0.003417,0.004039,0.003420,0.003457,0.003393,0.003422,0.003386,0.003316,0.003346,0.003336,0.003372,0.003832,0.003811,0.003476,0.003486
topaneu_center1_mr_959,0.100351,0.003976,0.005034,0.004068,0.004739,0.004117,0.004837,0.004156,0.004088,0.004486,0.004277,0.004010,0.003996,0.004692,0.003752,0.004027,0.004043,0.004119,0.003717,0.003731,0.004091,0.004122,0.012231,0.008431,0.004040,0.003920,0.004087,0.003966,0.004411,0.004755,0.004721,0.004632,0.004074,0.003887,0.004092,0.003944,0.004079,0.003574,0.003568,0.003590,0.003584,0.003621,0.003597,0.003593,0.003566,0.003480,0.003512,0.003499,0.003544,0.004168,0.003950,0.003763,0.003689
topaneu_center1_mr_961,0.121497,0.004390,0.003746,0.003654,0.003655,0.003681,0.003685,0.003323,0.003299,0.003777,0.003772,0.003269,0.003279,0.003653,0.003508,0.003279,0.003288,0.003299,0.003215,0.003348,0.003577,0.003610,0.009196,0.015807,0.003878,0.006792,0.003990,0.006967,0.004471,0.004122,0.004572,0.004414,0.003916,0.005994,0.003946,0.006402,0.003777,0.003263,0.003370,0.003248,0.003366,0.003413,0.003317,0.003346,0.003294,0.003194,0.003252,0.003216,0.003254,0.003786,0.003644,0.003372,0.003366
topaneu_center1_mr_975,0.716618,0.003251,0.004539,0.003243,0.003952,0.003237,0.004016,0.003424,0.003398,0.003310,0.003307,0.003352,0.003346,0.003231,0.003259,0.003349,0.003357,0.003417,0.003795,0.002971,0.003210,0.003225,0.018899,0.006791,0.093291,0.004095,0.118152,0.004190,0.020823,0.004588,0.004666,0.004550,0.096109,0.003992,0.107830,0.004061,0.006423,0.003518,0.003053,0.003442,0.003067,0.003122,0.003139,0.003111,0.003129,0.003076,0.003044,0.003083,0.003044,0.003343,0.003378,0.003083,0.003113
topaneu_center1_mr_981,0.872383,0.003557,0.003721,0.003382,0.003434,0.003430,0.003506,0.003523,0.003485,0.003517,0.005155,0.003401,0.003394,0.003432,0.003413,0.003410,0.003402,0.003502,0.003153,0.003454,0.003454,0.003581,0.007063,0.005144,0.004495,0.003542,0.004839,0.003563,0.005802,0.005477,0.005669,0.005341,0.004581,0.003528,0.004766,0.003519,0.005888,0.003435,0.003220,0.003380,0.003209,0.003399,0.003390,0.003297,0.003332,0.003309,0.106225,0.003369,0.124825,0.003871,0.327906,0.003221,0.178150
topaneu_center1_mr_991,0.875341,0.003702,0.003558,0.003330,0.005621,0.003356,0.005950,0.152366,0.141528,0.005290,0.003589,0.120365,0.106918,0.010512,0.004786,0.122166,0.122649,0.148159,0.029591,0.005622,0.003331,0.003489,0.007336,0.007591,0.003763,0.004565,0.003885,0.004685,0.005556,0.006412,0.006528,0.006104,0.003770,0.004350,0.003847,0.004481,0.006490,0.003205,0.004610,0.003180,0.004571,0.003376,0.003440,0.003315,0.003381,0.003210,0.003206,0.003235,0.003194,0.005248,0.004788,0.003596,0.003477
topaneu_center2_ct_105,0.980023,0.005263,0.006466,0.005582,0.005182,0.006619,0.005520,0.004110,0.003993,0.008117,0.004641,0.003882,0.003812,0.004479,0.004394,0.003945,0.003897,0.004059,0.003868,0.003912,0.004941,0.004688,0.007351,0.016115,0.004927,0.044747,0.005189,0.048188,0.024418,0.020352,0.024112,0.019370,0.004997,0.035348,0.005101,0.039337,0.025750,0.004234,0.004573,0.004153,0.004431,0.010910,0.008265,0.007742,0.006888,0.005857,0.003735,0.006633,0.003785,0.015728,0.011501,0.005172,0.004644
topaneu_center2_ct_107,0.977165,0.005783,0.005802,0.004504,0.004561,0.004871,0.004914,0.004203,0.004085,0.004401,0.004707,0.003954,0.003854,0.004751,0.004868,0.004002,0.003962,0.004158,0.003546,0.003486,0.004118,0.004389,0.012751,0.007866,0.034601,0.010240,0.044110,0.010347,0.046992,0.021432,0.025383,0.020066,0.035530,0.008926,0.040359,0.009616,0.054893,0.004231,0.004000,0.004132,0.003894,0.005381,0.006786,0.004701,0.006038,0.003855,0.003766,0.003978,0.003793,0.013191,0.016571,0.004852,0.005098
topaneu_center2_ct_108,0.978238,0.004848,0.004075,0.004091,0.003902,0.004295,0.004064,0.003840,0.003669,0.003951,0.004207,0.003576,0.003487,0.003934,0.003835,0.003590,0.003598,0.003771,0.003635,0.003455,0.004182,0.004291,0.009207,0.007821,0.006226,0.004538,0.006872,0.004564,0.046398,0.006218,0.015469,0.013070,0.006310,0.004335,0.006601,0.004397,0.033378,0.004299,0.004388,0.004163,0.004199,0.187284,0.095024,0.157297,0.082896,0.003952,0.003463,0.004125,0.003480,0.026522,0.005401,0.007755,0.003703
topaneu_center2_ct_109,0.986779,0.005178,0.005336,0.004563,0.004685,0.004977,0.005107,0.005422,0.005215,0.004798,0.004776,0.004919,0.004732,0.004810,0.004904,0.005073,0.004962,0.005313,0.003835,0.003870,0.004549,0.005199,0.009008,0.009421,0.005403,0.005268,0.005798,0.005387,0.024282,0.020571,0.023600,0.019411,0.005504,0.005035,0.005689,0.005165,0.629436,0.017917,0.032402,0.016749,0.028007,0.007916,0.005838,0.006736,0.005474,0.003955,0.003927,0.004055,0.003968,0.005294,0.006618,0.003984,0.004197
topaneu_center2_ct_112,0.987693,0.005167,0.006563,0.004759,0.004363,0.005293,0.004610,0.004216,0.004137,0.004626,0.004486,0.004001,0.003899,0.004351,0.005829,0.004067,0.003995,0.004181,0.003855,0.003959,0.004376,0.004442,0.009296,0.008203,0.006572,0.009123,0.007407,0.009445,0.026112,0.041753,0.024765,0.019772,0.006667,0.008178,0.006998,0.008696,0.012917,0.004766,0.004035,0.004574,0.004005,0.006908,0.005981,0.005950,0.005516,0.004143,0.003806,0.004326,0.003840,0.459426,0.015174,0.299232,0.005122
topaneu_center2_ct_113,0.981412,0.008040,0.005073,0.004328,0.004223,0.004578,0.004440,0.003696,0.003629,0.004169,0.004073,0.003551,0.003493,0.004453,0.005060,0.003592,0.003568,0.003668,0.003632,0.003732,0.004253,0.004548,0.008761,0.023677,0.006453,0.114690,0.007108,0.121966,0.112431,0.022948,0.022874,0.018565,0.006594,0.087198,0.006904,0.093208,0.031850,0.003970,0.004934,0.003887,0.004673,0.006343,0.005059,0.005420,0.004739,0.003783,0.003692,0.003880,0.003723,0.008188,0.009058,0.004197,0.004256
topaneu_center2_ct_118,0.988501,0.003834,0.005294,0.004705,0.004860,0.005349,0.005448,0.004175,0.004090,0.003946,0.003964,0.003926,0.003838,0.004067,0.004626,0.004003,0.003944,0.004145,0.003622,0.003583,0.004114,0.004349,0.006696,0.007062,0.004198,0.004379,0.004378,0.004447,0.014338,0.008597,0.018017,0.014836,0.004223,0.004264,0.004314,0.004294,0.568651,0.030789,0.216868,0.028119,0.192225,0.004269,0.005161,0.003996,0.004808,0.198627,0.003665,0.243018,0.003682,0.004759,0.005549,0.003758,0.003867
topaneu_center2_ct_119,0.987026,0.005689,0.006757,0.005305,0.004406,0.006194,0.004801,0.004359,0.004232,0.005543,0.007905,0.004044,0.003930,0.003941,0.005000,0.004117,0.004064,0.004307,0.003678,0.003644,0.004499,0.004921,0.008320,0.011757,0.004965,0.005846,0.005277,0.005985,0.022685,0.019201,0.021971,0.017460,0.005002,0.005516,0.005150,0.005749,0.046363,0.003962,0.004045,0.003908,0.003977,0.005050,0.004296,0.004560,0.004109,0.026118,0.003833,0.035158,0.003875,0.416984,0.005206,0.245628,0.003743
topaneu_center2_ct_120,0.986410,0.005778,0.005594,0.005290,0.004486,0.006126,0.004749,0.004445,0.004355,0.004432,0.004392,0.004164,0.004047,0.005265,0.005471,0.004249,0.004142,0.004385,0.003985,0.004011,0.005182,0.005313,0.010099,0.012051,0.004213,0.005663,0.004357,0.005816,0.023960,0.030855,0.023539,0.018923,0.004249,0.005374,0.004311,0.005612,0.108996,0.006572,0.004605,0.006339,0.004467,0.005246,0.005838,0.004698,0.005212,0.003949,0.003972,0.004048,0.004020,0.446301,0.005444,0.282402,0.003961
topaneu_center2_ct_125,0.972789,0.006423,0.008163,0.017014,0.004013,0.020739,0.004166,0.007594,0.006831,0.010191,0.017245,0.006245,0.005805,0.005156,0.005450,0.006278,0.006239,0.007192,0.003793,0.003959,0.005136,0.005267,0.018415,0.016988,0.010817,0.012803,0.013224,0.013949,0.024019,0.020315,0.023767,0.019115,0.010837,0.010890,0.011555,0.012195,0.117021,0.004165,0.006756,0.004063,0.005992,0.011912,0.008143,0.008243,0.007210,0.004050,0.003950,0.004161,0.004033,0.006011,0.006334,0.004023,0.004094
topaneu_center2_ct_126,0.988110,0.006712,0.007225,0.004544,0.005059,0.004835,0.005526,0.004710,0.004619,0.018530,0.018001,0.004433,0.004292,0.005534,0.004726,0.004513,0.004404,0.004665,0.004183,0.004106,0.004635,0.004841,0.008661,0.009691,0.004739,0.005853,0.004953,0.005997,0.025562,0.021295,0.025099,0.020071,0.004810,0.005536,0.004894,0.005641,0.008966,0.004200,0.004115,0.004169,0.004064,0.004847,0.006046,0.004584,0.005677,0.005884,0.009322,0.006660,0.010003,0.452128,0.010259,0.285764,0.005282
topaneu_center2_ct_127,0.954451,0.006269,0.005078,0.004392,0.004765,0.004673,0.005112,0.004293,0.004125,0.004778,0.008308,0.004012,0.003907,0.004371,0.004554,0.004060,0.004010,0.004191,0.003872,0.004020,0.004341,0.004500,0.006873,0.007091,0.004193,0.003870,0.004338,0.003921,0.017939,0.016810,0.019259,0.015761,0.004268,0.003804,0.004325,0.003852,0.012023,0.004184,0.005195,0.004130,0.004843,0.050358,0.039183,0.044445,0.035467,0.003833,0.003786,0.003973,0.003866,0.010752,0.011270,0.004866,0.004934
topaneu_center2_ct_128,0.982612,0.005634,0.005410,0.004328,0.004269,0.004520,0.004455,0.004499,0.004368,0.004159,0.004649,0.004194,0.004084,0.004216,0.004205,0.004277,0.004201,0.004429,0.003786,0.003721,0.004169,0.004480,0.016457,0.015735,0.099899,0.007828,0.123809,0.008542,0.020602,0.018349,0.022717,0.018785,0.103477,0.006869,0.114404,0.007347,0.043372,0.004699,0.004461,0.004579,0.004271,0.008063,0.006662,0.006527,0.005939,0.003763,0.003926,0.003838,0.003975,0.009092,0.008073,0.004589,0.004379
topaneu_center2_ct_130,0.987439,0.004479,0.004389,0.004418,0.004346,0.004693,0.004602,0.004140,0.004051,0.004242,0.011122,0.003942,0.003873,0.003739,0.004050,0.004017,0.003965,0.004076,0.003773,0.003813,0.004395,0.004516,0.010722,0.006683,0.168384,0.005171,0.200123,0.005225,0.290704,0.017779,0.019964,0.016867,0.170956,0.004939,0.187892,0.005021,0.010130,0.097581,0.004202,0.087402,0.004161,0.004626,0.004449,0.004380,0.004268,0.004395,0.003914,0.004679,0.003915,0.011136,0.005888,0.005638,0.004207
topaneu_center2_ct_134,0.975699,0.004012,0.003651,0.004418,0.004016,0.004816,0.004162,0.004687,0.004516,0.004501,0.004511,0.004360,0.004240,0.004120,0.004280,0.004476,0.004467,0.004554,0.003641,0.003724,0.004149,0.004328,0.006993,0.005631,0.004266,0.047820,0.004465,0.050637,0.016639,0.308427,0.016489,0.013822,0.004327,0.037955,0.004410,0.043194,0.023685,0.004343,0.004564,0.004166,0.004344,0.008009,0.006889,0.005839,0.005929,0.003545,0.004133,0.003638,0.004289,0.006361,0.009338,0.003929,0.004315
topaneu_center2_ct_137,0.988514,0.004519,0.005491,0.004117,0.004145,0.004437,0.004434,0.105929,0.095210,0.008713,0.004154,0.074094,0.063246,0.004417,0.004206,0.076346,0.074649,0.099967,0.003664,0.003623,0.004120,0.004287,0.006251,0.007604,0.015958,0.004749,0.019645,0.004828,0.013385,0.012020,0.013188,0.011511,0.017191,0.004603,0.018339,0.004686,0.041854,0.003830,0.003872,0.003789,0.003841,0.004231,0.004282,0.003996,0.004078,0.161097,0.004244,0.192251,0.004314,0.007683,0.165907,0.004513,0.080647
topaneu_center2_ct_138,0.981996,0.004152,0.004225,0.004293,0.003995,0.004481,0.004150,0.003689,0.003638,0.003905,0.004697,0.003540,0.003511,0.003849,0.003893,0.003587,0.003562,0.003655,0.003682,0.003849,0.003726,0.004150,0.011627,0.008843,0.008223,0.041897,0.009201,0.045083,0.025628,0.006835,0.014081,0.012224,0.008396,0.033714,0.008812,0.037807,0.497490,0.087878,0.050674,0.078892,0.040525,0.004334,0.004517,0.004156,0.004347,0.004282,0.003908,0.004463,0.003950,0.004774,0.005005,0.003791,0.003972
topaneu_center2_ct_141,0.988282,0.005664,0.004387,0.004076,0.004126,0.004321,0.004284,0.004020,0.003930,0.007926,0.004044,0.003822,0.003753,0.003999,0.004261,0.003884,0.003840,0.003969,0.003703,0.003769,0.004245,0.004351,0.008199,0.006695,0.004497,0.004411,0.004670,0.004454,0.010109,0.007148,0.014984,0.012853,0.004518,0.004300,0.004618,0.004312,0.534628,0.031625,0.049495,0.029563,0.042734,0.253672,0.156083,0.215534,0.151343,0.003830,0.003827,0.003879,0.003872,0.005171,0.004565,0.004000,0.003809
topaneu_center2_ct_142,0.983770,0.004801,0.004820,0.004303,0.004888,0.004847,0.005270,0.004600,0.004447,0.004523,0.015634,0.004262,0.004153,0.005208,0.004213,0.004367,0.004328,0.004478,0.003628,0.003542,0.004411,0.004552,0.009045,0.010449,0.006209,0.007169,0.007013,0.007330,0.009512,0.007055,0.023112,0.018165,0.006276,0.006567,0.006504,0.007010,0.065268,0.003858,0.004863,0.003821,0.004721,0.004619,0.004263,0.004133,0.004057,0.006480,0.003673,0.007399,0.003696,0.277943,0.006302,0.118719,0.003963
topaneu_center2_ct_144,0.985406,0.004490,0.004750,0.003901,0.003742,0.003997,0.003866,0.003932,0.003877,0.003776,0.005954,0.003782,0.003734,0.003885,0.003973,0.003851,0.003785,0.003915,0.003525,0.003520,0.003924,0.004084,0.010683,0.008177,0.026979,0.008321,0.033357,0.008665,0.011845,0.010645,0.011697,0.010250,0.027845,0.007576,0.030466,0.008169,0.490916,0.160734,0.025033,0.151574,0.021487,0.005623,0.004141,0.004805,0.003991,0.003643,0.003923,0.003708,0.004021,0.004358,0.004819,0.003652,0.003881
topaneu_center2_ct_147,0.986875,0.005368,0.005500,0.003901,0.004268,0.004055,0.004553,0.004208,0.004168,0.006390,0.009787,0.004008,0.003920,0.004133,0.004099,0.004102,0.003976,0.004179,0.003669,0.003607,0.004761,0.004938,0.007789,0.006674,0.005516,0.005212,0.005968,0.005278,0.013967,0.016102,0.013684,0.011907,0.005550,0.004976,0.005733,0.005029,0.551584,0.210271,0.197790,0.197557,0.171509,0.004394,0.004051,0.004164,0.003947,0.003820,0.003817,0.003850,0.003868,0.005123,0.005289,0.003904,0.003930
topaneu_center2_ct_150,0.987716,0.004233,0.004405,0.003842,0.003907,0.003998,0.004088,0.004060,0.004011,0.007247,0.004251,0.003875,0.003819,0.003867,0.003985,0.003955,0.003880,0.004031,0.003894,0.003614,0.004169,0.004684,0.005508,0.006175,0.016814,0.080069,0.019436,0.089824,0.014351,0.012650,0.014266,0.012421,0.017522,0.058115,0.019321,0.064660,0.009305,0.006967,0.004412,0.006473,0.004324,0.005213,0.004917,0.004809,0.004685,0.222499,0.004273,0.265179,0.004347,0.007136,0.007693,0.004273,0.004262
topaneu_center2_ct_154,0.976196,0.301900,0.005079,0.007084,0.003969,0.007718,0.004074,0.004086,0.003952,0.009154,0.005818,0.003835,0.003765,0.007705,0.007397,0.003900,0.003839,0.004006,0.003789,0.004013,0.004778,0.004620,0.006047,0.006097,0.005235,0.004966,0.005538,0.005068,0.036254,0.015844,0.017872,0.014959,0.005288,0.004783,0.005443,0.004943,0.011588,0.005231,0.004716,0.005014,0.004596,0.006281,0.005116,0.005593,0.004868,0.004217,0.003963,0.004420,0.004047,0.007901,0.009342,0.004669,0.004817
topaneu_center2_ct_156,0.983193,0.004725,0.004930,0.004012,0.004684,0.004261,0.005268,0.107680,0.096342,0.009862,0.008518,0.079020,0.069765,0.004142,0.005267,0.082265,0.083022,0.101865,0.003323,0.004401,0.003666,0.003763,0.005569,0.006382,0.004208,0.004275,0.004379,0.004341,0.009410,0.045570,0.013705,0.011623,0.004271,0.004166,0.004333,0.004197,0.008463,0.003739,0.003764,0.003675,0.003747,0.005125,0.004674,0.004510,0.004362,0.003390,0.003424,0.003441,0.003418,0.006643,0.004480,0.003957,0.003564
topaneu_center2_ct_160,0.982924,0.006789,0.006434,0.004124,0.004351,0.004318,0.004653,0.014101,0.012269,0.004241,0.004382,0.010905,0.009907,0.004360,0.005413,0.011238,0.011311,0.012951,0.003779,0.003829,0.004141,0.004313,0.013914,0.013529,0.005836,0.011831,0.006318,0.012183,0.011176,0.031036,0.024371,0.019764,0.005911,0.010365,0.006127,0.011286,0.036892,0.004505,0.004158,0.004358,0.004070,0.007187,0.006986,0.005977,0.006096,0.082981,0.074215,0.104935,0.086090,0.006024,0.006517,0.004024,0.004087
topaneu_center2_ct_161,0.986352,0.004752,0.005002,0.004136,0.004154,0.004389,0.004381,0.003926,0.003845,0.006424,0.004212,0.003754,0.003670,0.004208,0.003997,0.003807,0.003757,0.003884,0.003663,0.003563,0.003969,0.004135,0.007751,0.008506,0.004855,0.006433,0.005125,0.006688,0.018833,0.016533,0.018683,0.015526,0.004936,0.006025,0.005065,0.006336,0.618554,0.038710,0.061984,0.035982,0.054522,0.006543,0.004780,0.005219,0.004481,0.003655,0.003746,0.003714,0.003791,0.006195,0.006861,0.004038,0.004009
topaneu_center2_ct_162,0.986897,0.005708,0.006353,0.003979,0.003958,0.004138,0.004119,0.043282,0.034772,0.003891,0.007581,0.028571,0.024941,0.004581,0.004288,0.029048,0.029371,0.038907,0.003752,0.003841,0.004182,0.004384,0.155541,0.006794,0.039254,0.007687,0.049586,0.007939,0.039057,0.109240,0.017508,0.014715,0.042087,0.007063,0.045325,0.007167,0.013426,0.004498,0.004132,0.004345,0.004091,0.005040,0.004906,0.004648,0.004616,0.004180,0.004118,0.004311,0.004143,0.007413,0.007541,0.004464,0.004374
topaneu_center2_ct_163,0.977355,0.005618,0.006331,0.005424,0.004302,0.005897,0.004456,0.004118,0.004034,0.006306,0.006310,0.003953,0.003908,0.014804,0.004152,0.004007,0.003981,0.004106,0.003986,0.004130,0.005988,0.004474,0.009342,0.007699,0.165125,0.017491,0.190155,0.018098,0.318172,0.012692,0.014494,0.012324,0.165575,0.014744,0.182236,0.016033,0.015985,0.010725,0.004858,0.009974,0.004659,0.005245,0.005257,0.004867,0.004934,0.004933,0.004254,0.005491,0.004388,0.006964,0.007711,0.004638,0.005191
topaneu_center2_ct_164,0.982221,0.004425,0.004348,0.004091,0.004720,0.004360,0.005140,0.003704,0.003647,0.013210,0.009600,0.003578,0.003524,0.004493,0.005075,0.003618,0.003576,0.003677,0.003692,0.004104,0.004135,0.005022,0.009759,0.007706,0.016501,0.026960,0.021824,0.028760,0.019207,0.036179,0.022715,0.018403,0.016992,0.021954,0.018700,0.024075,0.032825,0.005045,0.024287,0.004854,0.020762,0.005546,0.004832,0.004939,0.004548,0.003724,0.003734,0.003871,0.003749,0.007288,0.006600,0.004256,0.004170
topaneu_center2_ct_165,0.985568,0.004062,0.005167,0.003835,0.003962,0.004042,0.004161,0.003707,0.003659,0.004459,0.008569,0.003592,0.003536,0.003968,0.003952,0.003629,0.003600,0.003685,0.003945,0.003582,0.004192,0.004824,0.006518,0.006413,0.089182,0.008323,0.111077,0.008299,0.238785,0.035151,0.013970,0.012067,0.091972,0.007387,0.102719,0.007701,0.051572,0.008987,0.004137,0.008440,0.004054,0.004562,0.004605,0.004165,0.004347,0.003551,0.035379,0.003618,0.040120,0.006868,0.011388,0.003999,0.005541
topaneu_center2_ct_166,0.984359,0.004349,0.004362,0.003784,0.003920,0.003892,0.004073,0.038638,0.033439,0.004269,0.004053,0.028166,0.025388,0.004151,0.003949,0.029575,0.030010,0.036256,0.164388,0.004017,0.003997,0.004058,0.006901,0.004806,0.096056,0.004785,0.116014,0.004827,0.014731,0.013154,0.014497,0.012789,0.098891,0.004595,0.108650,0.004651,0.016279,0.006109,0.005333,0.005873,0.005240,0.004626,0.004741,0.004359,0.004522,0.003737,0.003826,0.003776,0.003855,0.006345,0.006009,0.004198,0.004115
topaneu_center2_ct_167,0.986029,0.005350,0.072713,0.004630,0.139754,0.004916,0.162004,0.004028,0.003978,0.005726,0.007247,0.003853,0.003789,0.004238,0.004794,0.003917,0.003837,0.003999,0.004092,0.003938,0.004769,0.005124,0.006520,0.006162,0.005023,0.024581,0.005409,0.025638,0.023561,0.107392,0.023433,0.018931,0.005079,0.020468,0.005216,0.022177,0.013331,0.005347,0.004447,0.005064,0.004393,0.009912,0.007834,0.007209,0.006626,0.004025,0.003974,0.004110,0.003979,0.007750,0.009022,0.004362,0.004378
topaneu_center2_ct_169,0.982287,0.005528,0.007450,0.005001,0.005206,0.005369,0.005536,0.004846,0.004703,0.006631,0.009670,0.004478,0.004330,0.006536,0.006204,0.004534,0.004468,0.004764,0.004651,0.004389,0.005334,0.005844,0.009324,0.010441,0.012712,0.007110,0.015859,0.007220,0.036156,0.029690,0.036158,0.027767,0.012925,0.006561,0.014042,0.006838,0.013976,0.005098,0.005168,0.004976,0.004990,0.008103,0.006555,0.006744,0.006055,0.023557,0.004536,0.030701,0.004667,0.012651,0.018438,0.005422,0.005684
topaneu_center2_ct_170,0.982356,0.005151,0.005285,0.006897,0.005380,0.007401,0.005750,0.005564,0.005257,0.004988,0.013658,0.005046,0.004886,0.006809,0.009450,0.005127,0.005093,0.005447,0.004750,0.004408,0.006603,0.006122,0.010977,0.009702,0.014853,0.102938,0.018277,0.104359,0.014311,0.015261,0.017587,0.014753,0.014820,0.087331,0.015833,0.092110,0.035320,0.004682,0.053657,0.004424,0.049222,0.019340,0.015273,0.013026,0.012222,0.004153,0.004780,0.004271,0.005004,0.011689,0.018114,0.005161,0.006249
topaneu_center2_ct_171,0.980826,0.005171,0.004362,0.005311,0.003957,0.006509,0.004163,0.003585,0.003518,0.003947,0.006030,0.003449,0.003401,0.003710,0.003801,0.003486,0.003454,0.003552,0.003440,0.003586,0.004121,0.003789,0.005384,0.006627,0.014951,0.010382,0.018865,0.010372,0.016839,0.013063,0.016606,0.013474,0.015020,0.008999,0.016096,0.009438,0.024061,0.004431,0.004103,0.004294,0.004036,0.005457,0.005109,0.004840,0.004746,0.196859,0.003603,0.237070,0.003648,0.009749,0.009859,0.004657,0.004377
topaneu_center2_ct_172,0.988363,0.005680,0.006233,0.004295,0.004262,0.004538,0.004470,0.090631,0.081847,0.004126,0.004940,0.067085,0.058501,0.006232,0.004469,0.068698,0.067890,0.086317,0.005833,0.008074,0.004171,0.004458,0.010334,0.046221,0.054001,0.008730,0.067237,0.008984,0.092322,0.016160,0.017986,0.015447,0.055981,0.007920,0.062162,0.008286,0.027401,0.004158,0.004189,0.004113,0.004192,0.005056,0.005007,0.004806,0.004792,0.112025,0.003941,0.136582,0.003930,0.055811,0.006096,0.017661,0.004358
topaneu_center2_ct_173,0.978679,0.004902,0.005175,0.003887,0.003880,0.003965,0.003957,0.014233,0.012299,0.006358,0.007137,0.010950,0.010254,0.007125,0.006086,0.011539,0.011697,0.013421,0.004082,0.004537,0.004733,0.005903,0.007417,0.009127,0.116704,0.014482,0.142092,0.015121,0.012623,0.008093,0.013059,0.011395,0.118863,0.012416,0.131124,0.013883,0.012412,0.006119,0.004405,0.005647,0.004263,0.008458,0.012545,0.006538,0.010188,0.004488,0.004131,0.004915,0.004264,0.005901,0.007764,0.004108,0.005104
topaneu_center2_ct_174,0.986038,0.004159,0.004342,0.004247,0.004135,0.004652,0.004418,0.004049,0.004007,0.004901,0.004825,0.003859,0.003786,0.004518,0.004232,0.003958,0.003870,0.004040,0.003495,0.003389,0.003930,0.004201,0.021341,0.005651,0.122896,0.004981,0.152225,0.005072,0.016263,0.014248,0.016048,0.013458,0.124999,0.004762,0.140101,0.004822,0.254984,0.006132,0.006699,0.005793,0.006239,0.005070,0.004244,0.004607,0.004078,0.004057,0.003617,0.004286,0.003651,0.009194,0.006816,0.004272,0.004082
topaneu_center2_ct_175,0.984861,0.006574,0.004897,0.004724,0.006425,0.005097,0.007176,0.004200,0.004030,0.007935,0.004596,0.003928,0.003842,0.004242,0.004833,0.003982,0.003969,0.004113,0.003980,0.003983,0.004770,0.004846,0.007524,0.007091,0.004056,0.004056,0.004174,0.004112,0.022841,0.025482,0.022509,0.018152,0.004071,0.003981,0.004140,0.004038,0.030869,0.004251,0.004202,0.004194,0.004092,0.007808,0.005146,0.006833,0.004857,0.003885,0.316948,0.003992,0.344187,0.007864,0.014493,0.004240,0.004701
topaneu_center2_ct_184,0.988137,0.005642,0.006243,0.004322,0.004298,0.004615,0.004567,0.013780,0.012509,0.004359,0.008922,0.011253,0.010353,0.004190,0.004494,0.011733,0.011766,0.012779,0.003881,0.004000,0.004421,0.004931,0.007173,0.006522,0.005632,0.004759,0.006031,0.004863,0.020492,0.011289,0.019272,0.016058,0.005719,0.004626,0.005907,0.004731,0.009116,0.004041,0.004166,0.003990,0.004093,0.005720,0.005392,0.005161,0.005057,0.063878,0.201068,0.078409,0.224423,0.008880,0.293430,0.004687,0.163094
topaneu_center2_ct_189,0.980467,0.004481,0.004820,0.004042,0.003912,0.004089,0.004052,0.003671,0.003605,0.005976,0.011727,0.003558,0.003549,0.011706,0.004006,0.003600,0.003581,0.003669,0.004180,0.004913,0.004869,0.005719,0.006898,0.008619,0.118342,0.026075,0.141929,0.026536,0.122630,0.012417,0.014761,0.012665,0.121239,0.021919,0.133593,0.023513,0.015798,0.008684,0.006329,0.007934,0.005728,0.005734,0.007362,0.005137,0.006453,0.005010,0.005183,0.005826,0.005403,0.006550,0.008545,0.004403,0.004791
topaneu_center2_ct_190,0.988720,0.004273,0.004540,0.004507,0.004264,0.004838,0.004478,0.004072,0.004006,0.004035,0.004346,0.003871,0.003794,0.004326,0.004068,0.003942,0.003857,0.004043,0.003916,0.003787,0.004504,0.004862,0.006403,0.005909,0.008408,0.004921,0.009724,0.005038,0.038206,0.016468,0.019336,0.015972,0.008491,0.004739,0.008891,0.004775,0.017138,0.004004,0.004072,0.003958,0.004048,0.004462,0.004345,0.004184,0.004167,0.132442,0.028287,0.167798,0.033172,0.324088,0.190069,0.171172,0.081621
topaneu_center2_ct_191,0.986569,0.005344,0.004097,0.004174,0.004521,0.004458,0.004925,0.010410,0.009488,0.004064,0.009493,0.008496,0.007871,0.004527,0.004746,0.008958,0.008901,0.009690,0.003727,0.003905,0.005266,0.004922,0.009543,0.050220,0.006272,0.033920,0.007263,0.036770,0.010408,0.011916,0.021809,0.017432,0.006466,0.026955,0.006790,0.029835,0.019661,0.004402,0.004601,0.004237,0.004416,0.005754,0.004977,0.005015,0.004666,0.003721,0.004031,0.003772,0.004092,0.007563,0.005375,0.004198,0.003879
topaneu_center2_ct_192,0.986850,0.006343,0.005310,0.003940,0.004134,0.004013,0.004282,0.004301,0.004208,0.004018,0.005974,0.004062,0.003983,0.004750,0.003947,0.004143,0.004077,0.004243,0.006359,0.003758,0.004091,0.004072,0.011489,0.009257,0.194860,0.038621,0.228830,0.039975,0.021350,0.111037,0.020838,0.016980,0.196850,0.032601,0.217210,0.035105,0.009684,0.004594,0.003928,0.004476,0.003912,0.004594,0.004338,0.004340,0.004187,0.003954,0.003868,0.004152,0.003911,0.006514,0.009233,0.004280,0.004603
topaneu_center2_ct_193,0.983757,0.004770,0.005840,0.004163,0.004284,0.004506,0.004560,0.004008,0.003865,0.004072,0.010858,0.003725,0.003618,0.004921,0.004249,0.003760,0.003720,0.003930,0.003963,0.003683,0.003874,0.004386,0.007747,0.007103,0.005021,0.004086,0.005428,0.004147,0.011522,0.011372,0.023528,0.018687,0.005047,0.003982,0.005198,0.004006,0.016980,0.004209,0.003752,0.004129,0.003696,0.004360,0.005537,0.004067,0.005217,0.286724,0.003949,0.334552,0.004024,0.007121,0.052693,0.004182,0.015583
topaneu_center2_ct_196,0.984992,0.004072,0.004255,0.004915,0.004614,0.005132,0.005039,0.003735,0.003689,0.004335,0.004437,0.003620,0.003586,0.004099,0.004263,0.003674,0.003631,0.003716,0.003667,0.003809,0.004050,0.004167,0.006651,0.006351,0.004654,0.005727,0.004840,0.005865,0.014731,0.013006,0.014384,0.012578,0.004688,0.005451,0.004796,0.005670,0.509860,0.165788,0.051078,0.157054,0.043251,0.034202,0.130868,0.025057,0.128152,0.003856,0.003649,0.003910,0.003663,0.123985,0.004780,0.053579,0.003832
topaneu_center2_ct_197,0.984885,0.005469,0.006547,0.013326,0.005433,0.017917,0.005732,0.003800,0.003760,0.004158,0.004319,0.003692,0.003691,0.003944,0.003868,0.003751,0.003711,0.003800,0.003699,0.004258,0.005257,0.005137,0.017766,0.010104,0.121004,0.084203,0.144258,0.088412,0.019309,0.009555,0.013538,0.011848,0.121655,0.069830,0.135327,0.075811,0.017137,0.022713,0.007336,0.016497,0.006610,0.007662,0.005103,0.005963,0.004724,0.081247,0.003961,0.104296,0.004046,0.004673,0.005153,0.003786,0.003964
topaneu_center2_mr_002,0.978217,0.003324,0.003744,0.003562,0.003499,0.003673,0.003630,0.003462,0.003422,0.003973,0.003440,0.003337,0.003310,0.003535,0.003658,0.003339,0.003333,0.003449,0.003213,0.003255,0.003766,0.003822,0.009605,0.025150,0.003603,0.003893,0.003685,0.003984,0.017881,0.004408,0.006806,0.006226,0.003616,0.003837,0.003654,0.003904,0.006168,0.003362,0.003344,0.003334,0.003337,0.004646,0.003927,0.004033,0.003799,0.003238,0.237541,0.003283,0.268753,0.004056,0.103209,0.003332,0.024765
topaneu_center2_mr_004,0.979574,0.003855,0.003818,0.003685,0.003604,0.003775,0.003724,0.246361,0.227859,0.004021,0.006504,0.197793,0.176611,0.004464,0.004268,0.198754,0.202355,0.238380,0.004039,0.003844,0.003764,0.003965,0.021485,0.010763,0.005448,0.003830,0.005949,0.003881,0.006582,0.007712,0.008128,0.007506,0.005514,0.003805,0.005757,0.003832,0.008676,0.003575,0.004194,0.003534,0.004167,0.003660,0.004033,0.003563,0.003937,0.006027,0.003499,0.006895,0.003519,0.344074,0.005604,0.189531,0.004158
topaneu_center2_mr_007,0.976601,0.003962,0.004189,0.003382,0.003679,0.003496,0.003867,0.003974,0.003901,0.003439,0.004544,0.003775,0.003727,0.004008,0.003721,0.003800,0.003784,0.003971,0.003369,0.003354,0.003504,0.004129,0.016373,0.022880,0.021660,0.128073,0.028764,0.140329,0.006508,0.004603,0.007562,0.006876,0.022363,0.100052,0.025958,0.101920,0.007293,0.003500,0.004453,0.003442,0.004300,0.003850,0.003583,0.003657,0.003541,0.091591,0.003978,0.119583,0.004076,0.361884,0.003992,0.186523,0.003472
topaneu_center2_mr_010,0.983340,0.003462,0.004059,0.003888,0.003513,0.003986,0.003593,0.003724,0.003646,0.003348,0.003381,0.003550,0.003509,0.003532,0.003552,0.003548,0.003574,0.003699,0.003063,0.003103,0.003483,0.003796,0.062571,0.011483,0.234703,0.004135,0.269109,0.004233,0.007784,0.007144,0.007442,0.006743,0.234747,0.003994,0.256420,0.004098,0.038804,0.003611,0.003338,0.003536,0.003326,0.003429,0.003474,0.003277,0.003393,0.003154,0.003120,0.003180,0.003136,0.004448,0.004580,0.003413,0.003342
topaneu_center2_mr_011,0.985969,0.003371,0.003506,0.003707,0.003825,0.003817,0.003936,0.003565,0.003542,0.008938,0.003940,0.003499,0.003464,0.003817,0.003581,0.003511,0.003496,0.003556,0.003431,0.003467,0.004230,0.004142,0.006559,0.011807,0.004095,0.004430,0.004246,0.004508,0.009174,0.007552,0.008945,0.008256,0.004132,0.004282,0.004248,0.004370,0.554232,0.321192,0.010465,0.310105,0.009621,0.003905,0.004610,0.003767,0.004418,0.003437,0.003462,0.003460,0.003497,0.004450,0.004186,0.003673,0.003590
topaneu_center2_mr_012,0.906207,0.003253,0.004359,0.003286,0.003288,0.003358,0.003339,0.003819,0.003726,0.004019,0.005171,0.003606,0.003550,0.003239,0.003459,0.003634,0.003648,0.003813,0.003034,0.003156,0.003599,0.003811,0.229113,0.013795,0.008970,0.004639,0.011200,0.004783,0.007551,0.009695,0.005939,0.005493,0.009298,0.004443,0.010266,0.004549,0.394880,0.022081,0.012979,0.020040,0.011907,0.003444,0.003475,0.003343,0.003411,0.087496,0.003220,0.116698,0.003227,0.004735,0.007242,0.003378,0.003582
topaneu_center2_mr_016,0.978849,0.006877,0.004154,0.003465,0.003376,0.003560,0.003456,0.003422,0.003395,0.004572,0.003388,0.003308,0.003288,0.003437,0.003444,0.003315,0.003310,0.003407,0.003221,0.003233,0.003453,0.003678,0.007227,0.114063,0.004471,0.223489,0.004771,0.231854,0.005206,0.007227,0.007496,0.006937,0.004514,0.179014,0.004619,0.192898,0.008873,0.003376,0.003536,0.003326,0.003475,0.003714,0.003457,0.003559,0.003386,0.003239,0.003443,0.003258,0.003471,0.005159,0.004638,0.003565,0.003371
topaneu_center2_mr_017,0.983529,0.003929,0.004218,0.003526,0.003359,0.003596,0.003439,0.003502,0.003474,0.003788,0.004303,0.003419,0.003385,0.003463,0.003640,0.003420,0.003412,0.003489,0.003213,0.003272,0.003620,0.003651,0.011400,0.011097,0.004946,0.004141,0.005311,0.004196,0.007230,0.005520,0.007065,0.006617,0.005023,0.004021,0.005161,0.004046,0.535128,0.213763,0.010989,0.201965,0.009779,0.003699,0.003641,0.003595,0.003581,0.003324,0.011579,0.003345,0.013376,0.004065,0.004063,0.003405,0.003331
topaneu_center2_mr_018,0.899839,0.003557,0.003723,0.003536,0.003484,0.003678,0.003604,0.003402,0.003374,0.003399,0.003757,0.003323,0.003304,0.003297,0.003486,0.003322,0.003332,0.003380,0.003119,0.003127,0.003506,0.003531,0.013613,0.011886,0.003784,0.003509,0.003876,0.003559,0.004499,0.005209,0.006189,0.005729,0.003795,0.003499,0.003848,0.003509,0.514718,0.069455,0.035739,0.063034,0.029357,0.003446,0.003267,0.003341,0.003256,0.003169,0.003169,0.003192,0.003194,0.003927,0.004119,0.003286,0.003345
topaneu_center2_mr_019,0.965854,0.003302,0.003333,0.003164,0.003523,0.003243,0.003658,0.003528,0.003466,0.003307,0.003312,0.003385,0.003338,0.003902,0.003424,0.003364,0.003371,0.003496,0.003044,0.003095,0.003308,0.003402,0.072005,0.013053,0.166806,0.004191,0.200645,0.004318,0.025901,0.004368,0.006477,0.005986,0.166823,0.004071,0.186409,0.004174,0.040022,0.015419,0.003780,0.013175,0.003716,0.003294,0.003270,0.003237,0.003241,0.003122,0.003748,0.003137,0.003851,0.003633,0.003550,0.003182,0.003122
topaneu_center2_mr_020,0.973265,0.003544,0.003617,0.003579,0.003312,0.003629,0.003352,0.004059,0.003985,0.003741,0.003201,0.003826,0.003748,0.003212,0.003344,0.003870,0.003833,0.004067,0.003124,0.003273,0.003249,0.003314,0.007701,0.015438,0.205236,0.004548,0.239037,0.004653,0.007135,0.008032,0.006859,0.006258,0.204553,0.004336,0.228087,0.004407,0.217659,0.018843,0.003955,0.016729,0.003914,0.003310,0.003486,0.003258,0.003444,0.003140,0.003219,0.003146,0.003235,0.004356,0.004127,0.003402,0.003398
topaneu_center2_mr_025,0.984980,0.003531,0.004276,0.006997,0.003750,0.007648,0.003891,0.003533,0.003472,0.003942,0.003902,0.003394,0.003358,0.003624,0.003536,0.003394,0.003376,0.003498,0.003664,0.003534,0.004324,0.004091,0.016361,0.016347,0.003780,0.003857,0.003867,0.003914,0.004856,0.004852,0.008041,0.007387,0.003791,0.003790,0.003827,0.003819,0.005014,0.003489,0.003384,0.003445,0.003379,0.004093,0.003754,0.003805,0.003669,0.009335,0.003387,0.011917,0.003421,0.485583,0.005511,0.313715,0.003659
topaneu_center2_mr_028,0.978043,0.003304,0.003309,0.003255,0.003241,0.003310,0.003303,0.003254,0.003252,0.003751,0.003353,0.003192,0.003180,0.003355,0.003146,0.003199,0.003190,0.003251,0.003022,0.003036,0.003274,0.003384,0.069166,0.010578,0.176071,0.004661,0.211239,0.004740,0.008203,0.003966,0.006554,0.006124,0.175845,0.004400,0.195620,0.004505,0.169268,0.003753,0.021492,0.003649,0.019874,0.003339,0.003585,0.003264,0.003508,0.003569,0.003093,0.003619,0.003099,0.003980,0.003631,0.003279,0.003145
topaneu_center2_mr_029,0.956170,0.003206,0.003354,0.003288,0.005305,0.003374,0.005612,0.003383,0.003349,0.003296,0.003264,0.003306,0.003293,0.003521,0.003645,0.003311,0.003320,0.003389,0.003021,0.003027,0.003463,0.003695,0.093732,0.006980,0.131909,0.003378,0.161863,0.003419,0.005328,0.005826,0.005929,0.005514,0.133394,0.003378,0.149367,0.003388,0.007649,0.003407,0.003174,0.003341,0.003174,0.003390,0.003307,0.003279,0.003270,0.003055,0.003002,0.003075,0.003025,0.004537,0.006099,0.003319,0.003397
topaneu_center2_mr_031,0.981990,0.003629,0.003741,0.003570,0.003689,0.003672,0.003787,0.012073,0.010459,0.005345,0.003711,0.009211,0.008488,0.003687,0.003594,0.009724,0.010000,0.011068,0.003400,0.003455,0.003658,0.003699,0.008389,0.010741,0.003525,0.003831,0.003583,0.003888,0.004572,0.004807,0.007521,0.007001,0.003544,0.003774,0.003548,0.003790,0.012220,0.003664,0.003354,0.003581,0.003355,0.003932,0.004094,0.003693,0.003964,0.349731,0.003295,0.394178,0.003312,0.004656,0.005809,0.003528,0.003659
topaneu_center2_mr_032,0.985408,0.004069,0.004491,0.003927,0.003886,0.004024,0.004131,0.004102,0.004012,0.003929,0.007489,0.003877,0.003803,0.004225,0.004392,0.003891,0.003865,0.004068,0.003431,0.003478,0.003916,0.004103,0.015723,0.016236,0.006661,0.008260,0.007671,0.008821,0.009315,0.008481,0.009151,0.008068,0.006744,0.007400,0.007142,0.008014,0.008552,0.003609,0.003603,0.003551,0.003601,0.004193,0.004053,0.003930,0.003905,0.247882,0.003521,0.295788,0.003552,0.484278,0.007080,0.322824,0.003892
topaneu_center2_mr_034,0.978078,0.003937,0.003743,0.003686,0.003210,0.003768,0.003274,0.003563,0.003516,0.003278,0.003806,0.003417,0.003398,0.003424,0.003369,0.003421,0.003420,0.003546,0.003070,0.005362,0.003322,0.003514,0.045598,0.010867,0.143194,0.010576,0.173724,0.011581,0.007280,0.029563,0.007073,0.006476,0.144029,0.008657,0.161994,0.009187,0.014405,0.005150,0.003359,0.004687,0.003330,0.003701,0.003970,0.003513,0.003827,0.003110,0.003161,0.003143,0.003169,0.004897,0.004048,0.003389,0.003248
topaneu_center2_mr_035,0.982767,0.003621,0.003715,0.003536,0.005077,0.003652,0.005421,0.003632,0.003548,0.006644,0.005503,0.003437,0.003397,0.003441,0.003646,0.003439,0.003432,0.003592,0.003451,0.003267,0.004320,0.004494,0.010135,0.019801,0.003539,0.004665,0.003628,0.004761,0.005129,0.007359,0.007943,0.007228,0.003541,0.004487,0.003572,0.004601,0.025261,0.003729,0.004049,0.003656,0.004022,0.003629,0.003787,0.003497,0.003691,0.315949,0.025353,0.362929,0.030330,0.010924,0.006465,0.004194,0.003586
topaneu_center2_mr_038,0.981817,0.003706,0.004051,0.003494,0.003411,0.003583,0.003534,0.003413,0.003377,0.005854,0.006314,0.003321,0.003282,0.003432,0.003430,0.003321,0.003305,0.003395,0.003208,0.003337,0.003522,0.003849,0.009169,0.016472,0.003479,0.015581,0.003534,0.016720,0.007409,0.005292,0.007207,0.006676,0.003473,0.012119,0.003499,0.011847,0.004256,0.003413,0.003268,0.003357,0.003273,0.003798,0.003912,0.003618,0.003763,0.003224,0.028359,0.003251,0.036386,0.005189,0.461969,0.003573,0.326760
topaneu_center2_mr_042,0.983311,0.003975,0.003827,0.003654,0.003552,0.003774,0.003682,0.003586,0.003528,0.003470,0.006652,0.003471,0.003403,0.003454,0.003517,0.003471,0.003454,0.003574,0.003180,0.003232,0.003693,0.003691,0.009668,0.011735,0.003567,0.242576,0.003637,0.248186,0.008050,0.007476,0.007729,0.007060,0.003572,0.202020,0.003620,0.208924,0.007608,0.003507,0.003875,0.003420,0.003825,0.004158,0.003853,0.003939,0.003756,0.003292,0.003225,0.003317,0.003252,0.005433,0.004248,0.003756,0.003498
topaneu_center2_mr_044,0.980359,0.003583,0.004064,0.003389,0.003355,0.003497,0.003419,0.003420,0.003407,0.006597,0.003316,0.003354,0.003351,0.003685,0.003683,0.003373,0.003367,0.003435,0.003304,0.003419,0.003446,0.003660,0.019109,0.013612,0.143461,0.005596,0.173913,0.005804,0.007723,0.005257,0.007426,0.006753,0.145198,0.005225,0.163749,0.005534,0.004377,0.005473,0.003304,0.004839,0.003318,0.003908,0.003471,0.003731,0.003411,0.201126,0.003664,0.245893,0.003713,0.004173,0.003815,0.003335,0.003270
topaneu_center2_mr_047,0.930523,0.004766,0.003886,0.003533,0.003370,0.003704,0.003473,0.003502,0.003447,0.003681,0.005853,0.003375,0.003319,0.003817,0.003589,0.003354,0.003342,0.003464,0.003227,0.003404,0.003866,0.003912,0.024293,0.044661,0.004351,0.005127,0.004536,0.005331,0.004532,0.004028,0.006665,0.006167,0.004392,0.004861,0.004478,0.005045,0.004783,0.003309,0.003292,0.003287,0.003283,0.003631,0.003470,0.003466,0.003416,0.003390,0.003185,0.003456,0.003218,0.497853,0.006087,0.332224,0.003639
topaneu_center2_mr_048,0.964346,0.003910,0.004361,0.003647,0.003632,0.003825,0.003757,0.003603,0.003555,0.004087,0.004219,0.003473,0.003451,0.003544,0.003852,0.003473,0.003468,0.003575,0.003250,0.003264,0.003671,0.003820,0.015433,0.011138,0.003872,0.003709,0.003955,0.003770,0.004623,0.006424,0.006779,0.006229,0.003883,0.003664,0.003918,0.003696,0.008096,0.003370,0.003416,0.003337,0.003409,0.004069,0.004000,0.003826,0.003873,0.271667,0.003305,0.320806,0.003332,0.029708,0.004956,0.006387,0.003468
topaneu_center2_mr_049,0.984841,0.003829,0.003603,0.003786,0.003976,0.003940,0.004184,0.003565,0.003514,0.003970,0.006607,0.003421,0.003376,0.003489,0.003612,0.003409,0.003395,0.003528,0.003652,0.003336,0.004030,0.003963,0.011052,0.017944,0.004306,0.004982,0.004495,0.005114,0.005298,0.008202,0.008736,0.007909,0.004347,0.004767,0.004441,0.004927,0.031722,0.005086,0.003460,0.004950,0.003473,0.003862,0.003972,0.003734,0.003875,0.164171,0.003475,0.206478,0.003497,0.448935,0.006073,0.282360,0.003842
topaneu_center2_mr_050,0.979627,0.003672,0.004215,0.003577,0.003573,0.003760,0.003761,0.003892,0.003791,0.003690,0.004596,0.003663,0.003582,0.003926,0.003742,0.003646,0.003615,0.003824,0.003304,0.003338,0.003794,0.003793,0.016655,0.020039,0.004393,0.004695,0.004626,0.004806,0.007654,0.007031,0.007513,0.006839,0.004414,0.004480,0.004493,0.004620,0.018340,0.003532,0.003428,0.003487,0.003409,0.003767,0.003791,0.003609,0.003707,0.011216,0.003375,0.014842,0.003398,0.440918,0.006898,0.264519,0.003690
topaneu_center2_mr_051,0.980693,0.004064,0.005398,0.006865,0.003877,0.007611,0.004055,0.003888,0.003803,0.003740,0.004479,0.003661,0.003554,0.003645,0.003774,0.003649,0.003616,0.003839,0.003351,0.003320,0.004023,0.003903,0.017989,0.013340,0.005164,0.004754,0.005610,0.004963,0.007354,0.004488,0.008149,0.007258,0.005217,0.004553,0.005396,0.004665,0.005166,0.003403,0.003364,0.003360,0.003336,0.003713,0.003503,0.003546,0.003459,0.003490,0.349048,0.003540,0.381840,0.005202,0.019370,0.003590,0.004800
topaneu_center2_mr_054,0.960589,0.003273,0.003559,0.003342,0.003296,0.003413,0.003399,0.003210,0.003168,0.003455,0.003453,0.003134,0.003119,0.003236,0.003338,0.003137,0.003129,0.003187,0.003091,0.003064,0.003416,0.003560,0.005336,0.007360,0.003305,0.004210,0.003326,0.004316,0.004477,0.004805,0.006057,0.005650,0.003310,0.004081,0.003325,0.004156,0.496603,0.011030,0.115390,0.010274,0.097997,0.004152,0.003587,0.003879,0.003533,0.003120,0.003137,0.003132,0.003149,0.005333,0.004408,0.003487,0.003330
topaneu_center2_mr_055,0.981680,0.003326,0.003598,0.003471,0.003303,0.003658,0.003394,0.003415,0.003398,0.003541,0.004454,0.003345,0.003329,0.003614,0.004026,0.003345,0.003347,0.003414,0.003177,0.003107,0.003577,0.003531,0.158628,0.011621,0.216149,0.004221,0.252734,0.004283,0.005082,0.004844,0.007154,0.006495,0.216067,0.004098,0.238870,0.004161,0.096720,0.003740,0.003280,0.003606,0.003270,0.003519,0.003386,0.003401,0.003340,0.003280,0.003229,0.003306,0.003248,0.004227,0.006552,0.003303,0.003545
topaneu_center2_mr_056,0.976428,0.003419,0.003677,0.003807,0.003590,0.003988,0.003753,0.003600,0.003535,0.004004,0.007225,0.003449,0.003393,0.003973,0.003881,0.003443,0.003423,0.003566,0.003223,0.003280,0.003839,0.003915,0.015339,0.018416,0.003702,0.004184,0.003771,0.004232,0.006535,0.016943,0.007048,0.006470,0.003704,0.004049,0.003718,0.004128,0.073296,0.003769,0.003624,0.003700,0.003594,0.003889,0.003487,0.003677,0.003452,0.013138,0.003361,0.017720,0.003399,0.387695,0.004763,0.206011,0.003524
topaneu_center2_mr_057,0.978654,0.003221,0.003250,0.003316,0.003325,0.003390,0.003417,0.003155,0.003141,0.003436,0.003428,0.003107,0.003104,0.003444,0.003167,0.003119,0.003108,0.003146,0.003038,0.003074,0.003448,0.003509,0.013017,0.044092,0.003732,0.198323,0.003832,0.205538,0.004454,0.004244,0.006638,0.006197,0.003759,0.162059,0.003804,0.170628,0.035672,0.003286,0.004846,0.003256,0.004405,0.003645,0.003162,0.003498,0.003134,0.004738,0.003441,0.005437,0.003482,0.004268,0.004433,0.003311,0.003321
topaneu_center2_mr_058,0.973072,0.003323,0.003523,0.003424,0.005234,0.003504,0.005513,0.004071,0.004007,0.003540,0.003455,0.003850,0.003754,0.003657,0.003310,0.003879,0.003846,0.004059,0.003175,0.003209,0.003449,0.003717,0.013235,0.015156,0.004315,0.004210,0.004480,0.004310,0.006377,0.006474,0.006291,0.005875,0.004354,0.004086,0.004457,0.004137,0.513897,0.199882,0.013190,0.189099,0.011819,0.003489,0.003358,0.003418,0.003331,0.003235,0.003203,0.003257,0.003224,0.004029,0.004147,0.003420,0.003384
topaneu_center2_mr_069,0.984069,0.003572,0.003317,0.003416,0.003195,0.003505,0.003265,0.003308,0.003282,0.005098,0.003377,0.003235,0.003210,0.003279,0.003291,0.003236,0.003232,0.003296,0.003163,0.003210,0.003565,0.003608,0.013389,0.107040,0.004202,0.274277,0.004371,0.282768,0.004912,0.005541,0.007833,0.007137,0.004245,0.232139,0.004308,0.241363,0.045895,0.003806,0.004679,0.003642,0.004395,0.003442,0.003351,0.003349,0.003313,0.003194,0.003194,0.003222,0.003195,0.004369,0.004734,0.003409,0.003419
topaneu_center2_mr_074,0.984261,0.003234,0.003850,0.003236,0.003325,0.003287,0.003403,0.003352,0.003333,0.003393,0.006848,0.003292,0.003281,0.003227,0.003312,0.003299,0.003299,0.003361,0.003127,0.003784,0.003381,0.003505,0.297487,0.128892,0.132318,0.025419,0.159659,0.026765,0.034666,0.097610,0.007949,0.007314,0.132307,0.020241,0.149124,0.019556,0.009408,0.003742,0.003352,0.003593,0.003370,0.003532,0.003448,0.003441,0.003391,0.003259,0.003291,0.003266,0.003286,0.003861,0.003734,0.003303,0.003310
topaneu_center2_mr_077,0.817620,0.004421,0.004240,0.003350,0.003377,0.003429,0.003426,0.003648,0.003589,0.004656,0.003456,0.003502,0.003439,0.003405,0.003445,0.003497,0.003512,0.003642,0.003062,0.003154,0.003408,0.003580,0.006979,0.009033,0.003854,0.096310,0.003934,0.099858,0.108143,0.372677,0.005271,0.004940,0.003865,0.075438,0.003914,0.080416,0.003882,0.003114,0.003228,0.003103,0.003221,0.003348,0.003376,0.003250,0.003346,0.003117,0.003103,0.003130,0.003112,0.004255,0.003867,0.003318,0.003271
topaneu_center2_mr_078,0.980827,0.003542,0.087516,0.003350,0.005371,0.003410,0.005849,0.003360,0.003343,0.003543,0.003441,0.003307,0.003307,0.003339,0.003322,0.003319,0.003310,0.003361,0.003178,0.003285,0.003505,0.003618,0.014015,0.006644,0.037730,0.003573,0.047460,0.003611,0.006642,0.004679,0.006437,0.006052,0.039631,0.003565,0.044853,0.003570,0.005473,0.078315,0.003256,0.070284,0.003247,0.003968,0.003717,0.003699,0.003590,0.003253,0.015153,0.003267,0.019512,0.004425,0.347309,0.003487,0.221880
topaneu_center2_mr_079,0.984980,0.003531,0.003589,0.003992,0.004812,0.004085,0.005114,0.003656,0.003608,0.003988,0.003622,0.003523,0.003464,0.003892,0.003828,0.003521,0.003483,0.003624,0.003498,0.003543,0.004049,0.004412,0.017825,0.011551,0.005296,0.004194,0.005757,0.004278,0.005339,0.007662,0.009244,0.008203,0.005393,0.004065,0.005599,0.004129,0.007620,0.003657,0.003516,0.003598,0.003492,0.004288,0.004316,0.003976,0.004119,0.205182,0.003432,0.247942,0.003439,0.446741,0.008311,0.292316,0.004081
topaneu_center2_mr_080,0.986303,0.003689,0.003910,0.003611,0.003770,0.003751,0.003917,0.003584,0.003546,0.003669,0.003975,0.003474,0.003424,0.003748,0.003747,0.003470,0.003466,0.003580,0.034923,0.004341,0.004023,0.004134,0.012118,0.009721,0.005133,0.008750,0.005538,0.009531,0.007304,0.244879,0.009504,0.008416,0.005217,0.007699,0.005394,0.007930,0.006322,0.003432,0.003600,0.003407,0.003571,0.003660,0.003532,0.003537,0.003492,0.112148,0.007440,0.141045,0.008448,0.255804,0.344989,0.098594,0.210165
topaneu_center2_mr_083,0.950233,0.004145,0.005670,0.003092,0.003245,0.003121,0.003284,0.003900,0.003839,0.003288,0.003210,0.003692,0.003649,0.003196,0.003323,0.003718,0.003721,0.003894,0.002990,0.003014,0.003151,0.003239,0.010920,0.009010,0.040145,0.176133,0.050971,0.183118,0.006004,0.005715,0.005724,0.005397,0.040840,0.143889,0.046529,0.152020,0.004815,0.003161,0.003319,0.003140,0.003319,0.003170,0.003378,0.003109,0.003328,0.003209,0.003074,0.003218,0.003079,0.003619,0.003541,0.003171,0.003114
topaneu_center2_mr_085,0.982683,0.006874,0.005952,0.003858,0.004288,0.003997,0.004500,0.166396,0.152635,0.003710,0.007945,0.127860,0.111494,0.006170,0.004173,0.128826,0.128330,0.158943,0.003597,0.003892,0.003941,0.004083,0.007046,0.010546,0.004514,0.075433,0.004711,0.078218,0.010000,0.009134,0.009549,0.008465,0.004573,0.060750,0.004671,0.060479,0.005729,0.003686,0.003843,0.003635,0.003836,0.003750,0.003781,0.003653,0.003722,0.004325,0.003613,0.004445,0.003635,0.172213,0.004294,0.075459,0.003679
topaneu_center2_mr_086,0.851040,0.003582,0.003282,0.003262,0.003215,0.003290,0.003277,0.003201,0.003190,0.003586,0.003337,0.003156,0.003146,0.003330,0.003514,0.003166,0.003169,0.003218,0.003025,0.002998,0.003273,0.003342,0.059153,0.008900,0.069639,0.003622,0.089485,0.003684,0.040183,0.005091,0.005217,0.004919,0.071139,0.003586,0.081545,0.003610,0.216385,0.023025,0.003561,0.019277,0.003457,0.003245,0.003162,0.003171,0.003118,0.003025,0.003052,0.003031,0.003057,0.003806,0.003700,0.003147,0.003112
topaneu_center4_ct_002,0.987224,0.005280,0.004183,0.004185,0.004493,0.004507,0.004825,0.004420,0.004294,0.004852,0.004307,0.004107,0.004012,0.004386,0.004770,0.004209,0.004132,0.004358,0.003558,0.003690,0.004302,0.004597,0.006738,0.010193,0.003950,0.080599,0.004101,0.081082,0.020668,0.017591,0.020539,0.016954,0.003980,0.063547,0.004038,0.062769,0.008357,0.004156,0.003802,0.004044,0.003787,0.006949,0.007888,0.005595,0.006576,0.003678,0.016742,0.003745,0.021687,0.005484,0.324355,0.003888,0.199215
topaneu_center4_ct_005,0.984280,0.003996,0.004303,0.003862,0.003976,0.004127,0.004281,0.003427,0.003369,0.012317,0.004286,0.003334,0.003305,0.004054,0.004642,0.003375,0.003340,0.003393,0.003610,0.003773,0.004165,0.004061,0.005393,0.026167,0.003870,0.106857,0.004011,0.112838,0.007400,0.089644,0.016309,0.013715,0.003911,0.082455,0.003960,0.088558,0.011731,0.006542,0.004502,0.006238,0.004336,0.006641,0.005939,0.005277,0.005264,0.003568,0.003442,0.003646,0.003462,0.008857,0.010445,0.004085,0.004138
topaneu_center4_ct_008_1,0.984869,0.005821,0.005625,0.004930,0.008276,0.005483,0.009283,0.005440,0.005137,0.005659,0.004889,0.004871,0.004672,0.005636,0.005086,0.004964,0.004905,0.005258,0.003917,0.003906,0.004958,0.006230,0.010849,0.013549,0.004688,0.006137,0.004944,0.006290,0.032640,0.027019,0.031493,0.025306,0.004766,0.005731,0.004873,0.006021,0.013387,0.004209,0.004002,0.004135,0.003936,0.005463,0.004530,0.004893,0.004361,0.263462,0.003942,0.308161,0.003997,0.005799,0.005447,0.004015,0.003951
topaneu_center4_ct_008_2,0.984869,0.005821,0.005628,0.004930,0.008276,0.005483,0.009283,0.005440,0.005137,0.005659,0.004891,0.004871,0.004672,0.005636,0.005086,0.004964,0.004905,0.005258,0.003917,0.003906,0.004958,0.006230,0.010849,0.013549,0.004688,0.006137,0.004947,0.006290,0.032640,0.027019,0.031503,0.025306,0.004766,0.005731,0.004873,0.006021,0.013387,0.004209,0.004002,0.004137,0.003936,0.005463,0.004530,0.004895,0.004361,0.263457,0.003942,0.308196,0.003997,0.005799,0.005447,0.004015,0.003951
topaneu_center4_ct_009,0.983555,0.004704,0.005043,0.003851,0.004819,0.004101,0.005230,0.004128,0.004037,0.013687,0.004300,0.003926,0.003825,0.004167,0.004870,0.003999,0.003919,0.004095,0.003497,0.003530,0.004295,0.004501,0.007807,0.007611,0.004948,0.006455,0.005222,0.006651,0.019539,0.016898,0.019026,0.015323,0.005010,0.005942,0.005143,0.006263,0.028555,0.003683,0.003641,0.003679,0.003595,0.004509,0.004320,0.004195,0.004147,0.003725,0.252023,0.003804,0.281293,0.004787,0.006507,0.003717,0.003938
topaneu_center4_ct_012,0.979983,0.004617,0.004757,0.004022,0.003975,0.004272,0.004196,0.003726,0.003667,0.004779,0.003928,0.003569,0.003493,0.004039,0.004139,0.003617,0.003576,0.003675,0.003308,0.003357,0.004044,0.004424,0.005737,0.008321,0.004423,0.005185,0.004669,0.005308,0.021318,0.014021,0.016947,0.014134,0.004489,0.004952,0.004585,0.005050,0.501709,0.111122,0.055118,0.103357,0.045004,0.004894,0.004312,0.004530,0.004163,0.003456,0.003561,0.003539,0.003568,0.007024,0.013500,0.003860,0.004370
topaneu_center4_ct_019,0.979843,0.007419,0.006240,0.005160,0.004334,0.005543,0.004558,0.004101,0.003962,0.005033,0.007014,0.003862,0.003766,0.004590,0.007787,0.003897,0.003857,0.004022,0.004000,0.006287,0.004570,0.005167,0.012159,0.017527,0.004473,0.024201,0.004692,0.025274,0.009463,0.060661,0.028249,0.022540,0.004534,0.020529,0.004615,0.023104,0.014409,0.004599,0.004599,0.004478,0.004415,0.005247,0.005690,0.004696,0.005212,0.003944,0.004192,0.004087,0.004309,0.014914,0.007584,0.005154,0.004259
topaneu_center4_ct_020_1,0.988222,0.004712,0.005699,0.006582,0.004770,0.008208,0.005135,0.003867,0.003787,0.005326,0.004571,0.003694,0.003630,0.004348,0.004708,0.003756,0.003701,0.003820,0.003667,0.003727,0.004691,0.004926,0.009978,0.008714,0.005656,0.005689,0.006109,0.005877,0.017414,0.014515,0.020033,0.016923,0.005753,0.005394,0.005951,0.005524,0.585380,0.007205,0.260131,0.006888,0.234565,0.004500,0.004653,0.004159,0.004430,0.003865,0.004081,0.003949,0.004107,0.005790,0.015574,0.004078,0.006664
topaneu_center4_ct_020_2,0.988116,0.005025,0.006721,0.005526,0.004670,0.006413,0.004987,0.003818,0.003742,0.006277,0.005292,0.003653,0.003582,0.004441,0.004661,0.003705,0.003649,0.003765,0.003686,0.003793,0.004469,0.004844,0.008688,0.008063,0.004699,0.004725,0.004953,0.004796,0.010107,0.010539,0.019636,0.016647,0.004744,0.004556,0.004862,0.004647,0.601416,0.016608,0.252073,0.015520,0.225248,0.004728,0.004852,0.004256,0.004550,0.003842,0.003944,0.003917,0.003970,0.006286,0.008029,0.004098,0.004587
topaneu_center4_ct_020_3,0.987869,0.004925,0.006000,0.005607,0.004773,0.006428,0.005126,0.003907,0.003818,0.005909,0.004796,0.003734,0.003666,0.004286,0.004479,0.003791,0.003737,0.003865,0.003780,0.003818,0.004357,0.004981,0.009183,0.008534,0.004923,0.004766,0.005227,0.004845,0.016181,0.012342,0.021196,0.017688,0.004953,0.004609,0.005098,0.004691,0.588745,0.014453,0.261814,0.013496,0.236549,0.005463,0.005315,0.004705,0.004930,0.003896,0.004084,0.003990,0.004118,0.006024,0.008779,0.004227,0.005137
topaneu_center4_ct_023,0.980639,0.004864,0.004649,0.004175,0.004491,0.004512,0.004746,0.004110,0.003988,0.004082,0.003895,0.003859,0.003788,0.004574,0.005655,0.003916,0.003858,0.004034,0.004082,0.003947,0.004123,0.004507,0.013397,0.012195,0.071450,0.013065,0.087736,0.013564,0.026462,0.011760,0.022747,0.018442,0.075458,0.011143,0.084418,0.011749,0.025217,0.004521,0.004258,0.004317,0.004103,0.005052,0.005137,0.004609,0.004784,0.004037,0.003767,0.004171,0.003780,0.007403,0.006044,0.004254,0.004070
topaneu_center4_ct_025_1,0.986978,0.005715,0.005196,0.004678,0.005801,0.005332,0.006719,0.003941,0.003875,0.005048,0.008587,0.003757,0.003679,0.004263,0.004337,0.003816,0.003754,0.003902,0.003844,0.004452,0.004887,0.004936,0.009172,0.007202,0.004435,0.005413,0.004642,0.005479,0.027406,0.059776,0.018857,0.015696,0.004492,0.005107,0.004576,0.005237,0.027035,0.004067,0.004138,0.003989,0.004046,0.006779,0.005522,0.005334,0.005095,0.031427,0.003947,0.040313,0.003981,0.454166,0.006134,0.286769,0.003941
topaneu_center4_ct_025_2,0.988312,0.005553,0.005066,0.004959,0.004956,0.005648,0.005385,0.003987,0.003912,0.004815,0.005579,0.003804,0.003730,0.004303,0.004293,0.003851,0.003806,0.003924,0.003845,0.004164,0.004705,0.004971,0.006830,0.006135,0.004791,0.006787,0.005059,0.006865,0.156654,0.071167,0.020597,0.017068,0.004835,0.006232,0.004960,0.006453,0.029685,0.004060,0.004067,0.003985,0.003973,0.005783,0.005218,0.004924,0.004850,0.013085,0.005042,0.016568,0.005183,0.365075,0.377196,0.183983,0.244090
topaneu_center4_ct_030,0.980177,0.004211,0.005670,0.004344,0.004126,0.004802,0.004390,0.003762,0.003682,0.004438,0.006980,0.003607,0.003539,0.004035,0.004280,0.003643,0.003630,0.003707,0.003579,0.003550,0.003818,0.004133,0.006513,0.006207,0.003928,0.004799,0.004041,0.004923,0.046106,0.067151,0.017119,0.014400,0.003981,0.004634,0.004018,0.004741,0.604942,0.050996,0.052729,0.045321,0.046126,0.004934,0.004977,0.004470,0.004656,0.003497,0.003560,0.003564,0.003585,0.007878,0.007913,0.004120,0.004052
topaneu_center4_ct_034_1,0.987229,0.004311,0.004728,0.003928,0.004253,0.004093,0.004471,0.003825,0.003766,0.004256,0.004092,0.003670,0.003600,0.004100,0.004222,0.003720,0.003672,0.003801,0.003785,0.003820,0.004111,0.004328,0.023288,0.009147,0.174609,0.024586,0.205631,0.025293,0.164947,0.035558,0.020407,0.016999,0.175298,0.020878,0.193387,0.022694,0.011872,0.007307,0.004311,0.006673,0.004252,0.009811,0.005709,0.007739,0.005310,0.003858,0.004278,0.003964,0.004296,0.005735,0.005307,0.004039,0.003972
topaneu_center4_ct_034_2,0.987141,0.004179,0.004438,0.003872,0.004135,0.004019,0.004320,0.003727,0.003662,0.004324,0.003958,0.003600,0.003547,0.004229,0.003972,0.003634,0.003613,0.003699,0.003715,0.003784,0.004435,0.004223,0.023297,0.007509,0.161997,0.020649,0.192856,0.021208,0.173673,0.082245,0.018336,0.015486,0.163420,0.017533,0.180976,0.018875,0.013375,0.005484,0.004152,0.005144,0.004084,0.010559,0.005790,0.008000,0.005309,0.003817,0.004408,0.003878,0.004402,0.005068,0.004853,0.003876,0.003782
topaneu_center4_ct_037,0.985796,0.004180,0.005968,0.004368,0.004696,0.004694,0.005165,0.004197,0.004087,0.004503,0.006257,0.003966,0.003866,0.004583,0.004534,0.004025,0.003971,0.004135,0.003646,0.003692,0.004277,0.004721,0.009259,0.008102,0.005081,0.005707,0.005414,0.005898,0.010846,0.017094,0.019525,0.016292,0.005196,0.005379,0.005353,0.005593,0.619857,0.017510,0.044459,0.016440,0.038044,0.005352,0.004909,0.004678,0.004564,0.003780,0.003904,0.003840,0.003959,0.005353,0.004666,0.003891,0.003755
topaneu_center4_ct_041,0.987737,0.006435,0.005075,0.005277,0.004710,0.006109,0.005043,0.009279,0.008283,0.005025,0.005148,0.007617,0.007196,0.005314,0.004856,0.007949,0.007920,0.008801,0.007977,0.004116,0.004947,0.005104,0.275269,0.007453,0.006650,0.011456,0.007407,0.011710,0.040626,0.016135,0.030557,0.024223,0.006873,0.009952,0.007084,0.010361,0.011933,0.004053,0.004101,0.003990,0.004040,0.005249,0.005642,0.004778,0.005226,0.003962,0.004144,0.004053,0.004204,0.012210,0.015904,0.004987,0.005237
topaneu_center4_ct_042_1,0.986304,0.004686,0.005215,0.005393,0.004559,0.006169,0.004914,0.004088,0.004008,0.004475,0.005827,0.003899,0.003828,0.004622,0.005051,0.003954,0.003907,0.004047,0.003836,0.004074,0.004919,0.004937,0.006788,0.007096,0.006102,0.005033,0.006824,0.005111,0.011965,0.063581,0.023596,0.019143,0.006150,0.004820,0.006424,0.004962,0.012795,0.004167,0.004255,0.004070,0.004124,0.008501,0.008676,0.006256,0.007211,0.007271,0.004706,0.008199,0.004852,0.007444,0.381315,0.004602,0.242610
topaneu_center4_ct_042_2,0.988138,0.004949,0.005125,0.005077,0.004662,0.005438,0.004969,0.004292,0.004176,0.004666,0.004473,0.004056,0.003975,0.004254,0.004666,0.004115,0.004066,0.004218,0.004143,0.004246,0.004595,0.004655,0.006948,0.006695,0.005088,0.004648,0.005489,0.004724,0.011916,0.044453,0.027416,0.022225,0.005116,0.004516,0.005283,0.004583,0.017479,0.004628,0.004716,0.004539,0.004594,0.005269,0.005434,0.004794,0.005061,0.305919,0.005750,0.351557,0.006001,0.009436,0.259751,0.004963,0.127139
topaneu_center4_ct_045,0.985228,0.005736,0.006051,0.004207,0.004181,0.004535,0.004427,0.004525,0.004354,0.005049,0.017403,0.004138,0.004008,0.005124,0.004497,0.004206,0.004159,0.004437,0.003576,0.003466,0.004395,0.005217,0.013303,0.017216,0.023959,0.131683,0.029241,0.138377,0.021690,0.014953,0.021228,0.017156,0.025293,0.102092,0.027585,0.109293,0.021844,0.003816,0.004380,0.003744,0.004254,0.006927,0.003826,0.005222,0.003701,0.003694,0.003781,0.003779,0.003802,0.007280,0.006417,0.003971,0.003952
topaneu_center4_ct_047,0.983333,0.006141,0.007023,0.004524,0.005649,0.005144,0.006489,0.004448,0.004272,0.004845,0.004239,0.004117,0.003977,0.005043,0.005355,0.004153,0.004133,0.004359,0.003561,0.003518,0.004444,0.004792,0.013304,0.009333,0.037865,0.006022,0.048481,0.006180,0.021567,0.018438,0.021005,0.016667,0.040040,0.005594,0.044217,0.005986,0.012965,0.003712,0.003614,0.003678,0.003561,0.004492,0.004660,0.004092,0.004337,0.004647,0.003664,0.004996,0.003714,0.134272,0.007848,0.062011,0.004042
topaneu_center4_ct_048,0.986251,0.004266,0.006209,0.004875,0.004425,0.005330,0.004809,0.004414,0.004269,0.004599,0.006995,0.004120,0.003978,0.004554,0.004782,0.004175,0.004111,0.004333,0.003614,0.003593,0.004387,0.004784,0.009938,0.010512,0.007618,0.005972,0.008590,0.006114,0.010842,0.007089,0.023167,0.018454,0.007965,0.005604,0.008250,0.005784,0.011583,0.003787,0.003717,0.003768,0.003698,0.004516,0.004928,0.004142,0.004580,0.003805,0.283011,0.003892,0.313236,0.005637,0.098372,0.003876,0.036403
topaneu_center4_ct_051_1,0.986737,0.005236,0.004653,0.004851,0.005332,0.005774,0.005999,0.004289,0.004214,0.004006,0.012284,0.004045,0.003938,0.004390,0.004383,0.004115,0.004033,0.004238,0.003775,0.003841,0.004411,0.004568,0.009669,0.009025,0.008485,0.010802,0.009730,0.011332,0.007104,0.006929,0.016921,0.014413,0.008938,0.009569,0.009649,0.010677,0.480714,0.249547,0.010599,0.238976,0.009404,0.004307,0.004324,0.004079,0.004163,0.003833,0.003862,0.003905,0.003873,0.005649,0.007556,0.003912,0.004199
topaneu_center4_ct_051_2,0.986979,0.004712,0.004725,0.004427,0.004579,0.004799,0.004857,0.004284,0.004200,0.003919,0.005611,0.004035,0.003934,0.004092,0.004190,0.004109,0.004038,0.004250,0.003807,0.003879,0.004134,0.004323,0.010781,0.011563,0.006838,0.010556,0.007601,0.010973,0.007931,0.011021,0.018250,0.015465,0.007035,0.009379,0.007468,0.010345,0.535179,0.258590,0.011785,0.248022,0.010410,0.004385,0.004594,0.004166,0.004417,0.003863,0.004159,0.003948,0.004200,0.005515,0.006402,0.003976,0.004293
topaneu_center4_ct_055,0.987499,0.307348,0.005673,0.008053,0.005291,0.009745,0.005711,0.005028,0.004869,0.008185,0.007542,0.004625,0.004448,0.006631,0.007780,0.004720,0.004602,0.004945,0.004255,0.004402,0.005118,0.007321,0.011502,0.011166,0.005015,0.005297,0.005303,0.005427,0.023472,0.052440,0.037603,0.029013,0.005146,0.005069,0.005236,0.005197,0.017059,0.004674,0.004589,0.004620,0.004499,0.009996,0.007189,0.007275,0.006382,0.004462,0.004376,0.004631,0.004458,0.011818,0.010762,0.005075,0.004781
topaneu_center4_ct_057,0.986451,0.004908,0.004966,0.004449,0.004332,0.004993,0.004652,0.003828,0.003711,0.016628,0.004341,0.003622,0.003570,0.004517,0.004461,0.003692,0.003656,0.003756,0.003999,0.004399,0.004356,0.004427,0.007996,0.008359,0.007464,0.004837,0.008629,0.004908,0.020614,0.010010,0.020372,0.016925,0.007841,0.004669,0.008236,0.004779,0.017893,0.003894,0.004125,0.003854,0.004041,0.004906,0.005373,0.004499,0.005000,0.003847,0.287322,0.003916,0.316059,0.005740,0.005911,0.003977,0.003947
topaneu_center4_ct_059,0.987466,0.005870,0.005942,0.004390,0.004834,0.004618,0.005471,0.004269,0.004152,0.004309,0.023914,0.004019,0.003914,0.004976,0.005028,0.004091,0.004034,0.004207,0.007320,0.003820,0.004892,0.004552,0.019948,0.006455,0.148764,0.004151,0.181719,0.004211,0.402885,0.012934,0.022223,0.018121,0.152241,0.004045,0.169380,0.004047,0.009251,0.003961,0.004253,0.003908,0.004135,0.007263,0.006852,0.006112,0.006276,0.003767,0.003959,0.003829,0.004005,0.008016,0.005059,0.004254,0.003828
topaneu_center4_ct_060,0.988698,0.005029,0.005196,0.004253,0.004591,0.004512,0.004862,0.085420,0.079076,0.004465,0.004277,0.062701,0.055190,0.005208,0.005600,0.066379,0.064057,0.082271,0.004024,0.004169,0.004496,0.004929,0.005894,0.006569,0.006452,0.006306,0.006947,0.006467,0.026591,0.020897,0.016378,0.014263,0.006643,0.005943,0.006856,0.006081,0.535753,0.051188,0.037634,0.047312,0.032426,0.004524,0.004832,0.004283,0.004615,0.003943,0.003884,0.004007,0.003897,0.005534,0.004758,0.004110,0.003973
topaneu_center4_ct_062_1,0.987568,0.005367,0.005099,0.005080,0.005053,0.005465,0.005451,0.004593,0.004524,0.005208,0.004689,0.004275,0.004159,0.005120,0.005520,0.004387,0.004271,0.004559,0.004146,0.004045,0.005164,0.005788,0.009793,0.008312,0.005433,0.005875,0.005836,0.006103,0.123727,0.020417,0.023090,0.018545,0.005518,0.005575,0.005702,0.005854,0.020207,0.004184,0.004216,0.004151,0.004149,0.004363,0.004507,0.004129,0.004331,0.228106,0.005117,0.272405,0.005274,0.019015,0.324662,0.005538,0.191517
topaneu_center4_ct_062_2,0.985750,0.004978,0.004622,0.004845,0.004612,0.005210,0.005054,0.004265,0.004174,0.004788,0.004467,0.004011,0.003899,0.004661,0.006014,0.004084,0.004006,0.004221,0.003662,0.003759,0.004658,0.005238,0.011171,0.007632,0.005796,0.005247,0.006245,0.005349,0.151012,0.019547,0.022249,0.017713,0.005899,0.005008,0.006108,0.005179,0.009975,0.003726,0.003740,0.003714,0.003708,0.004378,0.004495,0.004028,0.004238,0.282003,0.003766,0.331749,0.003772,0.021191,0.005203,0.005322,0.003792
topaneu_center4_ct_063,0.975060,0.006560,0.009274,0.004712,0.004755,0.005091,0.005153,0.004183,0.004065,0.004793,0.004791,0.003949,0.003856,0.004425,0.006143,0.004014,0.003955,0.004116,0.003931,0.005289,0.004253,0.004527,0.009968,0.298598,0.005469,0.011708,0.005867,0.012366,0.025206,0.023656,0.024938,0.020298,0.005565,0.010365,0.005726,0.011594,0.012138,0.004441,0.004217,0.004331,0.004097,0.011211,0.005043,0.009434,0.004783,0.004157,0.003813,0.004330,0.003832,0.011790,0.007800,0.005102,0.004304
topaneu_center4_ct_064,0.983710,0.005234,0.006068,0.004368,0.004232,0.004641,0.004551,0.004339,0.004202,0.005227,0.004343,0.004056,0.003946,0.005661,0.007053,0.004109,0.004059,0.004255,0.003634,0.003681,0.004530,0.005049,0.009964,0.008479,0.009963,0.006110,0.011625,0.006275,0.100173,0.012618,0.022602,0.018563,0.010260,0.005727,0.010932,0.005952,0.349791,0.054597,0.068661,0.048899,0.056128,0.007838,0.006193,0.006870,0.005739,0.003732,0.003698,0.003818,0.003712,0.006305,0.005061,0.004132,0.003799
topaneu_center4_ct_065,0.983325,0.005304,0.004853,0.004517,0.004149,0.005273,0.004352,0.004044,0.003955,0.015729,0.003934,0.003821,0.003737,0.005007,0.004808,0.003866,0.003821,0.003992,0.003604,0.003624,0.005098,0.004813,0.008745,0.011153,0.020147,0.006311,0.025280,0.006420,0.033478,0.042475,0.022234,0.017776,0.020275,0.005850,0.021685,0.006113,0.031206,0.003995,0.003816,0.003934,0.003796,0.006428,0.005209,0.005400,0.004850,0.004234,0.003771,0.004466,0.003791,0.362375,0.007879,0.185783,0.003960
topaneu_center4_ct_067,0.988609,0.005504,0.010739,0.005445,0.004892,0.006309,0.005304,0.004435,0.004336,0.004688,0.016894,0.004177,0.004068,0.004580,0.004923,0.004258,0.004180,0.004380,0.003734,0.003759,0.004416,0.004544,0.009139,0.011648,0.004106,0.008170,0.004283,0.008513,0.021796,0.025759,0.021163,0.017477,0.004156,0.007504,0.004231,0.008015,0.219916,0.004627,0.226496,0.004556,0.201356,0.004509,0.004705,0.004223,0.004464,0.004984,0.139978,0.005222,0.159390,0.005088,0.005446,0.003873,0.004025
topaneu_center4_ct_070,0.985093,0.004880,0.004747,0.004492,0.004565,0.005054,0.005222,0.003890,0.003816,0.005887,0.004283,0.003731,0.003658,0.004512,0.004465,0.003788,0.003741,0.003843,0.003599,0.003568,0.004123,0.004336,0.006445,0.008452,0.004379,0.005698,0.004575,0.005883,0.017308,0.019929,0.017461,0.014543,0.004457,0.005401,0.004548,0.005638,0.606111,0.213645,0.018357,0.200564,0.016008,0.004887,0.004330,0.004382,0.004137,0.003634,0.003731,0.003680,0.003750,0.005715,0.006502,0.003789,0.003941
topaneu_center4_ct_072,0.987946,0.004124,0.004352,0.004031,0.004459,0.004266,0.004756,0.003743,0.003681,0.006210,0.006691,0.003610,0.003561,0.005792,0.003829,0.003657,0.003618,0.003710,0.003956,0.003671,0.004154,0.004301,0.013847,0.006815,0.161911,0.005139,0.192749,0.005286,0.012171,0.018033,0.016781,0.014366,0.163398,0.004937,0.180602,0.004975,0.469567,0.070216,0.004172,0.065976,0.004136,0.004330,0.004215,0.004049,0.004061,0.003690,0.003823,0.003730,0.003828,0.005225,0.005435,0.003823,0.003845
topaneu_center4_ct_074,0.985861,0.006331,0.005942,0.004559,0.004417,0.004929,0.004668,0.018014,0.016674,0.004382,0.051028,0.014482,0.013226,0.004348,0.005679,0.015339,0.015020,0.016916,0.004439,0.004015,0.004417,0.004695,0.009518,0.175439,0.047667,0.114168,0.057261,0.124061,0.043942,0.018902,0.019317,0.016346,0.050417,0.088712,0.054530,0.093601,0.010550,0.004057,0.004175,0.004010,0.004120,0.005741,0.004837,0.005117,0.004545,0.007264,0.010118,0.008232,0.010941,0.031302,0.016347,0.014516,0.009395
topaneu_center4_ct_083,0.987078,0.005413,0.005352,0.004542,0.004602,0.004844,0.004931,0.047752,0.044637,0.004281,0.004320,0.036261,0.032650,0.004238,0.012454,0.038957,0.037897,0.046111,0.004075,0.007596,0.004146,0.004454,0.008213,0.031147,0.010516,0.128472,0.011957,0.137696,0.018352,0.364510,0.016621,0.014302,0.010856,0.102301,0.011669,0.109575,0.010296,0.004732,0.100035,0.004648,0.083579,0.004733,0.004374,0.004481,0.004256,0.003820,0.003960,0.003906,0.003970,0.006487,0.007001,0.004379,0.004438
topaneu_center4_ct_087,0.987683,0.004496,0.005081,0.004684,0.004392,0.004976,0.004692,0.003809,0.003748,0.004394,0.006780,0.003654,0.003602,0.003999,0.003808,0.003719,0.003664,0.003786,0.003672,0.003624,0.003767,0.004012,0.009435,0.008244,0.005001,0.004853,0.005341,0.004920,0.018427,0.015707,0.017913,0.015042,0.005086,0.004664,0.005219,0.004729,0.025231,0.192527,0.213737,0.181699,0.189698,0.005023,0.004997,0.004681,0.004709,0.003678,0.004000,0.003737,0.004061,0.006128,0.011652,0.003927,0.004509
topaneu_center4_ct_093,0.987239,0.004163,0.006086,0.003961,0.004125,0.004202,0.004290,0.201484,0.186234,0.003899,0.003911,0.157717,0.137335,0.005321,0.004647,0.158223,0.159712,0.194052,0.003692,0.003624,0.004162,0.004422,0.006517,0.006787,0.003936,0.004116,0.004054,0.004158,0.015406,0.013729,0.014996,0.013185,0.003970,0.004039,0.004015,0.004057,0.008662,0.003811,0.003726,0.003758,0.003703,0.004727,0.005078,0.004317,0.004702,0.003558,0.003692,0.003599,0.003695,0.006113,0.004899,0.003939,0.003701
topaneu_center4_ct_094,0.987209,0.004064,0.004529,0.004121,0.004430,0.004426,0.004746,0.003589,0.003555,0.004320,0.003804,0.003473,0.003440,0.003962,0.004063,0.003531,0.003483,0.003564,0.003521,0.003554,0.003999,0.004098,0.007220,0.006507,0.004244,0.005005,0.004410,0.005044,0.025406,0.020602,0.018239,0.015197,0.004290,0.004760,0.004370,0.004854,0.015051,0.004454,0.004118,0.004340,0.004055,0.005517,0.004654,0.004822,0.004381,0.220583,0.071899,0.263323,0.078370,0.339127,0.006502,0.184709,0.004074
topaneu_center4_ct_097,0.988322,0.004886,0.004737,0.004860,0.003999,0.005502,0.004231,0.003971,0.003891,0.004301,0.004467,0.003775,0.003721,0.006084,0.004342,0.003849,0.003801,0.003920,0.005109,0.003795,0.004259,0.004492,0.175655,0.008726,0.059722,0.009022,0.078797,0.009435,0.025836,0.013903,0.019828,0.016482,0.061978,0.008095,0.071968,0.008363,0.048719,0.004617,0.003944,0.004478,0.003928,0.005627,0.004301,0.004926,0.004126,0.057140,0.037302,0.070711,0.044017,0.073986,0.008889,0.020929,0.004277
topaneu_center4_ct_101,0.986517,0.005497,0.006192,0.004765,0.004843,0.005297,0.005321,0.003967,0.003878,0.007773,0.004227,0.003770,0.003686,0.004801,0.005343,0.003806,0.003761,0.003916,0.003628,0.004180,0.004620,0.005569,0.017870,0.028236,0.016779,0.011438,0.020234,0.012270,0.019605,0.015204,0.027136,0.021362,0.018112,0.009783,0.019272,0.010500,0.013755,0.004149,0.004015,0.004089,0.003915,0.005644,0.006326,0.004843,0.005585,0.004149,0.003785,0.004345,0.003821,0.167099,0.006999,0.060306,0.004066
topaneu_center4_ct_102,0.985478,0.006025,0.005214,0.004969,0.004408,0.005731,0.004732,0.004454,0.004328,0.004745,0.006430,0.004120,0.003997,0.004388,0.004716,0.004185,0.004128,0.004396,0.003558,0.003537,0.004589,0.004875,0.010455,0.011051,0.004799,0.006604,0.005058,0.006765,0.058745,0.028740,0.017526,0.014512,0.004853,0.006122,0.004977,0.006473,0.011221,0.003814,0.003797,0.003780,0.003765,0.222580,0.279138,0.183149,0.273555,0.004005,0.003803,0.004116,0.003866,0.004495,0.007428,0.003622,0.003829
topaneu_center4_ct_103,0.982043,0.005444,0.005448,0.004134,0.004767,0.004554,0.005203,0.004805,0.004575,0.018982,0.004894,0.004380,0.004213,0.006053,0.005224,0.004420,0.004381,0.004678,0.004004,0.003778,0.005450,0.005906,0.222680,0.013675,0.024153,0.031739,0.030020,0.034188,0.027920,0.009342,0.027347,0.021902,0.025562,0.024914,0.028261,0.025142,0.066069,0.007227,0.004397,0.006899,0.004238,0.004751,0.004880,0.004415,0.004608,0.004233,0.004068,0.004382,0.004153,0.005372,0.005540,0.004008,0.003971
topaneu_center4_ct_104,0.985048,0.005293,0.005046,0.005031,0.005063,0.005850,0.005680,0.004139,0.004040,0.004396,0.004270,0.003914,0.003819,0.004447,0.005947,0.003967,0.003912,0.004074,0.003486,0.004423,0.004106,0.005051,0.009305,0.131246,0.004229,0.081471,0.004451,0.083730,0.009439,0.484385,0.021186,0.017502,0.004290,0.064373,0.004367,0.067284,0.025304,0.003721,0.003852,0.003643,0.003814,0.004843,0.004560,0.004433,0.004322,0.003668,0.004015,0.003786,0.004051,0.008507,0.013981,0.004127,0.006320
topaneu_center4_ct_105,0.986238,0.006052,0.121517,0.005262,0.022542,0.005511,0.027208,0.003727,0.003647,0.004353,0.006962,0.003582,0.003534,0.004342,0.004583,0.003616,0.003577,0.003688,0.003809,0.003899,0.004095,0.004837,0.012876,0.014039,0.005838,0.004261,0.006348,0.004297,0.009546,0.011342,0.018346,0.014833,0.005915,0.004136,0.006163,0.004175,0.007254,0.003743,0.003740,0.003717,0.003693,0.005240,0.005235,0.004552,0.004758,0.003636,0.069879,0.003703,0.082327,0.006337,0.231835,0.004047,0.099109
topaneu_center4_ct_106,0.986137,0.004596,0.004754,0.004422,0.004438,0.004887,0.004667,0.003878,0.003826,0.006366,0.004223,0.003718,0.003650,0.004086,0.003949,0.003772,0.003711,0.003846,0.003677,0.003616,0.004205,0.004298,0.006911,0.005920,0.005011,0.004840,0.005354,0.004936,0.007667,0.007242,0.014611,0.012595,0.005054,0.004691,0.005209,0.004760,0.554750,0.103553,0.245343,0.097096,0.220971,0.004428,0.004281,0.004155,0.004146,0.003814,0.003849,0.003870,0.003893,0.005825,0.005968,0.003968,0.003949
topaneu_center4_ct_107,0.987560,0.005069,0.005739,0.004915,0.004466,0.005414,0.004772,0.004337,0.004173,0.005088,0.005689,0.004032,0.003909,0.004424,0.004492,0.004083,0.004038,0.004241,0.003783,0.003723,0.004267,0.004757,0.007868,0.007880,0.004306,0.006534,0.004553,0.006677,0.020077,0.019209,0.022403,0.018098,0.004343,0.006069,0.004436,0.006400,0.119910,0.004193,0.005331,0.004160,0.005107,0.004584,0.004970,0.004254,0.004661,0.003948,0.315257,0.004059,0.344912,0.006155,0.007888,0.003944,0.004164
topaneu_center4_ct_108,0.986745,0.006217,0.005402,0.004084,0.004134,0.004250,0.004330,0.003582,0.003544,0.006829,0.005956,0.003484,0.003461,0.003882,0.004592,0.003514,0.003500,0.003569,0.003625,0.004130,0.003987,0.004029,0.009916,0.011470,0.039903,0.115200,0.049533,0.122745,0.187617,0.259168,0.013275,0.011641,0.041466,0.090260,0.045764,0.098281,0.008740,0.005600,0.003940,0.005328,0.003856,0.004381,0.004239,0.004081,0.004068,0.003752,0.003614,0.003804,0.003622,0.011006,0.006020,0.005262,0.003983
topaneu_center4_ct_115,0.986066,0.004922,0.004811,0.004454,0.004176,0.004670,0.004369,0.004128,0.003992,0.004123,0.004605,0.003902,0.003803,0.004235,0.004410,0.003940,0.003913,0.004048,0.003950,0.003801,0.004368,0.004753,0.011032,0.007503,0.176817,0.005938,0.209771,0.005992,0.136511,0.102045,0.026525,0.021454,0.179264,0.005556,0.198978,0.005656,0.010621,0.004081,0.004149,0.003991,0.004067,0.004987,0.004960,0.004524,0.004663,0.003996,0.003724,0.004125,0.003733,0.006128,0.006471,0.004076,0.004109
topaneu_center4_ct_116,0.977850,0.006907,0.003693,0.003767,0.003715,0.003907,0.003819,0.003776,0.003686,0.004328,0.003878,0.003615,0.003562,0.003547,0.003557,0.003657,0.003643,0.003735,0.003425,0.003507,0.003613,0.003863,0.005674,0.004917,0.041036,0.093747,0.049942,0.098754,0.036063,0.411391,0.013169,0.011404,0.042741,0.074132,0.047288,0.080997,0.008065,0.006437,0.003918,0.006137,0.003871,0.004612,0.004528,0.004222,0.004296,0.003510,0.003512,0.003562,0.003522,0.004744,0.005129,0.003630,0.003729
topaneu_center4_ct_119,0.988324,0.003947,0.004412,0.004115,0.004432,0.004310,0.004664,0.003799,0.003722,0.004859,0.005087,0.003625,0.003573,0.004153,0.004225,0.003694,0.003646,0.003742,0.003750,0.003662,0.004064,0.004265,0.006157,0.006524,0.003982,0.004816,0.004115,0.004900,0.007709,0.007837,0.016687,0.014611,0.004023,0.004646,0.004064,0.004717,0.554844,0.280301,0.019473,0.269871,0.016975,0.005276,0.004809,0.004868,0.004619,0.003911,0.003720,0.003993,0.003747,0.007226,0.006502,0.004409,0.004173
topaneu_center4_ct_122,0.987195,0.005710,0.006262,0.004481,0.004328,0.004706,0.004507,0.004600,0.004479,0.004422,0.004614,0.004299,0.004186,0.004492,0.004503,0.004398,0.004310,0.004525,0.003955,0.004076,0.004397,0.004433,0.009565,0.009690,0.006160,0.004552,0.006799,0.004638,0.029812,0.025160,0.029106,0.023135,0.006223,0.004407,0.006450,0.004451,0.011320,0.004347,0.004781,0.004309,0.004664,0.007577,0.007231,0.006041,0.006321,0.015492,0.004000,0.021394,0.004012,0.437445,0.006031,0.275405,0.004242
topaneu_center4_ct_127,0.988019,0.293768,0.004874,0.004471,0.004758,0.004750,0.005084,0.004478,0.004359,0.006090,0.005107,0.004195,0.004067,0.005368,0.005119,0.004253,0.004188,0.004419,0.004116,0.004131,0.004732,0.004768,0.009843,0.010630,0.005588,0.006754,0.006118,0.007023,0.019440,0.029495,0.028679,0.022515,0.005701,0.006260,0.005852,0.006368,0.118310,0.005044,0.004146,0.004937,0.004110,0.005687,0.004855,0.005077,0.004580,0.004239,0.004041,0.004391,0.004092,0.006587,0.008135,0.004299,0.004550
topaneu_center4_ct_129,0.988154,0.003898,0.007612,0.004016,0.004131,0.004219,0.004354,0.164389,0.150271,0.003997,0.011205,0.124914,0.108409,0.005983,0.005805,0.126879,0.126152,0.157579,0.004055,0.003747,0.003718,0.003827,0.006640,0.009302,0.004520,0.006069,0.004790,0.006207,0.021832,0.024327,0.014725,0.012525,0.004543,0.005709,0.004654,0.005950,0.034245,0.004012,0.003700,0.003940,0.003680,0.004454,0.004126,0.004189,0.003969,0.004990,0.003728,0.005265,0.003720,0.004146,0.004484,0.003552,0.003713
topaneu_center4_ct_134,0.988044,0.005467,0.005620,0.004372,0.004210,0.004532,0.004444,0.004494,0.004372,0.004155,0.004492,0.004204,0.004119,0.003993,0.004016,0.004299,0.004241,0.004415,0.003535,0.003872,0.003981,0.004259,0.016166,0.012134,0.004233,0.219100,0.004421,0.225678,0.043292,0.029186,0.020371,0.016847,0.004291,0.178053,0.004364,0.186073,0.251476,0.005060,0.007462,0.004932,0.006918,0.004982,0.004894,0.004441,0.004597,0.003820,0.004026,0.003888,0.004044,0.005283,0.004716,0.003938,0.003786
topaneu_center4_ct_140,0.983421,0.005541,0.005725,0.004433,0.004643,0.004679,0.004904,0.015541,0.013806,0.005621,0.005545,0.012413,0.011268,0.004763,0.005221,0.012843,0.012918,0.014282,0.003833,0.005851,0.004530,0.004921,0.008995,0.241432,0.007285,0.067157,0.007977,0.072060,0.010813,0.087548,0.028634,0.023076,0.007459,0.051816,0.007791,0.051686,0.043498,0.004794,0.004097,0.004691,0.004080,0.006389,0.004201,0.005464,0.004081,0.004430,0.010924,0.004642,0.012510,0.008071,0.006992,0.005039,0.004493
topaneu_center4_ct_193,0.984052,0.004816,0.005636,0.004164,0.004436,0.004503,0.004632,0.004324,0.004205,0.004202,0.004278,0.004108,0.003997,0.004565,0.004367,0.004184,0.004117,0.004273,0.003982,0.003724,0.004133,0.004194,0.179813,0.007939,0.053699,0.005010,0.069187,0.005058,0.021044,0.034656,0.020499,0.016614,0.056324,0.004792,0.061139,0.004817,0.030461,0.004374,0.004248,0.004297,0.004151,0.005058,0.004518,0.004547,0.004281,0.003828,0.004060,0.003999,0.004143,0.008296,0.007217,0.004544,0.004419
topaneu_center4_ct_200,0.987375,0.004553,0.170365,0.005711,0.004892,0.007114,0.005297,0.006374,0.006010,0.005109,0.005490,0.005615,0.005345,0.005763,0.004713,0.005764,0.005668,0.006144,0.004424,0.003964,0.003792,0.004231,0.010766,0.011377,0.005997,0.027606,0.006798,0.028534,0.057931,0.129040,0.019430,0.015720,0.006279,0.023541,0.006467,0.026697,0.007410,0.003797,0.003719,0.003719,0.003691,0.005637,0.004460,0.004763,0.004196,0.003691,0.003783,0.003791,0.003823,0.005853,0.008056,0.003874,0.004230
topaneu_center4_ct_201,0.987819,0.246168,0.004956,0.005039,0.004468,0.005469,0.004727,0.004337,0.004253,0.155548,0.004945,0.004122,0.004027,0.004472,0.004025,0.004211,0.004119,0.004271,0.003683,0.003618,0.003960,0.004297,0.010164,0.006841,0.007738,0.008174,0.008644,0.008347,0.065755,0.015089,0.016854,0.014013,0.007984,0.007398,0.008296,0.007731,0.009060,0.004040,0.003991,0.004012,0.003973,0.004818,0.004350,0.004477,0.004161,0.003654,0.003633,0.003734,0.003633,0.006603,0.005401,0.004243,0.003974
topaneu_center5_mr_007,0.964630,0.003768,0.004950,0.003679,0.005297,0.003749,0.005615,0.037454,0.033094,0.005598,0.004474,0.025821,0.021940,0.007026,0.004371,0.026956,0.026012,0.034951,0.005438,0.004193,0.004848,0.004340,0.074387,0.011719,0.055978,0.009421,0.073614,0.009875,0.008693,0.007948,0.008612,0.007675,0.058000,0.008507,0.065954,0.009325,0.007178,0.011615,0.004170,0.010588,0.003996,0.009134,0.008222,0.007336,0.007178,0.005048,0.003721,0.005493,0.003751,0.004180,0.004210,0.003779,0.003824
topaneu_center5_mr_009,0.965206,0.006123,0.005104,0.003438,0.003620,0.003475,0.003693,0.175308,0.161223,0.006006,0.006122,0.134863,0.118062,0.006414,0.033570,0.137302,0.138244,0.169979,0.003415,0.005939,0.003804,0.003590,0.010625,0.009302,0.005340,0.007076,0.005754,0.007643,0.005867,0.006700,0.007057,0.006502,0.005488,0.006340,0.005656,0.006633,0.007009,0.003328,0.003310,0.003288,0.003324,0.004203,0.003516,0.003888,0.003473,0.003319,0.004713,0.003318,0.004914,0.003739,0.003938,0.003357,0.003477
topaneu_center5_mr_010,0.951333,0.006019,0.011427,0.005107,0.006100,0.005418,0.006610,0.005325,0.005184,0.014723,0.008292,0.004915,0.004718,0.005634,0.009711,0.004940,0.004904,0.005254,0.004583,0.004639,0.006514,0.007872,0.015619,0.035058,0.006448,0.010240,0.006978,0.011033,0.022570,0.019047,0.021968,0.017568,0.006665,0.009131,0.006937,0.009346,0.036981,0.005521,0.004725,0.005323,0.004652,0.006307,0.008409,0.005688,0.007626,0.004837,0.004458,0.005035,0.004599,0.008524,0.006460,0.005180,0.004642
topaneu_center5_mr_011,0.921764,0.026339,0.006671,0.005360,0.008669,0.005603,0.009811,0.013587,0.011665,0.007892,0.005863,0.009506,0.008244,0.004476,0.021830,0.009513,0.009329,0.012738,0.003671,0.034195,0.004091,0.004129,0.012668,0.092997,0.012817,0.005220,0.015586,0.005420,0.010935,0.009578,0.010684,0.008964,0.013265,0.005002,0.014312,0.005065,0.130720,0.004427,0.004661,0.004298,0.004538,0.003956,0.005009,0.003783,0.004828,0.005729,0.003884,0.006721,0.003953,0.005247,0.007304,0.003955,0.004306
topaneu_center5_mr_015,0.953954,0.004726,0.315492,0.004260,0.004046,0.004887,0.004400,0.003658,0.003612,0.003815,0.005000,0.003542,0.003500,0.004183,0.003982,0.003563,0.003542,0.003627,0.003455,0.003539,0.003863,0.004005,0.008629,0.015215,0.003857,0.005503,0.003946,0.005652,0.005400,0.007689,0.008393,0.007460,0.003886,0.005187,0.003916,0.005485,0.008181,0.003808,0.003416,0.003668,0.003407,0.004791,0.004315,0.004185,0.004090,0.003464,0.003465,0.003526,0.003520,0.006640,0.007019,0.003864,0.003855
topaneu_center5_mr_016,0.978303,0.003697,0.129437,0.006269,0.007142,0.006839,0.008431,0.052980,0.041725,0.004337,0.007640,0.032770,0.025731,0.045987,0.005128,0.031645,0.030779,0.047068,0.003681,0.003782,0.004068,0.004121,0.009875,0.009356,0.003803,0.004116,0.003872,0.004231,0.009479,0.008486,0.009077,0.008184,0.003824,0.004061,0.003841,0.004101,0.005025,0.003562,0.003583,0.003525,0.003575,0.003925,0.004023,0.003806,0.003927,0.003560,0.003559,0.003579,0.003613,0.004569,0.004979,0.003746,0.003904
topaneu_center5_mr_021,0.971137,0.003628,0.335787,0.003540,0.028526,0.003700,0.035374,0.003555,0.003512,0.003844,0.004016,0.003429,0.003404,0.003666,0.003770,0.003453,0.003451,0.003529,0.003223,0.003214,0.003695,0.003803,0.016958,0.020787,0.004447,0.005310,0.004750,0.005558,0.004436,0.017336,0.006643,0.006115,0.004533,0.005031,0.004657,0.005342,0.030568,0.016625,0.004676,0.013292,0.004216,0.003340,0.003276,0.003275,0.003244,0.003290,0.003226,0.003315,0.003255,0.003914,0.003697,0.003285,0.003294
topaneu_center5_mr_022,0.968030,0.015411,0.046730,0.003923,0.155499,0.004003,0.177679,0.010686,0.009405,0.007514,0.007826,0.008024,0.007049,0.009108,0.007986,0.008073,0.007860,0.009904,0.004115,0.004250,0.004221,0.004050,0.009559,0.011899,0.005532,0.004569,0.005935,0.004681,0.009869,0.008801,0.009451,0.008332,0.005675,0.004450,0.005953,0.004461,0.005400,0.003690,0.003630,0.003641,0.003622,0.004406,0.004010,0.004162,0.003949,0.004442,0.003716,0.004789,0.003785,0.005006,0.004751,0.003972,0.003847
topaneu_center5_mr_023,0.972753,0.029547,0.008813,0.003358,0.006156,0.003400,0.006555,0.194227,0.177906,0.005821,0.003918,0.150808,0.129774,0.006618,0.003234,0.150875,0.152978,0.186154,0.003376,0.003174,0.003308,0.003608,0.104584,0.008859,0.003877,0.004761,0.003964,0.004826,0.005551,0.004507,0.006984,0.006410,0.003908,0.004535,0.003939,0.004647,0.007870,0.003171,0.003168,0.003142,0.003184,0.003330,0.003324,0.003293,0.003277,0.003278,0.003303,0.003295,0.003291,0.003503,0.003370,0.003204,0.003171
topaneu_center5_mr_024,0.790261,0.004775,0.003593,0.003380,0.003320,0.003432,0.003386,0.028973,0.022313,0.003583,0.005952,0.017774,0.013975,0.004833,0.004159,0.016921,0.016836,0.025299,0.003324,0.003229,0.003825,0.003859,0.016700,0.009590,0.003696,0.003680,0.003742,0.003735,0.006434,0.006069,0.006325,0.005753,0.003723,0.003652,0.003721,0.003672,0.007778,0.003273,0.003506,0.003252,0.003482,0.003338,0.003956,0.003274,0.003880,0.003238,0.003367,0.003260,0.003383,0.003867,0.004554,0.003325,0.003497
topaneu_center5_mr_025,0.926049,0.003885,0.305824,0.003594,0.006722,0.003740,0.008176,0.003648,0.003604,0.004424,0.010725,0.003489,0.003459,0.003578,0.003892,0.003516,0.003487,0.003614,0.003228,0.003259,0.003564,0.004009,0.014915,0.011547,0.004485,0.007451,0.004741,0.007675,0.004208,0.005061,0.006279,0.005714,0.004554,0.006655,0.004643,0.007055,0.007324,0.003307,0.003423,0.003284,0.003399,0.003735,0.003715,0.003531,0.003626,0.003283,0.003319,0.003312,0.003343,0.003704,0.004228,0.003261,0.003336
topaneu_center5_mr_027,0.956320,0.417203,0.004109,0.004214,0.003891,0.004538,0.004131,0.004105,0.004045,0.004261,0.004429,0.003894,0.003815,0.004266,0.004467,0.003932,0.003900,0.004081,0.003442,0.003470,0.004260,0.004509,0.014912,0.029045,0.004074,0.005422,0.004204,0.005637,0.009065,0.008169,0.008847,0.007849,0.004120,0.005159,0.004157,0.005361,0.006022,0.003561,0.003574,0.003481,0.003537,0.004930,0.004456,0.004457,0.004243,0.003442,0.003473,0.003503,0.003510,0.005837,0.005973,0.003771,0.003760
topaneu_center5_mr_028,0.980910,0.004074,0.423557,0.003604,0.006728,0.003722,0.007341,0.003682,0.003633,0.004132,0.003978,0.003538,0.003505,0.003473,0.003734,0.003561,0.003537,0.003660,0.003177,0.003209,0.003590,0.003782,0.016897,0.027516,0.010226,0.006802,0.012085,0.007125,0.009213,0.010951,0.007850,0.007051,0.011012,0.006229,0.012062,0.006889,0.018716,0.003384,0.003377,0.003353,0.003388,0.003944,0.003728,0.003692,0.003655,0.003281,0.003257,0.003282,0.003264,0.004511,0.004927,0.003413,0.003456
topaneu_center5_mr_029,0.970336,0.004283,0.400262,0.003663,0.011466,0.003730,0.014682,0.004612,0.004442,0.003931,0.006985,0.004277,0.004143,0.004058,0.004450,0.004300,0.004251,0.004547,0.003504,0.003482,0.003895,0.004023,0.037262,0.019358,0.006935,0.012548,0.008107,0.013188,0.017643,0.007822,0.008524,0.007624,0.007077,0.010819,0.007654,0.011727,0.013001,0.005279,0.003554,0.004785,0.003538,0.008958,0.007779,0.007252,0.006933,0.004101,0.003556,0.004301,0.003583,0.053369,0.004355,0.014146,0.003667
topaneu_center5_mr_030,0.976867,0.006338,0.465610,0.003608,0.004850,0.003727,0.005303,0.003598,0.003559,0.003753,0.006143,0.003484,0.003453,0.003763,0.003756,0.003506,0.003483,0.003586,0.003368,0.003357,0.003890,0.003851,0.012511,0.020236,0.003710,0.055125,0.003816,0.060372,0.005392,0.014653,0.008092,0.007205,0.003742,0.042520,0.003774,0.048676,0.006127,0.003436,0.003604,0.003376,0.003589,0.003672,0.003461,0.003518,0.003428,0.003362,0.003274,0.003405,0.003286,0.005576,0.004184,0.003807,0.003460
topaneu_center5_mr_031,0.965491,0.355161,0.004021,0.009115,0.003606,0.010701,0.003796,0.003799,0.003731,0.208515,0.003808,0.003659,0.003612,0.004575,0.003812,0.003680,0.003648,0.003772,0.004189,0.003424,0.003820,0.003961,0.013443,0.009317,0.005842,0.004528,0.006544,0.004629,0.028712,0.005109,0.007357,0.006680,0.006004,0.004388,0.006363,0.004480,0.004593,0.003520,0.003423,0.003468,0.003399,0.007645,0.006809,0.006438,0.006185,0.003598,0.003474,0.003633,0.003510,0.004172,0.003596,0.003578,0.003295
topaneu_center5_mr_032,0.975179,0.323458,0.004856,0.006424,0.006402,0.006905,0.006932,0.003909,0.003845,0.004019,0.003892,0.003782,0.003719,0.003773,0.004340,0.003792,0.003783,0.003899,0.003423,0.003435,0.003732,0.003914,0.014124,0.007672,0.005088,0.004213,0.005468,0.004308,0.007490,0.006905,0.007327,0.006700,0.005156,0.004143,0.005357,0.004188,0.475807,0.005488,0.204770,0.005173,0.181299,0.003670,0.003713,0.003618,0.003679,0.003564,0.003555,0.003598,0.003607,0.003932,0.003988,0.003514,0.003513
topaneu_center5_mr_033,0.965233,0.389430,0.007891,0.003455,0.003429,0.003610,0.003547,0.004042,0.003948,0.004236,0.003642,0.003785,0.003678,0.003600,0.003362,0.003804,0.003777,0.004014,0.003252,0.003252,0.004119,0.004048,0.015707,0.043313,0.005454,0.004413,0.005960,0.004553,0.005285,0.004296,0.006958,0.006276,0.005607,0.004322,0.005836,0.004428,0.037119,0.003501,0.005568,0.003452,0.005284,0.004628,0.004848,0.004089,0.004487,0.043255,0.003357,0.055239,0.003399,0.003913,0.008198,0.003364,0.003788
topaneu_center5_mr_034,0.965331,0.003830,0.311898,0.006969,0.004227,0.007915,0.004434,0.014070,0.013582,0.004197,0.005391,0.009358,0.008300,0.003538,0.003879,0.010231,0.009450,0.014004,0.003280,0.003442,0.004371,0.004167,0.018850,0.016896,0.048365,0.004502,0.062283,0.004593,0.005490,0.007733,0.008464,0.007373,0.051472,0.004347,0.059188,0.004427,0.005958,0.003478,0.003352,0.003428,0.003332,0.003608,0.003639,0.003482,0.003548,0.003427,0.006976,0.003482,0.007967,0.004110,0.004562,0.003464,0.003595
topaneu_center5_mr_036,0.966969,0.003557,0.003434,0.003633,0.003422,0.003688,0.003469,0.217596,0.197707,0.005328,0.084431,0.165927,0.142750,0.003402,0.003391,0.166767,0.167791,0.208344,0.003244,0.003206,0.003380,0.003349,0.008217,0.008015,0.004072,0.004501,0.004188,0.004609,0.003968,0.004782,0.006182,0.005748,0.004113,0.004337,0.004176,0.004412,0.006978,0.003352,0.003264,0.003318,0.003292,0.003457,0.003514,0.003385,0.003458,0.003524,0.003325,0.003586,0.003336,0.015997,0.003767,0.006963,0.003324
topaneu_center5_mr_037,0.952259,0.005198,0.011366,0.006318,0.003604,0.006696,0.003684,0.190253,0.174507,0.006043,0.006342,0.146264,0.127105,0.004749,0.006278,0.147307,0.145597,0.184100,0.003995,0.005065,0.004500,0.003899,0.008886,0.009672,0.009075,0.006081,0.010268,0.006398,0.007175,0.006745,0.007075,0.006492,0.009459,0.005720,0.010199,0.005880,0.016251,0.003585,0.003719,0.003530,0.003693,0.004436,0.004455,0.004173,0.004264,0.003832,0.057093,0.003878,0.066934,0.004354,0.003861,0.003707,0.003552
topaneu_center5_mr_038,0.955540,0.282237,0.006380,0.005101,0.004239,0.005663,0.004582,0.004522,0.004393,0.004458,0.006306,0.004256,0.004165,0.004680,0.005257,0.004294,0.004285,0.004503,0.003913,0.003852,0.004187,0.004817,0.013661,0.009801,0.008265,0.006156,0.009675,0.006328,0.009895,0.007647,0.009556,0.008321,0.008416,0.005715,0.008910,0.006048,0.006866,0.004382,0.004286,0.004248,0.004223,0.010546,0.009076,0.007872,0.007700,0.004177,0.003571,0.004428,0.003633,0.004234,0.004127,0.003663,0.003584
topaneu_center5_mr_039,0.932036,0.031531,0.046573,0.003763,0.003544,0.003816,0.003580,0.125739,0.111901,0.005500,0.004656,0.085574,0.072170,0.003566,0.003483,0.088419,0.084756,0.120270,0.003483,0.003435,0.003552,0.003664,0.007493,0.011500,0.007931,0.006579,0.009399,0.006901,0.006358,0.007592,0.006426,0.005944,0.008419,0.006074,0.009022,0.006456,0.007430,0.003619,0.003471,0.003577,0.003478,0.003566,0.003644,0.003483,0.003596,0.003538,0.009518,0.003557,0.011225,0.004067,0.003752,0.003544,0.003448
topaneu_center5_mr_041,0.747025,0.386496,0.005369,0.005424,0.004814,0.006009,0.005052,0.003181,0.003176,0.003956,0.003793,0.003141,0.003123,0.003452,0.004157,0.003138,0.003130,0.003170,0.003188,0.003168,0.003759,0.003730,0.012281,0.018729,0.003617,0.003696,0.003735,0.003725,0.005455,0.005069,0.005311,0.004945,0.003617,0.003636,0.003668,0.003688,0.004898,0.003187,0.003202,0.003148,0.003176,0.003850,0.003340,0.003611,0.003297,0.003127,0.003112,0.003178,0.003118,0.004236,0.004478,0.003357,0.003299
topaneu_center5_mr_052,0.941690,0.269017,0.004235,0.004636,0.004142,0.004810,0.004393,0.004701,0.004525,0.025899,0.015784,0.004392,0.004240,0.005323,0.005280,0.004425,0.004379,0.004679,0.003867,0.003838,0.004100,0.004056,0.032437,0.017477,0.005625,0.005563,0.006333,0.005798,0.009827,0.008735,0.009560,0.008540,0.005749,0.005260,0.006080,0.005446,0.006399,0.003774,0.003782,0.003717,0.003762,0.010097,0.008787,0.008201,0.007819,0.005674,0.003755,0.006623,0.003832,0.004368,0.003897,0.003756,0.003572
topaneu_center5_mr_061,0.975931,0.007453,0.006421,0.003889,0.004435,0.003949,0.004632,0.202693,0.185890,0.003930,0.003873,0.159158,0.142139,0.004049,0.003650,0.160799,0.163374,0.196305,0.003914,0.003492,0.003547,0.003641,0.194979,0.119740,0.004918,0.007445,0.005157,0.007948,0.007312,0.020200,0.007346,0.006826,0.004970,0.006711,0.005098,0.006959,0.008258,0.003641,0.003527,0.003600,0.003553,0.003923,0.005252,0.003780,0.004983,0.084045,0.003664,0.104279,0.003689,0.005517,0.003960,0.003917,0.003600
topaneu_center5_mr_063,0.975958,0.007350,0.007585,0.006299,0.006270,0.006793,0.006733,0.003600,0.003527,0.003547,0.006353,0.003463,0.003411,0.003440,0.003446,0.003464,0.003470,0.003582,0.003227,0.162756,0.003646,0.003594,0.015779,0.029026,0.006432,0.004989,0.007287,0.005164,0.004376,0.006698,0.007107,0.006541,0.006566,0.004712,0.006910,0.004872,0.008334,0.255634,0.008907,0.242771,0.007662,0.004508,0.003491,0.004076,0.003449,0.003332,0.003361,0.003344,0.003389,0.004291,0.003702,0.003481,0.003300
topaneu_center5_mr_068,0.951207,0.004128,0.227664,0.004247,0.004552,0.004326,0.004738,0.004586,0.004472,0.004259,0.006547,0.004451,0.004372,0.004712,0.004140,0.004449,0.004461,0.004600,0.006475,0.005012,0.006499,0.006701,0.007383,0.007939,0.009005,0.014423,0.010508,0.015417,0.006961,0.006591,0.006807,0.006572,0.009261,0.012090,0.009906,0.013677,0.007525,0.006385,0.006135,0.006117,0.006093,0.006969,0.006613,0.006372,0.006343,0.006313,0.006240,0.006968,0.006614,0.009044,0.008458,0.006159,0.006164
topaneu_center5_mr_074,0.919618,0.006024,0.012569,0.004245,0.004621,0.004460,0.004819,0.024493,0.022291,0.007507,0.010373,0.017452,0.015366,0.015857,0.004205,0.018893,0.017948,0.023660,0.006896,0.004062,0.004508,0.004568,0.083825,0.024754,0.009730,0.011511,0.011230,0.012295,0.018091,0.011514,0.012979,0.011075,0.010198,0.010101,0.011110,0.011051,0.017233,0.004191,0.004121,0.004092,0.004030,0.004799,0.004389,0.004552,0.004279,0.004390,0.004060,0.004585,0.004178,0.006420,0.005039,0.004530,0.004088
topaneu_center5_mr_079,0.937419,0.004589,0.005413,0.004020,0.003945,0.004075,0.004058,0.159639,0.139407,0.005824,0.015725,0.116343,0.099343,0.028174,0.004180,0.116039,0.115039,0.149697,0.004852,0.004052,0.006563,0.004814,0.236345,0.011069,0.014268,0.005800,0.017070,0.006044,0.044971,0.010906,0.007133,0.006705,0.014578,0.005543,0.015519,0.005820,0.008050,0.006598,0.004901,0.006179,0.004910,0.007190,0.006884,0.006530,0.006398,0.005416,0.003747,0.005704,0.003793,0.009977,0.004786,0.006302,0.004239
topaneu_center5_mr_081,0.952627,0.009929,0.076818,0.008602,0.005646,0.010791,0.006024,0.006692,0.006326,0.006416,0.011039,0.005899,0.005559,0.006079,0.005727,0.005900,0.005871,0.006506,0.004685,0.004590,0.005535,0.005649,0.015439,0.011513,0.007851,0.005619,0.008728,0.005763,0.017153,0.012292,0.017427,0.014742,0.008192,0.005377,0.008981,0.005620,0.017881,0.007147,0.007420,0.006754,0.006760,0.018904,0.015837,0.013942,0.013383,0.004332,0.004381,0.004405,0.004494,0.005268,0.004867,0.004502,0.004268
topaneu_center5_mr_082,0.955530,0.183816,0.004832,0.049952,0.004208,0.060714,0.004404,0.080840,0.072655,0.008743,0.010203,0.058911,0.052236,0.004918,0.004390,0.061799,0.061413,0.076465,0.004441,0.004217,0.006621,0.004741,0.006682,0.017792,0.006976,0.013717,0.007709,0.014615,0.006479,0.005679,0.007386,0.006838,0.007138,0.011923,0.007397,0.013007,0.123047,0.045214,0.031165,0.041472,0.030039,0.007583,0.007035,0.006655,0.006495,0.047353,0.003933,0.060715,0.003966,0.004151,0.004734,0.003854,0.004208
topaneu_center5_mr_451,0.982200,0.003762,0.004237,0.003639,0.003357,0.003732,0.003447,0.003471,0.003430,0.003261,0.003539,0.003369,0.003345,0.003355,0.003385,0.003364,0.003361,0.003450,0.003152,0.003513,0.003461,0.003474,0.012761,0.009215,0.019458,0.004036,0.025079,0.004079,0.074614,0.005211,0.007309,0.006734,0.020157,0.003928,0.022404,0.003970,0.495334,0.282956,0.005920,0.274399,0.005616,0.003464,0.003389,0.003374,0.003354,0.003309,0.003299,0.003328,0.003313,0.004056,0.005210,0.003324,0.003467
topaneu_center5_mr_452,0.982960,0.003291,0.003427,0.003650,0.003379,0.003733,0.003464,0.003581,0.003521,0.005602,0.005685,0.003419,0.003401,0.003915,0.003274,0.003430,0.003439,0.003571,0.003116,0.003362,0.003575,0.003845,0.009729,0.012008,0.146572,0.003819,0.175782,0.003875,0.006527,0.004903,0.006327,0.005989,0.147237,0.003795,0.165203,0.003820,0.005118,0.003691,0.003259,0.003604,0.003270,0.214519,0.010577,0.177995,0.009596,0.109344,0.003226,0.138652,0.003238,0.004181,0.003660,0.003333,0.003261
topaneu_center5_mr_453,0.887898,0.003792,0.003700,0.003447,0.003290,0.003538,0.003359,0.003281,0.003252,0.003281,0.004627,0.003194,0.003176,0.003407,0.003514,0.003198,0.003191,0.003264,0.003197,0.003091,0.003358,0.003477,0.013047,0.008070,0.005026,0.004376,0.005476,0.004453,0.004418,0.007960,0.005762,0.005369,0.005059,0.004235,0.005243,0.004357,0.006645,0.003285,0.003175,0.003244,0.003167,0.003537,0.003524,0.003374,0.003426,0.003162,0.125912,0.003177,0.151127,0.004861,0.352293,0.003423,0.199992
topaneu_center5_mr_454,0.985013,0.004489,0.004056,0.003942,0.003815,0.004198,0.003961,0.003593,0.003541,0.003670,0.007321,0.003464,0.003435,0.004178,0.003528,0.003472,0.003464,0.003572,0.003351,0.003441,0.003825,0.004034,0.014173,0.006818,0.006419,0.003393,0.007214,0.003409,0.007973,0.005239,0.008433,0.007742,0.006521,0.003378,0.006940,0.003367,0.593376,0.260908,0.015668,0.251736,0.013277,0.003689,0.003604,0.003571,0.003565,0.003686,0.003377,0.003757,0.003403,0.004395,0.004812,0.003545,0.003595
topaneu_center5_mr_455,0.975628,0.003531,0.003760,0.003389,0.005697,0.003478,0.006147,0.003441,0.003409,0.003586,0.003519,0.003343,0.003316,0.003217,0.003329,0.003356,0.003353,0.003440,0.003080,0.003131,0.003648,0.003999,0.009456,0.006047,0.003782,0.004344,0.003867,0.004386,0.004601,0.005570,0.006475,0.005985,0.003783,0.004155,0.003824,0.004229,0.562046,0.019871,0.271169,0.018020,0.247170,0.004044,0.003486,0.003776,0.003443,0.003174,0.003174,0.003194,0.003190,0.003972,0.004434,0.003314,0.003359
topaneu_center5_mr_457,0.976850,0.003685,0.004874,0.003468,0.003469,0.003534,0.003562,0.003613,0.003591,0.004281,0.003408,0.003526,0.003512,0.003399,0.003424,0.003537,0.003529,0.003613,0.003289,0.003239,0.003493,0.004071,0.067650,0.045631,0.164842,0.020026,0.195470,0.021434,0.006418,0.015006,0.007044,0.006527,0.163205,0.016427,0.183831,0.018357,0.008170,0.125730,0.003468,0.112336,0.003420,0.003825,0.003677,0.003677,0.003611,0.004826,0.003350,0.005292,0.003356,0.210485,0.003965,0.094104,0.003476
topaneu_center5_mr_458,0.976376,0.003540,0.003626,0.003427,0.003668,0.003470,0.003726,0.119792,0.109330,0.004225,0.003784,0.089985,0.079023,0.015161,0.005252,0.092044,0.091324,0.115348,0.200174,0.003873,0.003869,0.004562,0.123295,0.011970,0.023949,0.019349,0.029956,0.019738,0.008919,0.007671,0.007101,0.006644,0.024663,0.015971,0.026866,0.017235,0.008324,0.003603,0.003461,0.003530,0.003457,0.003797,0.003404,0.003647,0.003365,0.003582,0.003506,0.003597,0.003509,0.004799,0.004013,0.003781,0.003568
topaneu_center5_mr_459,0.891357,0.003612,0.004485,0.003394,0.003629,0.003461,0.003817,0.003522,0.003465,0.003564,0.003697,0.003379,0.003378,0.003540,0.003446,0.003394,0.003404,0.003498,0.003021,0.003031,0.003256,0.003422,0.006274,0.141087,0.003427,0.142207,0.003476,0.147668,0.005168,0.010708,0.005644,0.005258,0.003444,0.108398,0.003445,0.108377,0.004223,0.003255,0.003214,0.003219,0.003221,0.003165,0.003147,0.003147,0.003134,0.003136,0.003076,0.003159,0.003092,0.005853,0.005855,0.003366,0.003282
topaneu_center5_mr_460,0.857979,0.003875,0.004089,0.003219,0.003301,0.003270,0.003353,0.003579,0.003514,0.004463,0.005497,0.003397,0.003347,0.003630,0.003406,0.003396,0.003413,0.003574,0.002985,0.002999,0.003241,0.003385,0.009704,0.125071,0.004727,0.145282,0.005091,0.151476,0.005482,0.321503,0.005314,0.004963,0.004862,0.115607,0.005068,0.121269,0.004086,0.003080,0.003057,0.003060,0.003066,0.003129,0.003075,0.003077,0.003065,0.003082,0.003077,0.003091,0.003072,0.004133,0.004183,0.003198,0.003203
topaneu_center5_mr_461,0.981807,0.003922,0.004818,0.003627,0.006942,0.003778,0.007740,0.003785,0.003715,0.005203,0.003782,0.003608,0.003570,0.003743,0.003695,0.003613,0.003603,0.003758,0.003546,0.003350,0.003832,0.003998,0.010287,0.012108,0.003689,0.003979,0.003766,0.004017,0.015229,0.008143,0.008713,0.007815,0.003699,0.003898,0.003730,0.003937,0.005515,0.003456,0.003431,0.003409,0.003418,0.003828,0.003738,0.003630,0.003645,0.196674,0.003823,0.241988,0.003831,0.451250,0.005014,0.284373,0.003566
topaneu_center5_mr_462,0.933342,0.003714,0.004208,0.003298,0.003190,0.003355,0.003235,0.163373,0.150125,0.033976,0.012336,0.125840,0.108032,0.003557,0.003614,0.127242,0.126660,0.156908,0.003043,0.003277,0.003279,0.003394,0.007519,0.029441,0.004026,0.007292,0.004130,0.007618,0.005357,0.010995,0.006108,0.005731,0.004032,0.006419,0.004093,0.006618,0.004398,0.003148,0.003286,0.003120,0.003287,0.003546,0.003427,0.003378,0.003336,0.003183,0.003229,0.003200,0.003227,0.003929,0.004008,0.003246,0.003272
topaneu_center5_mr_464,0.977617,0.004550,0.003684,0.003377,0.003385,0.003450,0.003486,0.003559,0.003503,0.004763,0.005634,0.003415,0.003421,0.003354,0.004552,0.003441,0.003425,0.003538,0.003170,0.003157,0.003420,0.003660,0.018330,0.077787,0.014329,0.006891,0.017834,0.007282,0.006672,0.004515,0.006294,0.005905,0.015026,0.006177,0.016376,0.006397,0.067053,0.003446,0.003396,0.003406,0.003408,0.115489,0.244687,0.094720,0.236807,0.003281,0.003239,0.003297,0.003240,0.003824,0.003847,0.003298,0.003291
topaneu_center5_mr_465,0.880661,0.003798,0.005180,0.003314,0.003316,0.003346,0.003355,0.003297,0.003271,0.003418,0.003293,0.003226,0.003234,0.003151,0.003331,0.003225,0.003248,0.003301,0.003010,0.003010,0.003302,0.003437,0.020762,0.005083,0.013879,0.139668,0.018447,0.145201,0.004770,0.005468,0.005773,0.005364,0.014134,0.109600,0.016939,0.119122,0.006024,0.004017,0.003797,0.003663,0.003641,0.003305,0.003296,0.003211,0.003228,0.003079,0.003049,0.003079,0.003045,0.004082,0.004022,0.003190,0.003184
topaneu_center5_mr_466,0.932420,0.003465,0.004697,0.003290,0.003288,0.003313,0.003349,0.003500,0.003466,0.003157,0.005011,0.003375,0.003376,0.003333,0.003183,0.003385,0.003385,0.003498,0.003030,0.003014,0.003280,0.003302,0.006202,0.029186,0.003551,0.121329,0.003602,0.127580,0.005551,0.005290,0.005425,0.005136,0.003564,0.094926,0.003580,0.102500,0.010716,0.003513,0.006320,0.003391,0.005985,0.003741,0.003436,0.003579,0.003378,0.003089,0.003106,0.003106,0.003119,0.004439,0.004959,0.003247,0.003329
topaneu_center5_mr_467,0.972547,0.003145,0.003457,0.003531,0.003400,0.003585,0.003491,0.003417,0.003370,0.003342,0.004245,0.003308,0.003285,0.003296,0.003414,0.003303,0.003317,0.003401,0.003137,0.003118,0.003605,0.003830,0.010380,0.013118,0.003632,0.003980,0.003710,0.004058,0.004128,0.005857,0.006173,0.005780,0.003641,0.003902,0.003691,0.003973,0.568625,0.022978,0.040559,0.020406,0.036272,0.003312,0.003144,0.003220,0.003136,0.011738,0.003473,0.015042,0.003535,0.004540,0.005107,0.003423,0.003428
topaneu_center5_mr_469,0.984505,0.004266,0.004023,0.003506,0.003656,0.003606,0.003824,0.003500,0.003468,0.003788,0.003622,0.003410,0.003398,0.003589,0.003720,0.003421,0.003429,0.003488,0.003115,0.003202,0.003532,0.003704,0.007530,0.100520,0.004125,0.256683,0.004419,0.265250,0.005224,0.115848,0.007734,0.007068,0.004156,0.214186,0.004297,0.223683,0.029863,0.003785,0.006804,0.003635,0.005911,0.003497,0.003696,0.003421,0.003631,0.003346,0.003246,0.003386,0.003249,0.004443,0.004244,0.003382,0.003308
topaneu_center5_mr_470,0.902760,0.004683,0.004289,0.003153,0.003242,0.003201,0.003298,0.003292,0.003280,0.003614,0.003614,0.003210,0.003195,0.003182,0.003194,0.003203,0.003214,0.003291,0.002957,0.003001,0.003322,0.003542,0.011099,0.244140,0.005703,0.126379,0.006450,0.132017,0.005460,0.005160,0.005370,0.005052,0.005849,0.096886,0.006273,0.105691,0.007093,0.003094,0.003147,0.003064,0.003148,0.003104,0.003117,0.003054,0.003096,0.003102,0.003000,0.003114,0.002999,0.004216,0.004235,0.003202,0.003193
topaneu_center5_mr_471,0.962375,0.003767,0.003971,0.003505,0.003656,0.003618,0.003793,0.003440,0.003385,0.003490,0.003812,0.003330,0.003274,0.003532,0.003276,0.003311,0.003308,0.003404,0.003219,0.003276,0.003609,0.003859,0.029043,0.073744,0.003851,0.004738,0.003988,0.004873,0.005636,0.004357,0.006675,0.006107,0.003860,0.004492,0.003943,0.004636,0.005108,0.003210,0.003262,0.003193,0.003243,0.003594,0.003680,0.003430,0.003556,0.003165,0.003583,0.003184,0.003653,0.006226,0.454790,0.003581,0.316911
topaneu_center5_mr_472,0.773523,0.004554,0.005410,0.006412,0.006371,0.007034,0.006836,0.004934,0.004810,0.003870,0.003620,0.004473,0.004312,0.003896,0.003942,0.004531,0.004520,0.004906,0.003467,0.003471,0.004165,0.004131,0.016317,0.201715,0.004658,0.004781,0.004874,0.005071,0.007723,0.006996,0.007393,0.006585,0.004761,0.004490,0.004835,0.004678,0.035257,0.003519,0.003505,0.003470,0.003468,0.004043,0.003808,0.003806,0.003701,0.003701,0.003437,0.003789,0.003470,0.009739,0.005100,0.003917,0.003541
topaneu_center5_mr_473,0.958424,0.003641,0.003437,0.004492,0.003354,0.004682,0.003419,0.003268,0.003249,0.003266,0.003836,0.003205,0.003195,0.003298,0.003589,0.003202,0.003207,0.003272,0.003345,0.003947,0.003929,0.003928,0.014666,0.090347,0.004343,0.094918,0.004606,0.099197,0.005005,0.009621,0.005999,0.005591,0.004358,0.072799,0.004466,0.074961,0.010779,0.003210,0.003269,0.003180,0.003247,0.171397,0.004455,0.138843,0.004244,0.003158,0.003167,0.003180,0.003175,0.005996,0.005522,0.003490,0.003389
topaneu_center5_mr_474,0.978081,0.003523,0.004180,0.003406,0.003250,0.003497,0.003328,0.003852,0.003793,0.003494,0.006158,0.003648,0.003585,0.003312,0.003230,0.003658,0.003634,0.003825,0.003105,0.003128,0.003589,0.003645,0.011809,0.008237,0.204752,0.004765,0.242954,0.004860,0.180204,0.006587,0.007144,0.006556,0.204661,0.004529,0.227083,0.004619,0.005604,0.003844,0.003248,0.003746,0.003230,0.003305,0.003402,0.003245,0.003353,0.003626,0.003258,0.003778,0.003273,0.003849,0.004034,0.003247,0.003280
topaneu_center5_mr_475,0.963823,0.003134,0.003568,0.003301,0.003406,0.003394,0.003468,0.003487,0.003423,0.004103,0.005104,0.003322,0.003273,0.003592,0.003449,0.003333,0.003338,0.003492,0.002998,0.092262,0.003306,0.003546,0.008204,0.017533,0.003282,0.007024,0.003311,0.007452,0.005833,0.238062,0.005762,0.005353,0.003283,0.006166,0.003303,0.006661,0.004327,0.003131,0.003257,0.003096,0.003226,0.003698,0.003275,0.003442,0.003222,0.002994,0.044700,0.003010,0.050754,0.292768,0.004821,0.139223,0.003355
topaneu_center5_mr_476,0.976682,0.003484,0.003743,0.003250,0.003276,0.003305,0.003325,0.003492,0.003464,0.003455,0.003342,0.003378,0.003345,0.003375,0.003503,0.003384,0.003386,0.003502,0.003030,0.003037,0.003251,0.003375,0.029754,0.052160,0.011600,0.175202,0.014582,0.184443,0.006105,0.116248,0.005919,0.005538,0.012105,0.140448,0.013417,0.149135,0.005507,0.003350,0.003629,0.003273,0.003552,0.003445,0.003291,0.003359,0.003251,0.003126,0.003131,0.003131,0.003125,0.004615,0.004049,0.003322,0.003216
topaneu_center5_mr_478,0.646284,0.017430,0.140894,0.003693,0.005263,0.003812,0.005552,0.003238,0.003212,0.005814,0.005983,0.003178,0.003168,0.004164,0.004232,0.003171,0.003184,0.003225,0.003381,0.003330,0.004207,0.004075,0.021737,0.008905,0.004439,0.003832,0.004621,0.003895,0.012306,0.005966,0.007198,0.006408,0.004554,0.003759,0.004589,0.003784,0.004226,0.003343,0.003368,0.003337,0.003353,0.006965,0.003803,0.005166,0.003712,0.003333,0.003251,0.003366,0.003266,0.005141,0.006483,0.003599,0.003741
topaneu_center5_mr_479,0.824119,0.003915,0.003270,0.003187,0.003147,0.003215,0.003187,0.003234,0.003225,0.003458,0.004249,0.003174,0.003169,0.003313,0.003301,0.003171,0.003185,0.003237,0.002947,0.111249,0.003240,0.003294,0.010731,0.011254,0.009594,0.005254,0.011828,0.005440,0.005176,0.132319,0.005135,0.004813,0.009927,0.004912,0.010994,0.005081,0.007952,0.003158,0.003234,0.003120,0.003223,0.003098,0.003091,0.003055,0.003066,0.003050,0.003129,0.003049,0.003147,0.003415,0.163960,0.003058,0.079956
topaneu_center5_mr_480,0.978473,0.229735,0.006731,0.004059,0.003473,0.004345,0.003573,0.101282,0.091101,0.137532,0.003791,0.073789,0.062593,0.003565,0.003752,0.075390,0.075337,0.095833,0.003226,0.003291,0.003643,0.003607,0.008854,0.008737,0.004315,0.004182,0.004499,0.004261,0.004486,0.004298,0.006569,0.006103,0.004349,0.004083,0.004440,0.004148,0.005590,0.003219,0.003263,0.003200,0.003283,0.005317,0.004000,0.004492,0.003776,0.009581,0.003217,0.011059,0.003214,0.114344,0.004620,0.038233,0.003456
topaneu_center5_mr_481,0.961571,0.003266,0.005460,0.003289,0.003212,0.003332,0.003263,0.003440,0.003391,0.003290,0.003358,0.003316,0.003287,0.003212,0.003331,0.003311,0.003324,0.003436,0.003007,0.002991,0.003216,0.003354,0.099265,0.063901,0.137184,0.029571,0.167898,0.033352,0.006090,0.005690,0.005887,0.005492,0.138643,0.022407,0.154513,0.026434,0.005113,0.003627,0.003193,0.003491,0.003178,0.003232,0.003133,0.003170,0.003133,0.003065,0.003079,0.003068,0.003076,0.003851,0.003655,0.003161,0.003163
topaneu_center5_mr_484,0.977422,0.004318,0.003610,0.003352,0.003315,0.003399,0.003385,0.003359,0.003336,0.003807,0.003974,0.003287,0.003263,0.003578,0.003483,0.003286,0.003287,0.003350,0.003133,0.003170,0.003402,0.003572,0.006262,0.012718,0.003418,0.005716,0.003463,0.005989,0.006503,0.006114,0.006354,0.006000,0.003419,0.005299,0.003448,0.005479,0.547313,0.036278,0.202778,0.033096,0.178148,0.003274,0.003207,0.003230,0.003200,0.003209,0.003161,0.003228,0.003181,0.004039,0.003777,0.003291,0.003197
topaneu_center5_mr_485,0.979335,0.003794,0.003774,0.003338,0.003346,0.003426,0.003447,0.003647,0.003576,0.005580,0.005712,0.003480,0.003434,0.003386,0.003252,0.003480,0.003486,0.003612,0.005072,0.003432,0.003390,0.003554,0.009286,0.011586,0.003876,0.006666,0.003988,0.007018,0.004526,0.004251,0.006413,0.006004,0.003876,0.005988,0.003935,0.006293,0.517147,0.138092,0.141860,0.128216,0.124961,0.003372,0.003728,0.003303,0.003630,0.004695,0.003203,0.005091,0.003204,0.004645,0.004675,0.003422,0.003334
topaneu_center5_mr_486,0.967416,0.003602,0.003797,0.003498,0.003308,0.003675,0.003384,0.003332,0.003322,0.003337,0.003758,0.003246,0.003223,0.003727,0.004051,0.003244,0.003235,0.003333,0.009272,0.003436,0.003304,0.003626,0.005527,0.005783,0.003433,0.062704,0.003470,0.063207,0.005240,0.005671,0.005849,0.005433,0.003425,0.049983,0.003458,0.051918,0.006828,0.003085,0.003658,0.003055,0.003542,0.003416,0.003326,0.003274,0.003269,0.016745,0.003267,0.023084,0.003278,0.323742,0.004601,0.175717,0.003257
topaneu_center5_mr_487,0.979480,0.003572,0.004528,0.003231,0.003324,0.003340,0.003409,0.003396,0.003371,0.003564,0.003376,0.003315,0.003308,0.003558,0.003515,0.003325,0.003325,0.003405,0.003124,0.003037,0.003226,0.003303,0.166048,0.008575,0.107734,0.005777,0.132053,0.006025,0.055278,0.021127,0.006279,0.005787,0.108902,0.005297,0.124475,0.005528,0.004298,0.121176,0.003179,0.109587,0.003190,0.003308,0.003292,0.003218,0.003240,0.003442,0.003141,0.003550,0.003143,0.003909,0.005166,0.003172,0.003281
topaneu_center5_mr_488,0.738711,0.003863,0.004722,0.003390,0.004673,0.003480,0.004917,0.003372,0.003313,0.003612,0.003517,0.003261,0.003255,0.003434,0.003493,0.003253,0.003279,0.003345,0.003010,0.003043,0.003360,0.003493,0.008214,0.012149,0.003386,0.005571,0.003431,0.005923,0.014473,0.005463,0.005693,0.005196,0.003404,0.005068,0.003421,0.005409,0.013522,0.003096,0.060192,0.003079,0.048736,0.003424,0.003315,0.003304,0.003261,0.003172,0.003095,0.003199,0.003097,0.003869,0.003922,0.003212,0.003225
topaneu_center5_mr_489,0.930777,0.003373,0.003766,0.003470,0.003332,0.003518,0.003371,0.003296,0.003280,0.004954,0.005003,0.003241,0.003229,0.004146,0.003416,0.003243,0.003245,0.003294,0.011206,0.003227,0.003485,0.003657,0.028110,0.070979,0.007290,0.004960,0.008694,0.005081,0.045295,0.005410,0.005588,0.005237,0.007386,0.004698,0.008080,0.004855,0.004639,0.003270,0.003228,0.003235,0.003229,0.291762,0.048862,0.248573,0.043173,0.003162,0.003227,0.003177,0.003229,0.004637,0.003435,0.003389,0.003123
topaneu_center5_mr_490,0.916188,0.003606,0.004285,0.003397,0.003369,0.003447,0.003432,0.003529,0.003506,0.003477,0.003293,0.003406,0.003411,0.003446,0.003578,0.003423,0.003414,0.003530,0.003051,0.003073,0.003437,0.003547,0.012390,0.010850,0.007134,0.004878,0.008753,0.005098,0.005036,0.006027,0.006291,0.005743,0.007243,0.004589,0.008012,0.004748,0.004289,0.003170,0.003217,0.003152,0.003219,0.003499,0.003490,0.003355,0.003402,0.050138,0.003167,0.067851,0.003156,0.132404,0.064475,0.041855,0.017515
topaneu_center5_mr_491,0.870817,0.003494,0.003601,0.003363,0.003393,0.003454,0.003503,0.003244,0.003211,0.003610,0.003404,0.003171,0.003172,0.003464,0.003562,0.003175,0.003176,0.003223,0.005167,0.003158,0.003487,0.003552,0.005973,0.006510,0.003400,0.004831,0.003452,0.004889,0.009737,0.006081,0.006407,0.005839,0.003413,0.004567,0.003432,0.004727,0.007801,0.003330,0.003280,0.003269,0.003257,0.003518,0.003441,0.003363,0.003362,0.025132,0.003272,0.035018,0.003269,0.329697,0.006148,0.160216,0.003486
topaneu_center5_mr_492,0.940033,0.004473,0.003606,0.003383,0.004618,0.003493,0.004869,0.003474,0.003422,0.003536,0.003307,0.003336,0.003327,0.003521,0.003359,0.003343,0.003353,0.003471,0.003064,0.003082,0.003401,0.003466,0.009040,0.008278,0.127378,0.003603,0.152069,0.003654,0.008930,0.016005,0.006139,0.005670,0.128120,0.003572,0.144854,0.003599,0.004879,0.151012,0.003143,0.139808,0.003150,0.003896,0.003381,0.003619,0.003333,0.004070,0.003140,0.004400,0.003140,0.004384,0.004270,0.003263,0.003216
